Tarifa_Normalizada_ID,Peaje_ID,Estacion_ID,Peaje_Nombre,Estacion_Nombre,Categoria,Categoria_Calculated,Categoria_Normalizada,fecha_aparicion,Importe,Importe_Base,Cases,Multiplicador,Desvio,Hora_Min,Hora_Max,Hora_Media,Patron,Diagnostico,Status,Muestra_Confiable,Confirmado_Manual,created_at
f9597f66-b059-44d5-9bbe-6082cbdd7340,c4d1ffb5-7363-4291-84be-9da3665f002a,0f37f626-ea62-464a-987d-e85de6bbd664,UNIDAD EJECUTORA (SANTA FE),SAN LORENZO NORTE,6,,6,2025-08-21 20:17:15+00,5500,5500,4,1,7.4598,0.67,20.28,11.31,B,CONFIRMADO,NO_PICO,false,true,2026-08-25 20:36:10.465985+00
d94f53b4-1b4a-47b2-b7e2-d8f79682efe8,c4d1ffb5-7363-4291-84be-9da3665f002a,14264684-28f7-40be-ab72-79e4dd0efcdf,UNIDAD EJECUTORA (SANTA FE),ALDAO,6,,6,2025-08-21 20:23:19+00,14000,14000,5,1,6.8972,0.77,20.38,12.27,B,CONFIRMADO,NO_PICO,false,true,2026-08-25 20:36:10.465985+00
5920654c-67da-4107-9fbd-722c1a13427b,c4d1ffb5-7363-4291-84be-9da3665f002a,60014adb-62f4-4ad9-86a0-50bd36efd1e3,UNIDAD EJECUTORA (SANTA FE),TRONCAL SAUCE VIEJO,6,,6,2025-08-21 22:02:36+00,14000,14000,5,1,6.3748,2.47,22.03,12.66,B,CONFIRMADO,NO_PICO,false,true,2026-08-25 20:36:10.465985+00
5b3f4fd5-d9cc-429b-8805-5237b7943201,c4d1ffb5-7363-4291-84be-9da3665f002a,f57115a3-138f-486b-a2a0-731f88032e7f,UNIDAD EJECUTORA (SANTA FE),ACCESO SAUCE VIEJO,5,,5,2025-08-21 22:57:39+00,4500,4500,1,1,0,22.95,22.95,22.95,B,CONFIRMADO,NO_PICO,false,true,2026-08-26 19:15:15.63502+00
9e8a22a9-0a9e-4543-9f3c-86f77c593d60,c4d1ffb5-7363-4291-84be-9da3665f002a,60014adb-62f4-4ad9-86a0-50bd36efd1e3,UNIDAD EJECUTORA (SANTA FE),TRONCAL SAUCE VIEJO,5,,5,2025-08-22 00:24:46+00,11500,11500,5,1,3.3798,8.32,18.15,12.22,B,CONFIRMADO,NO_PICO,false,true,2026-08-25 20:36:10.465985+00
ad26c6fd-20ad-4b32-9e7a-4c5b50c71d2c,c4d1ffb5-7363-4291-84be-9da3665f002a,0f37f626-ea62-464a-987d-e85de6bbd664,UNIDAD EJECUTORA (SANTA FE),SAN LORENZO NORTE,5,,5,2025-08-24 23:40:50+00,4500,4500,3,1,6.9901,8.17,23.67,18.02,B,CONFIRMADO,NO_PICO,false,true,2026-08-25 20:36:10.465985+00
f2a558a4-3c8e-4b2d-a982-ed210a6ec1a3,c4d1ffb5-7363-4291-84be-9da3665f002a,14264684-28f7-40be-ab72-79e4dd0efcdf,UNIDAD EJECUTORA (SANTA FE),ALDAO,5,,5,2025-08-24 23:46:07+00,11500,11500,6,1,5.3669,8.58,23.77,17.32,B,CONFIRMADO,NO_PICO,false,true,2026-08-25 20:36:10.465985+00
079e6d37-67a7-4c65-b3e3-1bfbf0d011f7,c4d1ffb5-7363-4291-84be-9da3665f002a,aa90f1c4-b2e3-43a1-addc-783ae862c18c,UNIDAD EJECUTORA (SANTA FE),SAN LORENZO SUR,5,,5,2025-08-27 08:18:02+00,4500,4500,2,1,0.9,8.3,10.1,9.2,B,CONFIRMADO,NO_PICO,false,true,2026-08-25 20:36:10.465985+00
923ebe53-0f9e-49fb-bc3c-a2decda9b7ba,c4d1ffb5-7363-4291-84be-9da3665f002a,7718d26d-e724-415a-9e76-841683d3a774,UNIDAD EJECUTORA (SANTA FE),SANTO TOME,6,,6,2025-08-27 16:59:45+00,5500,5500,1,1,0,16.98,16.98,16.98,B,CONFIRMADO,NO_PICO,false,true,2026-08-25 20:36:10.465985+00
c87791f9-b9ab-4b41-b4cb-2d10ff3a1dc4,c4d1ffb5-7363-4291-84be-9da3665f002a,14264684-28f7-40be-ab72-79e4dd0efcdf,UNIDAD EJECUTORA (SANTA FE),ALDAO,5,,5,2025-09-03 12:19:59+00,14500,14500,10,1,6.6107,2.5,22.33,13.59,B,CONFIRMADO,NO_PICO,false,true,2026-08-25 20:36:10.465985+00
01e40771-76c6-4b47-84cc-88106dffd562,c4d1ffb5-7363-4291-84be-9da3665f002a,7718d26d-e724-415a-9e76-841683d3a774,UNIDAD EJECUTORA (SANTA FE),SANTO TOME,5,,5,2025-09-04 11:09:34+00,5500,5500,5,1,1.258,11.15,14.52,12.7,B,CONFIRMADO,NO_PICO,false,true,2026-08-25 20:36:10.465985+00
afa74c05-1912-4797-85ad-9cdb9e8982ca,c4d1ffb5-7363-4291-84be-9da3665f002a,60014adb-62f4-4ad9-86a0-50bd36efd1e3,UNIDAD EJECUTORA (SANTA FE),TRONCAL SAUCE VIEJO,5,,5,2025-09-04 18:38:30+00,14500,14500,7,1,4.6015,4.65,19.75,14.9,B,CONFIRMADO,NO_PICO,false,true,2026-08-25 20:36:10.465985+00
352eb25d-d777-4014-a318-b2af6e414c4c,c4d1ffb5-7363-4291-84be-9da3665f002a,aa90f1c4-b2e3-43a1-addc-783ae862c18c,UNIDAD EJECUTORA (SANTA FE),SAN LORENZO SUR,5,,5,2025-09-15 12:03:06+00,5500,5500,2,1,1.025,10,12.05,11.03,B,CONFIRMADO,NO_PICO,false,true,2026-08-25 20:36:10.465985+00
8e2eca1e-1a7b-4e5f-80ad-f02f0a93623f,c4d1ffb5-7363-4291-84be-9da3665f002a,14264684-28f7-40be-ab72-79e4dd0efcdf,UNIDAD EJECUTORA (SANTA FE),ALDAO,6,,6,2025-09-19 22:45:07+00,17500,17500,2,1,5.025,12.7,22.75,17.73,B,CONFIRMADO,NO_PICO,false,true,2026-08-25 20:36:10.465985+00
1b2f2caf-1435-4333-affd-8a6e97c6f0c7,c4d1ffb5-7363-4291-84be-9da3665f002a,60014adb-62f4-4ad9-86a0-50bd36efd1e3,UNIDAD EJECUTORA (SANTA FE),TRONCAL SAUCE VIEJO,6,,6,2025-09-20 08:37:50+00,17500,17500,2,1,1.2583,8.62,11.13,9.88,B,CONFIRMADO,NO_PICO,false,true,2026-08-25 20:36:10.465985+00
32877727-ea21-4694-ad7a-5ea740aa1157,c4d1ffb5-7363-4291-84be-9da3665f002a,60014adb-62f4-4ad9-86a0-50bd36efd1e3,UNIDAD EJECUTORA (SANTA FE),TRONCAL SAUCE VIEJO,1,,1,2025-09-25 18:09:43+00,2500,2500,1,1,0,9.03,9.03,9.03,B,CONFIRMADO,NO_PICO,false,true,2026-08-25 20:38:26.359879+00
fb2814a6-4950-4cb3-8423-1de1b8d2d53b,c4d1ffb5-7363-4291-84be-9da3665f002a,14264684-28f7-40be-ab72-79e4dd0efcdf,UNIDAD EJECUTORA (SANTA FE),ALDAO,1,,1,2025-09-25 19:18:38+00,2500,2500,1,1,0,7.53,7.53,7.53,B,CONFIRMADO,NO_PICO,false,true,2026-08-25 20:38:26.359879+00
79ed36f1-fe6e-4a8b-afee-c27217b7bf75,c4d1ffb5-7363-4291-84be-9da3665f002a,0f37f626-ea62-464a-987d-e85de6bbd664,UNIDAD EJECUTORA (SANTA FE),SAN LORENZO NORTE,6,,6,2025-09-29 09:15:13+00,7000,7000,1,1,0,18.55,18.55,18.55,B,CONFIRMADO,NO_PICO,false,true,2026-08-26 12:40:10.7898+00
88113b83-ae9b-4b52-bb30-0a11840ba71d,c4d1ffb5-7363-4291-84be-9da3665f002a,aa90f1c4-b2e3-43a1-addc-783ae862c18c,UNIDAD EJECUTORA (SANTA FE),SAN LORENZO SUR,6,,6,2025-09-30 01:52:45+00,7000,7000,2,1,1.175,10.87,13.22,12.04,B,CONFIRMADO,NO_PICO,false,true,2026-08-25 20:38:04.007912+00
89b7cbee-8d1e-4eff-bc62-61f4755cc3f6,c4d1ffb5-7363-4291-84be-9da3665f002a,7718d26d-e724-415a-9e76-841683d3a774,UNIDAD EJECUTORA (SANTA FE),SANTO TOME,6,,6,2025-09-30 12:30:52+00,7000,7000,1,1,0,11.4,11.4,11.4,B,CONFIRMADO,NO_PICO,false,true,2026-08-25 20:37:37.689569+00
28fb2d4c-c7c6-44d1-8c01-5d8bdc84bff8,c4d1ffb5-7363-4291-84be-9da3665f002a,f57115a3-138f-486b-a2a0-731f88032e7f,UNIDAD EJECUTORA (SANTA FE),ACCESO SAUCE VIEJO,5,,5,2025-10-24 12:30:31+00,5500,5500,5,1,2.9034,7.85,15.35,12.92,B,CONFIRMADO,NO_PICO,false,true,2026-08-25 20:38:04.007912+00
dec9d265-b55a-40b0-8509-008d0cdc9ba4,dc7dad0c-adda-4a56-a1f4-2ec87c19c356,25bfd059-2663-4836-9fc4-c4bd56ece4dc,AUSOL,CAMPANA,7,,7,2025-12-16 01:14:35+00,3495.45,3495.45,83,1,7.1192,0.17,23.88,11.8,B,CONFIRMADO,NO_PICO,true,true,2026-08-26 12:21:48.801202+00
2e837d38-9d02-45b2-83be-1a5119bf3c6e,dc7dad0c-adda-4a56-a1f4-2ec87c19c356,25bfd059-2663-4836-9fc4-c4bd56ece4dc,AUSOL,CAMPANA,2,,2,2025-12-16 05:56:55+00,699.09,699.09,39,1,5.8387,3.12,23.92,13.74,B,CONFIRMADO,NO_PICO,true,true,2026-08-26 12:21:48.801202+00
fe708251-fb69-47f5-915e-63d56f5fc60d,dc7dad0c-adda-4a56-a1f4-2ec87c19c356,25bfd059-2663-4836-9fc4-c4bd56ece4dc,AUSOL,CAMPANA,6,,6,2025-12-16 06:05:38+00,2796.36,2796.36,39,1,5.9877,0.37,22.97,11.29,B,CONFIRMADO,NO_PICO,true,true,2026-08-26 12:21:48.801202+00
3a983e29-65a1-4344-8c5a-df16636d9310,dc7dad0c-adda-4a56-a1f4-2ec87c19c356,83bf0b9a-6f74-4052-8d17-f40cf21ffe83,AUSOL,RUTA 197,6,,6,2025-12-16 07:31:22+00,3355.72,3355.72,4,1,4.5169,7.13,18.65,10.96,B,CONFIRMADO,PICO,false,true,2026-08-26 12:21:48.801202+00
7bfd670a-8140-4597-87aa-77815edeb633,dc7dad0c-adda-4a56-a1f4-2ec87c19c356,66c17ba7-d34e-4301-8528-8e8968404949,AUSOL,PILAR,6,,6,2025-12-16 07:59:58+00,3355.72,3355.72,1,1,0,9.17,9.17,9.17,B,CONFIRMADO,PICO,false,true,2026-08-26 12:21:48.801202+00
a1c1fd1c-2044-4709-bbbb-79e41b2e1344,dc7dad0c-adda-4a56-a1f4-2ec87c19c356,25bfd059-2663-4836-9fc4-c4bd56ece4dc,AUSOL,CAMPANA,6,,6,2025-12-16 08:58:15+00,3355.72,3355.72,18,1,4.0843,7.15,18.33,12.61,B,CONFIRMADO,PICO,true,true,2026-08-26 12:21:48.801202+00
9c6b1753-d7bb-446c-98a2-eff479c3838c,dc7dad0c-adda-4a56-a1f4-2ec87c19c356,25bfd059-2663-4836-9fc4-c4bd56ece4dc,AUSOL,CAMPANA,2,,2,2025-12-16 09:42:58+00,838.93,838.93,33,1,4.4132,7.38,20.55,15.08,B,CONFIRMADO,PICO,true,true,2026-08-26 12:21:48.801202+00
3abb4784-e807-4b29-abd4-a18a6662c94f,dc7dad0c-adda-4a56-a1f4-2ec87c19c356,25bfd059-2663-4836-9fc4-c4bd56ece4dc,AUSOL,CAMPANA,7,,7,2025-12-16 09:54:18+00,4194.65,4194.65,38,1,4.5069,8.25,20.18,14.34,B,CONFIRMADO,PICO,true,true,2026-08-26 12:21:48.801202+00
aa864014-dcdb-4b22-91df-b3f83bb045a7,dc7dad0c-adda-4a56-a1f4-2ec87c19c356,f20aa7b2-3149-461d-81d9-e9f2c73065a1,AUSOL,TIGRE,7,,7,2025-12-16 11:39:23+00,3495.45,3495.45,11,1,2.9674,11.05,22.62,14.15,B,CONFIRMADO,NO_PICO,false,true,2026-08-26 12:21:48.801202+00
6995f2ca-6ef3-42bb-a4f0-5a847edaf234,dc7dad0c-adda-4a56-a1f4-2ec87c19c356,53da2019-2e8d-499d-adc6-073fb79c3a95,AUSOL,BUEN AYRE,6,,6,2025-12-16 12:33:21+00,2796.36,2796.36,7,1,3.9737,5.42,15.98,10.82,B,CONFIRMADO,NO_PICO,false,true,2026-08-26 12:21:48.801202+00
2d4bccdd-0cb6-4b69-a801-ce4845161a6c,dc7dad0c-adda-4a56-a1f4-2ec87c19c356,66f9702e-3498-4cca-b3b9-c70a587011b4,AUSOL,CAMPANA DECALADA,6,,6,2025-12-16 12:45:50+00,2796.36,2796.36,6,1,5.8385,6.13,23.43,15.08,B,CONFIRMADO,NO_PICO,false,true,2026-08-26 12:21:48.801202+00
05b8f169-b857-4f39-96ea-785b6abb6506,dc7dad0c-adda-4a56-a1f4-2ec87c19c356,f20aa7b2-3149-461d-81d9-e9f2c73065a1,AUSOL,TIGRE,7,,7,2025-12-16 16:22:43+00,4194.65,4194.65,5,1,3.7859,8.35,18.73,15.79,B,CONFIRMADO,PICO,false,true,2026-08-26 12:21:48.801202+00
6e2cfc18-2f15-4cf3-ae8f-a3ac99d91397,dc7dad0c-adda-4a56-a1f4-2ec87c19c356,66f9702e-3498-4cca-b3b9-c70a587011b4,AUSOL,CAMPANA DECALADA,6,,6,2025-12-16 17:42:11+00,3355.72,3355.72,4,1,1.9817,14.32,19.62,17.33,B,CONFIRMADO,PICO,false,true,2026-08-26 12:21:48.801202+00
8c0783c3-6a97-42f0-ba20-3fa2aa0b6ed4,dc7dad0c-adda-4a56-a1f4-2ec87c19c356,83bf0b9a-6f74-4052-8d17-f40cf21ffe83,AUSOL,RUTA 197,6,,6,2025-12-17 03:43:00+00,2796.36,2796.36,5,1,3.667,3.7,13.48,6.33,B,CONFIRMADO,NO_PICO,false,true,2026-08-26 12:21:48.801202+00
35bf94fc-5223-4f5b-8e3f-45c522d7f496,dc7dad0c-adda-4a56-a1f4-2ec87c19c356,66f9702e-3498-4cca-b3b9-c70a587011b4,AUSOL,CAMPANA DECALADA,7,,7,2025-12-17 16:50:15+00,4194.65,4194.65,14,1,3.7112,10.22,19.32,14.76,B,CONFIRMADO,PICO,false,true,2026-08-26 12:21:48.801202+00
d0492bfe-2e8f-45c8-8ef6-d4da5004e5ab,dc7dad0c-adda-4a56-a1f4-2ec87c19c356,83bf0b9a-6f74-4052-8d17-f40cf21ffe83,AUSOL,RUTA 197,7,,7,2025-12-18 14:15:23+00,3495.45,3495.45,2,1,0.2,15.25,15.65,15.45,B,CONFIRMADO,NO_PICO,false,true,2026-08-26 12:21:48.801202+00
ff37f763-72dd-4422-bfa6-a6f253b2f655,dc7dad0c-adda-4a56-a1f4-2ec87c19c356,83bf0b9a-6f74-4052-8d17-f40cf21ffe83,AUSOL,RUTA 197,7,,7,2025-12-18 17:32:21+00,4194.65,4194.65,2,1,4.6167,8.08,17.32,12.7,B,CONFIRMADO,PICO,false,true,2026-08-26 12:21:48.801202+00
2a97ade6-76a6-42c4-80bc-5fca13f77297,dc7dad0c-adda-4a56-a1f4-2ec87c19c356,f20aa7b2-3149-461d-81d9-e9f2c73065a1,AUSOL,TIGRE,6,,6,2025-12-19 12:17:21+00,2796.36,2796.36,6,1,3.0033,5.87,14.78,12.3,B,CONFIRMADO,NO_PICO,false,true,2026-08-26 12:21:48.801202+00
29e0a311-ea03-4879-97cb-c48a476dbdcd,c2ee6a1d-9484-4e6e-ac7e-2830069094a6,be8c67bc-4740-4bdd-b12d-c2dafa2061b0,CORREDORES VIALES SA,RICCHIERI,6,,6,2025-12-20 00:46:36+00,4026.78,4026.78,77,1,6.2587,0.33,23.95,13.4,B,CONFIRMADO,NO_PICO,true,true,2026-08-25 20:29:08.302381+00
b991feb4-aefc-4fd5-8f29-02246e45f2f6,dc7dad0c-adda-4a56-a1f4-2ec87c19c356,66f9702e-3498-4cca-b3b9-c70a587011b4,AUSOL,CAMPANA DECALADA,7,,7,2025-12-20 01:51:14+00,3495.45,3495.45,13,1,6.0099,1.07,22.63,13.58,B,CONFIRMADO,NO_PICO,false,true,2026-08-26 12:21:48.801202+00
d35063c0-2741-4ee7-b142-26efe8135ace,dc7dad0c-adda-4a56-a1f4-2ec87c19c356,dea354ac-06dc-4afe-987c-fcacbe818d5d,AUSOL,RUTA 202,6,,6,2025-12-20 16:09:10+00,2796.36,2796.36,2,1,2.4,16.15,20.95,18.55,B,CONFIRMADO,NO_PICO,false,true,2026-08-26 12:47:39.55741+00
4e6d19f4-9ed7-4168-a8d6-82e7bd6afd14,c2ee6a1d-9484-4e6e-ac7e-2830069094a6,be8c67bc-4740-4bdd-b12d-c2dafa2061b0,CORREDORES VIALES SA,RICCHIERI,7,,7,2025-12-20 20:30:17+00,5033.48,5033.48,65,1,6.6395,1.08,23.75,13.6,B,CONFIRMADO,NO_PICO,true,true,2026-08-25 20:29:08.302381+00
98d2bd28-af5e-4775-94e7-5024f44005c6,dc7dad0c-adda-4a56-a1f4-2ec87c19c356,66c17ba7-d34e-4301-8528-8e8968404949,AUSOL,PILAR,6,,6,2025-12-22 15:00:41+00,2796.36,2796.36,4,1,0.9013,12.05,14.47,13.08,B,CONFIRMADO,NO_PICO,false,true,2026-08-26 12:21:48.801202+00
bb803765-0b61-4366-94c0-10d1bf5a3114,dc7dad0c-adda-4a56-a1f4-2ec87c19c356,dea354ac-06dc-4afe-987c-fcacbe818d5d,AUSOL,RUTA 202,2,,2,2025-12-22 16:13:54+00,838.93,838.93,1,1,0,16.22,16.22,16.22,B,CONFIRMADO,NO_PICO,false,true,2026-08-26 12:47:39.55741+00
bf05b1da-92eb-409b-bc72-82cf755419e0,fcf50348-fe3d-48db-934f-13e0af1e0e74,83ded803-cdec-40ac-8e06-16940f9b1a83,AUSA,PASEO DEL BAJO,7,,7,2025-12-23 06:06:05+00,7611.69,7611.69,1,1,0,6.1,6.1,6.1,B,CONFIRMADO,NO_PICO,false,true,2026-08-26 12:18:31.942052+00
a88f6162-a878-4890-a5cc-574af2233959,c2ee6a1d-9484-4e6e-ac7e-2830069094a6,be8c67bc-4740-4bdd-b12d-c2dafa2061b0,CORREDORES VIALES SA,RICCHIERI,6,,4,2025-12-24 10:16:56+00,5033.5,5033.5,36,1,4.3189,7.18,19.63,14.33,B,CONFIRMADO,PICO,true,true,2026-08-25 20:29:08.302381+00
b11fd19c-8056-4014-9492-fe57424b72b5,fcf50348-fe3d-48db-934f-13e0af1e0e74,83ded803-cdec-40ac-8e06-16940f9b1a83,AUSA,PASEO DEL BAJO,8,,8,2025-12-24 10:57:06+00,7611.69,7611.69,1,1,0,10.95,10.95,10.95,B,CONFIRMADO,NO_PICO,false,true,2026-08-26 15:07:17.495207+00
1a474c3b-7139-4af0-8ee3-ee5bffea5704,c2ee6a1d-9484-4e6e-ac7e-2830069094a6,c71d9e9e-143c-498f-a1a8-fd6aa7b48493,CORREDORES VIALES SA,EZEIZA,6,,4,2025-12-26 08:47:30+00,5033.5,5033.5,1,1,0,9.22,9.22,9.22,B,CONFIRMADO,PICO,false,true,2026-08-25 20:29:08.302381+00
952b2e33-9da2-437e-98bc-e6f0d2fb0dbb,c2ee6a1d-9484-4e6e-ac7e-2830069094a6,1eeb3df0-0f50-4497-9937-2108b235a266,CORREDORES VIALES SA,TRISTAN SUAREZ,6,,6,2025-12-26 11:58:01+00,4026.78,4026.78,38,1,6.5176,1.03,23.87,13.43,B,CONFIRMADO,NO_PICO,true,true,2026-08-25 20:29:08.302381+00
f6d1dd28-4a00-4a5d-a0a2-33b59878e55d,c2ee6a1d-9484-4e6e-ac7e-2830069094a6,1eeb3df0-0f50-4497-9937-2108b235a266,CORREDORES VIALES SA,TRISTAN SUAREZ,7,,7,2025-12-26 20:26:23+00,5033.48,5033.48,49,1,6.3548,0.07,23.13,14.79,B,CONFIRMADO,NO_PICO,true,true,2026-08-25 20:29:08.302381+00
6c0baeb8-2ffa-4a22-a9eb-8fe3ea37f799,c2ee6a1d-9484-4e6e-ac7e-2830069094a6,c71d9e9e-143c-498f-a1a8-fd6aa7b48493,CORREDORES VIALES SA,EZEIZA,7,,7,2025-12-26 21:37:22+00,5033.48,5033.48,7,1,7.2839,3,23.03,11.29,B,CONFIRMADO,NO_PICO,false,true,2026-08-25 20:29:08.302381+00
6869b429-95a5-4e34-bf8f-6eae1d913699,c2ee6a1d-9484-4e6e-ac7e-2830069094a6,f7159ff3-ca5e-409b-9f36-0c41844b81ba,CORREDORES VIALES SA,MONTE GRANDE,7,,7,2025-12-27 03:11:47+00,5033.48,5033.48,16,1,7.3607,0.85,21.68,11.37,B,CONFIRMADO,NO_PICO,true,true,2026-08-25 20:29:08.302381+00
a8b5f8fe-3e79-484c-a845-f20c94f842b4,c2ee6a1d-9484-4e6e-ac7e-2830069094a6,e5cce2bb-fb8e-4712-bd38-9419a2abbfd9,CORREDORES VIALES SA,ZARATE - RUTA 9 KM. 95,,4,4,2025-12-28 00:31:07+00,5033.5,5033.5,81,1,6.911,0.07,23.82,11.87,A,CONFIRMADO,NO_PICO,true,true,2026-08-28 17:03:58.308194+00
2bc481f9-102b-4bb1-b44c-58e70cc84ade,c2ee6a1d-9484-4e6e-ac7e-2830069094a6,e5cce2bb-fb8e-4712-bd38-9419a2abbfd9,CORREDORES VIALES SA,ZARATE - RUTA 9 KM. 95,,5,5,2025-12-28 01:08:30+00,6291.88,6291.88,79,1,6.986,0.23,23.98,12.22,A,CONFIRMADO,NO_PICO,true,true,2026-08-28 17:03:58.308194+00
65a0a1fc-79d6-4255-bdbd-48291c3c4eee,c2ee6a1d-9484-4e6e-ac7e-2830069094a6,6c9f4d18-b834-45d5-b10c-7ca4d573cd30,CORREDORES VIALES SA,SOLIS - RUTA 8 KM 102,,,4,2025-12-28 10:47:43+00,5033.5,5033.5,17,1,4.5302,0.47,20.38,11.22,A,CONFIRMADO,NO_PICO,true,true,2026-08-28 17:04:09.408054+00
059d3f4b-3fde-4e3e-9ea1-a37f19fc7b52,c2ee6a1d-9484-4e6e-ac7e-2830069094a6,1587ab7e-997c-4235-9b75-3984c40b32c9,CORREDORES VIALES SA,CARCARAÑA - AUTOVIA ROSARIO - CORDOBA KM. 356,,,5,2025-12-28 10:51:40+00,6291.88,6291.88,6,1,3.903,10.85,23.03,16.15,A,CONFIRMADO,NO_PICO,false,true,2026-08-28 17:03:58.308194+00
41fba180-f094-41c0-9d07-8164ae3031cb,c2ee6a1d-9484-4e6e-ac7e-2830069094a6,1587ab7e-997c-4235-9b75-3984c40b32c9,CORREDORES VIALES SA,CARCARAÑA - AUTOVIA ROSARIO - CORDOBA KM. 356,,,4,2025-12-28 10:57:10+00,5033.5,5033.5,3,1,6.9456,7.13,23.4,13.83,A,CONFIRMADO,NO_PICO,false,true,2026-08-28 17:03:58.308194+00
302e6235-9188-498b-9c9b-803feb7b8cbf,c2ee6a1d-9484-4e6e-ac7e-2830069094a6,c5dd1ce4-ed50-4a20-ad4f-22bfb5965c1a,CORREDORES VIALES SA,TRENQUE LAUQUEN - RUTA 5 KM 429,,,5,2025-12-28 13:39:11+00,6291.88,6291.88,17,1,5.6988,1.52,20.67,11.95,A,CONFIRMADO,NO_PICO,true,true,2026-08-28 17:04:20.631241+00
9d1aae95-2230-4c22-8587-986ef5fbdaa0,c2ee6a1d-9484-4e6e-ac7e-2830069094a6,6c9f4d18-b834-45d5-b10c-7ca4d573cd30,CORREDORES VIALES SA,SOLIS - RUTA 8 KM 102,,,1,2025-12-28 15:07:10+00,1258.38,1258.38,1,1,0,15.12,15.12,15.12,A,CONFIRMADO,NO_PICO,false,true,2026-08-28 17:04:09.408054+00
24b53f18-46c9-4efb-8127-89fe793b7403,c2ee6a1d-9484-4e6e-ac7e-2830069094a6,e5cce2bb-fb8e-4712-bd38-9419a2abbfd9,CORREDORES VIALES SA,ZARATE - RUTA 9 KM. 95,,3,3,2025-12-28 15:47:34+00,3775.13,3775.13,14,1,7.2652,0.27,23.02,14.08,A,CONFIRMADO,NO_PICO,false,true,2026-08-28 17:03:58.308194+00
47dbe8b1-4810-4265-9160-776d9dd6eba5,c2ee6a1d-9484-4e6e-ac7e-2830069094a6,fcd9575a-30c1-4fe7-8d71-af6d141192c3,CORREDORES VIALES SA,9 DE JULIO - RUTA 5 KM 244,,5,5,2025-12-28 16:01:46+00,6291.88,6291.88,16,1,5.1691,1.78,22.75,13.86,A,CONFIRMADO,NO_PICO,true,true,2026-08-28 17:04:20.631241+00
f3299d4e-8362-4d38-8d2a-960f660a2310,c2ee6a1d-9484-4e6e-ac7e-2830069094a6,7ebccf05-b9e6-44ca-836c-54ac91ecc213,CORREDORES VIALES SA,OLIVERA - RUTA 5 KM. 86,,,5,2025-12-28 18:05:33+00,6291.88,6291.88,13,1,4.7412,6.88,23.62,15.04,A,CONFIRMADO,NO_PICO,false,true,2026-08-28 17:04:20.631241+00
26fa5e39-34b5-4653-ba30-186080511f47,c2ee6a1d-9484-4e6e-ac7e-2830069094a6,75a8dcca-f065-4e8d-aab0-4272061cbd2a,CORREDORES VIALES SA,LAGOS - RUTA 9 KM. 272,,,4,2025-12-28 18:42:41+00,5033.5,5033.5,18,1,4.8966,4.05,20.02,13.2,A,CONFIRMADO,NO_PICO,true,true,2026-08-28 17:03:58.308194+00
d188225d-31b7-4624-85b7-5841dcd0c38d,c2ee6a1d-9484-4e6e-ac7e-2830069094a6,7ebccf05-b9e6-44ca-836c-54ac91ecc213,CORREDORES VIALES SA,OLIVERA - RUTA 5 KM. 86,,,4,2025-12-28 19:29:57+00,5033.5,5033.5,14,1,6.3227,1.47,21.23,13.35,A,CONFIRMADO,NO_PICO,false,true,2026-08-28 17:04:20.631241+00
4a9690cb-f0c5-4280-be32-bf3eed3a44b4,c2ee6a1d-9484-4e6e-ac7e-2830069094a6,1587ab7e-997c-4235-9b75-3984c40b32c9,CORREDORES VIALES SA,CARCARAÑA - AUTOVIA ROSARIO - CORDOBA KM. 356,,,3,2025-12-28 19:40:32+00,3775.13,3775.13,1,1,0,19.67,19.67,19.67,A,CONFIRMADO,NO_PICO,false,true,2026-08-28 17:03:58.308194+00
6142d9cf-625a-4a4d-a11e-b7584210db51,c2ee6a1d-9484-4e6e-ac7e-2830069094a6,e5cce2bb-fb8e-4712-bd38-9419a2abbfd9,CORREDORES VIALES SA,ZARATE - RUTA 9 KM. 95,,1,1,2025-12-28 20:38:21+00,1258.38,1258.38,54,1,6.6622,0.1,23.97,13.06,A,CONFIRMADO,NO_PICO,true,true,2026-08-28 17:03:58.308194+00
eb31a921-bed8-4263-8b3b-cf24db027645,c2ee6a1d-9484-4e6e-ac7e-2830069094a6,fcd9575a-30c1-4fe7-8d71-af6d141192c3,CORREDORES VIALES SA,9 DE JULIO - RUTA 5 KM 244,,4,4,2025-12-28 21:33:14+00,5033.5,5033.5,18,1,7.0716,0.05,23.37,14.8,A,CONFIRMADO,NO_PICO,true,true,2026-08-28 17:04:20.631241+00
c641bea8-0661-45db-bb39-e228afce5c1b,c2ee6a1d-9484-4e6e-ac7e-2830069094a6,a2facb41-ca0e-482a-ae67-e3422ab7ef9b,CORREDORES VIALES SA,JAMES CRAIK - AUTOVIA ROSARIO - CORDOBA KM. 595,,,4,2025-12-28 23:13:56+00,5033.5,5033.5,3,1,4.7734,11.58,23.22,17.06,A,CONFIRMADO,NO_PICO,false,true,2026-08-28 17:03:58.308194+00
14a4bf77-df43-4346-b621-d3bd8fcb8a66,c2ee6a1d-9484-4e6e-ac7e-2830069094a6,fedb68d2-4eef-4460-9dfd-ccbd5edf0ebf,CORREDORES VIALES SA,SANTA ANA - RN 12 - Km 1375 - SANTA ANA - MISIONES,,,5,2025-12-29 05:10:56+00,6291.88,6291.88,9,1,4.1999,5.17,17.37,11.93,A,CONFIRMADO,NO_PICO,false,true,2026-08-28 17:04:03.669201+00
56f78837-1ac4-4d22-92d4-409b1dead5af,c2ee6a1d-9484-4e6e-ac7e-2830069094a6,fedb68d2-4eef-4460-9dfd-ccbd5edf0ebf,CORREDORES VIALES SA,SANTA ANA - RN 12 - Km 1375 - SANTA ANA - MISIONES,,,4,2025-12-29 07:39:19+00,5033.5,5033.5,17,1,4.5576,0.33,21.35,11,A,CONFIRMADO,NO_PICO,true,true,2026-08-28 17:04:03.669201+00
1edea0b0-7c08-4b96-a0a1-6f1d05de5236,c2ee6a1d-9484-4e6e-ac7e-2830069094a6,f7159ff3-ca5e-409b-9f36-0c41844b81ba,CORREDORES VIALES SA,MONTE GRANDE,6,,4,2025-12-29 08:21:19+00,5033.5,5033.5,3,1,5.3819,7.15,19.72,12.28,B,CONFIRMADO,PICO,false,true,2026-08-25 20:29:08.302381+00
02b22577-c8f2-4b0d-a0f5-32ffa4df076c,c2ee6a1d-9484-4e6e-ac7e-2830069094a6,75a8dcca-f065-4e8d-aab0-4272061cbd2a,CORREDORES VIALES SA,LAGOS - RUTA 9 KM. 272,,,5,2025-12-29 09:29:34+00,6291.88,6291.88,19,1,4.1797,4.98,23,11.54,A,CONFIRMADO,NO_PICO,true,true,2026-08-28 17:03:58.308194+00
003ddcd1-ca16-4401-abe6-8ce87aa922a6,c2ee6a1d-9484-4e6e-ac7e-2830069094a6,75a8dcca-f065-4e8d-aab0-4272061cbd2a,CORREDORES VIALES SA,LAGOS - RUTA 9 KM. 272,,,2,2025-12-29 13:28:07+00,2516.75,2516.75,2,1,1.5583,10.35,13.47,11.91,A,CONFIRMADO,NO_PICO,false,true,2026-08-28 17:03:58.308194+00
51edb828-4326-4914-9c64-d17c389f0a50,c2ee6a1d-9484-4e6e-ac7e-2830069094a6,29d6ac9c-eabc-4e66-a83f-c1fb800607fb,CORREDORES VIALES SA,COLONIA VICTORIA - RN 12 - Km 1551 - C. VICTORIA - MISIONES,,,5,2025-12-29 13:49:29+00,6291.88,6291.88,7,1,5.0164,3.22,20.48,14.29,A,CONFIRMADO,NO_PICO,false,true,2026-08-28 17:04:03.669201+00
318da7e3-357d-4696-82f3-b4f4513b7605,c2ee6a1d-9484-4e6e-ac7e-2830069094a6,29d6ac9c-eabc-4e66-a83f-c1fb800607fb,CORREDORES VIALES SA,COLONIA VICTORIA - RN 12 - Km 1551 - C. VICTORIA - MISIONES,,,4,2025-12-29 13:54:32+00,5033.5,5033.5,5,1,3.6954,11.97,21.38,16.62,A,CONFIRMADO,NO_PICO,false,true,2026-08-28 17:04:03.669201+00
2ffa05e3-9f9c-4569-a6f2-2ecb652aa94b,c2ee6a1d-9484-4e6e-ac7e-2830069094a6,29d6ac9c-eabc-4e66-a83f-c1fb800607fb,CORREDORES VIALES SA,COLONIA VICTORIA - RN 12 - Km 1551 - C. VICTORIA - MISIONES,,,3,2025-12-29 15:43:23+00,3775.13,3775.13,6,1,0.543,14.42,16.15,15.43,A,CONFIRMADO,NO_PICO,false,true,2026-08-28 17:04:03.669201+00
d5e7f748-b85d-49e9-b8d8-ebbe484343d7,c2ee6a1d-9484-4e6e-ac7e-2830069094a6,a826d372-7f15-4be8-a56c-33834ccb2097,CORREDORES VIALES SA,LARENA - RUTA 8 KM 65,,,4,2025-12-29 16:38:41+00,5033.5,5033.5,15,1,4.9517,1.6,22.33,12.58,A,CONFIRMADO,NO_PICO,true,true,2026-08-28 17:04:09.408054+00
ab880068-9400-42fb-956b-d92a5de938e0,c2ee6a1d-9484-4e6e-ac7e-2830069094a6,be8c67bc-4740-4bdd-b12d-c2dafa2061b0,CORREDORES VIALES SA,RICCHIERI,7,,7,2025-12-29 16:53:23+00,6291.88,6291.88,28,1,4.1884,7.28,19.77,14.69,B,CONFIRMADO,PICO,true,true,2026-08-25 20:29:08.302381+00
6e86cd27-4ef0-47bc-96db-8f61ac4a663d,c2ee6a1d-9484-4e6e-ac7e-2830069094a6,1eeb3df0-0f50-4497-9937-2108b235a266,CORREDORES VIALES SA,TRISTAN SUAREZ,7,,7,2025-12-29 17:15:05+00,6291.88,6291.88,30,1,3.4226,7.18,19.83,15.35,B,CONFIRMADO,PICO,true,true,2026-08-25 20:29:08.302381+00
d3fd8ef0-6941-4a2c-ae72-fed711b31863,c2ee6a1d-9484-4e6e-ac7e-2830069094a6,c71d9e9e-143c-498f-a1a8-fd6aa7b48493,CORREDORES VIALES SA,EZEIZA,7,,7,2025-12-29 18:56:57+00,6291.88,6291.88,1,1,0,16.83,16.83,16.83,B,CONFIRMADO,PICO,false,true,2026-08-25 20:29:08.302381+00
37b82bc1-4869-4e7c-93d8-e82465ef3426,c2ee6a1d-9484-4e6e-ac7e-2830069094a6,a2facb41-ca0e-482a-ae67-e3422ab7ef9b,CORREDORES VIALES SA,JAMES CRAIK - AUTOVIA ROSARIO - CORDOBA KM. 595,,,3,2025-12-29 19:52:49+00,3775.13,3775.13,2,1,0.3417,19.87,20.55,20.21,A,CONFIRMADO,NO_PICO,false,true,2026-08-28 17:03:58.308194+00
68e21083-e5d1-4fd8-8218-88228b2a216f,c2ee6a1d-9484-4e6e-ac7e-2830069094a6,c5dd1ce4-ed50-4a20-ad4f-22bfb5965c1a,CORREDORES VIALES SA,TRENQUE LAUQUEN - RUTA 5 KM 429,,,4,2025-12-30 00:12:12+00,5033.5,5033.5,12,1,6.3132,0.2,23.5,15.52,A,CONFIRMADO,NO_PICO,false,true,2026-08-28 17:04:20.631241+00
1e3dee54-74c0-446c-8f34-758065e68b74,c2ee6a1d-9484-4e6e-ac7e-2830069094a6,f7159ff3-ca5e-409b-9f36-0c41844b81ba,CORREDORES VIALES SA,MONTE GRANDE,6,,6,2025-12-30 02:45:12+00,4026.78,4026.78,5,1,7.1532,1.37,21.6,14.45,B,CONFIRMADO,NO_PICO,false,true,2026-08-25 20:29:08.302381+00
3270c2b0-049d-4f6c-b4ae-163825bd6d3d,dc7dad0c-adda-4a56-a1f4-2ec87c19c356,f20aa7b2-3149-461d-81d9-e9f2c73065a1,AUSOL,TIGRE,7,,7,2025-12-30 07:45:50+00,2097.33,2097.33,1,1,0,7.75,7.75,7.75,B,CONFIRMADO,PICO,false,true,2026-08-26 12:47:39.55741+00
cc9e9b23-1df8-4e85-bd5e-4cc96583d199,dc7dad0c-adda-4a56-a1f4-2ec87c19c356,53da2019-2e8d-499d-adc6-073fb79c3a95,AUSOL,BUEN AYRE,7,,7,2025-12-30 09:21:01+00,4194.65,4194.65,1,1,0,9.35,9.35,9.35,B,CONFIRMADO,PICO,false,true,2026-08-26 12:47:39.55741+00
ee5e7921-64d4-46b6-845f-94757f5638bc,c2ee6a1d-9484-4e6e-ac7e-2830069094a6,1eeb3df0-0f50-4497-9937-2108b235a266,CORREDORES VIALES SA,TRISTAN SUAREZ,6,,4,2025-12-30 09:26:41+00,5033.5,5033.5,29,1,4.4396,7.05,19.97,14.66,B,CONFIRMADO,PICO,true,true,2026-08-25 20:29:08.302381+00
97707607-a6e5-4922-be9c-904f53328ee6,c2ee6a1d-9484-4e6e-ac7e-2830069094a6,29d6ac9c-eabc-4e66-a83f-c1fb800607fb,CORREDORES VIALES SA,COLONIA VICTORIA - RN 12 - Km 1551 - C. VICTORIA - MISIONES,,,2,2025-12-30 11:24:21+00,2516.75,2516.75,2,1,4.2167,11.4,19.83,15.62,A,CONFIRMADO,NO_PICO,false,true,2026-08-28 17:04:03.669201+00
7a8872ef-cdba-4c12-bb6c-0c7808325da4,c2ee6a1d-9484-4e6e-ac7e-2830069094a6,75a8dcca-f065-4e8d-aab0-4272061cbd2a,CORREDORES VIALES SA,LAGOS - RUTA 9 KM. 272,,,3,2025-12-30 13:09:58+00,3775.13,3775.13,2,1,2.2833,8.58,13.15,10.87,A,CONFIRMADO,NO_PICO,false,true,2026-08-28 17:03:58.308194+00
db00d6d1-3bf2-4ec2-be93-084dbfa5ab5d,dc7dad0c-adda-4a56-a1f4-2ec87c19c356,f20aa7b2-3149-461d-81d9-e9f2c73065a1,AUSOL,TIGRE,6,,6,2025-12-30 16:16:20+00,3355.72,3355.72,1,1,0,8.45,8.45,8.45,B,CONFIRMADO,PICO,false,true,2026-08-26 12:21:48.801202+00
486d3278-50bb-4c53-a14f-15fb5a26754a,c2ee6a1d-9484-4e6e-ac7e-2830069094a6,a826d372-7f15-4be8-a56c-33834ccb2097,CORREDORES VIALES SA,LARENA - RUTA 8 KM 65,,,1,2025-12-31 15:05:11+00,1258.38,1258.38,4,1,8.4978,0.03,23.55,13.54,A,CONFIRMADO,NO_PICO,false,true,2026-08-28 17:04:09.408054+00
3fd51d9d-4551-49a0-9a94-02fcb7bc055e,fcf50348-fe3d-48db-934f-13e0af1e0e74,5446946e-152a-4640-af51-d8eff269d0f3,AUSA,ILLIA II,9,,9,2026-01-01 22:52:10+00,4839.25,4839.25,53,1,7.3027,0.37,22.97,11.39,B,CONFIRMADO,NO_PICO,true,true,2026-08-26 12:14:07.683714+00
406b5968-839c-409a-bfe6-d48477b2a4be,fcf50348-fe3d-48db-934f-13e0af1e0e74,83ded803-cdec-40ac-8e06-16940f9b1a83,AUSA,PASEO DEL BAJO,9,,9,2026-01-01 22:59:09+00,7954.22,7954.22,1,1,0,9.65,9.65,9.65,B,CONFIRMADO,NO_PICO,false,true,2026-08-26 12:13:26.513482+00
55433bde-12b0-4a2a-ade0-50b53c1af822,ab449656-bebf-4cb2-bbb3-6221403e1c7b,67486ca3-6e88-49a8-b628-7f41e946da5a,AUBASA,DOCK SUD,6,,6,2026-01-01 23:04:28+00,9904.28,9904.28,3,1,4.7248,11.9,23.07,16.61,B,CONFIRMADO,NO_PICO,false,true,2026-08-26 12:43:41.896959+00
9b7197fd-377a-407c-af58-5696ba752acc,ab449656-bebf-4cb2-bbb3-6221403e1c7b,3f32d96b-e51f-4e5e-a473-be7bcc3de5e9,AUBASA,HUDSON,6,,6,2026-01-01 23:23:54+00,9904.28,9904.28,2,1,5.5083,12.37,23.38,17.88,B,CONFIRMADO,NO_PICO,false,true,2026-08-26 12:43:41.896959+00
aca5429a-c7fb-460e-b595-606fa55224bb,ab449656-bebf-4cb2-bbb3-6221403e1c7b,67486ca3-6e88-49a8-b628-7f41e946da5a,AUBASA,DOCK SUD,7,,7,2026-01-02 03:29:13+00,11885.15,11885.15,5,1,5.1073,3.48,16.07,10.09,B,CONFIRMADO,NO_PICO,false,true,2026-08-26 12:43:41.896959+00
142174ce-effc-4764-81dc-987b53a09a93,ab449656-bebf-4cb2-bbb3-6221403e1c7b,3f32d96b-e51f-4e5e-a473-be7bcc3de5e9,AUBASA,HUDSON,7,,7,2026-01-02 03:48:10+00,11885.15,11885.15,5,1,5.1061,3.8,16.38,10.42,B,CONFIRMADO,NO_PICO,false,true,2026-08-26 12:43:41.896959+00
391973ad-e430-4826-b4b2-ba99c23a7261,4c3fcfe9-84f5-4b57-8875-25145b949a93,5c930215-cdd3-4c78-8df9-2e7ee9d9ec67,AUTOPISTA DEL OESTE,ITUZAINGÓ,6,,6,2026-01-02 04:47:37+00,2796.36,2796.36,43,1,4.3852,1.87,22.18,12.61,B,CONFIRMADO,NO_PICO,true,true,2026-08-25 20:08:52.405245+00
e7794737-5a49-47b6-9dc8-d357b9d2a683,fcf50348-fe3d-48db-934f-13e0af1e0e74,7995c334-d4fb-4374-93a8-47d9e2a423d1,AUSA,DELLEPIANE II,7,,7,2026-01-02 06:07:09+00,12213.18,12213.18,11,1,4.8135,1.38,20.73,6.22,B,CONFIRMADO,NO_PICO,false,true,2026-08-26 12:14:07.683714+00
b38feba3-48a4-4a43-984c-5cba0e8a565c,fcf50348-fe3d-48db-934f-13e0af1e0e74,5446946e-152a-4640-af51-d8eff269d0f3,AUSA,ILLIA II,9,,9,2026-01-02 07:28:58+00,13595.67,13595.67,34,1,4.265,7.62,20.78,13.9,B,CONFIRMADO,PICO,true,true,2026-08-26 12:14:07.683714+00
bf31a916-8303-4946-84b6-0405939fcf0d,fcf50348-fe3d-48db-934f-13e0af1e0e74,5446946e-152a-4640-af51-d8eff269d0f3,AUSA,ILLIA II,7,,7,2026-01-02 07:33:06+00,13595.67,13595.67,13,1,4.5751,7.35,18.83,12.48,B,CONFIRMADO,PICO,false,true,2026-08-26 12:14:07.683714+00
73d80081-08cb-47f1-b456-ecb182161051,fcf50348-fe3d-48db-934f-13e0af1e0e74,83ded803-cdec-40ac-8e06-16940f9b1a83,AUSA,PASEO DEL BAJO,7,,7,2026-01-02 07:40:17+00,7954.22,7954.22,2,1,3.8083,6.83,14.45,10.64,B,CONFIRMADO,NO_PICO,false,true,2026-08-26 12:13:26.513482+00
31acb652-f0f8-43c8-b45a-f0ad2999ddf5,ab449656-bebf-4cb2-bbb3-6221403e1c7b,67486ca3-6e88-49a8-b628-7f41e946da5a,AUBASA,DOCK SUD,7,,7,2026-01-02 07:40:42+00,14856.44,14856.44,1,1,0,7.67,7.67,7.67,B,CONFIRMADO,PICO,false,true,2026-08-26 12:43:41.896959+00
20fc34c7-b905-4712-b9fb-d4e3f788fba0,ab449656-bebf-4cb2-bbb3-6221403e1c7b,67486ca3-6e88-49a8-b628-7f41e946da5a,AUBASA,DOCK SUD,6,,6,2026-01-02 07:45:59+00,12380.37,12380.37,1,1,0,7.75,7.75,7.75,B,CONFIRMADO,PICO,false,true,2026-08-26 12:43:41.896959+00
22f751c9-f4e3-4273-b7ca-fb5a0a8113e3,c2ee6a1d-9484-4e6e-ac7e-2830069094a6,a826d372-7f15-4be8-a56c-33834ccb2097,CORREDORES VIALES SA,LARENA - RUTA 8 KM 65,,2,2,2026-01-02 07:59:05+00,2516.75,2516.75,2,1,1.2,7.98,10.38,9.18,A,CONFIRMADO,NO_PICO,false,true,2026-08-28 17:04:09.408054+00
10c687ed-b378-4a56-b893-7a1f0a6d6d37,ab449656-bebf-4cb2-bbb3-6221403e1c7b,3f32d96b-e51f-4e5e-a473-be7bcc3de5e9,AUBASA,HUDSON,7,,7,2026-01-02 08:00:13+00,14856.44,14856.44,1,1,0,8,8,8,B,CONFIRMADO,NO_PICO,false,true,2026-08-26 12:43:41.896959+00
1a04ac2f-c48b-45f2-a721-5a9051e0f00b,4c3fcfe9-84f5-4b57-8875-25145b949a93,e237d146-1b29-419b-b527-41b605148a60,AUTOPISTA DEL OESTE,DERQUI,6,,6,2026-01-02 09:48:56+00,3355.72,3355.72,1,1,0,9.8,9.8,9.8,B,CONFIRMADO,PICO,false,true,2026-08-25 20:08:52.405245+00
70ed0afe-76ee-4359-b276-0db7ada8a10c,fcf50348-fe3d-48db-934f-13e0af1e0e74,e98ce678-0d1d-4a44-8b08-d5ee7a42e93f,AUSA,REMEDIOS,7,,7,2026-01-02 09:59:30+00,27191.24,27191.24,4,1,3.4951,10.85,19.6,16.44,B,CONFIRMADO,PICO,false,true,2026-08-26 12:14:07.683714+00
d9af5742-3ff4-49f7-af9d-b01f745729ec,ab449656-bebf-4cb2-bbb3-6221403e1c7b,bd4d72fc-71cb-4d0e-a43f-6d6bb2ad1e6e,AUBASA,GUTIERREZ,6,,6,2026-01-02 10:30:30+00,9904.28,9904.28,2,1,1.55,10.5,13.6,12.05,B,CONFIRMADO,NO_PICO,false,true,2026-08-26 12:43:41.896959+00
66e0a65e-db32-40f7-ad8b-4c975e168a57,ab449656-bebf-4cb2-bbb3-6221403e1c7b,bd4d72fc-71cb-4d0e-a43f-6d6bb2ad1e6e,AUBASA,GUTIERREZ,7,,7,2026-01-02 11:46:16+00,11885.15,11885.15,3,1,0.9087,11.77,13.98,12.93,B,CONFIRMADO,NO_PICO,false,true,2026-08-26 12:43:41.896959+00
7d0db9a6-2173-4b07-bd60-192c98500945,dc7dad0c-adda-4a56-a1f4-2ec87c19c356,25bfd059-2663-4836-9fc4-c4bd56ece4dc,AUSOL,CAMPANA,3,,3,2026-01-02 11:46:50+00,1398.18,1398.18,1,1,0,13.67,13.67,13.67,B,CONFIRMADO,NO_PICO,false,true,2026-08-26 12:21:48.801202+00
e99cfa96-0a2b-4296-b413-b06045f45b99,c2ee6a1d-9484-4e6e-ac7e-2830069094a6,bf82e92c-fd5d-4909-91bc-265febd4b60f,CORREDORES VIALES SA,SAN VICENTE - RUTA 34 KM 160,,4,4,2026-01-02 12:14:53+00,5033.5,5033.5,1,1,0,12.23,12.23,12.23,A,CONFIRMADO,NO_PICO,false,true,2026-08-28 17:04:14.613334+00
4ef05476-95a4-4ea6-898a-e77cb5cf43ef,fcf50348-fe3d-48db-934f-13e0af1e0e74,b6ebf1f0-e098-4e88-8865-af82f7507913,AUSA,SALGUERO,4,,4,2026-01-02 13:11:15+00,2073.88,2073.88,1,1,0,13.18,13.18,13.18,B,CONFIRMADO,NO_PICO,false,true,2026-08-26 12:20:08.110513+00
76275bf6-76f9-48bd-b118-164e3a45228a,4c3fcfe9-84f5-4b57-8875-25145b949a93,5a1618dd-9e67-49df-8c43-8d239c834955,AUTOPISTA DEL OESTE,LUJAN,6,,6,2026-01-02 13:23:04+00,2796.36,2796.36,28,1,4.1626,0.62,15.83,11.31,B,CONFIRMADO,NO_PICO,true,true,2026-08-25 20:08:52.405245+00
ae617bea-f10f-48da-83f3-583ad12d3d53,dc7dad0c-adda-4a56-a1f4-2ec87c19c356,39daec48-071c-4703-9e97-ad3aec2a46fb,AUSOL,BELGRANO,3,,3,2026-01-02 13:31:00+00,1398.18,1398.18,2,1,0.0333,13.52,13.58,13.55,B,CONFIRMADO,NO_PICO,false,true,2026-08-26 12:47:49.18999+00
fc6f0530-9511-4d23-a2b2-f4760bf29e80,fcf50348-fe3d-48db-934f-13e0af1e0e74,5446946e-152a-4640-af51-d8eff269d0f3,AUSA,ILLIA II,7,,7,2026-01-02 14:41:04+00,4839.25,4839.25,30,1,5.3939,0.38,22.28,11.86,B,CONFIRMADO,NO_PICO,true,true,2026-08-26 12:14:07.683714+00
f616ac71-0f3b-4e57-b5cd-764ae60c9434,ab449656-bebf-4cb2-bbb3-6221403e1c7b,2ab8b3e2-a9ab-4577-b9c4-81a68c594edc,AUBASA,BERNAL,6,,6,2026-01-02 15:06:51+00,6933,6933,1,1,0,15.1,15.1,15.1,B,CONFIRMADO,NO_PICO,false,true,2026-08-26 12:43:41.896959+00
a4194059-8599-46a3-b9f3-d9ae69ff1b67,fcf50348-fe3d-48db-934f-13e0af1e0e74,e98ce678-0d1d-4a44-8b08-d5ee7a42e93f,AUSA,REMEDIOS,9,,9,2026-01-02 15:42:42+00,12213.18,12213.18,32,1,5.7719,0.17,23.13,15.37,B,CONFIRMADO,NO_PICO,true,true,2026-08-26 12:14:07.683714+00
e9eab52d-faba-42f2-8ed8-00ce044015a6,4c3fcfe9-84f5-4b57-8875-25145b949a93,5c930215-cdd3-4c78-8df9-2e7ee9d9ec67,AUTOPISTA DEL OESTE,ITUZAINGÓ,7,,7,2026-01-02 16:01:30+00,4194.65,4194.65,6,1,2.7342,10.57,18.72,16.28,B,CONFIRMADO,PICO,false,true,2026-08-25 20:08:52.405245+00
ef6ac5e8-aa58-4ba1-b3da-b6e581106d96,4c3fcfe9-84f5-4b57-8875-25145b949a93,5a1618dd-9e67-49df-8c43-8d239c834955,AUTOPISTA DEL OESTE,LUJAN,7,,7,2026-01-02 16:29:23+00,4194.65,4194.65,2,1,1,16.48,18.48,17.48,B,CONFIRMADO,PICO,false,true,2026-08-25 20:08:52.405245+00
63593a4a-c622-4b3e-8a34-baa7613a1bef,fcf50348-fe3d-48db-934f-13e0af1e0e74,7995c334-d4fb-4374-93a8-47d9e2a423d1,AUSA,DELLEPIANE II,7,,7,2026-01-02 16:38:25+00,27191.24,27191.24,7,1,4.1654,7,18.7,11.26,B,CONFIRMADO,PICO,false,true,2026-08-26 12:14:07.683714+00
ecfc9107-25e0-47c5-8139-b8832af40e71,c2ee6a1d-9484-4e6e-ac7e-2830069094a6,a826d372-7f15-4be8-a56c-33834ccb2097,CORREDORES VIALES SA,LARENA - RUTA 8 KM 65,,3,3,2026-01-02 16:42:01+00,3775.13,3775.13,2,1,3.325,10.05,16.7,13.38,A,CONFIRMADO,NO_PICO,false,true,2026-08-28 17:04:09.408054+00
4d3b092c-22ed-472c-8274-a359aa94255e,4c3fcfe9-84f5-4b57-8875-25145b949a93,5a1618dd-9e67-49df-8c43-8d239c834955,AUTOPISTA DEL OESTE,LUJAN,6,,6,2026-01-02 17:23:17+00,3355.72,3355.72,16,1,4.5099,7.23,19.25,12,B,CONFIRMADO,PICO,true,true,2026-08-25 20:08:52.405245+00
dc61539b-0763-4330-9b0d-4b550d2e25c1,4c3fcfe9-84f5-4b57-8875-25145b949a93,5c930215-cdd3-4c78-8df9-2e7ee9d9ec67,AUTOPISTA DEL OESTE,ITUZAINGÓ,6,,6,2026-01-02 17:52:22+00,3355.72,3355.72,20,1,4.7389,7,19.78,13.6,B,CONFIRMADO,PICO,true,true,2026-08-25 20:08:52.405245+00
19b7adca-0848-47f7-a117-580e9e3062cf,ab449656-bebf-4cb2-bbb3-6221403e1c7b,bd4d72fc-71cb-4d0e-a43f-6d6bb2ad1e6e,AUBASA,GUTIERREZ,7,,7,2026-01-02 18:19:05+00,14856.44,14856.44,1,1,0,18.32,18.32,18.32,B,CONFIRMADO,PICO,false,true,2026-08-26 12:43:41.896959+00
3fcc6e45-741c-4bd7-876e-7a8991fb8b14,ab449656-bebf-4cb2-bbb3-6221403e1c7b,2ab8b3e2-a9ab-4577-b9c4-81a68c594edc,AUBASA,BERNAL,6,,6,2026-01-02 18:59:13+00,21046.62,21046.62,1,1,0,18.98,18.98,18.98,B,CONFIRMADO,NO_PICO,false,true,2026-08-26 12:43:41.896959+00
bea73ba5-7cbc-4115-a6c0-70d822264599,ab449656-bebf-4cb2-bbb3-6221403e1c7b,bd4d72fc-71cb-4d0e-a43f-6d6bb2ad1e6e,AUBASA,GUTIERREZ,7,,7,2026-01-03 00:26:40+00,12737.5,12737.5,11,1,6.4829,1.48,23.45,14.08,B,CONFIRMADO,NO_PICO,false,true,2026-08-26 12:34:00.682081+00
dda58591-ef9d-4087-96f6-d2a1150dfb0f,ab449656-bebf-4cb2-bbb3-6221403e1c7b,3f32d96b-e51f-4e5e-a473-be7bcc3de5e9,AUBASA,HUDSON,6,,6,2026-01-03 00:47:25+00,21229.17,21229.17,9,1,6.6999,0.65,23.57,17.31,B,CONFIRMADO,NO_PICO,false,true,2026-08-26 12:34:00.682081+00
58c0f7c0-7e9e-4d05-99d9-0a524dbfa9e8,4c3fcfe9-84f5-4b57-8875-25145b949a93,e237d146-1b29-419b-b527-41b605148a60,AUTOPISTA DEL OESTE,DERQUI,7,,7,2026-01-03 01:30:51+00,3495.45,3495.45,29,1,7.7219,0.3,23.7,12.93,B,CONFIRMADO,NO_PICO,true,true,2026-08-25 20:08:52.405245+00
0622871a-b8f7-452b-8342-386b8d5ada6b,ab449656-bebf-4cb2-bbb3-6221403e1c7b,3f32d96b-e51f-4e5e-a473-be7bcc3de5e9,AUBASA,HUDSON,7,,7,2026-01-03 02:25:05+00,25474.99,25474.99,37,1,5.0919,2.12,22.28,14.38,B,CONFIRMADO,NO_PICO,true,true,2026-08-26 12:34:00.682081+00
54a5192e-a3f7-4c4b-8378-8502e7bf80b3,fcf50348-fe3d-48db-934f-13e0af1e0e74,e98ce678-0d1d-4a44-8b08-d5ee7a42e93f,AUSA,REMEDIOS,7,,7,2026-01-03 03:01:46+00,12213.18,12213.18,15,1,5.9433,4.4,23.97,15.53,B,CONFIRMADO,NO_PICO,true,true,2026-08-26 12:14:07.683714+00
52802c21-a996-4447-bff8-8a6d5962e912,ab449656-bebf-4cb2-bbb3-6221403e1c7b,67486ca3-6e88-49a8-b628-7f41e946da5a,AUBASA,DOCK SUD,7,,7,2026-01-03 04:06:14+00,12737.5,12737.5,112,1,6.5332,0.27,23.3,11.88,B,CONFIRMADO,NO_PICO,true,true,2026-08-26 12:34:00.682081+00
20c8c90b-feb5-4a94-945e-50c5a9db3113,ab449656-bebf-4cb2-bbb3-6221403e1c7b,3f32d96b-e51f-4e5e-a473-be7bcc3de5e9,AUBASA,HUDSON,7,,7,2026-01-03 04:25:09+00,12737.5,12737.5,58,1,7.3263,0.62,23.52,12.07,B,CONFIRMADO,NO_PICO,true,true,2026-08-26 12:34:00.682081+00
65947e78-7bf2-44dd-a082-0b3738a8ed58,ab449656-bebf-4cb2-bbb3-6221403e1c7b,67486ca3-6e88-49a8-b628-7f41e946da5a,AUBASA,DOCK SUD,6,,6,2026-01-03 07:34:18+00,10614.57,10614.57,29,1,5.0968,0.5,22.13,10.67,B,CONFIRMADO,NO_PICO,true,true,2026-08-26 12:34:00.682081+00
cecc1523-51fe-4458-a7c4-d69b0f18e784,ab449656-bebf-4cb2-bbb3-6221403e1c7b,3f32d96b-e51f-4e5e-a473-be7bcc3de5e9,AUBASA,HUDSON,6,,6,2026-01-03 09:07:21+00,10614.57,10614.57,7,1,5.6572,2.07,19.9,12.35,B,CONFIRMADO,NO_PICO,false,true,2026-08-26 12:34:00.682081+00
cb33f9a3-c00d-4101-af54-3eb5d720c15a,c2ee6a1d-9484-4e6e-ac7e-2830069094a6,e5cce2bb-fb8e-4712-bd38-9419a2abbfd9,CORREDORES VIALES SA,ZARATE - RUTA 9 KM. 95,,2,2,2026-01-03 13:03:26+00,2516.75,2516.75,8,1,3.2433,13.05,23.8,16.54,A,CONFIRMADO,NO_PICO,false,true,2026-08-28 17:03:58.308194+00
6cb4ced0-2e8a-4a45-a651-34f0323da5e2,fcf50348-fe3d-48db-934f-13e0af1e0e74,5446946e-152a-4640-af51-d8eff269d0f3,AUSA,ILLIA II,2,,2,2026-01-04 00:10:35+00,1152.09,1152.09,4,1,4.0084,5.7,15.32,10.08,B,CONFIRMADO,NO_PICO,false,true,2026-08-26 12:14:07.683714+00
ff68b5ea-893f-4cc8-afc0-67e8523120e2,4c3fcfe9-84f5-4b57-8875-25145b949a93,5c930215-cdd3-4c78-8df9-2e7ee9d9ec67,AUTOPISTA DEL OESTE,ITUZAINGÓ,7,,7,2026-01-04 03:36:40+00,3495.45,3495.45,7,1,7.2631,1.85,21.73,12.43,B,CONFIRMADO,NO_PICO,false,true,2026-08-25 20:08:52.405245+00
cb8b27ad-ca2d-43f6-be78-267811697cfc,4c3fcfe9-84f5-4b57-8875-25145b949a93,5a1618dd-9e67-49df-8c43-8d239c834955,AUTOPISTA DEL OESTE,LUJAN,7,,7,2026-01-04 04:01:48+00,3495.45,3495.45,3,1,5.1914,4.02,15.52,11.33,B,CONFIRMADO,NO_PICO,false,true,2026-08-25 20:08:52.405245+00
631d9d53-ba39-447f-b149-ccabc1fcfbf9,c2ee6a1d-9484-4e6e-ac7e-2830069094a6,769093ac-a432-4c2e-b17b-30a50e00a1f7,CORREDORES VIALES SA,V. TUERTO (RN8) - RUTA 8 KM 381,,5,5,2026-01-04 17:24:20+00,6291.88,6291.88,2,1,1.7333,17.4,20.87,19.13,A,CONFIRMADO,NO_PICO,false,true,2026-08-28 17:04:09.408054+00
fe344d3d-2431-404a-9861-db1d5f3ad510,c2ee6a1d-9484-4e6e-ac7e-2830069094a6,4ae9b6d9-03e0-4af0-a23b-35e1522f8275,CORREDORES VIALES SA,SAMPACHO - RUTA 8 KM 655,,4,4,2026-01-04 22:05:59+00,5033.5,5033.5,4,1,6.7366,4.7,22.08,15.79,A,CONFIRMADO,NO_PICO,false,true,2026-08-28 17:04:09.408054+00
ccd5cb78-7227-41d5-a2ba-bc3662858b6b,c2ee6a1d-9484-4e6e-ac7e-2830069094a6,6c9f4d18-b834-45d5-b10c-7ca4d573cd30,CORREDORES VIALES SA,SOLIS - RUTA 8 KM 102,,3,3,2026-01-04 22:31:17+00,3775.13,3775.13,2,1,1.4167,19.68,22.52,21.1,A,CONFIRMADO,NO_PICO,false,true,2026-08-28 17:04:09.408054+00
067e4143-1ef0-421b-b52c-91148a5cc7cc,ab449656-bebf-4cb2-bbb3-6221403e1c7b,bd4d72fc-71cb-4d0e-a43f-6d6bb2ad1e6e,AUBASA,GUTIERREZ,6,,6,2026-01-05 02:57:41+00,10614.57,10614.57,5,1,7.367,2.88,23.03,17.06,B,CONFIRMADO,NO_PICO,false,true,2026-08-26 12:34:00.682081+00
4b3211ec-426f-4278-bdbd-76545c58ab18,4c3fcfe9-84f5-4b57-8875-25145b949a93,5a1618dd-9e67-49df-8c43-8d239c834955,AUTOPISTA DEL OESTE,LUJAN,2,,2,2026-01-05 05:13:20+00,699.09,699.09,5,1,3.7421,5.22,13.82,10.06,B,CONFIRMADO,NO_PICO,false,true,2026-08-25 20:08:52.405245+00
d110bf71-21bb-44f2-b3d8-ee2a4db27cab,4c3fcfe9-84f5-4b57-8875-25145b949a93,5c930215-cdd3-4c78-8df9-2e7ee9d9ec67,AUTOPISTA DEL OESTE,ITUZAINGÓ,2,,2,2026-01-05 05:40:03+00,699.09,699.09,4,1,3.3781,5.67,13.4,9.28,B,CONFIRMADO,NO_PICO,false,true,2026-08-25 20:08:52.405245+00
ba51e143-79c3-4e15-878c-cba851b9b060,4c3fcfe9-84f5-4b57-8875-25145b949a93,ce3ce0ac-8b57-4fc2-8a1e-3a1fc3428a4a,AUTOPISTA DEL OESTE,DEL RODEO,6,,6,2026-01-05 06:47:30+00,2796.36,2796.36,35,1,3.4849,4.9,21.8,13.68,B,CONFIRMADO,NO_PICO,true,true,2026-08-25 20:08:52.405245+00
2d796829-0744-44d9-b906-d3770b16cd25,c2ee6a1d-9484-4e6e-ac7e-2830069094a6,f7159ff3-ca5e-409b-9f36-0c41844b81ba,CORREDORES VIALES SA,MONTE GRANDE,7,,7,2026-01-05 07:13:29+00,6291.88,6291.88,7,1,4.9228,7.05,19.05,12.95,B,CONFIRMADO,PICO,false,true,2026-08-25 20:29:08.302381+00
f47fbea0-3e1a-403f-9074-c280c665fa59,dc7dad0c-adda-4a56-a1f4-2ec87c19c356,6111cae9-a416-4014-bcb3-8cccb83436f7,AUSOL,PILAR DECALADA,6,,6,2026-01-05 07:37:58+00,3355.72,3355.72,1,1,0,9.52,9.52,9.52,B,CONFIRMADO,PICO,false,true,2026-08-26 12:23:20.395391+00
a149932e-552a-4d03-984b-c7a1781425db,fcf50348-fe3d-48db-934f-13e0af1e0e74,83ded803-cdec-40ac-8e06-16940f9b1a83,AUSA,PASEO DEL BAJO,0,,0,2026-01-05 07:50:21+00,7954.22,7954.22,1,1,0,15.3,15.3,15.3,B,CONFIRMADO,NO_PICO,false,true,2026-08-26 12:14:07.683714+00
3dc78ef2-30f1-4755-9e12-18673f10ea3f,ab449656-bebf-4cb2-bbb3-6221403e1c7b,67486ca3-6e88-49a8-b628-7f41e946da5a,AUBASA,DOCK SUD,6,,6,2026-01-05 07:55:18+00,13268.23,13268.23,16,1,4.5549,8.18,19.87,15.45,B,CONFIRMADO,NO_PICO,true,true,2026-08-26 12:34:00.682081+00
e4468527-ebad-41ca-a8a6-f4b7a2cf1512,ab449656-bebf-4cb2-bbb3-6221403e1c7b,bd4d72fc-71cb-4d0e-a43f-6d6bb2ad1e6e,AUBASA,GUTIERREZ,7,,7,2026-01-05 08:45:12+00,15921.88,15921.88,6,1,4.5724,8.4,18.9,13.72,B,CONFIRMADO,PICO,false,true,2026-08-26 12:34:00.682081+00
904ae7c1-475e-4c8b-a6f9-25f7afbcf8a9,fcf50348-fe3d-48db-934f-13e0af1e0e74,7995c334-d4fb-4374-93a8-47d9e2a423d1,AUSA,DELLEPIANE II,9,,9,2026-01-05 08:53:09+00,27191.24,27191.24,4,1,4.9458,7.28,19.15,15.83,B,CONFIRMADO,PICO,false,true,2026-08-26 12:14:07.683714+00
ba7f054c-167c-4b7c-8576-dd0327d75958,ab449656-bebf-4cb2-bbb3-6221403e1c7b,67486ca3-6e88-49a8-b628-7f41e946da5a,AUBASA,DOCK SUD,7,,7,2026-01-05 09:10:15+00,15921.88,15921.88,24,1,4.4189,9.22,19.38,14.29,B,CONFIRMADO,NO_PICO,true,true,2026-08-26 12:34:00.682081+00
9a05a4bf-9caf-47ef-b99c-0c27c1912228,4c3fcfe9-84f5-4b57-8875-25145b949a93,e237d146-1b29-419b-b527-41b605148a60,AUTOPISTA DEL OESTE,DERQUI,7,,7,2026-01-05 10:18:45+00,4194.65,4194.65,12,1,4.1971,8.5,19.75,12.85,B,CONFIRMADO,PICO,false,true,2026-08-25 20:08:52.405245+00
60d09e92-f756-448a-8945-8605adb57b1a,fcf50348-fe3d-48db-934f-13e0af1e0e74,e98ce678-0d1d-4a44-8b08-d5ee7a42e93f,AUSA,REMEDIOS,9,,9,2026-01-05 10:32:25+00,27191.24,27191.24,12,1,3.8635,8.05,19.78,14.79,B,CONFIRMADO,PICO,false,true,2026-08-26 12:14:07.683714+00
b5e63e54-dcd5-4e4d-8c9c-031b846ce5d2,4c3fcfe9-84f5-4b57-8875-25145b949a93,a6749964-64e2-4f95-b7b3-ecb4a68c1a14,AUTOPISTA DEL OESTE,BUEN AYRE,6,,6,2026-01-05 11:30:58+00,2796.36,2796.36,5,1,3.4991,5.42,14.22,9.62,B,CONFIRMADO,NO_PICO,false,true,2026-08-25 20:08:52.405245+00
fa0ab476-44fa-400d-955e-730016c2f5a0,fcf50348-fe3d-48db-934f-13e0af1e0e74,b6649fde-3788-4677-b79c-4f3c57a7f2d3,AUSA,SARMIENTO,7,,7,2026-01-05 13:12:09+00,4839.25,4839.25,1,1,0,13.2,13.2,13.2,B,CONFIRMADO,NO_PICO,false,true,2026-08-26 12:20:08.110513+00
de8fe2b2-397a-4d7b-8008-331c2b9571a2,fcf50348-fe3d-48db-934f-13e0af1e0e74,e98ce678-0d1d-4a44-8b08-d5ee7a42e93f,AUSA,REMEDIOS,8,,8,2026-01-05 14:31:57+00,12213.18,12213.18,2,1,0.175,11.13,11.48,11.31,B,CONFIRMADO,NO_PICO,false,true,2026-08-26 12:14:07.683714+00
c75c677b-1203-46b7-bee3-e828ab943afd,fcf50348-fe3d-48db-934f-13e0af1e0e74,83ded803-cdec-40ac-8e06-16940f9b1a83,AUSA,PASEO DEL BAJO,8,,8,2026-01-05 14:47:38+00,7954.22,7954.22,1,1,0,12.48,12.48,12.48,B,CONFIRMADO,NO_PICO,false,true,2026-08-26 12:13:26.513482+00
83113128-8443-4ecf-8706-70d8bce51e52,fcf50348-fe3d-48db-934f-13e0af1e0e74,5446946e-152a-4640-af51-d8eff269d0f3,AUSA,ILLIA II,8,,8,2026-01-05 14:54:56+00,4839.25,4839.25,2,1,3.4167,5.63,12.47,9.05,B,CONFIRMADO,NO_PICO,false,true,2026-08-26 12:14:07.683714+00
f65e124d-2b32-49e2-8995-224e6d6380bf,fcf50348-fe3d-48db-934f-13e0af1e0e74,5446946e-152a-4640-af51-d8eff269d0f3,AUSA,ILLIA II,8,,8,2026-01-05 16:03:02+00,13595.67,13595.67,6,1,1.15,7.18,10.63,9.17,B,CONFIRMADO,PICO,false,true,2026-08-26 12:14:07.683714+00
098c192b-e8d1-4500-96a3-e82a66e960ee,fcf50348-fe3d-48db-934f-13e0af1e0e74,97c7bba9-bc15-4492-af59-e1e56050d17c,AUSA,DELLEPIANE I,8,,8,2026-01-05 17:18:12+00,27191.24,27191.24,1,1,0,17.93,17.93,17.93,B,CONFIRMADO,PICO,false,true,2026-08-26 12:14:07.683714+00
f6810888-c24b-41a6-b264-0b300bbe9b20,ab449656-bebf-4cb2-bbb3-6221403e1c7b,3f32d96b-e51f-4e5e-a473-be7bcc3de5e9,AUBASA,HUDSON,7,,7,2026-01-05 17:58:29+00,31843.74,31843.74,6,1,3.0806,9.67,18.58,16.49,B,CONFIRMADO,PICO,false,true,2026-08-26 12:34:00.682081+00
5da41cef-ef1f-4ef9-b803-a1502a4b0d3c,4c3fcfe9-84f5-4b57-8875-25145b949a93,9421660a-addd-4c22-93fa-8bcb3da80684,AUTOPISTA DEL OESTE,J.J.CASTRO,6,,6,2026-01-05 18:08:25+00,3355.72,3355.72,1,1,0,18.13,18.13,18.13,B,CONFIRMADO,PICO,false,true,2026-08-25 20:08:52.405245+00
5796a5ee-7f6f-4399-a5de-6677fb2ac386,fcf50348-fe3d-48db-934f-13e0af1e0e74,97c7bba9-bc15-4492-af59-e1e56050d17c,AUSA,DELLEPIANE I,9,,9,2026-01-05 18:15:34+00,27191.24,27191.24,1,1,0,10.92,10.92,10.92,B,CONFIRMADO,PICO,false,true,2026-08-26 12:15:36.953514+00
0a75d2f9-062c-41ed-ac5b-dda4ea84f32e,c2ee6a1d-9484-4e6e-ac7e-2830069094a6,90bc37bf-9737-4bf1-ae98-291c452b71ad,CORREDORES VIALES SA,VILLA ESPIL - RUTA 7 KM. 88,,4,4,2026-01-05 20:08:43+00,5033.5,5033.5,1,1,0,20.13,20.13,20.13,A,CONFIRMADO,NO_PICO,false,true,2026-08-28 17:04:30.824326+00
1d4e6ce2-92f3-436c-b684-2671b6e3ab98,fcf50348-fe3d-48db-934f-13e0af1e0e74,97c7bba9-bc15-4492-af59-e1e56050d17c,AUSA,DELLEPIANE I,7,,7,2026-01-06 02:11:04+00,12213.18,12213.18,7,1,5.0069,1.33,19.1,12.24,B,CONFIRMADO,NO_PICO,false,true,2026-08-26 12:14:07.683714+00
6301a771-9264-4481-80dd-b961314bacda,c2ee6a1d-9484-4e6e-ac7e-2830069094a6,c71d9e9e-143c-498f-a1a8-fd6aa7b48493,CORREDORES VIALES SA,EZEIZA,6,,6,2026-01-06 02:33:27+00,4026.78,4026.78,4,1,4.1446,12.28,22.05,16.73,B,CONFIRMADO,NO_PICO,false,true,2026-08-25 20:29:08.302381+00
ecf1f7cb-bce2-407b-a934-516c13d977d5,c2ee6a1d-9484-4e6e-ac7e-2830069094a6,90bc37bf-9737-4bf1-ae98-291c452b71ad,CORREDORES VIALES SA,VILLA ESPIL - RUTA 7 KM. 88,,5,5,2026-01-06 03:44:17+00,6291.88,6291.88,6,1,7.7292,1.93,23.35,12.26,A,CONFIRMADO,NO_PICO,false,true,2026-08-28 17:04:30.824326+00
b81af38f-5e76-4b1e-ab8b-ec437e45483b,c2ee6a1d-9484-4e6e-ac7e-2830069094a6,a2facb41-ca0e-482a-ae67-e3422ab7ef9b,CORREDORES VIALES SA,JAMES CRAIK - AUTOVIA ROSARIO - CORDOBA KM. 595,,5,5,2026-01-06 06:08:52+00,6291.88,6291.88,4,1,7.3381,5.15,21.53,12.91,A,CONFIRMADO,NO_PICO,false,true,2026-08-28 17:03:58.308194+00
9222d9c7-67c6-412a-bd81-4dea7b960578,4c3fcfe9-84f5-4b57-8875-25145b949a93,ce3ce0ac-8b57-4fc2-8a1e-3a1fc3428a4a,AUTOPISTA DEL OESTE,DEL RODEO,6,,6,2026-01-06 07:43:22+00,3355.72,3355.72,15,1,4.1092,7.07,18.68,13.33,B,CONFIRMADO,PICO,true,true,2026-08-25 20:08:52.405245+00
dcfc9cbd-7469-45d9-b255-90f619dfd5dd,c2ee6a1d-9484-4e6e-ac7e-2830069094a6,fe288616-95d8-4f38-a8ec-2142e4182910,CORREDORES VIALES SA,"JUNIN - RUTA 188 KM 152,20",,4,4,2026-01-06 08:26:29+00,5033.5,5033.5,4,1,2.946,8.43,15.55,10.48,A,CONFIRMADO,NO_PICO,false,true,2026-08-28 17:04:36.636807+00
5606765f-e1ab-4a88-940a-6a1c35a3fa67,dc7dad0c-adda-4a56-a1f4-2ec87c19c356,53da2019-2e8d-499d-adc6-073fb79c3a95,AUSOL,BUEN AYRE,6,,6,2026-01-06 09:06:25+00,3355.72,3355.72,7,1,2.5445,8.85,17.13,11.24,B,CONFIRMADO,PICO,false,true,2026-08-26 12:21:48.801202+00
fae75836-cf74-48c2-b64e-71df9079a818,4c3fcfe9-84f5-4b57-8875-25145b949a93,50c7ae33-9660-48fc-a2e5-86a752d8c0cf,AUTOPISTA DEL OESTE,GRAL.RODRIGUEZ,6,,6,2026-01-06 09:28:44+00,3355.72,3355.72,2,1,0.175,9.47,9.82,9.64,B,CONFIRMADO,PICO,false,true,2026-08-25 20:08:52.405245+00
fa6b27d5-2c60-45b2-b905-dae077d6b3a8,fcf50348-fe3d-48db-934f-13e0af1e0e74,e98ce678-0d1d-4a44-8b08-d5ee7a42e93f,AUSA,REMEDIOS,8,,8,2026-01-06 10:14:17+00,27191.24,27191.24,3,1,0.3744,9.43,10.35,9.88,B,CONFIRMADO,PICO,false,true,2026-08-26 12:14:07.683714+00
c1dd84b0-2af6-46e4-b148-8f7e3872d5ed,4c3fcfe9-84f5-4b57-8875-25145b949a93,322a177d-b623-473e-aa89-c5c7cc3df5cc,AUTOPISTA DEL OESTE,REPUBLICA,6,,6,2026-01-06 10:22:27+00,3355.72,3355.72,1,1,0,10.37,10.37,10.37,B,CONFIRMADO,PICO,false,true,2026-08-25 20:08:52.405245+00
ff338df6-6dcf-439d-a24f-8043482c263d,4c3fcfe9-84f5-4b57-8875-25145b949a93,7b84ab42-0ec6-4302-bdb1-714601bc2f49,AUTOPISTA DEL OESTE,MALVINAS,7,,7,2026-01-06 10:54:41+00,4194.65,4194.65,3,1,3.2592,10.9,18.38,15.44,B,CONFIRMADO,PICO,false,true,2026-08-25 20:08:52.405245+00
34157981-63a0-4ab5-b835-d99073720eef,c2ee6a1d-9484-4e6e-ac7e-2830069094a6,fe288616-95d8-4f38-a8ec-2142e4182910,CORREDORES VIALES SA,"JUNIN - RUTA 188 KM 152,20",,5,5,2026-01-06 11:28:08+00,6291.88,6291.88,3,1,4.2903,9.67,19.53,13.56,A,CONFIRMADO,NO_PICO,false,true,2026-08-28 17:04:36.636807+00
b782f56c-3045-4520-a51f-e98d5dbaf656,4c3fcfe9-84f5-4b57-8875-25145b949a93,3a02f51a-e7ee-4c2a-b7c2-a33aec133eec,AUTOPISTA DEL OESTE,QUINTANA,6,,6,2026-01-06 12:00:17+00,2796.36,2796.36,1,1,0,12,12,12,B,CONFIRMADO,NO_PICO,false,true,2026-08-25 20:08:52.405245+00
d7285be3-937f-4820-9c05-e8f833bca4ce,c2ee6a1d-9484-4e6e-ac7e-2830069094a6,c5dd1ce4-ed50-4a20-ad4f-22bfb5965c1a,CORREDORES VIALES SA,TRENQUE LAUQUEN - RUTA 5 KM 429,,2,2,2026-01-06 13:46:26+00,2516.75,2516.75,1,1,0,13.77,13.77,13.77,A,CONFIRMADO,NO_PICO,false,true,2026-08-28 17:04:20.631241+00
ba6d91bc-55c8-467e-9749-dfe093576959,fcf50348-fe3d-48db-934f-13e0af1e0e74,5446946e-152a-4640-af51-d8eff269d0f3,AUSA,ILLIA II,0,,0,2026-01-06 16:12:25+00,13595.67,13595.67,2,1,0.0333,16.2,16.27,16.23,B,CONFIRMADO,PICO,false,true,2026-08-26 15:01:59.216864+00
f0b4cc2a-e304-4fee-80d3-f1484f0de5d0,c2ee6a1d-9484-4e6e-ac7e-2830069094a6,9c0aafd6-1697-4ea7-83c4-ce7eb8f1ed15,CORREDORES VIALES SA,URIBELARREA - RUTA 205 KM. 83,,2,2,2026-01-06 18:47:59+00,2516.75,2516.75,1,1,0,18.78,18.78,18.78,A,CONFIRMADO,NO_PICO,false,true,2026-08-28 17:04:25.770366+00
b33cd7fb-186c-4160-b274-2d0884708a8f,fcf50348-fe3d-48db-934f-13e0af1e0e74,97c7bba9-bc15-4492-af59-e1e56050d17c,AUSA,DELLEPIANE I,7,,7,2026-01-07 08:39:26+00,27191.24,27191.24,5,1,4.0199,7.53,18.57,14.86,B,CONFIRMADO,PICO,false,true,2026-08-26 12:14:07.683714+00
4d78fa93-0c94-47cd-a3b2-098a7963ec71,fcf50348-fe3d-48db-934f-13e0af1e0e74,e98ce678-0d1d-4a44-8b08-d5ee7a42e93f,AUSA,REMEDIOS,2,,2,2026-01-07 10:36:47+00,3918.89,3918.89,1,1,0,17.28,17.28,17.28,B,CONFIRMADO,PICO,false,true,2026-08-26 12:15:36.953514+00
89fe93ed-8c10-47c9-992b-018ab4930bf0,fcf50348-fe3d-48db-934f-13e0af1e0e74,97c7bba9-bc15-4492-af59-e1e56050d17c,AUSA,DELLEPIANE I,6,,6,2026-01-07 11:24:36+00,8526.02,8526.02,1,1,0,11.4,11.4,11.4,B,CONFIRMADO,NO_PICO,false,true,2026-08-26 12:20:08.110513+00
964be612-796b-42dd-91e1-4b785e3c401e,4c3fcfe9-84f5-4b57-8875-25145b949a93,4795860a-18b5-47b0-a1e1-5149cae53db2,AUTOPISTA DEL OESTE,VERGARA,6,,6,2026-01-07 12:34:07+00,2796.36,2796.36,1,1,0,12.57,12.57,12.57,B,CONFIRMADO,NO_PICO,false,true,2026-08-25 20:08:52.405245+00
85d097f0-9ad7-4135-af02-f720a783fae5,c2ee6a1d-9484-4e6e-ac7e-2830069094a6,a2facb41-ca0e-482a-ae67-e3422ab7ef9b,CORREDORES VIALES SA,JAMES CRAIK - AUTOVIA ROSARIO - CORDOBA KM. 595,6,,6,2026-01-07 20:17:29+00,4026.78,4026.78,1,1,0,20.28,20.28,20.28,B,CONFIRMADO,NO_PICO,false,true,2026-08-26 12:28:09.549554+00
d3e6aa00-9860-4eac-a78e-bd38a6079bbd,c2ee6a1d-9484-4e6e-ac7e-2830069094a6,060b4e11-d1da-492f-a48a-81996cc63653,CORREDORES VIALES SA,RIACHUELO - RN 12 - Km 1014 - RIACHUELO - CORRIENTES,,4,4,2026-01-07 21:58:02+00,5033.5,5033.5,1,1,0,21.97,21.97,21.97,A,CONFIRMADO,NO_PICO,false,true,2026-08-28 17:04:03.669201+00
48de8c93-914b-42a8-9097-dfc6996f2ccc,c2ee6a1d-9484-4e6e-ac7e-2830069094a6,a826d372-7f15-4be8-a56c-33834ccb2097,CORREDORES VIALES SA,LARENA - RUTA 8 KM 65,,5,5,2026-01-07 22:01:48+00,6291.88,6291.88,4,1,5.4855,8.5,22.02,12.62,A,CONFIRMADO,NO_PICO,false,true,2026-08-28 17:04:09.408054+00
e464923f-7085-4065-b7e1-72eada0d89f4,c2ee6a1d-9484-4e6e-ac7e-2830069094a6,769093ac-a432-4c2e-b17b-30a50e00a1f7,CORREDORES VIALES SA,V. TUERTO (RN8) - RUTA 8 KM 381,,4,4,2026-01-07 22:34:03+00,5033.5,5033.5,2,1,11.0667,0.43,22.57,11.5,A,CONFIRMADO,NO_PICO,false,true,2026-08-28 17:04:09.408054+00
df622a35-f1de-4b38-84aa-f677a2a64453,4c3fcfe9-84f5-4b57-8875-25145b949a93,7b84ab42-0ec6-4302-bdb1-714601bc2f49,AUTOPISTA DEL OESTE,MALVINAS,7,,7,2026-01-08 06:07:56+00,3495.45,3495.45,1,1,0,6.12,6.12,6.12,B,CONFIRMADO,NO_PICO,false,true,2026-08-25 20:08:52.405245+00
52249207-161f-423b-ba24-2353095e3ba0,c2ee6a1d-9484-4e6e-ac7e-2830069094a6,be8c67bc-4740-4bdd-b12d-c2dafa2061b0,CORREDORES VIALES SA,RICCHIERI,2,,1,2026-01-08 08:12:50+00,1258.38,1258.38,5,1,2.7585,8.9,16.42,11.06,B,CONFIRMADO,PICO,false,true,2026-08-25 20:29:08.302381+00
89c78621-922e-4622-8537-efa7ca1576e9,c2ee6a1d-9484-4e6e-ac7e-2830069094a6,be8c67bc-4740-4bdd-b12d-c2dafa2061b0,CORREDORES VIALES SA,RICCHIERI,2,,2,2026-01-08 14:06:52+00,1006.7,1006.7,12,1,4.6709,7.15,21.25,16.22,B,CONFIRMADO,NO_PICO,false,true,2026-08-25 20:29:08.302381+00
2152abcf-0a83-49cf-9ea6-b4b38b9dd99f,fcf50348-fe3d-48db-934f-13e0af1e0e74,5446946e-152a-4640-af51-d8eff269d0f3,AUSA,ILLIA II,4,,4,2026-01-08 14:55:20+00,2073.88,2073.88,2,1,0.1,13.23,13.43,13.33,B,CONFIRMADO,NO_PICO,false,true,2026-08-26 12:14:07.683714+00
eedee6cc-6d7f-4ff3-867d-3c4c71e72019,fcf50348-fe3d-48db-934f-13e0af1e0e74,83ded803-cdec-40ac-8e06-16940f9b1a83,AUSA,PASEO DEL BAJO,4,,4,2026-01-08 15:02:01+00,6118.56,6118.56,3,1,3.7683,13.33,21.43,16.11,B,CONFIRMADO,NO_PICO,false,true,2026-08-26 12:14:07.683714+00
8b881e7c-6f96-4a05-87a7-b0791b641e96,fcf50348-fe3d-48db-934f-13e0af1e0e74,97c7bba9-bc15-4492-af59-e1e56050d17c,AUSA,DELLEPIANE I,4,,4,2026-01-08 17:18:36+00,6452.15,6452.15,1,1,0,17.3,17.3,17.3,B,CONFIRMADO,PICO,false,true,2026-08-26 12:18:31.942052+00
5b893ee0-455f-4893-ad8c-cd0c177f4283,ab449656-bebf-4cb2-bbb3-6221403e1c7b,3f32d96b-e51f-4e5e-a473-be7bcc3de5e9,AUBASA,HUDSON,7,,7,2026-01-08 19:57:51+00,15921.88,15921.88,6,1,4.3648,9.58,19.17,13.93,B,CONFIRMADO,PICO,false,true,2026-08-26 12:34:00.682081+00
8eac8c55-5e45-4794-b7d9-b49457dc53b5,ab449656-bebf-4cb2-bbb3-6221403e1c7b,4afa5df3-640a-49e7-96c7-8dfb9790afc5,AUBASA,MAIPU,6,,6,2026-01-08 19:58:01+00,34820.62,34820.62,2,1,1.4917,8.75,11.73,10.24,B,CONFIRMADO,NO_PICO,false,true,2026-08-26 12:35:11.700505+00
0ca6db3f-1497-4192-9561-125bfd7e7133,ab449656-bebf-4cb2-bbb3-6221403e1c7b,2ab8b3e2-a9ab-4577-b9c4-81a68c594edc,AUBASA,BERNAL,6,,6,2026-01-08 22:49:08+00,7430.2,7430.2,2,1,1.0833,8.65,10.82,9.73,B,CONFIRMADO,NO_PICO,false,true,2026-08-26 12:35:56.985335+00
42f9ad6e-609d-4d56-a14a-a3fb55acdcb7,fcf50348-fe3d-48db-934f-13e0af1e0e74,7995c334-d4fb-4374-93a8-47d9e2a423d1,AUSA,DELLEPIANE II,9,,9,2026-01-08 23:26:34+00,12213.18,12213.18,13,1,5.023,1.18,15.77,8.51,B,CONFIRMADO,NO_PICO,false,true,2026-08-26 12:14:07.683714+00
5e37a6a4-2845-48ad-8fe4-b038e3b8f822,cc292b0a-f901-4db7-b099-52144e36a1a9,c9ed477b-11e7-4698-a81d-97813a9ae538,Autovía del Mercosur,Zarate,7,,7,2026-01-09 00:26:27+00,7547.5,7547.5,49,1,7.0615,0,23.33,13.56,B,CONFIRMADO,NO_PICO,true,true,2026-08-25 20:45:18.999533+00
20c15008-3751-4ee5-913d-ea31c6454b6a,cc292b0a-f901-4db7-b099-52144e36a1a9,0a30e9ee-e9e0-4656-a3be-5db998fda26c,Autovía del Mercosur,YERAU,7,,7,2026-01-09 05:29:01+00,7547.5,7547.5,27,1,5.4776,2.55,22.7,13.24,B,CONFIRMADO,NO_PICO,true,true,2026-08-25 20:49:45.920609+00
da3608cd-2a11-4350-8e84-7d06d3370368,fcf50348-fe3d-48db-934f-13e0af1e0e74,7995c334-d4fb-4374-93a8-47d9e2a423d1,AUSA,DELLEPIANE II,4,,4,2026-01-09 06:30:40+00,4378.25,4378.25,1,1,0,6.5,6.5,6.5,B,CONFIRMADO,NO_PICO,false,true,2026-08-26 12:18:31.942052+00
61d15f2c-12c8-4beb-897f-99d8f779b256,fcf50348-fe3d-48db-934f-13e0af1e0e74,83ded803-cdec-40ac-8e06-16940f9b1a83,AUSA,PASEO DEL BAJO,2,,2,2026-01-09 06:53:11+00,6118.56,6118.56,2,1,4.1583,6.88,15.2,11.04,B,CONFIRMADO,NO_PICO,false,true,2026-08-26 12:14:07.683714+00
dc39322d-7010-4872-b148-7b8dcd85a1fd,ab449656-bebf-4cb2-bbb3-6221403e1c7b,3f32d96b-e51f-4e5e-a473-be7bcc3de5e9,AUBASA,HUDSON,6,,6,2026-01-09 07:36:47+00,13268.23,13268.23,3,1,5.8542,7.13,19.83,15.41,B,CONFIRMADO,NO_PICO,false,true,2026-08-26 12:34:00.682081+00
36182fd5-0794-4a8e-bbbc-d7a7e3598ceb,cc292b0a-f901-4db7-b099-52144e36a1a9,c9ed477b-11e7-4698-a81d-97813a9ae538,Autovía del Mercosur,Zarate,2,,2,2026-01-09 08:04:38+00,1886.87,1886.87,16,1,4.8,2.13,20.7,12.07,B,CONFIRMADO,NO_PICO,true,true,2026-08-25 20:45:18.999533+00
1db0aead-d5d7-41fa-8472-7ccf2dd9104f,c2ee6a1d-9484-4e6e-ac7e-2830069094a6,f8b42b67-f5a9-4bcc-9eef-8d1dc040515a,CORREDORES VIALES SA,ITUZAINGO - RN 12 - Km 1262 - ITUZINGÓ - CORRIENTES,,4,4,2026-01-09 09:28:36+00,5033.5,5033.5,1,1,0,9.47,9.47,9.47,A,CONFIRMADO,NO_PICO,false,true,2026-08-28 17:04:03.669201+00
2046fbab-2849-431b-a641-db0a0e7d501a,ab449656-bebf-4cb2-bbb3-6221403e1c7b,67486ca3-6e88-49a8-b628-7f41e946da5a,AUBASA,DOCK SUD,2,,2,2026-01-09 09:55:27+00,2653.65,2653.65,2,1,0.9083,7.97,9.78,8.88,B,CONFIRMADO,PICO,false,true,2026-08-26 12:35:11.700505+00
edc82b41-e676-4a31-84fc-199b9f4be24b,cc292b0a-f901-4db7-b099-52144e36a1a9,8e7341e6-0c5a-442c-9452-cca8f776a436,Autovía del Mercosur,Colonia,2,,2,2026-01-09 10:53:03+00,1886.87,1886.87,6,1,1.2725,9.47,13,10.78,B,CONFIRMADO,NO_PICO,false,true,2026-08-25 20:46:45.458503+00
7fefc199-e98a-4fdd-bdd8-b6a473459ae5,fcf50348-fe3d-48db-934f-13e0af1e0e74,7995c334-d4fb-4374-93a8-47d9e2a423d1,AUSA,DELLEPIANE II,2,,2,2026-01-09 11:07:55+00,2765.3,2765.3,1,1,0,15,15,15,B,CONFIRMADO,NO_PICO,false,true,2026-08-26 12:14:07.683714+00
c8850d45-c249-454b-b4e8-ab60591137df,cc292b0a-f901-4db7-b099-52144e36a1a9,2af2f8e5-fec2-44c0-8e3e-a72a481b551e,Autovía del Mercosur,Piedritas,7,,7,2026-01-09 11:32:17+00,7547.5,7547.5,30,1,5.0587,4.2,23.2,12.74,B,CONFIRMADO,NO_PICO,true,true,2026-08-25 20:52:35.697348+00
a956bbb2-b3e8-48cb-806f-6cdca2b9caa9,fcf50348-fe3d-48db-934f-13e0af1e0e74,5446946e-152a-4640-af51-d8eff269d0f3,AUSA,ILLIA II,0,,0,2026-01-09 12:35:59+00,4839.25,4839.25,1,1,0,12.58,12.58,12.58,B,CONFIRMADO,NO_PICO,false,true,2026-08-26 15:00:50.385733+00
9ba7a58e-93d6-44af-a933-3763c87a9181,cc292b0a-f901-4db7-b099-52144e36a1a9,8e7341e6-0c5a-442c-9452-cca8f776a436,Autovía del Mercosur,Colonia,7,,7,2026-01-09 15:17:32+00,7547.5,7547.5,45,1,7.4686,0.33,23.97,13.97,B,CONFIRMADO,NO_PICO,true,true,2026-08-25 20:46:45.458503+00
0b544e64-2c65-4874-95a4-21f6300e3bf1,cc292b0a-f901-4db7-b099-52144e36a1a9,2af2f8e5-fec2-44c0-8e3e-a72a481b551e,Autovía del Mercosur,Piedritas,6,,6,2026-01-09 15:48:28+00,7547.5,7547.5,21,1,5.9039,2.12,20.73,12.43,B,CONFIRMADO,NO_PICO,true,true,2026-08-25 20:52:35.697348+00
84f5dc7c-e509-4e24-ab54-1a9c25f8a8d8,cc292b0a-f901-4db7-b099-52144e36a1a9,c9ed477b-11e7-4698-a81d-97813a9ae538,Autovía del Mercosur,Zarate,6,,6,2026-01-09 15:50:37+00,7547.5,7547.5,64,1,5.8056,0.33,23.8,12.48,B,CONFIRMADO,NO_PICO,true,true,2026-08-25 20:45:18.999533+00
b5b871a0-a9b0-421a-a630-a4e746abcbc1,fcf50348-fe3d-48db-934f-13e0af1e0e74,97c7bba9-bc15-4492-af59-e1e56050d17c,AUSA,DELLEPIANE I,2,,2,2026-01-09 17:54:04+00,3918.89,3918.89,1,1,0,17.9,17.9,17.9,B,CONFIRMADO,PICO,false,true,2026-08-26 15:07:17.495207+00
eaab1a56-eb47-4de1-9436-7a694d5797e1,ab449656-bebf-4cb2-bbb3-6221403e1c7b,2ab8b3e2-a9ab-4577-b9c4-81a68c594edc,AUBASA,BERNAL,6,,6,2026-01-09 18:22:53+00,22555.99,22555.99,1,1,0,9.82,9.82,9.82,B,CONFIRMADO,PICO,false,true,2026-08-26 12:34:00.682081+00
a43d5c40-9cda-417b-b567-873abdd11f2a,cc292b0a-f901-4db7-b099-52144e36a1a9,8e7341e6-0c5a-442c-9452-cca8f776a436,Autovía del Mercosur,Colonia,6,,6,2026-01-09 18:49:02+00,7547.5,7547.5,41,1,5.623,0.48,23.13,14.88,B,CONFIRMADO,NO_PICO,true,true,2026-08-25 20:46:45.458503+00
8d99e6f9-285f-4f06-a5e1-f0e1d4582b88,cc292b0a-f901-4db7-b099-52144e36a1a9,c9ed477b-11e7-4698-a81d-97813a9ae538,Autovía del Mercosur,Zarate,3,,3,2026-01-10 07:43:09+00,3773.75,3773.75,2,1,0.3417,7.72,8.4,8.06,B,CONFIRMADO,NO_PICO,false,true,2026-08-25 20:45:18.999533+00
acbb841c-1c04-4685-9b59-124a9e56bf61,4c3fcfe9-84f5-4b57-8875-25145b949a93,15260fb1-970a-4f77-95a5-61715666f7ea,AUTOPISTA DEL OESTE,DOLORES PRATS,7,,7,2026-01-10 21:28:51+00,3495.45,3495.45,1,1,0,21.47,21.47,21.47,B,CONFIRMADO,NO_PICO,false,true,2026-08-26 17:58:15.412986+00
8e10e942-95d7-4afd-859a-a7091b776b57,fcf50348-fe3d-48db-934f-13e0af1e0e74,7995c334-d4fb-4374-93a8-47d9e2a423d1,AUSA,DELLEPIANE II,8,,8,2026-01-12 06:39:39+00,12213.18,12213.18,3,1,0.5249,5.33,6.53,6.07,B,CONFIRMADO,NO_PICO,false,true,2026-08-26 12:14:07.683714+00
81b58183-b651-40b2-8982-ffbc2f07f11f,c2ee6a1d-9484-4e6e-ac7e-2830069094a6,75a8dcca-f065-4e8d-aab0-4272061cbd2a,CORREDORES VIALES SA,LAGOS - RUTA 9 KM. 272,,,1,2026-01-12 07:57:42+00,1258.38,1258.38,4,1,3.4455,7.95,16.18,13.88,A,CONFIRMADO,NO_PICO,false,true,2026-08-28 17:03:58.308194+00
59076f21-1f84-48f1-a0bd-8d149ad2d5ce,ab449656-bebf-4cb2-bbb3-6221403e1c7b,3f32d96b-e51f-4e5e-a473-be7bcc3de5e9,AUBASA,HUDSON,6,,6,2026-01-12 09:56:07+00,26536.45,26536.45,2,1,4.6583,9.4,18.72,14.06,B,CONFIRMADO,PICO,false,true,2026-08-26 12:35:56.985335+00
dffd8c05-5d2c-4a40-b478-9c117948a578,c2ee6a1d-9484-4e6e-ac7e-2830069094a6,7ebccf05-b9e6-44ca-836c-54ac91ecc213,CORREDORES VIALES SA,OLIVERA - RUTA 5 KM. 86,,,1,2026-01-12 12:43:26+00,1258.38,1258.38,1,1,0,12.72,12.72,12.72,A,CONFIRMADO,NO_PICO,false,true,2026-08-28 17:04:20.631241+00
d8a732cc-d3a2-4856-a9db-50a591bebcd6,cc292b0a-f901-4db7-b099-52144e36a1a9,c9ed477b-11e7-4698-a81d-97813a9ae538,Autovía del Mercosur,Zarate,5,,5,2026-01-12 20:55:17+00,5202.35,5202.35,7,1,6.2434,5.78,21.97,15.56,B,CONFIRMADO,NO_PICO,false,true,2026-08-25 20:45:18.999533+00
f0f99184-ab3a-418c-bbbb-5af5bb133f23,c2ee6a1d-9484-4e6e-ac7e-2830069094a6,d85f2bae-0aa1-4128-8b9a-e9f4383d10d0,CORREDORES VIALES SA,DONOVAN,6,,6,2026-01-12 21:40:15+00,4026.78,4026.78,1,1,0,21.67,21.67,21.67,B,CONFIRMADO,NO_PICO,false,true,2026-08-26 12:28:09.549554+00
6f88be45-1822-4bde-9280-17777786b808,c2ee6a1d-9484-4e6e-ac7e-2830069094a6,6c9f4d18-b834-45d5-b10c-7ca4d573cd30,CORREDORES VIALES SA,SOLIS - RUTA 8 KM 102,,5,5,2026-01-13 10:35:57+00,6291.88,6291.88,9,1,6.4814,0.1,23.42,13.83,A,CONFIRMADO,NO_PICO,false,true,2026-08-28 19:24:20.883993+00
037c7399-474f-484f-9501-c1aaaa729053,dc7dad0c-adda-4a56-a1f4-2ec87c19c356,25bfd059-2663-4836-9fc4-c4bd56ece4dc,AUSOL,CAMPANA,6,,6,2026-01-13 11:03:32+00,3495.45,3495.45,1,1,0,11.05,11.05,11.05,B,CONFIRMADO,PICO,false,true,2026-08-26 12:47:49.18999+00
84ba1500-f941-40b5-9403-587cedd8abf7,c2ee6a1d-9484-4e6e-ac7e-2830069094a6,1eeb3df0-0f50-4497-9937-2108b235a266,CORREDORES VIALES SA,TRISTAN SUAREZ,3,,3,2026-01-13 11:10:04+00,2013.39,2013.39,1,1,0,13.18,13.18,13.18,B,CONFIRMADO,NO_PICO,false,true,2026-08-25 20:29:08.302381+00
a20cbe58-8617-4d33-b06b-e5c4a0617e94,dc7dad0c-adda-4a56-a1f4-2ec87c19c356,6111cae9-a416-4014-bcb3-8cccb83436f7,AUSOL,PILAR DECALADA,6,,6,2026-01-13 11:39:41+00,2796.36,2796.36,1,1,0,11.65,11.65,11.65,B,CONFIRMADO,NO_PICO,false,true,2026-08-26 12:47:49.18999+00
87d6296d-2794-4af0-8ba3-cd645541c341,c2ee6a1d-9484-4e6e-ac7e-2830069094a6,d85f2bae-0aa1-4128-8b9a-e9f4383d10d0,CORREDORES VIALES SA,DONOVAN,2,,2,2026-01-13 14:42:31+00,1006.7,1006.7,2,1,0.2583,14.62,15.13,14.88,B,CONFIRMADO,NO_PICO,false,true,2026-08-25 20:29:08.302381+00
bef8200d-c60b-40e0-9524-7a163fa22923,ab449656-bebf-4cb2-bbb3-6221403e1c7b,2ab8b3e2-a9ab-4577-b9c4-81a68c594edc,AUBASA,BERNAL,6,,6,2026-01-13 21:44:30+00,18044.79,18044.79,1,1,0,13.02,13.02,13.02,B,CONFIRMADO,NO_PICO,false,true,2026-08-26 12:34:00.682081+00
31df9e16-4705-4f24-89b8-7d144310cda1,4c3fcfe9-84f5-4b57-8875-25145b949a93,d1e57bdc-b853-4235-b2c6-9b88291e7fd5,AUTOPISTA DEL OESTE,SAN FERNANDO,6,,6,2026-01-14 09:42:28+00,3355.72,3355.72,1,1,0,9.7,9.7,9.7,B,CONFIRMADO,PICO,false,true,2026-08-25 20:08:52.405245+00
a4b445a8-7e8c-4292-baf3-3e59d9cab49a,c2ee6a1d-9484-4e6e-ac7e-2830069094a6,f12f9dcd-073e-4d55-b72b-9ea09a59251d,CORREDORES VIALES SA,HINOJO - RUTA 226 KM. 276,,5,5,2026-01-14 10:48:22+00,6291.88,6291.88,6,1,4.8621,6.68,21.38,11.44,A,CONFIRMADO,NO_PICO,false,true,2026-08-28 19:24:38.706076+00
92e95854-e57d-47d0-ba1d-4de920d27fa8,fcf50348-fe3d-48db-934f-13e0af1e0e74,e98ce678-0d1d-4a44-8b08-d5ee7a42e93f,AUSA,REMEDIOS,4,,4,2026-01-14 11:30:15+00,4378.25,4378.25,1,1,0,11.5,11.5,11.5,B,CONFIRMADO,NO_PICO,false,true,2026-08-26 12:15:36.953514+00
449ebb7f-502c-4c26-9318-e04c7dcf8a86,4c3fcfe9-84f5-4b57-8875-25145b949a93,a6749964-64e2-4f95-b7b3-ecb4a68c1a14,AUTOPISTA DEL OESTE,BUEN AYRE,2,,2,2026-01-14 12:14:10+00,699.09,699.09,1,1,0,12.23,12.23,12.23,B,CONFIRMADO,NO_PICO,false,true,2026-08-25 20:08:52.405245+00
dbdac32f-a5d9-4989-805d-e3d3b33a7936,4c3fcfe9-84f5-4b57-8875-25145b949a93,a6749964-64e2-4f95-b7b3-ecb4a68c1a14,AUTOPISTA DEL OESTE,BUEN AYRE,7,,7,2026-01-14 12:14:19+00,3495.45,3495.45,1,1,0,12.23,12.23,12.23,B,CONFIRMADO,NO_PICO,false,true,2026-08-25 20:08:52.405245+00
f4ee3337-d418-4ab9-a6b0-de9f91559699,c2ee6a1d-9484-4e6e-ac7e-2830069094a6,752c9932-6f2d-4dca-bed6-699cbccbbbf3,CORREDORES VIALES SA,CAÑUELAS - RUTA 3 KM. 76,,5,5,2026-01-14 14:33:44+00,6291.88,6291.88,6,1,4.2985,8.32,21.92,14.17,A,CONFIRMADO,NO_PICO,false,true,2026-08-28 19:24:38.706076+00
a54a11e4-317b-4817-ad3d-9468c80651bb,4c3fcfe9-84f5-4b57-8875-25145b949a93,322a177d-b623-473e-aa89-c5c7cc3df5cc,AUTOPISTA DEL OESTE,REPUBLICA,7,,7,2026-01-14 16:00:19+00,4194.65,4194.65,1,1,0,16,16,16,B,CONFIRMADO,PICO,false,true,2026-08-25 20:08:52.405245+00
fa78f5b0-c5b5-419c-897f-a1d2e6817447,fcf50348-fe3d-48db-934f-13e0af1e0e74,b6ebf1f0-e098-4e88-8865-af82f7507913,AUSA,SALGUERO,2,,2,2026-01-14 18:14:01+00,1629.23,1629.23,1,1,0,18.23,18.23,18.23,B,CONFIRMADO,PICO,false,true,2026-08-26 12:15:36.953514+00
14d29a67-4744-4f8d-a914-35f244caceb4,cc292b0a-f901-4db7-b099-52144e36a1a9,0a30e9ee-e9e0-4656-a3be-5db998fda26c,Autovía del Mercosur,YERAU,6,,6,2026-01-15 00:26:05+00,7547.5,7547.5,13,1,6.8998,0.43,23.12,15.1,B,CONFIRMADO,NO_PICO,false,true,2026-08-25 20:49:45.920609+00
b33374d3-6f40-40c3-8667-1aac9b95c3ff,4c3fcfe9-84f5-4b57-8875-25145b949a93,a6749964-64e2-4f95-b7b3-ecb4a68c1a14,AUTOPISTA DEL OESTE,BUEN AYRE,6,,6,2026-01-15 17:47:09+00,3355.72,3355.72,1,1,0,17.78,17.78,17.78,B,CONFIRMADO,PICO,false,true,2026-08-25 20:08:52.405245+00
9a3822e1-e7da-4757-8fd7-f588f0565452,4c3fcfe9-84f5-4b57-8875-25145b949a93,2e7bc698-efec-44c7-86bf-81dd35a71c87,AUTOPISTA DEL OESTE,POSADAS,7,,7,2026-01-16 12:51:04+00,3495.45,3495.45,1,1,0,12.85,12.85,12.85,B,CONFIRMADO,NO_PICO,false,true,2026-08-25 20:09:54.609441+00
23db80e8-384d-48e0-b19a-b6fdab2029ba,4c3fcfe9-84f5-4b57-8875-25145b949a93,5a1618dd-9e67-49df-8c43-8d239c834955,AUTOPISTA DEL OESTE,LUJAN,2,,2,2026-01-16 13:02:38+00,3495.45,3495.45,1,1,0,13.03,13.03,13.03,B,CONFIRMADO,NO_PICO,false,true,2026-08-26 18:02:19.176321+00
0fdcfba5-ddb3-401d-8606-29d5800c44ee,fcf50348-fe3d-48db-934f-13e0af1e0e74,97c7bba9-bc15-4492-af59-e1e56050d17c,AUSA,DELLEPIANE I,8,,8,2026-01-16 14:05:33+00,12213.18,12213.18,2,1,0.6167,11.78,13.02,12.4,B,CONFIRMADO,NO_PICO,false,true,2026-08-26 12:14:07.683714+00
b4f3fca3-f3a1-49bd-81da-7094f75faa4d,c2ee6a1d-9484-4e6e-ac7e-2830069094a6,fedb68d2-4eef-4460-9dfd-ccbd5edf0ebf,CORREDORES VIALES SA,SANTA ANA - RN 12 - Km 1375 - SANTA ANA - MISIONES,,,2,2026-01-16 17:40:49+00,2516.75,2516.75,1,1,0,17.67,17.67,17.67,A,CONFIRMADO,NO_PICO,false,true,2026-08-28 19:41:00.421639+00
e0d997ab-87b1-49f3-ac7b-fd4d06c88e49,cc292b0a-f901-4db7-b099-52144e36a1a9,0a30e9ee-e9e0-4656-a3be-5db998fda26c,Autovía del Mercosur,YERAU,5,,5,2026-01-16 21:30:47+00,5202.35,5202.35,4,1,4.9422,7.75,21.5,15.24,B,CONFIRMADO,NO_PICO,false,true,2026-08-25 20:49:45.920609+00
63b7b1b3-a614-4a9e-8ce0-2df595b46621,cc292b0a-f901-4db7-b099-52144e36a1a9,8e7341e6-0c5a-442c-9452-cca8f776a436,Autovía del Mercosur,Colonia,5,,5,2026-01-17 06:00:22+00,5202.35,5202.35,9,1,6.7554,0.6,22.08,12.02,B,CONFIRMADO,NO_PICO,false,true,2026-08-25 20:46:45.458503+00
653c4a2b-7002-4cba-a33e-23eb64a2f8b5,fcf50348-fe3d-48db-934f-13e0af1e0e74,97c7bba9-bc15-4492-af59-e1e56050d17c,AUSA,DELLEPIANE I,9,,9,2026-01-17 09:54:44+00,12213.18,12213.18,15,1,7.7608,1.13,23.83,11.41,B,CONFIRMADO,NO_PICO,true,true,2026-08-26 12:14:07.683714+00
ca9a7135-ea4a-454b-8da2-1c59529afd9f,4c3fcfe9-84f5-4b57-8875-25145b949a93,e237d146-1b29-419b-b527-41b605148a60,AUTOPISTA DEL OESTE,DERQUI,6,,6,2026-01-17 19:15:00+00,2796.36,2796.36,3,1,5.9055,4.83,19,12.76,B,CONFIRMADO,NO_PICO,false,true,2026-08-25 20:09:54.609441+00
c3d99edf-8bbe-46c7-a350-b6e9fd9b82fe,fcf50348-fe3d-48db-934f-13e0af1e0e74,5446946e-152a-4640-af51-d8eff269d0f3,AUSA,ILLIA II,2,,2,2026-01-17 20:08:36+00,1629.23,1629.23,3,1,1.4502,16.58,20.13,18.32,B,CONFIRMADO,PICO,false,true,2026-08-26 12:15:36.953514+00
8bf26e68-894a-46a9-b0ee-cf7e6595949e,c2ee6a1d-9484-4e6e-ac7e-2830069094a6,752c9932-6f2d-4dca-bed6-699cbccbbbf3,CORREDORES VIALES SA,CAÑUELAS - RUTA 3 KM. 76,,5,4,2026-01-19 07:03:29+00,5033.5,5033.5,5,1,5.5293,1.73,16.57,10.58,A,CONFIRMADO,NO_PICO,false,true,2026-08-28 19:24:38.706076+00
8c12c531-adb3-4a65-b044-f868b3278dfe,dc7dad0c-adda-4a56-a1f4-2ec87c19c356,66c17ba7-d34e-4301-8528-8e8968404949,AUSOL,PILAR,2,,2,2026-01-19 07:49:23+00,838.93,838.93,2,1,0.075,7.82,7.97,7.89,B,CONFIRMADO,PICO,false,true,2026-08-26 12:21:48.801202+00
f3aed68d-da29-4670-ba8f-3b9dd0dd32a5,dc7dad0c-adda-4a56-a1f4-2ec87c19c356,0b7cbd41-72c5-4337-9ba6-e06f13494d13,AUSOL,DEBENEDETTI,6,,6,2026-01-19 08:34:56+00,3355.72,3355.72,1,1,0,8.57,8.57,8.57,B,CONFIRMADO,PICO,false,true,2026-08-26 12:21:48.801202+00
02d413df-dc89-43c7-9795-4a0b5414ff5a,dc7dad0c-adda-4a56-a1f4-2ec87c19c356,66c17ba7-d34e-4301-8528-8e8968404949,AUSOL,PILAR,7,,7,2026-01-19 08:55:11+00,4194.65,4194.65,1,1,0,8.92,8.92,8.92,B,CONFIRMADO,PICO,false,true,2026-08-26 12:21:48.801202+00
5cb0da77-0672-479d-8949-80f4afa971ae,dc7dad0c-adda-4a56-a1f4-2ec87c19c356,25bfd059-2663-4836-9fc4-c4bd56ece4dc,AUSOL,CAMPANA,2,,2,2026-01-19 10:57:00+00,3355.72,3355.72,1,1,0,10.95,10.95,10.95,B,CONFIRMADO,PICO,false,true,2026-08-26 15:20:55.621034+00
7023975a-1bfc-43e3-b961-42ce98f44c91,c2ee6a1d-9484-4e6e-ac7e-2830069094a6,fedb68d2-4eef-4460-9dfd-ccbd5edf0ebf,CORREDORES VIALES SA,SANTA ANA - RN 12 - Km 1375 - SANTA ANA - MISIONES,,3,3,2026-01-19 11:52:40+00,3775.13,3775.13,2,1,1.9,10.07,13.87,11.97,A,CONFIRMADO,NO_PICO,false,true,2026-08-28 19:24:26.705819+00
4991e7b1-f178-4c15-ad90-318a15ed3c0b,4c3fcfe9-84f5-4b57-8875-25145b949a93,50c7ae33-9660-48fc-a2e5-86a752d8c0cf,AUTOPISTA DEL OESTE,GRAL.RODRIGUEZ,6,,6,2026-01-19 12:16:40+00,2796.36,2796.36,1,1,0,12.27,12.27,12.27,B,CONFIRMADO,NO_PICO,false,true,2026-08-25 20:09:54.609441+00
f413127d-6d64-453d-bb51-651762acffbd,cc292b0a-f901-4db7-b099-52144e36a1a9,2af2f8e5-fec2-44c0-8e3e-a72a481b551e,Autovía del Mercosur,Piedritas,5,,5,2026-01-19 13:23:32+00,5202.35,5202.35,4,1,5.5256,8.45,23.22,14.15,B,CONFIRMADO,NO_PICO,false,true,2026-08-25 20:52:35.697348+00
61c2b03b-d61b-4803-95d9-940e804fed6f,dc7dad0c-adda-4a56-a1f4-2ec87c19c356,83bf0b9a-6f74-4052-8d17-f40cf21ffe83,AUSOL,RUTA 197,2,,2,2026-01-19 16:06:47+00,838.93,838.93,2,1,0.0667,16.1,16.23,16.17,B,CONFIRMADO,PICO,false,true,2026-08-26 12:21:48.801202+00
ffa685cd-f730-4d2d-a349-22bedcb0c4e6,ab449656-bebf-4cb2-bbb3-6221403e1c7b,4afa5df3-640a-49e7-96c7-8dfb9790afc5,AUBASA,MAIPU,5,,5,2026-01-20 01:29:25+00,27856.49,27856.49,1,1,0,1.48,1.48,1.48,B,CONFIRMADO,NO_PICO,false,true,2026-08-26 12:34:00.682081+00
35b296d0-51d4-488d-9b2e-efa3a7ecfeea,dc7dad0c-adda-4a56-a1f4-2ec87c19c356,6111cae9-a416-4014-bcb3-8cccb83436f7,AUSOL,PILAR DECALADA,2,,2,2026-01-20 07:56:48+00,838.93,838.93,2,1,0.0917,7.93,8.12,8.03,B,CONFIRMADO,PICO,false,true,2026-08-26 12:21:48.801202+00
a4520ff4-9e24-46e9-80d8-89a6fcf476b8,ab449656-bebf-4cb2-bbb3-6221403e1c7b,67486ca3-6e88-49a8-b628-7f41e946da5a,AUBASA,DOCK SUD,2,,2,2026-01-20 13:33:31+00,2122.92,2122.92,4,1,2.6754,5.9,12.4,9,B,CONFIRMADO,NO_PICO,false,true,2026-08-26 12:34:00.682081+00
70296752-ef5d-4535-a1fc-c0abd6d0e685,fcf50348-fe3d-48db-934f-13e0af1e0e74,e98ce678-0d1d-4a44-8b08-d5ee7a42e93f,AUSA,REMEDIOS,2,,2,2026-01-20 14:03:43+00,2765.3,2765.3,1,1,0,14.05,14.05,14.05,B,CONFIRMADO,NO_PICO,false,true,2026-08-26 15:01:59.216864+00
377d3dcd-9e6d-4e9d-af30-23c4a7b3bfa9,fcf50348-fe3d-48db-934f-13e0af1e0e74,97c7bba9-bc15-4492-af59-e1e56050d17c,AUSA,DELLEPIANE I,2,,2,2026-01-20 14:19:17+00,2765.3,2765.3,1,1,0,14.32,14.32,14.32,B,CONFIRMADO,NO_PICO,false,true,2026-08-26 15:01:59.216864+00
eba1bce1-baa0-4668-9560-071c548b0811,c4d1ffb5-7363-4291-84be-9da3665f002a,f57115a3-138f-486b-a2a0-731f88032e7f,UNIDAD EJECUTORA (SANTA FE),ACCESO SAUCE VIEJO,6,,6,2026-01-20 15:51:42+00,7000,7000,2,1,1.175,15.85,18.2,17.03,B,CONFIRMADO,NO_PICO,false,true,2026-08-25 20:38:04.007912+00
55ee976c-d89c-4b05-ac62-2c7bae9bb02d,c2ee6a1d-9484-4e6e-ac7e-2830069094a6,525be66f-7699-44c3-b372-e037d432b938,CORREDORES VIALES SA,FRANCK - RUTA 19 KM 20,,5,5,2026-01-20 18:31:16+00,6291.88,6291.88,1,1,0,22.4,22.4,22.4,A,CONFIRMADO,NO_PICO,false,true,2026-08-28 19:24:32.791247+00
4a4d00ea-c878-4c8e-9374-e9a4e6736d95,c2ee6a1d-9484-4e6e-ac7e-2830069094a6,525be66f-7699-44c3-b372-e037d432b938,CORREDORES VIALES SA,FRANCK - RUTA 19 KM 20,,4,4,2026-01-21 10:59:52+00,5100,5100,1,1,0,10.98,10.98,10.98,A,CONFIRMADO,NO_PICO,false,true,2026-08-28 19:41:05.167367+00
75790668-df72-40e4-a6ff-7161c0a6da72,c2ee6a1d-9484-4e6e-ac7e-2830069094a6,f12f9dcd-073e-4d55-b72b-9ea09a59251d,CORREDORES VIALES SA,HINOJO - RUTA 226 KM. 276,,4,4,2026-01-21 13:12:19+00,5033.5,5033.5,3,1,3.7792,13.03,21.08,15.74,A,CONFIRMADO,NO_PICO,false,true,2026-08-28 19:24:38.706076+00
0944d7ae-596f-4555-bb20-ee34d06eab0e,c2ee6a1d-9484-4e6e-ac7e-2830069094a6,525be66f-7699-44c3-b372-e037d432b938,CORREDORES VIALES SA,FRANCK - RUTA 19 KM 20,,4,4,2026-01-21 15:22:57+00,5033.5,5033.5,1,1,0,15.37,15.37,15.37,A,CONFIRMADO,NO_PICO,false,true,2026-08-28 19:41:05.167367+00
54e0ec8f-cdf6-4d03-94ad-7927f3488fe9,dc7dad0c-adda-4a56-a1f4-2ec87c19c356,6111cae9-a416-4014-bcb3-8cccb83436f7,AUSOL,PILAR DECALADA,2,,2,2026-01-21 15:24:35+00,699.09,699.09,1,1,0,15.4,15.4,15.4,B,CONFIRMADO,NO_PICO,false,true,2026-08-26 12:21:48.801202+00
21d8c7ae-603b-4a66-9eff-35403f1dd937,c2ee6a1d-9484-4e6e-ac7e-2830069094a6,fcd9575a-30c1-4fe7-8d71-af6d141192c3,CORREDORES VIALES SA,9 DE JULIO - RUTA 5 KM 244,,2,2,2026-01-21 19:22:10+00,2516.75,2516.75,1,1,0,19.37,19.37,19.37,A,CONFIRMADO,NO_PICO,false,true,2026-08-28 19:41:03.617091+00
c04b6663-70e4-450c-a4e2-3f8e1506870a,c2ee6a1d-9484-4e6e-ac7e-2830069094a6,7ebccf05-b9e6-44ca-836c-54ac91ecc213,CORREDORES VIALES SA,OLIVERA - RUTA 5 KM. 86,,2,2,2026-01-21 21:34:36+00,2516.75,2516.75,2,1,1.9667,7.95,11.88,9.92,A,CONFIRMADO,NO_PICO,false,true,2026-08-28 19:24:15.016662+00
126a277c-32f5-4018-b813-6f730ff65638,fcf50348-fe3d-48db-934f-13e0af1e0e74,97c7bba9-bc15-4492-af59-e1e56050d17c,AUSA,DELLEPIANE I,4,,4,2026-01-22 13:46:05+00,4378.25,4378.25,2,1,0.1167,13.53,13.77,13.65,B,CONFIRMADO,NO_PICO,false,true,2026-08-26 12:14:07.683714+00
2414556a-86e4-47c3-825b-86893b1507b7,dc7dad0c-adda-4a56-a1f4-2ec87c19c356,f20aa7b2-3149-461d-81d9-e9f2c73065a1,AUSOL,TIGRE,2,,2,2026-01-22 15:23:42+00,699.09,699.09,2,1,0.025,15.38,15.43,15.41,B,CONFIRMADO,NO_PICO,false,true,2026-08-26 12:21:48.801202+00
0fea0c5c-f64c-43d6-9da6-2008a066c1bd,ab449656-bebf-4cb2-bbb3-6221403e1c7b,3f32d96b-e51f-4e5e-a473-be7bcc3de5e9,AUBASA,HUDSON,2,,2,2026-01-23 06:12:24+00,2122.92,2122.92,1,1,0,6.2,6.2,6.2,B,CONFIRMADO,NO_PICO,false,true,2026-08-26 12:34:00.682081+00
047c6b21-d4bf-479f-aeb4-2db2a21e1469,c2ee6a1d-9484-4e6e-ac7e-2830069094a6,1eeb3df0-0f50-4497-9937-2108b235a266,CORREDORES VIALES SA,TRISTAN SUAREZ,2,,2,2026-01-23 15:27:22+00,1006.7,1006.7,3,1,3.5482,13.67,21.53,18.67,B,CONFIRMADO,NO_PICO,false,true,2026-08-25 20:29:08.302381+00
c5459b26-54f8-427e-b611-15e97453fc0e,dc7dad0c-adda-4a56-a1f4-2ec87c19c356,83bf0b9a-6f74-4052-8d17-f40cf21ffe83,AUSOL,RUTA 197,2,,2,2026-01-23 15:59:48+00,699.09,699.09,1,1,0,15.98,15.98,15.98,B,CONFIRMADO,NO_PICO,false,true,2026-08-26 12:21:48.801202+00
9e283221-0922-4e83-b965-d484f99d8694,fcf50348-fe3d-48db-934f-13e0af1e0e74,97c7bba9-bc15-4492-af59-e1e56050d17c,AUSA,DELLEPIANE I,6,,6,2026-01-24 12:31:07+00,21430.33,21430.33,1,1,0,12.52,12.52,12.52,B,CONFIRMADO,PICO,false,true,2026-08-26 12:14:07.683714+00
c9ab89bc-b317-4ec7-b3f4-50c1cc0b5067,4c3fcfe9-84f5-4b57-8875-25145b949a93,5a1618dd-9e67-49df-8c43-8d239c834955,AUTOPISTA DEL OESTE,LUJAN,2,,2,2026-01-24 13:32:24+00,838.93,838.93,3,1,2.0267,13.53,18.2,16.36,B,CONFIRMADO,NO_PICO,false,true,2026-08-25 20:09:54.609441+00
a2be7c28-1b3f-4fe2-bdc8-43e5eb101944,c2ee6a1d-9484-4e6e-ac7e-2830069094a6,f7159ff3-ca5e-409b-9f36-0c41844b81ba,CORREDORES VIALES SA,MONTE GRANDE,2,,2,2026-01-25 14:39:28+00,1006.7,1006.7,2,1,3.8583,6.93,14.65,10.79,B,CONFIRMADO,NO_PICO,false,true,2026-08-25 20:29:08.302381+00
ba20b1c1-654a-43e3-8356-89f5c320263b,4c3fcfe9-84f5-4b57-8875-25145b949a93,3a02f51a-e7ee-4c2a-b7c2-a33aec133eec,AUTOPISTA DEL OESTE,QUINTANA,6,,6,2026-01-26 08:38:23+00,3355.72,3355.72,1,1,0,8.63,8.63,8.63,B,CONFIRMADO,PICO,false,true,2026-08-25 20:09:54.609441+00
ce23d3aa-401b-455e-82c0-b40f6a6572cb,ab449656-bebf-4cb2-bbb3-6221403e1c7b,a12baa34-7a45-4612-aa4d-d3752637e68f,AUBASA,BERAZATEGUI,6,,6,2026-01-27 05:57:09+00,7430.2,7430.2,1,1,0,5.95,5.95,5.95,B,CONFIRMADO,NO_PICO,false,true,2026-08-26 12:34:00.682081+00
2c4885e6-ff7e-4fe5-884e-1b7d7eb169bf,ab449656-bebf-4cb2-bbb3-6221403e1c7b,a12baa34-7a45-4612-aa4d-d3752637e68f,AUBASA,BERAZATEGUI,6,,6,2026-01-27 06:02:02+00,18044.79,18044.79,1,1,0,6.03,6.03,6.03,B,CONFIRMADO,NO_PICO,false,true,2026-08-26 12:34:00.682081+00
f8b373cf-e399-447f-a616-3ac66921f118,dc7dad0c-adda-4a56-a1f4-2ec87c19c356,f20aa7b2-3149-461d-81d9-e9f2c73065a1,AUSOL,TIGRE,2,,2,2026-01-27 07:55:50+00,838.93,838.93,1,1,0,7.92,7.92,7.92,B,CONFIRMADO,PICO,false,true,2026-08-26 15:20:55.621034+00
3432e95f-ed1f-48ac-b516-f045a6ae3d63,fcf50348-fe3d-48db-934f-13e0af1e0e74,7995c334-d4fb-4374-93a8-47d9e2a423d1,AUSA,DELLEPIANE II,8,,8,2026-01-27 08:18:41+00,27191.24,27191.24,1,1,0,8.3,8.3,8.3,B,CONFIRMADO,PICO,false,true,2026-08-26 12:14:07.683714+00
755a3283-73bf-41c4-992e-df00200f4289,4c3fcfe9-84f5-4b57-8875-25145b949a93,9421660a-addd-4c22-93fa-8bcb3da80684,AUTOPISTA DEL OESTE,J.J.CASTRO,6,,6,2026-01-27 12:19:29+00,2796.36,2796.36,1,1,0,12.32,12.32,12.32,B,CONFIRMADO,NO_PICO,false,true,2026-08-25 20:09:54.609441+00
7a69d306-c7e7-4d5a-8a33-19b82c925c8d,dc7dad0c-adda-4a56-a1f4-2ec87c19c356,39daec48-071c-4703-9e97-ad3aec2a46fb,AUSOL,BELGRANO,2,,2,2026-01-28 03:38:31+00,699.09,699.09,1,1,0,3.63,3.63,3.63,B,CONFIRMADO,NO_PICO,false,true,2026-08-26 12:21:48.801202+00
197b167b-9e9f-44e3-bd71-59a549434caf,4c3fcfe9-84f5-4b57-8875-25145b949a93,4795860a-18b5-47b0-a1e1-5149cae53db2,AUTOPISTA DEL OESTE,VERGARA,2,,2,2026-01-28 03:55:39+00,699.09,699.09,1,1,0,3.92,3.92,3.92,B,CONFIRMADO,NO_PICO,false,true,2026-08-25 20:09:54.609441+00
eee8169a-3bb4-465f-a17a-50702a600b58,ab449656-bebf-4cb2-bbb3-6221403e1c7b,2ab8b3e2-a9ab-4577-b9c4-81a68c594edc,AUBASA,BERNAL,6,,6,2026-01-28 08:27:03+00,9287.73,9287.73,1,1,0,8.45,8.45,8.45,B,CONFIRMADO,PICO,false,true,2026-08-26 12:34:00.682081+00
b55c0336-bb40-4f97-b573-16dba205514e,4c3fcfe9-84f5-4b57-8875-25145b949a93,ce3ce0ac-8b57-4fc2-8a1e-3a1fc3428a4a,AUTOPISTA DEL OESTE,DEL RODEO,7,,7,2026-01-28 10:14:37+00,4194.65,4194.65,1,1,0,10.23,10.23,10.23,B,CONFIRMADO,PICO,false,true,2026-08-25 20:09:54.609441+00
0729aeeb-02b3-420a-a391-6ed535aee009,c2ee6a1d-9484-4e6e-ac7e-2830069094a6,6550fae4-8b98-41e9-9ba1-2a1556b867c6,CORREDORES VIALES SA,DEVOTO - RUTA 19 KM 142,,5,5,2026-01-28 20:07:37+00,6291.88,6291.88,2,1,6.2333,7.65,20.12,13.88,A,CONFIRMADO,NO_PICO,false,true,2026-08-28 19:24:32.791247+00
8b7ce215-56e3-43ea-9079-4e8435067efc,4c3fcfe9-84f5-4b57-8875-25145b949a93,2e7bc698-efec-44c7-86bf-81dd35a71c87,AUTOPISTA DEL OESTE,POSADAS,2,,2,2026-01-29 19:06:43+00,838.93,838.93,1,1,0,19.1,19.1,19.1,B,CONFIRMADO,NO_PICO,false,true,2026-08-25 20:09:54.609441+00
2647134b-bf92-4133-b531-1e5eb82f84e3,c2ee6a1d-9484-4e6e-ac7e-2830069094a6,b44d7fcd-45e7-4066-aecd-b2c4785e9683,CORREDORES VIALES SA,PUENTE GRAL. BELGRANO - RN 16 - Km 5.00 - BARRANQUERAS - CHACO,,5,5,2026-01-29 19:24:28+00,6291.88,6291.88,6,1,4.75,8.78,20.23,15.29,A,CONFIRMADO,NO_PICO,false,true,2026-08-28 19:24:26.705819+00
4256a5c4-550d-430b-9770-410ddd7772b9,4c3fcfe9-84f5-4b57-8875-25145b949a93,7b84ab42-0ec6-4302-bdb1-714601bc2f49,AUTOPISTA DEL OESTE,MALVINAS,6,,6,2026-01-29 20:49:49+00,2796.36,2796.36,1,1,0,20.82,20.82,20.82,B,CONFIRMADO,NO_PICO,false,true,2026-08-25 20:09:54.609441+00
a3e24d4a-5aa7-4f97-bc60-5d1c971363bf,c2ee6a1d-9484-4e6e-ac7e-2830069094a6,4ae9b6d9-03e0-4af0-a23b-35e1522f8275,CORREDORES VIALES SA,SAMPACHO - RUTA 8 KM 655,,5,5,2026-01-29 22:58:37+00,6291.88,6291.88,1,1,0,22.97,22.97,22.97,A,CONFIRMADO,NO_PICO,false,true,2026-08-28 19:24:20.883993+00
7c5e2698-4e73-4469-af1f-59b92e5ad775,c2ee6a1d-9484-4e6e-ac7e-2830069094a6,f8b42b67-f5a9-4bcc-9eef-8d1dc040515a,CORREDORES VIALES SA,ITUZAINGO - RN 12 - Km 1262 - ITUZINGÓ - CORRIENTES,,5,5,2026-01-30 07:06:01+00,6291.88,6291.88,6,1,5.605,1,17.92,10.34,A,CONFIRMADO,NO_PICO,false,true,2026-08-28 19:24:26.705819+00
ba8530c7-de3b-4f73-aeb2-e9c9d5219b9d,dc7dad0c-adda-4a56-a1f4-2ec87c19c356,39daec48-071c-4703-9e97-ad3aec2a46fb,AUSOL,BELGRANO,7,,7,2026-01-30 12:06:49+00,3495.45,3495.45,1,1,0,12.1,12.1,12.1,B,CONFIRMADO,NO_PICO,false,true,2026-08-26 12:21:48.801202+00
96f1b288-bc77-498e-aec9-0abc33c4c992,4c3fcfe9-84f5-4b57-8875-25145b949a93,5c930215-cdd3-4c78-8df9-2e7ee9d9ec67,AUTOPISTA DEL OESTE,ITUZAINGÓ,3,,3,2026-01-30 15:33:34+00,1398.18,1398.18,1,1,0,15.55,15.55,15.55,B,CONFIRMADO,NO_PICO,false,true,2026-08-25 20:09:54.609441+00
a67e6eeb-2220-4ed9-b388-bc85d213f659,4c3fcfe9-84f5-4b57-8875-25145b949a93,0e80099b-3d4a-49f0-ada4-f819e6975ae3,AUTOPISTA DEL OESTE,MARTIN FIERRO,3,,3,2026-01-30 15:38:41+00,1398.18,1398.18,1,1,0,15.63,15.63,15.63,B,CONFIRMADO,NO_PICO,false,true,2026-08-25 20:09:54.609441+00
bcbf9e42-c1b2-4084-8883-d43366f147cb,4c3fcfe9-84f5-4b57-8875-25145b949a93,5a1618dd-9e67-49df-8c43-8d239c834955,AUTOPISTA DEL OESTE,LUJAN,3,,3,2026-01-30 15:58:59+00,1398.18,1398.18,1,1,0,15.97,15.97,15.97,B,CONFIRMADO,NO_PICO,false,true,2026-08-25 20:09:54.609441+00
3373977a-b58c-46c2-859d-5f8c41ebd2b1,4c3fcfe9-84f5-4b57-8875-25145b949a93,2e7bc698-efec-44c7-86bf-81dd35a71c87,AUTOPISTA DEL OESTE,POSADAS,6,,6,2026-01-30 18:36:46+00,3355.72,3355.72,1,1,0,18.6,18.6,18.6,B,CONFIRMADO,PICO,false,true,2026-08-25 20:09:54.609441+00
dee7e0a4-342c-46c4-916f-686a84e06782,fcf50348-fe3d-48db-934f-13e0af1e0e74,5446946e-152a-4640-af51-d8eff269d0f3,AUSA,ILLIA II,9,,9,2026-02-01 01:58:43+00,5071.53,5071.53,29,1,6.9311,0.17,23.48,11.68,B,CONFIRMADO,NO_PICO,true,true,2026-08-26 12:10:49.411635+00
b478e475-da3f-424b-a010-88c1ca7c9103,fcf50348-fe3d-48db-934f-13e0af1e0e74,83ded803-cdec-40ac-8e06-16940f9b1a83,AUSA,PASEO DEL BAJO,9,,9,2026-02-01 02:05:41+00,8336.02,8336.02,42,1,6.6218,0.22,23.37,12.47,B,CONFIRMADO,NO_PICO,true,true,2026-08-26 12:10:49.411635+00
91cde080-b056-4104-9605-8aac02106a33,fcf50348-fe3d-48db-934f-13e0af1e0e74,7995c334-d4fb-4374-93a8-47d9e2a423d1,AUSA,DELLEPIANE II,2,,2,2026-02-01 07:15:49+00,2898.03,2898.03,1,1,0,7.25,7.25,7.25,B,CONFIRMADO,NO_PICO,false,true,2026-08-26 12:13:26.513482+00
911850f0-3560-4a32-bcc3-ecfa3273ecb8,fcf50348-fe3d-48db-934f-13e0af1e0e74,83ded803-cdec-40ac-8e06-16940f9b1a83,AUSA,PASEO DEL BAJO,2,,2,2026-02-01 07:27:43+00,6412.25,6412.25,1,1,0,7.45,7.45,7.45,B,CONFIRMADO,NO_PICO,false,true,2026-08-26 12:13:26.513482+00
51b853b7-20f3-4800-be41-f8732f459fff,fcf50348-fe3d-48db-934f-13e0af1e0e74,5446946e-152a-4640-af51-d8eff269d0f3,AUSA,ILLIA II,2,,2,2026-02-01 07:34:36+00,1207.39,1207.39,4,1,2.6398,12.3,19.15,14.7,B,CONFIRMADO,NO_PICO,false,true,2026-08-26 12:11:55.846118+00
aba1846e-b9b3-4515-bf6f-0d86e8a145b6,fcf50348-fe3d-48db-934f-13e0af1e0e74,e98ce678-0d1d-4a44-8b08-d5ee7a42e93f,AUSA,REMEDIOS,9,,9,2026-02-01 11:18:10+00,28496.41,28496.41,7,1,3.6107,9.82,19.37,15.69,B,CONFIRMADO,PICO,false,true,2026-08-26 12:10:49.411635+00
c96badec-91e9-4489-90e7-edd03bfa339f,fcf50348-fe3d-48db-934f-13e0af1e0e74,e98ce678-0d1d-4a44-8b08-d5ee7a42e93f,AUSA,REMEDIOS,9,,9,2026-02-01 13:27:52+00,12799.42,12799.42,20,1,6.5272,0.17,22.3,13.3,B,CONFIRMADO,NO_PICO,true,true,2026-08-26 12:10:49.411635+00
12a25b36-5f2c-41da-936c-c37622def746,fcf50348-fe3d-48db-934f-13e0af1e0e74,5446946e-152a-4640-af51-d8eff269d0f3,AUSA,ILLIA II,9,,9,2026-02-01 13:47:15+00,14248.27,14248.27,8,1,4.5715,7,19.25,14.6,B,CONFIRMADO,PICO,false,true,2026-08-26 12:10:49.411635+00
eb52bed1-a451-4a23-8a27-11815b0b953d,fcf50348-fe3d-48db-934f-13e0af1e0e74,83ded803-cdec-40ac-8e06-16940f9b1a83,AUSA,PASEO DEL BAJO,7,,7,2026-02-01 14:42:09+00,8336.02,8336.02,21,1,7.4636,0,22.98,12.78,B,CONFIRMADO,NO_PICO,true,true,2026-08-26 12:10:49.411635+00
33de65e6-e638-4348-9007-068e1882697e,fcf50348-fe3d-48db-934f-13e0af1e0e74,7995c334-d4fb-4374-93a8-47d9e2a423d1,AUSA,DELLEPIANE II,9,,9,2026-02-01 14:53:37+00,12799.42,12799.42,4,1,7.3255,6.15,23.82,15.87,B,CONFIRMADO,NO_PICO,false,true,2026-08-26 12:10:49.411635+00
c86b9a58-7901-49df-89ce-243b296ce061,fcf50348-fe3d-48db-934f-13e0af1e0e74,5446946e-152a-4640-af51-d8eff269d0f3,AUSA,ILLIA II,7,,7,2026-02-01 22:37:42+00,5071.53,5071.53,15,1,8.2386,0.83,23.88,13.26,B,CONFIRMADO,NO_PICO,true,true,2026-08-26 12:10:49.411635+00
a91ae04d-58e3-43f6-a896-a6c4fca92074,fcf50348-fe3d-48db-934f-13e0af1e0e74,7995c334-d4fb-4374-93a8-47d9e2a423d1,AUSA,DELLEPIANE II,7,,7,2026-02-01 22:54:28+00,12799.42,12799.42,8,1,5.3501,3.85,21.63,10.5,B,CONFIRMADO,NO_PICO,false,true,2026-08-26 12:10:49.411635+00
6e6715cd-8279-4b01-8908-cdb3bf9cb75b,fcf50348-fe3d-48db-934f-13e0af1e0e74,5446946e-152a-4640-af51-d8eff269d0f3,AUSA,ILLIA II,8,,8,2026-02-02 06:45:12+00,5071.53,5071.53,1,1,0,11.4,11.4,11.4,B,CONFIRMADO,NO_PICO,false,true,2026-08-26 12:10:49.411635+00
9f522a42-6261-4824-a756-52b08fd1087f,fcf50348-fe3d-48db-934f-13e0af1e0e74,83ded803-cdec-40ac-8e06-16940f9b1a83,AUSA,PASEO DEL BAJO,8,,8,2026-02-02 06:52:11+00,8336.02,8336.02,3,1,3.1064,10.6,17.6,13.24,B,CONFIRMADO,NO_PICO,false,true,2026-08-26 12:10:49.411635+00
79799ae0-8351-4ede-92d7-751feb5b2cad,fcf50348-fe3d-48db-934f-13e0af1e0e74,97c7bba9-bc15-4492-af59-e1e56050d17c,AUSA,DELLEPIANE I,8,,8,2026-02-02 07:04:17+00,28496.41,28496.41,2,1,4.1167,10.57,18.8,14.68,B,CONFIRMADO,PICO,false,true,2026-08-26 12:11:55.846118+00
dfdb0977-cda5-463b-b1f7-bec070fb9f62,4c3fcfe9-84f5-4b57-8875-25145b949a93,15260fb1-970a-4f77-95a5-61715666f7ea,AUTOPISTA DEL OESTE,DOLORES PRATS,6,,6,2026-02-02 08:48:47+00,3355.72,3355.72,1,1,0,8.8,8.8,8.8,B,CONFIRMADO,PICO,false,true,2026-08-25 20:11:59.24102+00
db47b830-6ff1-4a0d-b006-de29da7a5d4f,fcf50348-fe3d-48db-934f-13e0af1e0e74,e98ce678-0d1d-4a44-8b08-d5ee7a42e93f,AUSA,REMEDIOS,7,,7,2026-02-02 12:15:51+00,12799.42,12799.42,8,1,3.2927,5.68,15.58,11.15,B,CONFIRMADO,NO_PICO,false,true,2026-08-26 12:10:49.411635+00
9cb808b7-3581-4b99-b0a2-7a497f1dedd7,4c3fcfe9-84f5-4b57-8875-25145b949a93,15260fb1-970a-4f77-95a5-61715666f7ea,AUTOPISTA DEL OESTE,DOLORES PRATS,6,,6,2026-02-02 14:21:45+00,2796.36,2796.36,1,1,0,14.35,14.35,14.35,B,CONFIRMADO,NO_PICO,false,true,2026-08-25 20:11:59.24102+00
ccd15171-a031-48d6-90dc-741716e1dd4e,fcf50348-fe3d-48db-934f-13e0af1e0e74,97c7bba9-bc15-4492-af59-e1e56050d17c,AUSA,DELLEPIANE I,8,,8,2026-02-02 15:31:49+00,12799.42,12799.42,1,1,0,15.95,15.95,15.95,B,CONFIRMADO,NO_PICO,false,true,2026-08-26 12:10:49.411635+00
d1d914e1-054c-4745-a18f-5cf76e100ce4,fcf50348-fe3d-48db-934f-13e0af1e0e74,97c7bba9-bc15-4492-af59-e1e56050d17c,AUSA,DELLEPIANE I,9,,9,2026-02-02 18:02:21+00,28496.41,28496.41,2,1,0.5,18.97,19.97,19.47,B,CONFIRMADO,PICO,false,true,2026-08-26 12:10:49.411635+00
4e69717f-946a-401e-9631-8a11a87c0e20,fcf50348-fe3d-48db-934f-13e0af1e0e74,5446946e-152a-4640-af51-d8eff269d0f3,AUSA,ILLIA II,7,,7,2026-02-02 18:11:15+00,14248.27,14248.27,6,1,3.4387,10.78,19.1,15.49,B,CONFIRMADO,PICO,false,true,2026-08-26 12:10:49.411635+00
9f9b2084-b914-4973-b1e2-33f69bfb7292,fcf50348-fe3d-48db-934f-13e0af1e0e74,97c7bba9-bc15-4492-af59-e1e56050d17c,AUSA,DELLEPIANE I,7,,7,2026-02-02 18:30:25+00,28496.41,28496.41,1,1,0,10.87,10.87,10.87,B,CONFIRMADO,PICO,false,true,2026-08-26 12:10:49.411635+00
1133630c-f154-4867-9178-3358630ca0f3,fcf50348-fe3d-48db-934f-13e0af1e0e74,97c7bba9-bc15-4492-af59-e1e56050d17c,AUSA,DELLEPIANE I,9,,9,2026-02-02 20:07:42+00,12799.42,12799.42,1,1,0,20.23,20.23,20.23,B,CONFIRMADO,NO_PICO,false,true,2026-08-26 12:10:49.411635+00
2022b530-89af-407f-b2fa-5106c26a2af8,fcf50348-fe3d-48db-934f-13e0af1e0e74,e98ce678-0d1d-4a44-8b08-d5ee7a42e93f,AUSA,REMEDIOS,8,,8,2026-02-03 05:47:50+00,12799.42,12799.42,3,1,1.4326,11.45,14.78,12.8,B,CONFIRMADO,NO_PICO,false,true,2026-08-26 12:10:49.411635+00
1b7f2c11-94bc-47b3-ae82-40801e433627,fcf50348-fe3d-48db-934f-13e0af1e0e74,7995c334-d4fb-4374-93a8-47d9e2a423d1,AUSA,DELLEPIANE II,9,,9,2026-02-03 07:36:18+00,28496.41,28496.41,2,1,0.0917,17.13,17.32,17.23,B,CONFIRMADO,PICO,false,true,2026-08-26 12:10:49.411635+00
8ba4c170-4ea7-4ab2-9aab-ff8a2e74b85c,dc7dad0c-adda-4a56-a1f4-2ec87c19c356,25bfd059-2663-4836-9fc4-c4bd56ece4dc,AUSOL,CAMPANA,3,,3,2026-02-03 10:06:31+00,1677.86,1677.86,2,1,1.0917,7.97,10.15,9.06,B,CONFIRMADO,PICO,false,true,2026-08-26 12:23:20.395391+00
651392f9-c87e-49cf-b2a8-edcb78d14c74,c2ee6a1d-9484-4e6e-ac7e-2830069094a6,6550fae4-8b98-41e9-9ba1-2a1556b867c6,CORREDORES VIALES SA,DEVOTO - RUTA 19 KM 142,,4,4,2026-02-03 11:26:49+00,5100,5100,1,1,0,11.43,11.43,11.43,A,CONFIRMADO,NO_PICO,false,true,2026-08-28 19:24:32.791247+00
e094d5c7-4564-4d57-9d6a-6162dbb002c9,fcf50348-fe3d-48db-934f-13e0af1e0e74,e98ce678-0d1d-4a44-8b08-d5ee7a42e93f,AUSA,REMEDIOS,4,,4,2026-02-03 14:31:02+00,4588.4,4588.4,2,1,0.675,14.52,15.87,15.19,B,CONFIRMADO,NO_PICO,false,true,2026-08-26 12:13:26.513482+00
8201f973-73d1-4107-a82f-6f0d88740fed,4c3fcfe9-84f5-4b57-8875-25145b949a93,ce3ce0ac-8b57-4fc2-8a1e-3a1fc3428a4a,AUTOPISTA DEL OESTE,DEL RODEO,3,,3,2026-02-03 14:34:50+00,1398.18,1398.18,1,1,0,14.57,14.57,14.57,B,CONFIRMADO,NO_PICO,false,true,2026-08-25 20:11:59.24102+00
9d4f5800-f875-4dca-b453-dab0be29d2ca,4c3fcfe9-84f5-4b57-8875-25145b949a93,322a177d-b623-473e-aa89-c5c7cc3df5cc,AUTOPISTA DEL OESTE,REPUBLICA,6,,6,2026-02-03 14:39:10+00,2796.36,2796.36,1,1,0,14.65,14.65,14.65,B,CONFIRMADO,NO_PICO,false,true,2026-08-25 20:11:59.24102+00
8cdfcf93-adec-48a7-bd84-0cc21f78c4f9,dc7dad0c-adda-4a56-a1f4-2ec87c19c356,25bfd059-2663-4836-9fc4-c4bd56ece4dc,AUSOL,CAMPANA,2,,2,2026-02-03 15:14:57+00,3495.45,3495.45,1,1,0,15.23,15.23,15.23,B,CONFIRMADO,PICO,false,true,2026-08-26 15:39:41.09286+00
02ede6b1-c988-4370-b8be-28a988bef18e,4c3fcfe9-84f5-4b57-8875-25145b949a93,2e7bc698-efec-44c7-86bf-81dd35a71c87,AUTOPISTA DEL OESTE,POSADAS,6,,6,2026-02-03 15:43:06+00,2796.36,2796.36,1,1,0,15.72,15.72,15.72,B,CONFIRMADO,NO_PICO,false,true,2026-08-25 20:11:59.24102+00
4e51eeeb-1bc3-45bd-8e1f-51b6e3567e57,4c3fcfe9-84f5-4b57-8875-25145b949a93,50c7ae33-9660-48fc-a2e5-86a752d8c0cf,AUTOPISTA DEL OESTE,GRAL.RODRIGUEZ,7,,7,2026-02-03 17:51:10+00,4194.65,4194.65,2,1,0.2417,17.85,18.33,18.09,B,CONFIRMADO,PICO,false,true,2026-08-25 20:11:59.24102+00
aefeeff2-5a84-4118-ae27-8a300692240b,fcf50348-fe3d-48db-934f-13e0af1e0e74,97c7bba9-bc15-4492-af59-e1e56050d17c,AUSA,DELLEPIANE I,7,,7,2026-02-04 02:49:53+00,12799.42,12799.42,7,1,8.0877,0.22,20.78,12.28,B,CONFIRMADO,NO_PICO,false,true,2026-08-26 12:10:49.411635+00
be59828e-ff38-4ae8-a35f-93c148ceb0aa,fcf50348-fe3d-48db-934f-13e0af1e0e74,5446946e-152a-4640-af51-d8eff269d0f3,AUSA,ILLIA II,8,,8,2026-02-04 07:57:54+00,14248.27,14248.27,2,1,3.4917,10.72,17.7,14.21,B,CONFIRMADO,PICO,false,true,2026-08-26 12:10:49.411635+00
abfbb238-4cb2-4c0c-905f-9bc23bbc387d,fcf50348-fe3d-48db-934f-13e0af1e0e74,e98ce678-0d1d-4a44-8b08-d5ee7a42e93f,AUSA,REMEDIOS,7,,7,2026-02-04 10:58:13+00,28496.41,28496.41,2,1,0.1833,17.02,17.38,17.2,B,CONFIRMADO,PICO,false,true,2026-08-26 12:10:49.411635+00
c08eddd1-1f5e-49a1-86ce-b3dd242ddf2b,c2ee6a1d-9484-4e6e-ac7e-2830069094a6,b44d7fcd-45e7-4066-aecd-b2c4785e9683,CORREDORES VIALES SA,PUENTE GRAL. BELGRANO - RN 16 - Km 5.00 - BARRANQUERAS - CHACO,,,4,2026-02-04 14:03:08+00,5033.5,5033.5,4,1,1.4749,12.12,15.7,13.52,A,CONFIRMADO,NO_PICO,false,true,2026-08-28 19:24:26.705819+00
b3a6e3d0-dea0-4823-95a9-cf8720f102da,c2ee6a1d-9484-4e6e-ac7e-2830069094a6,4ade3013-aa9f-4fab-a1fc-33f4966766ab,CORREDORES VIALES SA,JUNIN (R7) - RUTA 7 KM. 272,,5,5,2026-02-05 20:19:10+00,6291.88,6291.88,3,1,1.0156,17.92,20.32,19.31,A,CONFIRMADO,NO_PICO,false,true,2026-08-28 19:24:09.082855+00
451809eb-6d5b-459c-82da-1dadf05fe8fe,c2ee6a1d-9484-4e6e-ac7e-2830069094a6,c5dd1ce4-ed50-4a20-ad4f-22bfb5965c1a,CORREDORES VIALES SA,TRENQUE LAUQUEN - RUTA 5 KM 429,,3,3,2026-02-06 12:55:30+00,3775.13,3775.13,1,1,0,12.92,12.92,12.92,A,CONFIRMADO,NO_PICO,false,true,2026-08-28 19:24:15.016662+00
b7c01ff9-fcbb-44e2-abcf-f7f46903b3d9,c2ee6a1d-9484-4e6e-ac7e-2830069094a6,fcd9575a-30c1-4fe7-8d71-af6d141192c3,CORREDORES VIALES SA,9 DE JULIO - RUTA 5 KM 244,,3,3,2026-02-06 15:30:19+00,3775.13,3775.13,1,1,0,15.5,15.5,15.5,A,CONFIRMADO,NO_PICO,false,true,2026-08-28 19:24:15.016662+00
9c751801-b284-4f58-8a90-8888bdc8d4d4,c2ee6a1d-9484-4e6e-ac7e-2830069094a6,7ebccf05-b9e6-44ca-836c-54ac91ecc213,CORREDORES VIALES SA,OLIVERA - RUTA 5 KM. 86,,,3,2026-02-06 17:36:34+00,3775.13,3775.13,1,1,0,17.6,17.6,17.6,A,CONFIRMADO,NO_PICO,false,true,2026-08-28 19:24:15.016662+00
88448c65-6527-4548-9f50-052805dbcfbe,4c3fcfe9-84f5-4b57-8875-25145b949a93,7b84ab42-0ec6-4302-bdb1-714601bc2f49,AUTOPISTA DEL OESTE,MALVINAS,6,,6,2026-02-06 19:03:36+00,3355.72,3355.72,1,1,0,19.05,19.05,19.05,B,CONFIRMADO,PICO,false,true,2026-08-25 20:11:59.24102+00
436711ff-4a7e-4610-80da-7920d778b9e6,dc7dad0c-adda-4a56-a1f4-2ec87c19c356,53da2019-2e8d-499d-adc6-073fb79c3a95,AUSOL,BUEN AYRE,7,,7,2026-02-07 07:16:28+00,3495.45,3495.45,1,1,0,7.27,7.27,7.27,B,CONFIRMADO,NO_PICO,false,true,2026-08-26 12:47:56.233757+00
6ea62912-9093-4286-badf-4c25df92fa67,fcf50348-fe3d-48db-934f-13e0af1e0e74,5446946e-152a-4640-af51-d8eff269d0f3,AUSA,ILLIA II,4,,4,2026-02-09 11:13:19+00,2173.42,2173.42,2,1,2.2,11.22,15.62,13.42,B,CONFIRMADO,NO_PICO,false,true,2026-08-26 12:12:56.008876+00
0d1a5351-bf2b-43bf-8664-b45c6e755aec,fcf50348-fe3d-48db-934f-13e0af1e0e74,83ded803-cdec-40ac-8e06-16940f9b1a83,AUSA,PASEO DEL BAJO,4,,4,2026-02-09 11:19:44+00,6412.25,6412.25,4,1,2.9,7.53,15.5,11.05,B,CONFIRMADO,NO_PICO,false,true,2026-08-26 12:12:56.008876+00
08b67bf2-fd82-4114-8b3d-9e322e82f29d,fcf50348-fe3d-48db-934f-13e0af1e0e74,7995c334-d4fb-4374-93a8-47d9e2a423d1,AUSA,DELLEPIANE II,8,,8,2026-02-09 15:10:59+00,12799.42,12799.42,3,1,8.0846,6.72,23.87,18.15,B,CONFIRMADO,NO_PICO,false,true,2026-08-26 12:11:55.846118+00
da95834c-247c-49d0-ba85-7353bd281856,fcf50348-fe3d-48db-934f-13e0af1e0e74,5446946e-152a-4640-af51-d8eff269d0f3,AUSA,ILLIA II,2,,2,2026-02-09 16:03:43+00,1707.43,1707.43,2,1,1.0083,7.17,9.18,8.18,B,CONFIRMADO,PICO,false,true,2026-08-26 12:10:49.411635+00
403e2dc7-52b4-4499-8117-4c5455fdd80b,dc7dad0c-adda-4a56-a1f4-2ec87c19c356,6111cae9-a416-4014-bcb3-8cccb83436f7,AUSOL,PILAR DECALADA,7,,7,2026-02-09 16:08:34+00,4194.65,4194.65,1,1,0,16.13,16.13,16.13,B,CONFIRMADO,PICO,false,true,2026-08-26 12:47:56.233757+00
a12f8eb4-a700-4ed0-baf6-73518eee4707,cc292b0a-f901-4db7-b099-52144e36a1a9,8e7341e6-0c5a-442c-9452-cca8f776a436,Autovía del Mercosur,Colonia,3,,3,2026-02-10 07:39:39+00,3773.75,3773.75,2,1,1.775,7.65,11.2,9.43,B,CONFIRMADO,NO_PICO,false,true,2026-08-25 20:49:15.706056+00
aa992868-7efb-47aa-9b37-9938048709cd,fcf50348-fe3d-48db-934f-13e0af1e0e74,7995c334-d4fb-4374-93a8-47d9e2a423d1,AUSA,DELLEPIANE II,7,,7,2026-02-10 10:25:30+00,28496.41,28496.41,5,1,4.5834,7.43,18.62,12.67,B,CONFIRMADO,PICO,false,true,2026-08-26 12:12:56.008876+00
6905d677-cfdb-4a9b-8954-9306a6aed9bf,4c3fcfe9-84f5-4b57-8875-25145b949a93,4795860a-18b5-47b0-a1e1-5149cae53db2,AUTOPISTA DEL OESTE,VERGARA,7,,7,2026-02-11 07:50:56+00,4194.65,4194.65,1,1,0,7.83,7.83,7.83,B,CONFIRMADO,PICO,false,true,2026-08-25 20:11:59.24102+00
0bc2f910-4db4-4fd2-801f-333b372fe9f0,dc7dad0c-adda-4a56-a1f4-2ec87c19c356,66c17ba7-d34e-4301-8528-8e8968404949,AUSOL,PILAR,2,,2,2026-02-11 13:34:33+00,699.09,699.09,1,1,0,13.57,13.57,13.57,B,CONFIRMADO,NO_PICO,false,true,2026-08-26 15:39:41.09286+00
724f2fdd-b0e1-49f9-a6dd-14821afe2717,ab449656-bebf-4cb2-bbb3-6221403e1c7b,bd4d72fc-71cb-4d0e-a43f-6d6bb2ad1e6e,AUBASA,GUTIERREZ,6,,6,2026-02-11 17:30:37+00,13268.23,13268.23,1,1,0,9.92,9.92,9.92,B,CONFIRMADO,NO_PICO,false,true,2026-08-26 12:35:11.700505+00
ec9e3bdc-d9c7-4391-a76d-7a36a09fecdf,fcf50348-fe3d-48db-934f-13e0af1e0e74,7995c334-d4fb-4374-93a8-47d9e2a423d1,AUSA,DELLEPIANE II,8,,8,2026-02-13 07:00:30+00,28496.41,28496.41,2,1,5.175,7.07,17.42,12.24,B,CONFIRMADO,PICO,false,true,2026-08-26 12:10:49.411635+00
79c6fd20-ab8b-4928-bfb5-2c717bcc7a5f,fcf50348-fe3d-48db-934f-13e0af1e0e74,e98ce678-0d1d-4a44-8b08-d5ee7a42e93f,AUSA,REMEDIOS,8,,8,2026-02-13 10:52:50+00,28496.41,28496.41,3,1,3.2104,10.28,18.08,13.89,B,CONFIRMADO,PICO,false,true,2026-08-26 12:10:49.411635+00
96cc91d0-7cca-42c7-b055-5a38503e9025,4c3fcfe9-84f5-4b57-8875-25145b949a93,0e80099b-3d4a-49f0-ada4-f819e6975ae3,AUTOPISTA DEL OESTE,MARTIN FIERRO,6,,6,2026-02-13 17:32:58+00,3355.72,3355.72,1,1,0,17.53,17.53,17.53,B,CONFIRMADO,PICO,false,true,2026-08-25 20:11:59.24102+00
61236db9-7626-4917-9561-0c5a6126fc42,4c3fcfe9-84f5-4b57-8875-25145b949a93,4795860a-18b5-47b0-a1e1-5149cae53db2,AUTOPISTA DEL OESTE,VERGARA,6,,6,2026-02-18 10:59:30+00,3355.72,3355.72,1,1,0,10.98,10.98,10.98,B,CONFIRMADO,PICO,false,true,2026-08-25 20:12:43.787568+00
86e31925-f94c-49a8-a8eb-ff188fb0622d,fcf50348-fe3d-48db-934f-13e0af1e0e74,97c7bba9-bc15-4492-af59-e1e56050d17c,AUSA,DELLEPIANE I,2,,2,2026-02-18 21:07:00+00,2898.03,2898.03,1,1,0,21.12,21.12,21.12,B,CONFIRMADO,NO_PICO,false,true,2026-08-26 12:11:55.846118+00
5e34cfcf-d66e-427a-b7cf-15cb195498b1,4c3fcfe9-84f5-4b57-8875-25145b949a93,d212694e-7a62-4392-a905-03f756a9e961,AUTOPISTA DEL OESTE,BARCALA,6,,6,2026-02-20 07:07:57+00,3355.72,3355.72,1,1,0,7.12,7.12,7.12,B,CONFIRMADO,PICO,false,true,2026-08-25 20:12:43.787568+00
529ecf92-16da-426c-a628-1365232a21c6,dc7dad0c-adda-4a56-a1f4-2ec87c19c356,0b7cbd41-72c5-4337-9ba6-e06f13494d13,AUSOL,DEBENEDETTI,2,,2,2026-02-21 13:36:17+00,838.93,838.93,1,1,0,13.6,13.6,13.6,B,CONFIRMADO,PICO,false,true,2026-08-26 12:23:20.395391+00
c9540c0e-1717-4d85-a306-2ca75ab5901b,c2ee6a1d-9484-4e6e-ac7e-2830069094a6,1eeb3df0-0f50-4497-9937-2108b235a266,CORREDORES VIALES SA,TRISTAN SUAREZ,3,,3,2026-02-23 10:06:18+00,2516.75,2516.75,1,1,0,10.1,10.1,10.1,B,CONFIRMADO,PICO,false,true,2026-08-25 20:29:08.302381+00
b9e8abfe-923b-47db-bda0-444e859d17fa,3eee4c95-e7f4-40f3-b028-b43166229f3b,ae89e1e6-6a2a-472a-aa0e-d40480107d2a,CONEXION ALTO DELTA S.A.,"ISLA LA DESEADA - RUTA 174 KM 5,2 (Pte. Rosario-Victoria)",,5,5,2026-02-23 10:06:38+00,4116.81,4116.81,1,1,0,10.1,10.1,10.1,A,CONFIRMADO,NO_PICO,false,true,2026-08-28 19:40:55.707907+00
d23f5ee4-bca8-4e83-be49-b70bec8293b2,4c3fcfe9-84f5-4b57-8875-25145b949a93,9421660a-addd-4c22-93fa-8bcb3da80684,AUTOPISTA DEL OESTE,J.J.CASTRO,7,,7,2026-02-23 10:28:13+00,4194.65,4194.65,1,1,0,10.47,10.47,10.47,B,CONFIRMADO,PICO,false,true,2026-08-25 20:12:43.787568+00
5495d5a6-fded-452b-80e2-fdd0d8d7a573,fcf50348-fe3d-48db-934f-13e0af1e0e74,e98ce678-0d1d-4a44-8b08-d5ee7a42e93f,AUSA,REMEDIOS,2,,2,2026-02-24 12:53:01+00,2898.03,2898.03,1,1,0,11.73,11.73,11.73,B,CONFIRMADO,NO_PICO,false,true,2026-08-26 12:10:49.411635+00
87311a71-da57-43eb-b3c3-97581e6dae85,dc7dad0c-adda-4a56-a1f4-2ec87c19c356,66f9702e-3498-4cca-b3b9-c70a587011b4,AUSOL,CAMPANA DECALADA,3,,3,2026-02-24 13:19:04+00,1398.18,1398.18,1,1,0,13.32,13.32,13.32,B,CONFIRMADO,NO_PICO,false,true,2026-08-26 12:23:20.395391+00
096e851f-05d2-4953-b37d-5dcce2fac536,fcf50348-fe3d-48db-934f-13e0af1e0e74,b6649fde-3788-4677-b79c-4f3c57a7f2d3,AUSA,SARMIENTO,2,,2,2026-02-24 13:44:33+00,1207.39,1207.39,1,1,0,13.73,13.73,13.73,B,CONFIRMADO,NO_PICO,false,true,2026-08-26 14:57:13.395886+00
56dea2e9-0d97-43a1-8cb4-271c64f2d816,4c3fcfe9-84f5-4b57-8875-25145b949a93,5a1618dd-9e67-49df-8c43-8d239c834955,AUTOPISTA DEL OESTE,LUJAN,3,,3,2026-02-25 09:20:08+00,1677.86,1677.86,1,1,0,9.33,9.33,9.33,B,CONFIRMADO,PICO,false,true,2026-08-25 20:12:43.787568+00
24386190-641c-4919-9c7c-e4e29a595ff6,c2ee6a1d-9484-4e6e-ac7e-2830069094a6,4ade3013-aa9f-4fab-a1fc-33f4966766ab,CORREDORES VIALES SA,JUNIN (R7) - RUTA 7 KM. 272,,4,4,2026-02-25 12:13:16+00,5033.5,5033.5,1,1,0,12.22,12.22,12.22,A,CONFIRMADO,NO_PICO,false,true,2026-08-28 19:40:29.12742+00
b474e07c-347f-44d6-a393-73cee1ffe4c6,c2ee6a1d-9484-4e6e-ac7e-2830069094a6,e5cce2bb-fb8e-4712-bd38-9419a2abbfd9,CORREDORES VIALES SA,ZARATE - RUTA 9 KM. 95,,5,5,2026-02-26 00:37:17+00,7500,1500,189,5,7.2501,0.17,23.95,12.29,A,CONFIRMADO,NO_PICO,true,true,2026-08-13 12:07:42.428603+00
5805112d-815e-40cc-a82d-2d28b3defbe1,c2ee6a1d-9484-4e6e-ac7e-2830069094a6,c5dd1ce4-ed50-4a20-ad4f-22bfb5965c1a,CORREDORES VIALES SA,TRENQUE LAUQUEN - RUTA 5 KM 429,,5,5,2026-02-26 00:43:31+00,7500,6000,2,1.25,0.6083,21.58,22.8,22.19,A,CONFIRMADO,NO_PICO,false,true,2026-08-13 12:07:42.428603+00
763f0ae7-82bf-49e5-b1cd-3b81125177c7,c2ee6a1d-9484-4e6e-ac7e-2830069094a6,be8c67bc-4740-4bdd-b12d-c2dafa2061b0,CORREDORES VIALES SA,RICCHIERI,6,,6,2026-02-26 03:28:18+00,5200,5200,8,1,3.8976,5.2,19.03,11.14,B,CONFIRMADO,NO_PICO,false,true,2026-08-13 12:07:42.428603+00
38c38031-d1d0-478f-b112-2e3d42a41dd4,c2ee6a1d-9484-4e6e-ac7e-2830069094a6,75a8dcca-f065-4e8d-aab0-4272061cbd2a,CORREDORES VIALES SA,LAGOS - RUTA 9 KM. 272,,4,4,2026-02-26 06:02:54+00,6000,1500,112,4,5.9847,0.25,23.42,12.76,A,CONFIRMADO,NO_PICO,true,true,2026-08-13 12:07:42.428603+00
d1cdbc53-5405-4d4f-96c1-ee8aba679de0,c2ee6a1d-9484-4e6e-ac7e-2830069094a6,e5cce2bb-fb8e-4712-bd38-9419a2abbfd9,CORREDORES VIALES SA,ZARATE - RUTA 9 KM. 95,,4,4,2026-02-26 06:30:40+00,6000,1500,355,4,5.9855,0.7,23.97,13.59,A,CONFIRMADO,NO_PICO,true,true,2026-08-13 12:07:42.428603+00
4a338779-6599-4232-81b8-43cb6d58547d,c2ee6a1d-9484-4e6e-ac7e-2830069094a6,a2facb41-ca0e-482a-ae67-e3422ab7ef9b,CORREDORES VIALES SA,JAMES CRAIK - AUTOVIA ROSARIO - CORDOBA KM. 595,,5,5,2026-02-26 07:06:40+00,7500,4500,13,1.6667,4.3041,7.12,21.48,16.44,A,CONFIRMADO,NO_PICO,false,true,2026-08-13 12:07:42.428603+00
0538b7ba-34ce-4646-997e-6c92628974d6,c2ee6a1d-9484-4e6e-ac7e-2830069094a6,1587ab7e-997c-4235-9b75-3984c40b32c9,CORREDORES VIALES SA,CARCARAÑA - AUTOVIA ROSARIO - CORDOBA KM. 356,,4,4,2026-02-26 07:09:43+00,6000,3000,38,2,6.6404,0.77,23.87,12.67,A,CONFIRMADO,NO_PICO,true,true,2026-08-13 12:07:42.428603+00
9466b0d1-c0a0-40db-9a46-c305fd1e0650,c2ee6a1d-9484-4e6e-ac7e-2830069094a6,e5cce2bb-fb8e-4712-bd38-9419a2abbfd9,CORREDORES VIALES SA,ZARATE - RUTA 9 KM. 95,,2,2,2026-02-26 07:36:56+00,3000,1500,20,2,4.7368,3.1,22,15.22,A,CONFIRMADO,NO_PICO,true,true,2026-08-13 12:07:42.428603+00
38dfe434-5f60-48b7-a013-819da186b606,c2ee6a1d-9484-4e6e-ac7e-2830069094a6,29d6ac9c-eabc-4e66-a83f-c1fb800607fb,CORREDORES VIALES SA,COLONIA VICTORIA - RN 12 - Km 1551 - C. VICTORIA - MISIONES,,4,4,2026-02-26 07:47:12+00,4500,3000,17,1.5,6.7009,0.97,22.65,12.76,A,CONFIRMADO,NO_PICO,true,true,2026-08-13 12:07:42.428603+00
d7bb2ec4-b48a-4e25-bc81-1c8c4c598d2b,c2ee6a1d-9484-4e6e-ac7e-2830069094a6,fcd9575a-30c1-4fe7-8d71-af6d141192c3,CORREDORES VIALES SA,9 DE JULIO - RUTA 5 KM 244,,4,4,2026-02-26 09:09:53+00,6000,6000,2,1,1.575,19.53,22.68,21.11,A,CONFIRMADO,NO_PICO,false,true,2026-08-13 12:07:42.428603+00
3b1fd255-9421-4492-931a-897b7720c455,c2ee6a1d-9484-4e6e-ac7e-2830069094a6,e5cce2bb-fb8e-4712-bd38-9419a2abbfd9,CORREDORES VIALES SA,ZARATE - RUTA 9 KM. 95,,3,3,2026-02-26 09:23:29+00,4500,1500,35,3,6.3467,0.3,23.12,14.23,A,CONFIRMADO,NO_PICO,true,true,2026-08-13 12:07:42.428603+00
bf402120-1cb5-4799-95fb-27092295135d,c2ee6a1d-9484-4e6e-ac7e-2830069094a6,1587ab7e-997c-4235-9b75-3984c40b32c9,CORREDORES VIALES SA,CARCARAÑA - AUTOVIA ROSARIO - CORDOBA KM. 356,,5,5,2026-02-26 09:24:15+00,7500,3000,21,2.5,4.502,7.87,23.57,16.33,A,CONFIRMADO,NO_PICO,true,true,2026-08-13 12:07:42.428603+00
faabffdd-acca-4d8c-a2eb-0d4877718f84,c2ee6a1d-9484-4e6e-ac7e-2830069094a6,e5cce2bb-fb8e-4712-bd38-9419a2abbfd9,CORREDORES VIALES SA,ZARATE - RUTA 9 KM. 95,,1,1,2026-02-26 09:25:59+00,1500,1500,89,1,7.024,0.75,23.33,13.43,A,CONFIRMADO,NO_PICO,true,true,2026-08-13 12:07:42.428603+00
8ed8becd-4dc9-4706-81e0-86d7921820bb,c2ee6a1d-9484-4e6e-ac7e-2830069094a6,a826d372-7f15-4be8-a56c-33834ccb2097,CORREDORES VIALES SA,LARENA - RUTA 8 KM 65,,2,2,2026-02-26 09:29:02+00,3000,3000,1,1,0,9.48,9.48,9.48,A,CONFIRMADO,NO_PICO,false,true,2026-08-28 19:40:18.85733+00
b88f2a52-7f67-4609-a082-0e3bc1e464b7,c2ee6a1d-9484-4e6e-ac7e-2830069094a6,6c9f4d18-b834-45d5-b10c-7ca4d573cd30,CORREDORES VIALES SA,SOLIS - RUTA 8 KM 102,,4,4,2026-02-26 10:05:15+00,6000,3000,18,2,4.2052,4.8,22.25,15.59,A,CONFIRMADO,NO_PICO,true,true,2026-08-13 12:07:42.428603+00
87a51e86-3d8a-4caf-91be-1e4bf24b041a,c2ee6a1d-9484-4e6e-ac7e-2830069094a6,f7159ff3-ca5e-409b-9f36-0c41844b81ba,CORREDORES VIALES SA,MONTE GRANDE,7,,7,2026-02-26 11:03:39+00,6500,6500,6,1,6.9089,0.37,21.03,8.99,B,CONFIRMADO,NO_PICO,false,true,2026-08-20 19:16:26.650279+00
160f12d0-03af-4f27-acbf-615eec794c74,c2ee6a1d-9484-4e6e-ac7e-2830069094a6,7ebccf05-b9e6-44ca-836c-54ac91ecc213,CORREDORES VIALES SA,OLIVERA - RUTA 5 KM. 86,,4,4,2026-02-26 11:16:34+00,6000,1500,3,4,2.0495,15.52,20.48,17.79,A,CONFIRMADO,NO_PICO,false,true,2026-08-13 12:07:42.428603+00
34470eac-3910-4e84-ab6f-db177c624a08,c2ee6a1d-9484-4e6e-ac7e-2830069094a6,be8c67bc-4740-4bdd-b12d-c2dafa2061b0,CORREDORES VIALES SA,RICCHIERI,7,,7,2026-02-26 11:19:17+00,6500,6500,8,1,4.3718,3.6,15.9,11.24,B,CONFIRMADO,NO_PICO,false,true,2026-08-13 12:07:42.428603+00
e4cd82d9-06b5-485e-a98d-f60634cc55aa,c2ee6a1d-9484-4e6e-ac7e-2830069094a6,75a8dcca-f065-4e8d-aab0-4272061cbd2a,CORREDORES VIALES SA,LAGOS - RUTA 9 KM. 272,,5,5,2026-02-26 11:41:45+00,7500,1500,56,5,5.3076,0.48,23.2,13.68,A,CONFIRMADO,NO_PICO,true,true,2026-08-13 12:07:42.428603+00
fabb5778-16e9-428d-8331-a6f2e9cd7973,c2ee6a1d-9484-4e6e-ac7e-2830069094a6,fedb68d2-4eef-4460-9dfd-ccbd5edf0ebf,CORREDORES VIALES SA,SANTA ANA - RN 12 - Km 1375 - SANTA ANA - MISIONES,,5,5,2026-02-26 16:51:54+00,7500,4500,21,1.6667,4.0621,6.67,21.93,13.95,A,CONFIRMADO,NO_PICO,true,true,2026-08-13 12:07:42.428603+00
dafa66e7-f9c4-4955-9186-171f0d1897e6,c2ee6a1d-9484-4e6e-ac7e-2830069094a6,c5dd1ce4-ed50-4a20-ad4f-22bfb5965c1a,CORREDORES VIALES SA,TRENQUE LAUQUEN - RUTA 5 KM 429,,4,4,2026-02-26 17:04:33+00,6000,6000,1,1,0,22.8,22.8,22.8,A,CONFIRMADO,NO_PICO,false,true,2026-08-13 12:07:42.428603+00
cc1d8fa7-1d58-4c03-8145-38fa3ab9baa2,c2ee6a1d-9484-4e6e-ac7e-2830069094a6,4ade3013-aa9f-4fab-a1fc-33f4966766ab,CORREDORES VIALES SA,JUNIN (R7) - RUTA 7 KM. 272,,5,5,2026-02-27 03:52:09+00,7500,4500,7,1.6667,6.2341,6.45,23.63,16.8,A,CONFIRMADO,NO_PICO,false,true,2026-08-13 12:07:42.428603+00
57b70a5a-134a-48c2-9b24-a472a20493a6,c2ee6a1d-9484-4e6e-ac7e-2830069094a6,1eeb3df0-0f50-4497-9937-2108b235a266,CORREDORES VIALES SA,TRISTAN SUAREZ,7,,7,2026-02-27 06:41:59+00,6500,6500,7,1,5.8076,1.1,21.53,13.28,B,CONFIRMADO,NO_PICO,false,true,2026-08-13 12:07:42.428603+00
2ce269a4-293c-48d6-929a-b4555f34c511,c2ee6a1d-9484-4e6e-ac7e-2830069094a6,90bc37bf-9737-4bf1-ae98-291c452b71ad,CORREDORES VIALES SA,VILLA ESPIL - RUTA 7 KM. 88,,5,5,2026-02-27 06:42:06+00,7500,3000,14,2.5,6.9822,0.52,21.75,11.81,A,CONFIRMADO,NO_PICO,false,true,2026-08-13 12:07:42.428603+00
362a4661-d90e-4ca9-b747-59ffd1201291,c2ee6a1d-9484-4e6e-ac7e-2830069094a6,fedb68d2-4eef-4460-9dfd-ccbd5edf0ebf,CORREDORES VIALES SA,SANTA ANA - RN 12 - Km 1375 - SANTA ANA - MISIONES,,4,4,2026-02-27 08:40:40+00,6000,4500,10,1.3333,3.6185,9.8,21.05,14.86,A,CONFIRMADO,NO_PICO,false,true,2026-08-13 12:07:42.428603+00
6a03bc45-ae83-4f41-9073-610c89234b28,fcf50348-fe3d-48db-934f-13e0af1e0e74,e98ce678-0d1d-4a44-8b08-d5ee7a42e93f,AUSA,REMEDIOS,2,,2,2026-02-27 09:28:02+00,4106.87,4106.87,1,1,0,9.47,9.47,9.47,B,CONFIRMADO,PICO,false,true,2026-08-26 12:10:49.411635+00
9abefa78-109e-4c0f-baee-502a3740e002,c2ee6a1d-9484-4e6e-ac7e-2830069094a6,75a8dcca-f065-4e8d-aab0-4272061cbd2a,CORREDORES VIALES SA,LAGOS - RUTA 9 KM. 272,,2,2,2026-02-27 09:36:08+00,3000,1500,5,2,2.3716,14.18,19.87,16.59,A,CONFIRMADO,NO_PICO,false,true,2026-08-13 12:07:42.428603+00
584993c5-2c32-48a7-afb7-e797a6474fae,c2ee6a1d-9484-4e6e-ac7e-2830069094a6,1eeb3df0-0f50-4497-9937-2108b235a266,CORREDORES VIALES SA,TRISTAN SUAREZ,6,,6,2026-02-27 11:35:39+00,5200,5200,11,1,3.8428,5.52,20.18,13.78,B,CONFIRMADO,NO_PICO,false,true,2026-08-13 12:07:42.428603+00
dc78394f-cd7e-4c4c-a427-228495ac8a23,c2ee6a1d-9484-4e6e-ac7e-2830069094a6,c71d9e9e-143c-498f-a1a8-fd6aa7b48493,CORREDORES VIALES SA,EZEIZA,7,,7,2026-02-27 13:03:15+00,6500,6500,4,1,7.9576,3.73,21.45,13.07,B,CONFIRMADO,NO_PICO,false,true,2026-08-20 19:19:03.031467+00
b0c1a91a-ec92-47dd-80da-24a9d4a7feec,4c3fcfe9-84f5-4b57-8875-25145b949a93,0e80099b-3d4a-49f0-ada4-f819e6975ae3,AUTOPISTA DEL OESTE,MARTIN FIERRO,6,,6,2026-02-27 13:41:11+00,2796.36,2796.36,1,1,0,13.68,13.68,13.68,B,CONFIRMADO,NO_PICO,false,true,2026-08-25 20:12:43.787568+00
3b8ec0c8-03cc-4fbb-aa85-7fb1bdbdb3ce,c2ee6a1d-9484-4e6e-ac7e-2830069094a6,1eeb3df0-0f50-4497-9937-2108b235a266,CORREDORES VIALES SA,TRISTAN SUAREZ,6,,6,2026-02-27 16:43:15+00,6000,5200,5,1.1538,3.1635,10.82,18.78,14.54,B,CONFIRMADO,PICO,false,true,2026-08-13 12:07:42.428603+00
7f8b7b0c-9b9d-42e5-8a4f-357e6466bc62,c2ee6a1d-9484-4e6e-ac7e-2830069094a6,f7159ff3-ca5e-409b-9f36-0c41844b81ba,CORREDORES VIALES SA,MONTE GRANDE,7,,7,2026-02-27 16:46:21+00,7500,7500,3,1,3.1688,9.15,16.37,11.93,B,CONFIRMADO,PICO,false,true,2026-08-20 19:19:03.031467+00
bbcc73ab-7901-4da7-ac1c-771f15069e5f,c2ee6a1d-9484-4e6e-ac7e-2830069094a6,be8c67bc-4740-4bdd-b12d-c2dafa2061b0,CORREDORES VIALES SA,RICCHIERI,7,,7,2026-02-27 17:00:48+00,7500,6500,6,1.1538,1.0793,16.05,19.13,17.75,B,CONFIRMADO,PICO,false,true,2026-08-13 12:07:42.428603+00
e149578a-87be-4134-9a69-53f2c39a30b3,c2ee6a1d-9484-4e6e-ac7e-2830069094a6,a826d372-7f15-4be8-a56c-33834ccb2097,CORREDORES VIALES SA,LARENA - RUTA 8 KM 65,,5,5,2026-02-27 17:45:55+00,7500,1500,25,5,5.1242,0.23,22.08,14.49,A,CONFIRMADO,NO_PICO,true,true,2026-08-13 12:07:42.428603+00
16cc6b55-f894-44ab-a38e-486573aa9271,c2ee6a1d-9484-4e6e-ac7e-2830069094a6,fe288616-95d8-4f38-a8ec-2142e4182910,CORREDORES VIALES SA,"JUNIN - RUTA 188 KM 152,20",,5,5,2026-02-27 19:01:54+00,7500,6000,10,1.25,3.3833,0.3,14.58,9.21,A,CONFIRMADO,NO_PICO,false,true,2026-08-13 12:07:42.428603+00
78f80b89-bf8c-473d-baad-fd36b8f0ef16,c2ee6a1d-9484-4e6e-ac7e-2830069094a6,7ebccf05-b9e6-44ca-836c-54ac91ecc213,CORREDORES VIALES SA,OLIVERA - RUTA 5 KM. 86,,5,5,2026-02-27 21:31:55+00,7500,1500,2,5,1.1083,15.07,17.28,16.18,A,CONFIRMADO,NO_PICO,false,true,2026-08-13 12:07:42.428603+00
ca67e764-a33c-449d-a4c4-c132297fd061,c2ee6a1d-9484-4e6e-ac7e-2830069094a6,9c0aafd6-1697-4ea7-83c4-ce7eb8f1ed15,CORREDORES VIALES SA,URIBELARREA - RUTA 205 KM. 83,,5,5,2026-02-27 21:51:34+00,7500,7500,1,1,0,14.17,14.17,14.17,A,CONFIRMADO,NO_PICO,false,true,2026-08-13 12:07:42.428603+00
3defdf23-cb6d-42f9-8bb7-ab03a887fad4,c2ee6a1d-9484-4e6e-ac7e-2830069094a6,be8c67bc-4740-4bdd-b12d-c2dafa2061b0,CORREDORES VIALES SA,RICCHIERI,2,,2,2026-02-28 00:53:54+00,1300,1300,9,1,4.2465,4.98,20.1,13.97,B,CONFIRMADO,NO_PICO,false,true,2026-08-20 19:19:03.031467+00
b3c9d00d-880b-4030-ab62-619bf99dd31a,c2ee6a1d-9484-4e6e-ac7e-2830069094a6,fcd9575a-30c1-4fe7-8d71-af6d141192c3,CORREDORES VIALES SA,9 DE JULIO - RUTA 5 KM 244,,5,5,2026-02-28 08:18:24+00,7500,6000,2,1.25,0.4083,18.6,19.42,19.01,A,CONFIRMADO,NO_PICO,false,true,2026-08-13 12:07:42.428603+00
00d3541e-1a01-4554-82d7-106b235ac34e,c2ee6a1d-9484-4e6e-ac7e-2830069094a6,1eeb3df0-0f50-4497-9937-2108b235a266,CORREDORES VIALES SA,TRISTAN SUAREZ,7,,7,2026-02-28 11:16:34+00,7500,6500,7,1.1538,1.2429,16.1,19.48,17.83,B,CONFIRMADO,PICO,false,true,2026-08-13 12:07:42.428603+00
f5433db0-68e0-4031-86b0-368ce05089a9,c2ee6a1d-9484-4e6e-ac7e-2830069094a6,be8c67bc-4740-4bdd-b12d-c2dafa2061b0,CORREDORES VIALES SA,RICCHIERI,6,,6,2026-02-28 11:52:35+00,6000,5200,4,1.1538,4.264,10.82,19.55,15.14,B,CONFIRMADO,PICO,false,true,2026-08-13 12:07:42.428603+00
5a974dcb-47cc-4862-bcb0-e566e93d69ed,fcf50348-fe3d-48db-934f-13e0af1e0e74,e98ce678-0d1d-4a44-8b08-d5ee7a42e93f,AUSA,REMEDIOS,9,,9,2026-03-01 01:40:53+00,13426.59,13426.59,7,1,3.9967,11.47,21,14.39,B,CONFIRMADO,NO_PICO,false,true,2026-08-26 11:38:08.0724+00
29aa1c38-a871-40b8-83bd-cc279ffdf048,c2ee6a1d-9484-4e6e-ac7e-2830069094a6,29d6ac9c-eabc-4e66-a83f-c1fb800607fb,CORREDORES VIALES SA,COLONIA VICTORIA - RN 12 - Km 1551 - C. VICTORIA - MISIONES,,6,6,2026-03-01 10:40:10+00,7500,3000,33,2.5,5.5887,0.2,23.13,13.15,A,CONFIRMADO,NO_PICO,true,true,2026-08-13 12:07:42.428603+00
30def6ca-e975-4a78-8d96-0b6d44fa5d79,fcf50348-fe3d-48db-934f-13e0af1e0e74,5446946e-152a-4640-af51-d8eff269d0f3,AUSA,ILLIA II,9,,9,2026-03-01 10:41:05+00,5320.04,5320.04,41,1,6.0609,0.17,23.97,11.39,B,CONFIRMADO,NO_PICO,true,true,2026-08-26 11:38:08.0724+00
4fe13dbd-8521-46d2-857c-b9f5109be21e,fcf50348-fe3d-48db-934f-13e0af1e0e74,83ded803-cdec-40ac-8e06-16940f9b1a83,AUSA,PASEO DEL BAJO,9,,9,2026-03-01 10:43:56+00,8744.49,8744.49,61,1,5.5207,0.1,23.85,12.45,B,CONFIRMADO,NO_PICO,true,true,2026-08-26 11:38:08.0724+00
77776e94-1573-491a-8809-3a9fdb6eff93,fcf50348-fe3d-48db-934f-13e0af1e0e74,97c7bba9-bc15-4492-af59-e1e56050d17c,AUSA,DELLEPIANE I,9,,9,2026-03-01 12:57:28+00,29892.69,29892.69,3,1,0.1157,17.33,17.6,17.49,B,CONFIRMADO,PICO,false,true,2026-08-26 12:03:00.924082+00
eab9c040-27a2-4ee5-88c7-c355f2caf731,fcf50348-fe3d-48db-934f-13e0af1e0e74,5446946e-152a-4640-af51-d8eff269d0f3,AUSA,ILLIA II,7,,7,2026-03-01 13:14:26+00,5320.04,5320.04,36,1,5.8031,0.22,23.43,12.26,B,CONFIRMADO,NO_PICO,true,true,2026-08-26 11:38:08.0724+00
62456b60-a5f2-4b76-991c-1522b89c61ee,fcf50348-fe3d-48db-934f-13e0af1e0e74,83ded803-cdec-40ac-8e06-16940f9b1a83,AUSA,PASEO DEL BAJO,7,,7,2026-03-01 13:21:16+00,8744.49,8744.49,64,1,5.2833,0.1,23.78,12.51,B,CONFIRMADO,NO_PICO,true,true,2026-08-26 11:38:08.0724+00
fa69b97f-5b68-4004-a377-3619dce4a3e1,fcf50348-fe3d-48db-934f-13e0af1e0e74,97c7bba9-bc15-4492-af59-e1e56050d17c,AUSA,DELLEPIANE I,7,,7,2026-03-01 16:45:33+00,13426.59,13426.59,3,1,4.5253,0.92,11.07,4.71,B,CONFIRMADO,NO_PICO,false,true,2026-08-26 12:03:00.924082+00
3a334ec7-425a-47fd-94ff-fc621f6115bd,fcf50348-fe3d-48db-934f-13e0af1e0e74,5446946e-152a-4640-af51-d8eff269d0f3,AUSA,ILLIA II,9,,9,2026-03-01 17:22:54+00,14946.44,14946.44,18,1,3.4444,9.43,18.92,14.58,B,CONFIRMADO,PICO,true,true,2026-08-26 11:38:08.0724+00
cb596336-0b18-4bb2-b14a-1c213d7ec123,c2ee6a1d-9484-4e6e-ac7e-2830069094a6,75a8dcca-f065-4e8d-aab0-4272061cbd2a,CORREDORES VIALES SA,LAGOS - RUTA 9 KM. 272,,3,3,2026-03-01 17:41:24+00,4500,1500,3,3,5.038,8.77,20.23,15.82,A,CONFIRMADO,NO_PICO,false,true,2026-08-13 12:07:42.428603+00
e0150f1e-8b62-470d-8e61-cc2fb61dcc77,c2ee6a1d-9484-4e6e-ac7e-2830069094a6,1587ab7e-997c-4235-9b75-3984c40b32c9,CORREDORES VIALES SA,CARCARAÑA - AUTOVIA ROSARIO - CORDOBA KM. 356,,2,2,2026-03-01 18:36:09+00,3000,3000,3,1,6.3871,6.4,20.93,15.34,A,CONFIRMADO,NO_PICO,false,true,2026-08-13 12:07:42.428603+00
ddcd3046-8b51-4228-a9c4-f59b732db527,fcf50348-fe3d-48db-934f-13e0af1e0e74,e98ce678-0d1d-4a44-8b08-d5ee7a42e93f,AUSA,REMEDIOS,7,,7,2026-03-01 19:11:57+00,13426.59,13426.59,4,1,5.0622,0.82,13.03,9.56,B,CONFIRMADO,NO_PICO,false,true,2026-08-26 11:38:08.0724+00
a008b6ee-7687-421e-9984-b4757422223e,dc7dad0c-adda-4a56-a1f4-2ec87c19c356,39daec48-071c-4703-9e97-ad3aec2a46fb,AUSOL,BELGRANO,2,,2,2026-03-01 20:02:37+00,838.93,838.93,1,1,0,20.03,20.03,20.03,B,CONFIRMADO,PICO,false,true,2026-08-26 17:55:11.409007+00
28ad3448-cd58-4d77-8be3-08b2bfb182ab,fcf50348-fe3d-48db-934f-13e0af1e0e74,e98ce678-0d1d-4a44-8b08-d5ee7a42e93f,AUSA,REMEDIOS,9,,9,2026-03-01 20:53:25+00,29892.69,29892.69,5,1,2.5191,12.5,19.1,17.13,B,CONFIRMADO,PICO,false,true,2026-08-26 11:38:08.0724+00
184545d2-6d05-49ef-8e66-079237474510,fcf50348-fe3d-48db-934f-13e0af1e0e74,e98ce678-0d1d-4a44-8b08-d5ee7a42e93f,AUSA,REMEDIOS,7,,7,2026-03-01 20:53:38+00,29892.69,29892.69,3,1,3.8328,10.67,19.47,16.01,B,CONFIRMADO,PICO,false,true,2026-08-26 11:38:08.0724+00
565885ff-ef9f-44c7-b141-5921d5e3672b,c2ee6a1d-9484-4e6e-ac7e-2830069094a6,a2facb41-ca0e-482a-ae67-e3422ab7ef9b,CORREDORES VIALES SA,JAMES CRAIK - AUTOVIA ROSARIO - CORDOBA KM. 595,,2,2,2026-03-01 21:37:51+00,3000,3000,1,1,0,21.62,21.62,21.62,A,CONFIRMADO,NO_PICO,false,true,2026-08-28 19:40:13.385638+00
99dac8f7-1e7d-424d-bffb-606278cbdf34,c2ee6a1d-9484-4e6e-ac7e-2830069094a6,a2facb41-ca0e-482a-ae67-e3422ab7ef9b,CORREDORES VIALES SA,JAMES CRAIK - AUTOVIA ROSARIO - CORDOBA KM. 595,,4,4,2026-03-02 01:07:06+00,6000,4500,27,1.3333,5.148,0.85,21.83,11.63,A,CONFIRMADO,NO_PICO,true,true,2026-08-13 12:07:42.428603+00
a763d534-9182-4568-803b-11ee0ac3b503,fcf50348-fe3d-48db-934f-13e0af1e0e74,7995c334-d4fb-4374-93a8-47d9e2a423d1,AUSA,DELLEPIANE II,7,,7,2026-03-02 02:52:19+00,13426.59,13426.59,8,1,8.7731,1.32,22.8,13.65,B,CONFIRMADO,NO_PICO,false,true,2026-08-26 12:03:00.924082+00
85fd1b37-f7a3-4f07-b8b5-e30a5ba20937,fcf50348-fe3d-48db-934f-13e0af1e0e74,7995c334-d4fb-4374-93a8-47d9e2a423d1,AUSA,DELLEPIANE II,9,,9,2026-03-02 02:52:37+00,13426.59,13426.59,9,1,7.264,1.07,21.97,14.61,B,CONFIRMADO,NO_PICO,false,true,2026-08-26 12:03:00.924082+00
3b0a59f9-bc47-467e-8f77-b0f2e6afdaf9,c2ee6a1d-9484-4e6e-ac7e-2830069094a6,c71d9e9e-143c-498f-a1a8-fd6aa7b48493,CORREDORES VIALES SA,EZEIZA,6,,6,2026-03-02 05:45:06+00,5200,5200,4,1,3.6063,12.6,20.97,17.2,B,CONFIRMADO,NO_PICO,false,true,2026-08-20 19:19:03.031467+00
54918ad9-471d-4dd8-a8bc-5cfe96be88ee,c2ee6a1d-9484-4e6e-ac7e-2830069094a6,a826d372-7f15-4be8-a56c-33834ccb2097,CORREDORES VIALES SA,LARENA - RUTA 8 KM 65,,1,1,2026-03-02 07:59:11+00,1500,1500,20,1,6.4678,2.12,19.83,11.5,A,CONFIRMADO,NO_PICO,true,true,2026-08-13 12:07:42.428603+00
f7c7e6e6-ee48-4c13-b3b2-eb486ad1c395,fcf50348-fe3d-48db-934f-13e0af1e0e74,97c7bba9-bc15-4492-af59-e1e56050d17c,AUSA,DELLEPIANE I,2,,2,2026-03-02 08:53:58+00,4308.23,4308.23,1,1,0,8.88,8.88,8.88,B,CONFIRMADO,PICO,false,true,2026-08-26 14:56:16.990724+00
fe60ab48-5af5-4f0d-b482-68cd4955d1cc,fcf50348-fe3d-48db-934f-13e0af1e0e74,5446946e-152a-4640-af51-d8eff269d0f3,AUSA,ILLIA II,4,,4,2026-03-02 10:17:22+00,3293.3,3293.3,1,1,0,16.02,16.02,16.02,B,CONFIRMADO,PICO,false,true,2026-08-26 11:38:54.947837+00
caddbb11-cc5c-4b43-98c6-ab58cac59051,fcf50348-fe3d-48db-934f-13e0af1e0e74,83ded803-cdec-40ac-8e06-16940f9b1a83,AUSA,PASEO DEL BAJO,4,,4,2026-03-02 10:23:57+00,6726.45,6726.45,3,1,3.9181,13.03,22.38,17.08,B,CONFIRMADO,NO_PICO,false,true,2026-08-26 11:38:54.947837+00
014a59ce-1870-4b3f-adcf-c3213043dcf7,fcf50348-fe3d-48db-934f-13e0af1e0e74,97c7bba9-bc15-4492-af59-e1e56050d17c,AUSA,DELLEPIANE I,4,,4,2026-03-02 10:37:26+00,7093.18,7093.18,1,1,0,10.62,10.62,10.62,B,CONFIRMADO,PICO,false,true,2026-08-26 12:10:14.657562+00
3c818038-128f-4c8b-8def-83e80f254782,fcf50348-fe3d-48db-934f-13e0af1e0e74,5446946e-152a-4640-af51-d8eff269d0f3,AUSA,ILLIA II,7,,7,2026-03-02 10:40:34+00,14946.44,14946.44,22,1,3.6416,7.1,17.77,12.52,B,CONFIRMADO,PICO,true,true,2026-08-26 11:38:08.0724+00
79bc8074-57d2-448a-b700-ed06cd6d49ca,fcf50348-fe3d-48db-934f-13e0af1e0e74,7995c334-d4fb-4374-93a8-47d9e2a423d1,AUSA,DELLEPIANE II,4,,4,2026-03-02 12:18:40+00,4813.24,4813.24,1,1,0,6.88,6.88,6.88,B,CONFIRMADO,NO_PICO,false,true,2026-08-26 12:03:00.924082+00
88939960-43eb-4c50-be7c-9b76601ddc4d,fcf50348-fe3d-48db-934f-13e0af1e0e74,97c7bba9-bc15-4492-af59-e1e56050d17c,AUSA,DELLEPIANE I,9,,9,2026-03-02 13:14:52+00,13426.59,13426.59,5,1,4.5607,6.83,19.02,14.89,B,CONFIRMADO,NO_PICO,false,true,2026-08-26 12:03:00.924082+00
a18c4918-34bb-434b-9f74-4d1360a3dbde,fcf50348-fe3d-48db-934f-13e0af1e0e74,97c7bba9-bc15-4492-af59-e1e56050d17c,AUSA,DELLEPIANE I,4,,4,2026-03-02 14:16:44+00,4813.24,4813.24,1,1,0,14.27,14.27,14.27,B,CONFIRMADO,NO_PICO,false,true,2026-08-26 12:10:14.657562+00
2ffe9273-07a8-48f1-aa16-cda8bfb1efd9,fcf50348-fe3d-48db-934f-13e0af1e0e74,e98ce678-0d1d-4a44-8b08-d5ee7a42e93f,AUSA,REMEDIOS,8,,8,2026-03-02 16:19:39+00,29892.69,29892.69,1,1,0,16.72,16.72,16.72,B,CONFIRMADO,PICO,false,true,2026-08-26 11:38:54.947837+00
7040236f-17c8-40db-9d06-bbe743fedae7,fcf50348-fe3d-48db-934f-13e0af1e0e74,7995c334-d4fb-4374-93a8-47d9e2a423d1,AUSA,DELLEPIANE II,9,,9,2026-03-02 16:37:40+00,29892.69,29892.69,4,1,5.1538,7.03,19.23,13.64,B,CONFIRMADO,PICO,false,true,2026-08-26 12:03:00.924082+00
1d6c3fa0-15a4-486b-b88c-39891285ab82,fcf50348-fe3d-48db-934f-13e0af1e0e74,97c7bba9-bc15-4492-af59-e1e56050d17c,AUSA,DELLEPIANE I,7,,7,2026-03-02 17:34:11+00,29892.69,29892.69,4,1,0.9645,16.68,19.37,17.89,B,CONFIRMADO,PICO,false,true,2026-08-26 12:03:00.924082+00
781f7cd7-7a78-495b-bc32-7eabf2759873,fcf50348-fe3d-48db-934f-13e0af1e0e74,83ded803-cdec-40ac-8e06-16940f9b1a83,AUSA,PASEO DEL BAJO,8,,8,2026-03-02 17:38:02+00,8744.49,8744.49,8,1,5.2368,1.3,17.35,10.68,B,CONFIRMADO,NO_PICO,false,true,2026-08-26 11:38:08.0724+00
a8feafba-fa11-4e9a-b446-f7a86c7cf2fc,fcf50348-fe3d-48db-934f-13e0af1e0e74,97c7bba9-bc15-4492-af59-e1e56050d17c,AUSA,DELLEPIANE I,8,,8,2026-03-02 17:55:51+00,29892.69,29892.69,1,1,0,17.92,17.92,17.92,B,CONFIRMADO,PICO,false,true,2026-08-26 12:10:14.657562+00
cb9e7fb5-b561-4e46-8d31-b6270468a31d,fcf50348-fe3d-48db-934f-13e0af1e0e74,7995c334-d4fb-4374-93a8-47d9e2a423d1,AUSA,DELLEPIANE II,7,,7,2026-03-02 18:17:10+00,29892.69,29892.69,5,1,4.6963,7.08,19.05,12.76,B,CONFIRMADO,PICO,false,true,2026-08-26 12:03:00.924082+00
bb21fcf6-a158-4f09-8d75-81f358bd1a68,c2ee6a1d-9484-4e6e-ac7e-2830069094a6,a826d372-7f15-4be8-a56c-33834ccb2097,CORREDORES VIALES SA,LARENA - RUTA 8 KM 65,,4,4,2026-03-02 22:01:35+00,6000,1500,60,4,4.7318,1.68,22.07,14.25,A,CONFIRMADO,NO_PICO,true,true,2026-08-13 12:07:42.428603+00
08b92911-35c0-4f9d-b946-9c97cd6f9e7e,c2ee6a1d-9484-4e6e-ac7e-2830069094a6,752c9932-6f2d-4dca-bed6-699cbccbbbf3,CORREDORES VIALES SA,CAÑUELAS - RUTA 3 KM. 76,,4,4,2026-03-02 23:46:18+00,6000,6000,1,1,0,15.2,15.2,15.2,A,CONFIRMADO,NO_PICO,false,true,2026-08-13 12:07:42.428603+00
5c889f3a-06ae-4470-b9d3-45428d9a3ea1,fcf50348-fe3d-48db-934f-13e0af1e0e74,7995c334-d4fb-4374-93a8-47d9e2a423d1,AUSA,DELLEPIANE II,8,,8,2026-03-03 00:47:23+00,13426.59,13426.59,1,1,0,0.97,0.97,0.97,B,CONFIRMADO,NO_PICO,false,true,2026-08-26 12:03:00.924082+00
879c97e0-07af-42bc-818d-d52bcd91897e,fcf50348-fe3d-48db-934f-13e0af1e0e74,5446946e-152a-4640-af51-d8eff269d0f3,AUSA,ILLIA II,8,,8,2026-03-03 01:06:15+00,5320.04,5320.04,3,1,5.8345,1.4,15.63,8.14,B,CONFIRMADO,NO_PICO,false,true,2026-08-26 11:38:08.0724+00
320c8f02-286f-4f4f-bb2e-0d94723c0ceb,fcf50348-fe3d-48db-934f-13e0af1e0e74,5446946e-152a-4640-af51-d8eff269d0f3,AUSA,ILLIA II,4,,4,2026-03-03 05:37:14+00,2279.92,2279.92,2,1,4.7917,12.92,22.5,17.71,B,CONFIRMADO,NO_PICO,false,true,2026-08-26 11:38:54.947837+00
80f31686-f4a1-427c-9e7d-3b6caf72b441,c2ee6a1d-9484-4e6e-ac7e-2830069094a6,6c9f4d18-b834-45d5-b10c-7ca4d573cd30,CORREDORES VIALES SA,SOLIS - RUTA 8 KM 102,,5,5,2026-03-03 05:49:52+00,7500,3000,8,2.5,2.2273,11.18,18.08,14.45,A,CONFIRMADO,NO_PICO,false,true,2026-08-13 12:07:42.428603+00
c9f23f14-7757-41f1-9ba1-1c6216b35157,c2ee6a1d-9484-4e6e-ac7e-2830069094a6,fedb68d2-4eef-4460-9dfd-ccbd5edf0ebf,CORREDORES VIALES SA,SANTA ANA - RN 12 - Km 1375 - SANTA ANA - MISIONES,,3,3,2026-03-03 07:12:36+00,4500,4500,8,1,5.4394,1.67,20.82,11.73,A,CONFIRMADO,NO_PICO,false,true,2026-08-13 12:07:42.428603+00
4f385fa0-223b-40ca-951f-be20f7906843,fcf50348-fe3d-48db-934f-13e0af1e0e74,7995c334-d4fb-4374-93a8-47d9e2a423d1,AUSA,DELLEPIANE II,8,,8,2026-03-03 08:21:11+00,29892.69,29892.69,1,1,0,8.35,8.35,8.35,B,CONFIRMADO,PICO,false,true,2026-08-26 12:10:14.657562+00
acc5cfbe-691e-4068-aec7-228aa01b6693,dc7dad0c-adda-4a56-a1f4-2ec87c19c356,2b2ef8b7-2fa7-4204-bc8b-d7f286538430,AUSOL,MARQUEZ,6,,6,2026-03-03 08:36:24+00,3355.72,3355.72,1,1,0,8.6,8.6,8.6,B,CONFIRMADO,PICO,false,true,2026-08-26 17:55:11.409007+00
622edf78-8362-4611-9edb-1903b8afa6bc,fcf50348-fe3d-48db-934f-13e0af1e0e74,5446946e-152a-4640-af51-d8eff269d0f3,AUSA,ILLIA II,8,,8,2026-03-03 08:43:13+00,14946.44,14946.44,6,1,4.6915,7.57,18.85,13.57,B,CONFIRMADO,PICO,false,true,2026-08-26 11:38:08.0724+00
eaad7a70-ead9-4ead-8e8c-a225160b440d,c2ee6a1d-9484-4e6e-ac7e-2830069094a6,fe288616-95d8-4f38-a8ec-2142e4182910,CORREDORES VIALES SA,"JUNIN - RUTA 188 KM 152,20",,4,4,2026-03-03 09:12:53+00,6000,6000,9,1,3.7805,8.67,21.85,13.23,A,CONFIRMADO,NO_PICO,false,true,2026-08-13 12:07:42.428603+00
aa0dccd1-a565-47f5-9674-48f7005563b1,c2ee6a1d-9484-4e6e-ac7e-2830069094a6,90bc37bf-9737-4bf1-ae98-291c452b71ad,CORREDORES VIALES SA,VILLA ESPIL - RUTA 7 KM. 88,,4,4,2026-03-03 09:50:18+00,6000,3000,4,2,2.5268,13.9,20.17,17.75,A,CONFIRMADO,NO_PICO,false,true,2026-08-13 12:07:42.428603+00
944cdf95-dac3-4dd5-9ec3-00b8e691b356,c2ee6a1d-9484-4e6e-ac7e-2830069094a6,769093ac-a432-4c2e-b17b-30a50e00a1f7,CORREDORES VIALES SA,V. TUERTO (RN8) - RUTA 8 KM 381,,4,4,2026-03-03 10:54:21+00,6000,6000,2,1,0.9333,20.38,22.25,21.32,A,CONFIRMADO,NO_PICO,false,true,2026-08-13 12:07:42.428603+00
c13b99e1-29ef-40a2-bf09-3df48f2e8502,fcf50348-fe3d-48db-934f-13e0af1e0e74,97c7bba9-bc15-4492-af59-e1e56050d17c,AUSA,DELLEPIANE I,8,,8,2026-03-03 11:01:03+00,13426.59,13426.59,2,1,0.225,11.02,11.47,11.24,B,CONFIRMADO,NO_PICO,false,true,2026-08-26 12:10:14.657562+00
fcf7c79c-85b4-46fd-83e9-9848c99b0b0d,fcf50348-fe3d-48db-934f-13e0af1e0e74,e98ce678-0d1d-4a44-8b08-d5ee7a42e93f,AUSA,REMEDIOS,2,,2,2026-03-03 11:18:06+00,3040.04,3040.04,1,1,0,11.08,11.08,11.08,B,CONFIRMADO,NO_PICO,false,true,2026-08-26 11:38:08.0724+00
eb4ee65a-a5bd-4668-b8a6-471639f206f8,c2ee6a1d-9484-4e6e-ac7e-2830069094a6,29d6ac9c-eabc-4e66-a83f-c1fb800607fb,CORREDORES VIALES SA,COLONIA VICTORIA - RN 12 - Km 1551 - C. VICTORIA - MISIONES,,5,5,2026-03-03 11:57:41+00,6000,3000,21,2,6.0655,2.22,23.58,13.55,A,CONFIRMADO,NO_PICO,true,true,2026-08-13 12:07:42.428603+00
f6528f1e-29e1-42ba-884a-a0bb07e8e8bd,fcf50348-fe3d-48db-934f-13e0af1e0e74,5446946e-152a-4640-af51-d8eff269d0f3,AUSA,ILLIA II,2,,2,2026-03-03 11:59:33+00,1266.56,1266.56,1,1,0,11.87,11.87,11.87,B,CONFIRMADO,NO_PICO,false,true,2026-08-26 11:38:08.0724+00
3c9e459c-acb5-49b2-975c-1895b6616cf1,c2ee6a1d-9484-4e6e-ac7e-2830069094a6,4ade3013-aa9f-4fab-a1fc-33f4966766ab,CORREDORES VIALES SA,JUNIN (R7) - RUTA 7 KM. 272,,4,4,2026-03-03 12:04:44+00,6000,6000,1,1,0,12.07,12.07,12.07,A,CONFIRMADO,NO_PICO,false,true,2026-08-28 19:40:29.12742+00
6ff42a22-cbe6-44c2-84b4-2bd6ee69a1fc,fcf50348-fe3d-48db-934f-13e0af1e0e74,e98ce678-0d1d-4a44-8b08-d5ee7a42e93f,AUSA,REMEDIOS,8,,8,2026-03-03 14:03:56+00,13426.59,13426.59,2,1,6.0667,1,13.13,7.07,B,CONFIRMADO,NO_PICO,false,true,2026-08-26 11:38:08.0724+00
19583751-10ac-4c0e-986c-f8103ea2982f,c2ee6a1d-9484-4e6e-ac7e-2830069094a6,be8c67bc-4740-4bdd-b12d-c2dafa2061b0,CORREDORES VIALES SA,RICCHIERI,2,,2,2026-03-03 16:45:35+00,1500,1500,2,1,1.125,7.92,10.17,9.04,B,CONFIRMADO,PICO,false,true,2026-08-13 12:07:42.428603+00
4a7507ca-e0f0-4253-b800-4f3b141f353c,c2ee6a1d-9484-4e6e-ac7e-2830069094a6,fedb68d2-4eef-4460-9dfd-ccbd5edf0ebf,CORREDORES VIALES SA,SANTA ANA - RN 12 - Km 1375 - SANTA ANA - MISIONES,,2,2,2026-03-03 18:38:00+00,3000,3000,1,1,0,18.63,18.63,18.63,A,CONFIRMADO,NO_PICO,false,true,2026-08-28 19:40:39.982281+00
902b21e8-4703-420e-a1ac-72eb1dae4542,c2ee6a1d-9484-4e6e-ac7e-2830069094a6,752c9932-6f2d-4dca-bed6-699cbccbbbf3,CORREDORES VIALES SA,CAÑUELAS - RUTA 3 KM. 76,,5,5,2026-03-03 20:59:59+00,7500,7500,2,1,8.6917,3.6,20.98,12.29,A,CONFIRMADO,NO_PICO,false,true,2026-08-28 19:40:24.018353+00
99b48997-e1ee-4787-8352-bb0fbf92a3f2,c2ee6a1d-9484-4e6e-ac7e-2830069094a6,29d6ac9c-eabc-4e66-a83f-c1fb800607fb,CORREDORES VIALES SA,COLONIA VICTORIA - RN 12 - Km 1551 - C. VICTORIA - MISIONES,,3,3,2026-03-03 22:35:15+00,3000,3000,9,1,6.7481,0.23,20.68,10.92,A,CONFIRMADO,NO_PICO,false,true,2026-08-13 12:07:42.428603+00
52b4c92f-a717-40b0-84b8-b696147a72b8,c4d1ffb5-7363-4291-84be-9da3665f002a,14264684-28f7-40be-ab72-79e4dd0efcdf,UNIDAD EJECUTORA (SANTA FE),ALDAO,5,,5,2026-03-04 07:28:24+00,17400,17400,22,1,5.5552,1.22,22.03,13.05,B,CONFIRMADO,NO_PICO,true,true,2026-08-13 12:07:42.428603+00
7124668f-2989-4645-a0a3-001381038979,c4d1ffb5-7363-4291-84be-9da3665f002a,60014adb-62f4-4ad9-86a0-50bd36efd1e3,UNIDAD EJECUTORA (SANTA FE),TRONCAL SAUCE VIEJO,5,,5,2026-03-04 08:59:50+00,17400,17400,18,1,5.1457,4.47,23.58,13.71,B,CONFIRMADO,NO_PICO,true,true,2026-08-13 12:07:42.428603+00
03668afa-0507-48c9-8135-c194f0c502e1,c2ee6a1d-9484-4e6e-ac7e-2830069094a6,323c1857-0351-49c7-8dd3-def53d71870d,CORREDORES VIALES SA,TANDIL (VASCONIA) - RUTA 226 KM. 153,,5,5,2026-03-04 09:29:54+00,7500,7500,2,1,2.5917,9.48,14.67,12.08,A,CONFIRMADO,NO_PICO,false,true,2026-08-28 19:40:24.018353+00
c7828077-813f-4ece-827e-3302822f4498,c2ee6a1d-9484-4e6e-ac7e-2830069094a6,f12f9dcd-073e-4d55-b72b-9ea09a59251d,CORREDORES VIALES SA,HINOJO - RUTA 226 KM. 276,,5,5,2026-03-04 16:19:45+00,7500,7500,3,1,1.0144,16.32,18.77,17.66,A,CONFIRMADO,NO_PICO,false,true,2026-08-28 19:40:24.018353+00
9f0b8cd5-b81a-4cc9-b55e-93d2e6c36fe5,fcf50348-fe3d-48db-934f-13e0af1e0e74,5446946e-152a-4640-af51-d8eff269d0f3,AUSA,ILLIA II,2,,2,2026-03-04 18:00:41+00,1791.09,1791.09,2,1,0.4167,16.27,17.1,16.68,B,CONFIRMADO,PICO,false,true,2026-08-26 11:38:08.0724+00
d243e8ac-a10a-4d06-93c5-663ce155eecc,c2ee6a1d-9484-4e6e-ac7e-2830069094a6,6c9f4d18-b834-45d5-b10c-7ca4d573cd30,CORREDORES VIALES SA,SOLIS - RUTA 8 KM 102,,2,2,2026-03-04 18:25:23+00,3000,3000,7,1,2.8425,13.13,22.45,18.48,A,CONFIRMADO,NO_PICO,false,true,2026-08-13 12:07:42.428603+00
9d8619dd-6968-4bb4-aa19-d1cd4df5f535,c2ee6a1d-9484-4e6e-ac7e-2830069094a6,769093ac-a432-4c2e-b17b-30a50e00a1f7,CORREDORES VIALES SA,V. TUERTO (RN8) - RUTA 8 KM 381,,5,5,2026-03-04 23:00:19+00,7500,6000,1,1.25,0,20.92,20.92,20.92,A,CONFIRMADO,NO_PICO,false,true,2026-08-13 12:07:42.428603+00
f62ad0b4-b255-4cfa-a70f-6907583ba482,c2ee6a1d-9484-4e6e-ac7e-2830069094a6,4ae9b6d9-03e0-4af0-a23b-35e1522f8275,CORREDORES VIALES SA,SAMPACHO - RUTA 8 KM 655,,5,5,2026-03-05 03:58:59+00,7500,7500,3,1,7.0514,3.97,21.23,12.47,A,CONFIRMADO,NO_PICO,false,true,2026-08-28 19:40:18.85733+00
8f4965ba-e987-40f9-bf98-cd1c62f5c5ea,c2ee6a1d-9484-4e6e-ac7e-2830069094a6,6c9f4d18-b834-45d5-b10c-7ca4d573cd30,CORREDORES VIALES SA,SOLIS - RUTA 8 KM 102,,3,3,2026-03-05 12:22:50+00,4500,4500,1,1,0,12.37,12.37,12.37,A,CONFIRMADO,NO_PICO,false,true,2026-08-28 19:40:18.85733+00
cc2f224e-18c0-4fa5-ab66-17e47b568f44,c2ee6a1d-9484-4e6e-ac7e-2830069094a6,060b4e11-d1da-492f-a48a-81996cc63653,CORREDORES VIALES SA,RIACHUELO - RN 12 - Km 1014 - RIACHUELO - CORRIENTES,,5,5,2026-03-05 12:32:37+00,7500,7500,1,1,0,12.53,12.53,12.53,A,CONFIRMADO,NO_PICO,false,true,2026-08-28 19:40:39.982281+00
bfc21f34-0bd1-4382-aced-ce46e18d0661,c2ee6a1d-9484-4e6e-ac7e-2830069094a6,b44d7fcd-45e7-4066-aecd-b2c4785e9683,CORREDORES VIALES SA,PUENTE GRAL. BELGRANO - RN 16 - Km 5.00 - BARRANQUERAS - CHACO,,5,5,2026-03-05 13:16:07+00,7500,6000,2,1.25,1.925,10.37,14.22,12.29,A,CONFIRMADO,NO_PICO,false,true,2026-08-13 12:07:42.428603+00
a3d3d131-5953-46fa-b9d5-b89c3b961115,c2ee6a1d-9484-4e6e-ac7e-2830069094a6,be085d27-f5dd-4618-a63d-fa1730860c27,CORREDORES VIALES SA,MAKALLE - RN 16 - Km 59.80 - MAKALLÉ - CHACO,,5,5,2026-03-05 14:17:56+00,7500,6000,2,1.25,1.15,11.17,13.47,12.32,A,CONFIRMADO,NO_PICO,false,true,2026-08-13 12:07:42.428603+00
93ed392e-749c-49b5-8caa-cab5c8066ad1,c2ee6a1d-9484-4e6e-ac7e-2830069094a6,525be66f-7699-44c3-b372-e037d432b938,CORREDORES VIALES SA,FRANCK - RUTA 19 KM 20,,5,5,2026-03-05 18:34:56+00,7500,6000,6,1.25,6.7363,6.33,23.92,15.42,A,CONFIRMADO,NO_PICO,false,true,2026-08-13 12:07:42.428603+00
c2bdb43b-e139-49ff-938d-c3c16777515f,c2ee6a1d-9484-4e6e-ac7e-2830069094a6,4ae9b6d9-03e0-4af0-a23b-35e1522f8275,CORREDORES VIALES SA,SAMPACHO - RUTA 8 KM 655,,4,4,2026-03-05 23:15:38+00,6000,6000,1,1,0,14.8,14.8,14.8,A,CONFIRMADO,NO_PICO,false,true,2026-08-13 12:07:42.428603+00
550c1df9-3bc3-43c2-9148-7d81430ca371,c2ee6a1d-9484-4e6e-ac7e-2830069094a6,f7159ff3-ca5e-409b-9f36-0c41844b81ba,CORREDORES VIALES SA,MONTE GRANDE,6,,6,2026-03-06 03:11:53+00,5200,5200,1,1,0,14.15,14.15,14.15,B,CONFIRMADO,NO_PICO,false,true,2026-08-13 12:07:42.428603+00
e8148c11-9f71-4239-af6a-0c21042c6491,fcf50348-fe3d-48db-934f-13e0af1e0e74,7995c334-d4fb-4374-93a8-47d9e2a423d1,AUSA,DELLEPIANE II,6,,6,2026-03-06 05:24:05+00,9373.11,9373.11,1,1,0,5.4,5.4,5.4,B,CONFIRMADO,NO_PICO,false,true,2026-08-26 12:10:14.657562+00
998d821e-4022-48aa-a5c6-7d9b2a861cdb,c2ee6a1d-9484-4e6e-ac7e-2830069094a6,b44d7fcd-45e7-4066-aecd-b2c4785e9683,CORREDORES VIALES SA,PUENTE GRAL. BELGRANO - RN 16 - Km 5.00 - BARRANQUERAS - CHACO,,4,4,2026-03-06 09:01:53+00,6000,6000,1,1,0,5.07,5.07,5.07,A,CONFIRMADO,NO_PICO,false,true,2026-08-13 12:07:42.428603+00
d56f7a94-e995-4b42-9439-73f6aede78d6,c2ee6a1d-9484-4e6e-ac7e-2830069094a6,c71d9e9e-143c-498f-a1a8-fd6aa7b48493,CORREDORES VIALES SA,EZEIZA,7,,7,2026-03-06 10:18:03+00,7500,7500,3,1,2.3374,11.28,17,14.23,B,CONFIRMADO,PICO,false,true,2026-08-20 19:19:03.031467+00
0f3bd17e-8d06-4a01-a09a-bdd0ecc0a411,c2ee6a1d-9484-4e6e-ac7e-2830069094a6,c71d9e9e-143c-498f-a1a8-fd6aa7b48493,CORREDORES VIALES SA,EZEIZA,6,,6,2026-03-06 10:29:21+00,6000,6000,3,1,5.6177,7.07,19.47,11.54,B,CONFIRMADO,PICO,false,true,2026-08-20 19:19:03.031467+00
938ba8e4-21a6-4e77-a825-11c5257f8250,c2ee6a1d-9484-4e6e-ac7e-2830069094a6,f8b42b67-f5a9-4bcc-9eef-8d1dc040515a,CORREDORES VIALES SA,ITUZAINGO - RN 12 - Km 1262 - ITUZINGÓ - CORRIENTES,,5,5,2026-03-06 10:29:39+00,7500,6000,2,1.25,1.9,14.23,18.03,16.13,A,CONFIRMADO,NO_PICO,false,true,2026-08-13 12:07:42.428603+00
dc57763a-bf0a-4948-8656-c9002e7f3db2,c2ee6a1d-9484-4e6e-ac7e-2830069094a6,a826d372-7f15-4be8-a56c-33834ccb2097,CORREDORES VIALES SA,LARENA - RUTA 8 KM 65,,3,3,2026-03-06 12:24:35+00,4500,1500,1,3,0,17.77,17.77,17.77,A,CONFIRMADO,NO_PICO,false,true,2026-08-13 12:07:42.428603+00
47817122-765f-4068-969e-e6b60736823c,fcf50348-fe3d-48db-934f-13e0af1e0e74,97c7bba9-bc15-4492-af59-e1e56050d17c,AUSA,DELLEPIANE I,2,,2,2026-03-06 13:05:51+00,3040.04,3040.04,1,1,0,6.33,6.33,6.33,B,CONFIRMADO,NO_PICO,false,true,2026-08-26 12:03:00.924082+00
ece6ac92-6a0b-4d09-8932-58d90e30c6ae,c2ee6a1d-9484-4e6e-ac7e-2830069094a6,6550fae4-8b98-41e9-9ba1-2a1556b867c6,CORREDORES VIALES SA,DEVOTO - RUTA 19 KM 142,,4,4,2026-03-06 13:08:33+00,6000,6000,3,1,4.5241,8.23,19.28,14,A,CONFIRMADO,NO_PICO,false,true,2026-08-13 12:07:42.428603+00
01f78cb7-af42-47c8-89f1-fab57ae49312,c2ee6a1d-9484-4e6e-ac7e-2830069094a6,f8b42b67-f5a9-4bcc-9eef-8d1dc040515a,CORREDORES VIALES SA,ITUZAINGO - RN 12 - Km 1262 - ITUZINGÓ - CORRIENTES,,4,4,2026-03-06 13:09:21+00,6000,6000,1,1,0,8.8,8.8,8.8,A,CONFIRMADO,NO_PICO,false,true,2026-08-13 12:07:42.428603+00
02713418-7127-46c6-95fe-ff94613bfba0,c2ee6a1d-9484-4e6e-ac7e-2830069094a6,90bc37bf-9737-4bf1-ae98-291c452b71ad,CORREDORES VIALES SA,VILLA ESPIL - RUTA 7 KM. 88,,3,3,2026-03-06 17:52:06+00,4500,4500,1,1,0,17.87,17.87,17.87,A,CONFIRMADO,NO_PICO,false,true,2026-08-28 19:40:29.12742+00
909d784c-47e6-4fe2-91ae-2973f9ba2de3,dc7dad0c-adda-4a56-a1f4-2ec87c19c356,25bfd059-2663-4836-9fc4-c4bd56ece4dc,AUSOL,CAMPANA,7,,7,2026-03-07 00:15:16+00,4970.74,4970.74,44,1,8.516,0.27,23.75,13.06,B,CONFIRMADO,NO_PICO,true,true,2026-08-13 12:07:42.428603+00
68bd654c-126f-4ff6-b354-5346782321fc,4c3fcfe9-84f5-4b57-8875-25145b949a93,e237d146-1b29-419b-b527-41b605148a60,AUTOPISTA DEL OESTE,DERQUI,7,,7,2026-03-07 01:39:37+00,4970.74,4970.74,28,1,6.3099,2.38,23.43,12.88,B,CONFIRMADO,NO_PICO,true,true,2026-08-13 12:07:42.428603+00
a08d1daa-6eb2-440f-8e45-8e240096717a,dc7dad0c-adda-4a56-a1f4-2ec87c19c356,25bfd059-2663-4836-9fc4-c4bd56ece4dc,AUSOL,CAMPANA,2,,2,2026-03-07 02:18:55+00,994.15,994.15,40,1,6.662,0.6,22.93,11.42,B,CONFIRMADO,NO_PICO,true,true,2026-08-13 12:07:42.428603+00
02e4cde5-0e9e-42c3-b65b-f7d74fb7b56b,4c3fcfe9-84f5-4b57-8875-25145b949a93,0e80099b-3d4a-49f0-ada4-f819e6975ae3,AUTOPISTA DEL OESTE,MARTIN FIERRO,2,,2,2026-03-07 04:53:45+00,994.15,994.15,3,1,0.055,3.38,3.52,3.44,B,CONFIRMADO,NO_PICO,false,true,2026-08-20 17:58:48.491076+00
b05dee94-13a7-402e-a32d-754e857409fe,dc7dad0c-adda-4a56-a1f4-2ec87c19c356,25bfd059-2663-4836-9fc4-c4bd56ece4dc,AUSOL,CAMPANA,6,,6,2026-03-07 06:28:09+00,3976.59,3976.59,26,1,4.7611,1.5,15.83,8.28,B,CONFIRMADO,NO_PICO,true,true,2026-08-13 12:07:42.428603+00
32f69525-fbce-48aa-9819-0d592cf41159,dc7dad0c-adda-4a56-a1f4-2ec87c19c356,dea354ac-06dc-4afe-987c-fcacbe818d5d,AUSOL,RUTA 202,6,,6,2026-03-07 06:37:57+00,3976.59,3976.59,1,1,0,12.02,12.02,12.02,B,CONFIRMADO,PICO,false,true,2026-08-20 19:03:41.801967+00
13537ce3-bd64-4d52-bead-00d803ee9596,dc7dad0c-adda-4a56-a1f4-2ec87c19c356,53da2019-2e8d-499d-adc6-073fb79c3a95,AUSOL,BUEN AYRE,6,,6,2026-03-07 07:55:24+00,3976.59,3976.59,4,1,0.5603,11.22,12.7,12.08,B,CONFIRMADO,NO_PICO,false,true,2026-08-13 12:07:42.428603+00
06d1fb27-414d-492d-a37c-814f51148bd2,4c3fcfe9-84f5-4b57-8875-25145b949a93,5c930215-cdd3-4c78-8df9-2e7ee9d9ec67,AUTOPISTA DEL OESTE,ITUZAINGÓ,6,,6,2026-03-07 08:16:46+00,3976.59,3976.59,63,1,4.4762,3.1,21.93,11.83,B,CONFIRMADO,NO_PICO,true,true,2026-08-13 12:07:42.428603+00
2f80ab0a-b5a2-4650-bba2-2788d5222efa,dc7dad0c-adda-4a56-a1f4-2ec87c19c356,66f9702e-3498-4cca-b3b9-c70a587011b4,AUSOL,CAMPANA DECALADA,6,,6,2026-03-07 09:02:15+00,3976.59,3976.59,5,1,5.7616,5.82,23.7,13.85,B,CONFIRMADO,NO_PICO,false,true,2026-08-13 12:07:42.428603+00
4cd927a3-79c6-4a2a-8b73-825edae73d2b,4c3fcfe9-84f5-4b57-8875-25145b949a93,e237d146-1b29-419b-b527-41b605148a60,AUTOPISTA DEL OESTE,DERQUI,6,,6,2026-03-07 09:31:15+00,3976.59,3976.59,3,1,5.4267,2.53,15.37,9.95,B,CONFIRMADO,NO_PICO,false,true,2026-08-13 12:07:42.428603+00
145809d8-4414-4ecd-a2b8-64788307ff39,c2ee6a1d-9484-4e6e-ac7e-2830069094a6,c64522bd-b761-4024-82d3-b594750ca6f0,CORREDORES VIALES SA,93,6,,6,2026-03-07 10:44:55+00,5200,5200,1,1,0,10.73,10.73,10.73,B,CONFIRMADO,NO_PICO,false,true,2026-08-26 17:56:01.8304+00
9c4be4f0-6eb5-4d61-bed0-857c201e926e,c2ee6a1d-9484-4e6e-ac7e-2830069094a6,d85f2bae-0aa1-4128-8b9a-e9f4383d10d0,CORREDORES VIALES SA,DONOVAN,6,,6,2026-03-07 10:48:08+00,5200,5200,1,1,0,10.8,10.8,10.8,B,CONFIRMADO,NO_PICO,false,true,2026-08-26 17:56:01.8304+00
29624fdf-983b-4ccc-8933-f5b1c4883a15,4c3fcfe9-84f5-4b57-8875-25145b949a93,5c930215-cdd3-4c78-8df9-2e7ee9d9ec67,AUTOPISTA DEL OESTE,ITUZAINGÓ,6,,6,2026-03-07 13:08:36+00,4771.95,3976.59,47,1.2,3.8114,7.18,19.93,15.28,B,CONFIRMADO,PICO,true,true,2026-08-13 12:07:42.428603+00
f944bb7f-49b7-4603-83d0-06d5f67f3b2d,4c3fcfe9-84f5-4b57-8875-25145b949a93,5a1618dd-9e67-49df-8c43-8d239c834955,AUTOPISTA DEL OESTE,LUJAN,6,,6,2026-03-07 13:43:54+00,4771.95,3976.59,40,1.2,4.3598,7.05,19.53,14.51,B,CONFIRMADO,PICO,true,true,2026-08-13 12:07:42.428603+00
de6279af-889d-4f6c-a473-3e6136e525b0,dc7dad0c-adda-4a56-a1f4-2ec87c19c356,66f9702e-3498-4cca-b3b9-c70a587011b4,AUSOL,CAMPANA DECALADA,6,,6,2026-03-07 14:22:26+00,4771.95,3976.59,2,1.2,0.6083,8.5,9.72,9.11,B,CONFIRMADO,PICO,false,true,2026-08-13 12:07:42.428603+00
8e388c96-4f3d-4746-8847-6307b17a1920,4c3fcfe9-84f5-4b57-8875-25145b949a93,c050dabf-9137-441c-8e08-980d8665773e,AUTOPISTA DEL OESTE,BRANDSEN,2,,2,2026-03-07 15:37:14+00,994.15,994.15,1,1,0,15.62,15.62,15.62,B,CONFIRMADO,NO_PICO,false,true,2026-08-25 20:15:22.493541+00
96ff44b1-621a-47b7-82f0-05a756e26268,c2ee6a1d-9484-4e6e-ac7e-2830069094a6,6c9f4d18-b834-45d5-b10c-7ca4d573cd30,CORREDORES VIALES SA,SOLIS - RUTA 8 KM 102,,1,1,2026-03-07 15:45:25+00,1500,1500,3,1,5.5843,3.6,15.75,7.86,A,CONFIRMADO,NO_PICO,false,true,2026-08-28 19:40:18.85733+00
cba41b0d-911e-47cc-bce8-b80aa1742c52,dc7dad0c-adda-4a56-a1f4-2ec87c19c356,25bfd059-2663-4836-9fc4-c4bd56ece4dc,AUSOL,CAMPANA,7,,7,2026-03-07 17:28:08+00,5964.94,4970.74,14,1.2,3.4715,9.37,20.95,16.92,B,CONFIRMADO,PICO,false,true,2026-08-13 12:07:42.428603+00
a11472a7-23ee-4897-844d-e62b9e2930ec,4c3fcfe9-84f5-4b57-8875-25145b949a93,5c930215-cdd3-4c78-8df9-2e7ee9d9ec67,AUTOPISTA DEL OESTE,ITUZAINGÓ,7,,7,2026-03-07 18:17:29+00,4970.74,4970.74,14,1,7.2471,0.72,22,13.37,B,CONFIRMADO,NO_PICO,false,true,2026-08-13 12:07:42.428603+00
9f680c5d-de21-45ae-b69c-738627582e6d,4c3fcfe9-84f5-4b57-8875-25145b949a93,5a1618dd-9e67-49df-8c43-8d239c834955,AUTOPISTA DEL OESTE,LUJAN,7,,7,2026-03-07 18:42:07+00,4970.74,4970.74,11,1,7.1847,1.78,22.7,13.44,B,CONFIRMADO,NO_PICO,false,true,2026-08-13 12:07:42.428603+00
f0230726-5251-4e3a-8bb3-761594c3a2eb,cc292b0a-f901-4db7-b099-52144e36a1a9,c9ed477b-11e7-4698-a81d-97813a9ae538,Autovía del Mercosur,Zarate,5,,5,2026-03-08 20:58:01+00,5660.62,5660.62,4,1,6.2754,5.83,22.65,12.49,B,CONFIRMADO,NO_PICO,false,true,2026-08-25 20:57:17.639114+00
3871aa14-b770-426c-8795-385e371f8c2f,4c3fcfe9-84f5-4b57-8875-25145b949a93,4795860a-18b5-47b0-a1e1-5149cae53db2,AUTOPISTA DEL OESTE,VERGARA,7,,7,2026-03-09 02:13:27+00,4970.74,4970.74,1,1,0,9.35,9.35,9.35,B,CONFIRMADO,NO_PICO,false,true,2026-08-20 18:01:06.163272+00
b924061c-7bc8-4939-85c0-d2575a9f84c7,dc7dad0c-adda-4a56-a1f4-2ec87c19c356,66f9702e-3498-4cca-b3b9-c70a587011b4,AUSOL,CAMPANA DECALADA,7,,7,2026-03-09 04:22:17+00,4970.74,4970.74,5,1,6.5106,2.28,22.25,14.19,B,CONFIRMADO,NO_PICO,false,true,2026-08-20 18:59:54.58498+00
c91b3114-f482-400c-a74c-a50fd027c991,c2ee6a1d-9484-4e6e-ac7e-2830069094a6,bf82e92c-fd5d-4909-91bc-265febd4b60f,CORREDORES VIALES SA,SAN VICENTE - RUTA 34 KM 160,,4,4,2026-03-09 04:35:11+00,6000,6000,4,1,3.7848,10.75,20.02,14,A,CONFIRMADO,NO_PICO,false,true,2026-08-13 12:07:42.428603+00
a83d8f83-df4e-457a-b54e-13b75ffaeaea,4c3fcfe9-84f5-4b57-8875-25145b949a93,ce3ce0ac-8b57-4fc2-8a1e-3a1fc3428a4a,AUTOPISTA DEL OESTE,DEL RODEO,6,,6,2026-03-09 06:34:10+00,3976.59,3976.59,47,1,3.2203,5.3,20.1,12.94,B,CONFIRMADO,NO_PICO,true,true,2026-08-13 12:07:42.428603+00
2ea919a2-8a34-488c-9479-7473841a463d,dc7dad0c-adda-4a56-a1f4-2ec87c19c356,25bfd059-2663-4836-9fc4-c4bd56ece4dc,AUSOL,CAMPANA,6,,6,2026-03-09 07:03:07+00,4771.95,3976.59,10,1.2,3.6407,9.23,19.53,14.53,B,CONFIRMADO,PICO,false,true,2026-08-13 12:07:42.428603+00
b5313fd0-8008-47cc-8bc2-b71b3aa0bfb5,4c3fcfe9-84f5-4b57-8875-25145b949a93,5a1618dd-9e67-49df-8c43-8d239c834955,AUTOPISTA DEL OESTE,LUJAN,3,,3,2026-03-09 09:17:42+00,2385.97,2385.97,2,1,0.3083,16.07,16.68,16.38,B,CONFIRMADO,PICO,false,true,2026-08-20 17:58:48.491076+00
c379fe80-aee3-46b3-ae90-61a59f7f04dd,4c3fcfe9-84f5-4b57-8875-25145b949a93,ce3ce0ac-8b57-4fc2-8a1e-3a1fc3428a4a,AUTOPISTA DEL OESTE,DEL RODEO,6,,6,2026-03-09 09:55:36+00,4771.95,3976.59,30,1.2,3.6597,7.03,19.2,14.68,B,CONFIRMADO,PICO,true,true,2026-08-13 12:07:42.428603+00
6390b0c8-9591-4ede-bee7-8721308aa97f,c2ee6a1d-9484-4e6e-ac7e-2830069094a6,752c9932-6f2d-4dca-bed6-699cbccbbbf3,CORREDORES VIALES SA,CAÑUELAS - RUTA 3 KM. 76,,1,1,2026-03-09 10:06:10+00,1500,1500,2,1,4.1917,10.1,18.48,14.29,A,CONFIRMADO,NO_PICO,false,true,2026-08-28 19:40:24.018353+00
1bd6d115-71b8-400a-b0a9-d00931dfa827,4c3fcfe9-84f5-4b57-8875-25145b949a93,5a1618dd-9e67-49df-8c43-8d239c834955,AUTOPISTA DEL OESTE,LUJAN,3,,3,2026-03-09 11:14:24+00,1988.3,1988.3,1,1,0,14.45,14.45,14.45,B,CONFIRMADO,NO_PICO,false,true,2026-08-20 17:58:48.491076+00
10bce807-210f-47ca-a68f-efb442daea15,dc7dad0c-adda-4a56-a1f4-2ec87c19c356,66c17ba7-d34e-4301-8528-8e8968404949,AUSOL,PILAR,2,,2,2026-03-09 12:47:52+00,994.15,994.15,1,1,0,4.58,4.58,4.58,B,CONFIRMADO,NO_PICO,false,true,2026-08-20 18:59:54.58498+00
88444766-197b-464d-a733-977fa4e2beb8,4c3fcfe9-84f5-4b57-8875-25145b949a93,a6749964-64e2-4f95-b7b3-ecb4a68c1a14,AUTOPISTA DEL OESTE,BUEN AYRE,6,,6,2026-03-09 13:06:45+00,3976.59,3976.59,2,1,0.375,12.35,13.1,12.73,B,CONFIRMADO,NO_PICO,false,true,2026-08-13 12:07:42.428603+00
0471c702-2640-4d3c-b309-5092aedf558b,4c3fcfe9-84f5-4b57-8875-25145b949a93,5a1618dd-9e67-49df-8c43-8d239c834955,AUTOPISTA DEL OESTE,LUJAN,6,,6,2026-03-09 14:00:51+00,3976.59,3976.59,51,1,4.9471,0.37,22.37,12.13,B,CONFIRMADO,NO_PICO,true,true,2026-08-13 12:07:42.428603+00
cd2df0f2-f6ca-4ad4-9e90-98a2a0e6e759,dc7dad0c-adda-4a56-a1f4-2ec87c19c356,66c17ba7-d34e-4301-8528-8e8968404949,AUSOL,PILAR,6,,6,2026-03-09 14:47:45+00,3976.59,3976.59,2,1,0.6917,13.92,15.3,14.61,B,CONFIRMADO,NO_PICO,false,true,2026-08-13 12:07:42.428603+00
a7a06258-e4f8-4f8d-a9fd-e8308d9dea90,fcf50348-fe3d-48db-934f-13e0af1e0e74,e98ce678-0d1d-4a44-8b08-d5ee7a42e93f,AUSA,REMEDIOS,4,,4,2026-03-09 16:05:58+00,7093.18,7093.18,1,1,0,16.23,16.23,16.23,B,CONFIRMADO,PICO,false,true,2026-08-26 11:38:54.947837+00
6c10aa61-1b9a-4784-bf81-7644c664e4cc,dc7dad0c-adda-4a56-a1f4-2ec87c19c356,66c17ba7-d34e-4301-8528-8e8968404949,AUSOL,PILAR,6,,6,2026-03-09 18:13:17+00,4771.95,3976.59,2,1.2,3.2417,10.85,17.33,14.09,B,CONFIRMADO,PICO,false,true,2026-08-13 12:07:42.428603+00
5521eb80-bb41-4c46-99d3-eed8b368db39,c2ee6a1d-9484-4e6e-ac7e-2830069094a6,9c0aafd6-1697-4ea7-83c4-ce7eb8f1ed15,CORREDORES VIALES SA,URIBELARREA - RUTA 205 KM. 83,,,3,2026-03-09 18:26:42+00,4500,4500,3,1,7.041,4.13,19.63,14.07,A,CONFIRMADO,NO_PICO,false,true,2026-08-28 19:40:24.018353+00
5208e1ab-9988-411d-a4e0-537d6148ce4e,4c3fcfe9-84f5-4b57-8875-25145b949a93,e237d146-1b29-419b-b527-41b605148a60,AUTOPISTA DEL OESTE,DERQUI,7,,7,2026-03-09 19:41:36+00,5964.94,4970.74,11,1.2,3.8874,8.82,20.87,17.13,B,CONFIRMADO,PICO,false,true,2026-08-13 12:07:42.428603+00
53102eba-f01d-41a4-ab4e-f057e2443b52,c4d1ffb5-7363-4291-84be-9da3665f002a,14264684-28f7-40be-ab72-79e4dd0efcdf,UNIDAD EJECUTORA (SANTA FE),ALDAO,1,,1,2026-03-09 21:52:26+00,3000,3000,1,1,0,21.87,21.87,21.87,B,CONFIRMADO,NO_PICO,false,true,2026-08-25 20:38:55.292696+00
3e6655bf-33fd-45e6-9c22-69192effd24f,c4d1ffb5-7363-4291-84be-9da3665f002a,60014adb-62f4-4ad9-86a0-50bd36efd1e3,UNIDAD EJECUTORA (SANTA FE),TRONCAL SAUCE VIEJO,1,,1,2026-03-09 23:23:34+00,3000,3000,1,1,0,23.38,23.38,23.38,B,CONFIRMADO,NO_PICO,false,true,2026-08-25 20:38:55.292696+00
19e29d0c-181b-480c-a3b1-ffc4b3c74c58,ab449656-bebf-4cb2-bbb3-6221403e1c7b,a12baa34-7a45-4612-aa4d-d3752637e68f,AUBASA,BERAZATEGUI,7,,7,2026-03-10 02:03:55+00,8916.24,8916.24,1,1,0,2.05,2.05,2.05,B,CONFIRMADO,NO_PICO,false,true,2026-08-26 12:37:01.843396+00
a23c4a91-40e4-4df4-8a84-843e0c4562b0,ab449656-bebf-4cb2-bbb3-6221403e1c7b,a12baa34-7a45-4612-aa4d-d3752637e68f,AUBASA,BERAZATEGUI,7,,7,2026-03-10 02:07:52+00,21653.75,21653.75,1,1,0,2.12,2.12,2.12,B,CONFIRMADO,NO_PICO,false,true,2026-08-26 12:37:01.843396+00
b2ba41a4-b66c-4911-95c7-949f7bbec4eb,dc7dad0c-adda-4a56-a1f4-2ec87c19c356,f20aa7b2-3149-461d-81d9-e9f2c73065a1,AUSOL,TIGRE,6,,6,2026-03-10 07:33:40+00,4771.95,4771.95,3,1,2.8835,10.38,16.52,12.44,B,CONFIRMADO,PICO,false,true,2026-08-20 19:03:41.801967+00
ab904eb6-277f-4ccb-abc3-3910031ec7f1,c2ee6a1d-9484-4e6e-ac7e-2830069094a6,bf82e92c-fd5d-4909-91bc-265febd4b60f,CORREDORES VIALES SA,SAN VICENTE - RUTA 34 KM 160,,3,3,2026-03-10 10:53:20+00,4500,4500,1,1,0,10.88,10.88,10.88,A,CONFIRMADO,NO_PICO,false,true,2026-08-28 19:40:45.252128+00
83220439-110d-47f6-a241-d26404fc0c54,c4d1ffb5-7363-4291-84be-9da3665f002a,f57115a3-138f-486b-a2a0-731f88032e7f,UNIDAD EJECUTORA (SANTA FE),ACCESO SAUCE VIEJO,5,,5,2026-03-10 14:04:35+00,6600,6600,2,1,1.2917,10.08,12.67,11.38,B,CONFIRMADO,NO_PICO,false,true,2026-08-20 19:42:38.51309+00
1e38ead2-ddec-4e0f-804c-b30a8d9e952d,4c3fcfe9-84f5-4b57-8875-25145b949a93,7b84ab42-0ec6-4302-bdb1-714601bc2f49,AUTOPISTA DEL OESTE,MALVINAS,7,,7,2026-03-10 14:16:31+00,4970.74,4970.74,1,1,0,14.93,14.93,14.93,B,CONFIRMADO,NO_PICO,false,true,2026-08-13 12:07:42.428603+00
194c8ad6-7465-4165-969c-d96631fb0f69,dc7dad0c-adda-4a56-a1f4-2ec87c19c356,25bfd059-2663-4836-9fc4-c4bd56ece4dc,AUSOL,CAMPANA,2,,2,2026-03-10 16:41:19+00,1192.99,994.15,17,1.2,4.1279,7.18,20.87,16.77,B,CONFIRMADO,PICO,true,true,2026-08-13 12:07:42.428603+00
70e9a3db-0a7d-4e29-bd4d-106494c07ed5,4c3fcfe9-84f5-4b57-8875-25145b949a93,5a1618dd-9e67-49df-8c43-8d239c834955,AUTOPISTA DEL OESTE,LUJAN,7,,7,2026-03-10 17:23:32+00,5964.94,4970.74,9,1.2,4.3121,7.17,19.13,14.56,B,CONFIRMADO,PICO,false,true,2026-08-13 12:07:42.428603+00
cab5cc89-6e59-4c69-a154-fda1cc990ed3,4c3fcfe9-84f5-4b57-8875-25145b949a93,5c930215-cdd3-4c78-8df9-2e7ee9d9ec67,AUTOPISTA DEL OESTE,ITUZAINGÓ,7,,7,2026-03-10 18:26:46+00,5964.94,4970.74,8,1.2,3.9141,7.65,17.78,12.66,B,CONFIRMADO,PICO,false,true,2026-08-13 12:07:42.428603+00
4c4c5c64-1bdf-400f-b584-a1e86fdbb222,4c3fcfe9-84f5-4b57-8875-25145b949a93,7b84ab42-0ec6-4302-bdb1-714601bc2f49,AUTOPISTA DEL OESTE,MALVINAS,7,,7,2026-03-10 18:46:30+00,5964.94,5964.94,1,1,0,16.03,16.03,16.03,B,CONFIRMADO,PICO,false,true,2026-08-20 17:58:48.491076+00
6075d461-1475-43c6-9ed8-a4a9d23dd172,c2ee6a1d-9484-4e6e-ac7e-2830069094a6,9c0aafd6-1697-4ea7-83c4-ce7eb8f1ed15,CORREDORES VIALES SA,URIBELARREA - RUTA 205 KM. 83,,4,4,2026-03-11 01:20:27+00,6000,6000,2,1,10.475,1.33,22.28,11.81,A,CONFIRMADO,NO_PICO,false,true,2026-08-28 19:40:24.018353+00
8fd465a0-8f87-4890-8c53-063a12acbc44,dc7dad0c-adda-4a56-a1f4-2ec87c19c356,f20aa7b2-3149-461d-81d9-e9f2c73065a1,AUSOL,TIGRE,6,,6,2026-03-11 01:39:01+00,3976.59,1988.3,3,2,4.153,6.15,15.05,9.18,B,CONFIRMADO,NO_PICO,false,true,2026-08-13 12:07:42.428603+00
2aab5f63-77d5-41f8-8438-25f09c9053ee,dc7dad0c-adda-4a56-a1f4-2ec87c19c356,39daec48-071c-4703-9e97-ad3aec2a46fb,AUSOL,BELGRANO,2,,2,2026-03-11 09:36:22+00,1192.99,1192.99,1,1,0,9.92,9.92,9.92,B,CONFIRMADO,PICO,false,true,2026-08-26 17:28:57.348142+00
b23d9a51-6d6f-4bb5-b8a4-66a7f5ee0b96,dc7dad0c-adda-4a56-a1f4-2ec87c19c356,53da2019-2e8d-499d-adc6-073fb79c3a95,AUSOL,BUEN AYRE,6,,6,2026-03-11 10:55:40+00,4771.95,3976.59,5,1.2,0.5127,9.53,10.88,10.08,B,CONFIRMADO,PICO,false,true,2026-08-13 12:07:42.428603+00
efb71810-aeef-4876-b013-1535869dda1a,4c3fcfe9-84f5-4b57-8875-25145b949a93,5c930215-cdd3-4c78-8df9-2e7ee9d9ec67,AUTOPISTA DEL OESTE,ITUZAINGÓ,2,,2,2026-03-11 12:13:20+00,994.15,994.15,2,1,6.0417,0.08,12.17,6.13,B,CONFIRMADO,NO_PICO,false,true,2026-08-13 12:07:42.428603+00
7e7f2f2c-f829-4e6f-b11c-8284d7d312a4,4c3fcfe9-84f5-4b57-8875-25145b949a93,5a1618dd-9e67-49df-8c43-8d239c834955,AUTOPISTA DEL OESTE,LUJAN,2,,2,2026-03-11 12:33:23+00,994.15,994.15,4,1,5.3925,1.73,15.07,5.83,B,CONFIRMADO,NO_PICO,false,true,2026-08-13 12:07:42.428603+00
7fe7ceee-ef7d-49d9-9262-2e3f331f47b2,c2ee6a1d-9484-4e6e-ac7e-2830069094a6,1eeb3df0-0f50-4497-9937-2108b235a266,CORREDORES VIALES SA,TRISTAN SUAREZ,2,,2,2026-03-11 13:57:54+00,1300,1300,1,1,0,14.75,14.75,14.75,B,CONFIRMADO,NO_PICO,false,true,2026-08-20 19:19:03.031467+00
6ec43beb-7324-4f8d-896d-6efe272930de,4c3fcfe9-84f5-4b57-8875-25145b949a93,4795860a-18b5-47b0-a1e1-5149cae53db2,AUTOPISTA DEL OESTE,VERGARA,6,,6,2026-03-11 14:43:32+00,3976.59,3976.59,3,1,4.5114,4.98,15.08,11.33,B,CONFIRMADO,NO_PICO,false,true,2026-08-13 12:07:42.428603+00
00e6d11e-8faf-4b02-b256-b2b147a1c2e2,4c3fcfe9-84f5-4b57-8875-25145b949a93,0e80099b-3d4a-49f0-ada4-f819e6975ae3,AUTOPISTA DEL OESTE,MARTIN FIERRO,6,,6,2026-03-11 18:40:20+00,4771.95,4771.95,2,1,0.025,18.67,18.72,18.69,B,CONFIRMADO,PICO,false,true,2026-08-25 20:15:22.493541+00
7f587078-ff09-4f05-8d23-6aeff887dc65,4c3fcfe9-84f5-4b57-8875-25145b949a93,15260fb1-970a-4f77-95a5-61715666f7ea,AUTOPISTA DEL OESTE,DOLORES PRATS,7,,7,2026-03-11 22:01:23+00,4970.74,4970.74,1,1,0,22.02,22.02,22.02,B,CONFIRMADO,NO_PICO,false,true,2026-08-25 20:15:22.493541+00
472f323e-1c4a-4fd7-af0a-7bed9b804fb2,4c3fcfe9-84f5-4b57-8875-25145b949a93,a6749964-64e2-4f95-b7b3-ecb4a68c1a14,AUTOPISTA DEL OESTE,BUEN AYRE,6,,6,2026-03-12 10:07:24+00,4771.95,3976.59,3,1.2,0.3752,9.9,10.82,10.38,B,CONFIRMADO,PICO,false,true,2026-08-13 12:07:42.428603+00
cefb5c35-38e3-4e2c-a9ed-c9385fbe0a57,dc7dad0c-adda-4a56-a1f4-2ec87c19c356,f20aa7b2-3149-461d-81d9-e9f2c73065a1,AUSOL,TIGRE,7,,7,2026-03-12 14:46:57+00,4970.74,4970.74,1,1,0,14.82,14.82,14.82,B,CONFIRMADO,NO_PICO,false,true,2026-08-20 18:59:54.58498+00
abb4f86b-d8ec-40d3-bc81-bf3610c96ee1,dc7dad0c-adda-4a56-a1f4-2ec87c19c356,f20aa7b2-3149-461d-81d9-e9f2c73065a1,AUSOL,TIGRE,7,,7,2026-03-12 16:28:06+00,5964.94,5964.94,1,1,0,17.08,17.08,17.08,B,CONFIRMADO,PICO,false,true,2026-08-20 18:59:54.58498+00
b516d337-9c3c-409a-93cd-a471469b8f7f,dc7dad0c-adda-4a56-a1f4-2ec87c19c356,66f9702e-3498-4cca-b3b9-c70a587011b4,AUSOL,CAMPANA DECALADA,7,,7,2026-03-12 16:30:59+00,5964.94,5964.94,2,1,0.3083,16.98,17.6,17.29,B,CONFIRMADO,PICO,false,true,2026-08-20 18:59:54.58498+00
e7180b4f-bdee-4a0f-b82e-bd0f956e88a6,c2ee6a1d-9484-4e6e-ac7e-2830069094a6,a2facb41-ca0e-482a-ae67-e3422ab7ef9b,CORREDORES VIALES SA,JAMES CRAIK - AUTOVIA ROSARIO - CORDOBA KM. 595,6,,6,2026-03-12 21:44:33+00,5200,5200,1,1,0,21.73,21.73,21.73,B,CONFIRMADO,NO_PICO,false,true,2026-08-26 17:56:01.8304+00
9068379d-73a6-4643-a5ec-59d2609820ca,4c3fcfe9-84f5-4b57-8875-25145b949a93,e237d146-1b29-419b-b527-41b605148a60,AUTOPISTA DEL OESTE,DERQUI,6,,6,2026-03-12 23:56:22+00,4970.74,4970.74,1,1,0,23.93,23.93,23.93,B,CONFIRMADO,NO_PICO,false,true,2026-08-25 20:15:22.493541+00
c292059e-bd42-4871-9467-3bb385c8fbfd,c4d1ffb5-7363-4291-84be-9da3665f002a,aa90f1c4-b2e3-43a1-addc-783ae862c18c,UNIDAD EJECUTORA (SANTA FE),SAN LORENZO SUR,6,,6,2026-03-13 07:37:08+00,8400,8400,4,1,3.051,13.78,20.57,17.14,B,CONFIRMADO,NO_PICO,false,true,2026-08-13 12:07:42.428603+00
55c64e95-4755-4b8f-8b32-d3783a98f74f,dc7dad0c-adda-4a56-a1f4-2ec87c19c356,83bf0b9a-6f74-4052-8d17-f40cf21ffe83,AUSOL,RUTA 197,6,,6,2026-03-13 14:29:51+00,3976.59,3976.59,2,1,0.2333,14.67,15.13,14.9,B,CONFIRMADO,NO_PICO,false,true,2026-08-13 12:07:42.428603+00
6f0d90a7-3e89-4283-bbc7-a2b4f549a469,c2ee6a1d-9484-4e6e-ac7e-2830069094a6,4ade3013-aa9f-4fab-a1fc-33f4966766ab,CORREDORES VIALES SA,JUNIN (R7) - RUTA 7 KM. 272,,2,2,2026-03-13 15:36:15+00,3000,3000,1,1,0,15.6,15.6,15.6,A,CONFIRMADO,NO_PICO,false,true,2026-08-31 13:40:38.654998+00
df685b9b-cb34-4a9c-8957-57490c35c8a0,4c3fcfe9-84f5-4b57-8875-25145b949a93,4795860a-18b5-47b0-a1e1-5149cae53db2,AUTOPISTA DEL OESTE,VERGARA,6,,6,2026-03-13 16:16:00+00,4771.95,3976.59,1,1.2,0,9.48,9.48,9.48,B,CONFIRMADO,PICO,false,true,2026-08-13 12:07:42.428603+00
ad2fe792-48bd-41f3-a152-fe66b383bb2b,4c3fcfe9-84f5-4b57-8875-25145b949a93,9421660a-addd-4c22-93fa-8bcb3da80684,AUTOPISTA DEL OESTE,J.J.CASTRO,6,,6,2026-03-13 17:19:53+00,4771.95,3976.59,1,1.2,0,10.53,10.53,10.53,B,CONFIRMADO,PICO,false,true,2026-08-13 12:07:42.428603+00
a4c2445d-f9b5-4db9-b438-3705cde574d1,4c3fcfe9-84f5-4b57-8875-25145b949a93,e237d146-1b29-419b-b527-41b605148a60,AUTOPISTA DEL OESTE,DERQUI,6,,6,2026-03-13 19:41:37+00,4771.95,4771.95,1,1,0,16.22,16.22,16.22,B,CONFIRMADO,PICO,false,true,2026-08-20 17:58:48.491076+00
17a2c9dd-ce46-42cc-891a-f593ccfc8ff5,dc7dad0c-adda-4a56-a1f4-2ec87c19c356,2b2ef8b7-2fa7-4204-bc8b-d7f286538430,AUSOL,MARQUEZ,6,,6,2026-03-14 01:22:55+00,3976.59,3976.59,1,1,0,13.77,13.77,13.77,B,CONFIRMADO,PICO,false,true,2026-08-26 12:48:02.061983+00
221e5f4f-e7b8-4e65-84d6-18e570255e79,4c3fcfe9-84f5-4b57-8875-25145b949a93,15260fb1-970a-4f77-95a5-61715666f7ea,AUTOPISTA DEL OESTE,DOLORES PRATS,2,,2,2026-03-14 08:58:44+00,994.15,994.15,1,1,0,8.97,8.97,8.97,B,CONFIRMADO,NO_PICO,false,true,2026-08-25 20:15:22.493541+00
e59376ea-d2e8-49ac-86f9-97a9488fb159,c2ee6a1d-9484-4e6e-ac7e-2830069094a6,7ebccf05-b9e6-44ca-836c-54ac91ecc213,CORREDORES VIALES SA,OLIVERA - RUTA 5 KM. 86,,1,1,2026-03-14 22:23:25+00,1500,1500,1,1,0,16.45,16.45,16.45,A,CONFIRMADO,NO_PICO,false,true,2026-08-13 12:07:42.428603+00
0ef2a734-a5ac-4481-8adc-34aaff8f3322,c2ee6a1d-9484-4e6e-ac7e-2830069094a6,fcd9575a-30c1-4fe7-8d71-af6d141192c3,CORREDORES VIALES SA,9 DE JULIO - RUTA 5 KM 244,,1,1,2026-03-15 08:50:44+00,1500,1500,2,1,4.45,8.83,17.73,13.28,A,CONFIRMADO,NO_PICO,false,true,2026-08-31 13:40:25.708763+00
dc8f082d-641e-49ff-b503-90472824f422,c2ee6a1d-9484-4e6e-ac7e-2830069094a6,c5dd1ce4-ed50-4a20-ad4f-22bfb5965c1a,CORREDORES VIALES SA,TRENQUE LAUQUEN - RUTA 5 KM 429,,1,1,2026-03-15 10:08:43+00,1500,1500,2,1,3.0083,10.13,16.15,13.14,A,CONFIRMADO,NO_PICO,false,true,2026-08-31 13:40:25.708763+00
8bf69ff5-ff6f-41c5-8038-05541291fcf2,fcf50348-fe3d-48db-934f-13e0af1e0e74,139fff4c-db47-4169-b2c9-6a22302db69a,AUSA,VARELA,7,,7,2026-03-16 05:18:00+00,13426.59,13426.59,24,1,6.0368,5.03,23.92,13,B,CONFIRMADO,NO_PICO,true,true,2026-08-26 11:38:08.0724+00
4aff8eff-5e8a-4406-951c-70e6c5ae5ad3,dc7dad0c-adda-4a56-a1f4-2ec87c19c356,0b7cbd41-72c5-4337-9ba6-e06f13494d13,AUSOL,DEBENEDETTI,6,,6,2026-03-16 05:54:31+00,3976.59,3976.59,1,1,0,14.68,14.68,14.68,B,CONFIRMADO,PICO,false,true,2026-08-20 18:59:54.58498+00
1ea9bce3-a6e0-48c5-ad27-1d22fd84fd1a,fcf50348-fe3d-48db-934f-13e0af1e0e74,139fff4c-db47-4169-b2c9-6a22302db69a,AUSA,VARELA,8,,8,2026-03-16 06:47:36+00,13426.59,13426.59,4,1,6.5239,1.12,18.88,9.75,B,CONFIRMADO,NO_PICO,false,true,2026-08-26 11:38:08.0724+00
4a025af4-0a08-4bd1-b35e-71c7b19f0137,fcf50348-fe3d-48db-934f-13e0af1e0e74,139fff4c-db47-4169-b2c9-6a22302db69a,AUSA,VARELA,7,,7,2026-03-16 07:15:16+00,29892.69,29892.69,14,1,4.4644,7.38,19.95,12.58,B,CONFIRMADO,PICO,false,true,2026-08-26 11:38:08.0724+00
d8246873-f2cf-4595-8e3f-0dfebc8304d5,c2ee6a1d-9484-4e6e-ac7e-2830069094a6,525be66f-7699-44c3-b372-e037d432b938,CORREDORES VIALES SA,FRANCK - RUTA 19 KM 20,,4,4,2026-03-16 12:11:49+00,6000,6000,5,1,3.4683,4.95,14.43,11.47,A,CONFIRMADO,NO_PICO,false,true,2026-08-13 12:07:42.428603+00
c573470a-9edf-4de9-aaab-1d130bc1845e,fcf50348-fe3d-48db-934f-13e0af1e0e74,139fff4c-db47-4169-b2c9-6a22302db69a,AUSA,VARELA,9,,9,2026-03-16 12:13:51+00,13426.59,13426.59,15,1,5.9605,0.45,23.92,13.15,B,CONFIRMADO,NO_PICO,true,true,2026-08-26 11:38:08.0724+00
361082e8-ae4b-4687-840b-92f6547adc85,c4d1ffb5-7363-4291-84be-9da3665f002a,7718d26d-e724-415a-9e76-841683d3a774,UNIDAD EJECUTORA (SANTA FE),SANTO TOME,5,,5,2026-03-16 12:26:20+00,6600,6600,4,1,5.124,12.23,23.25,17.73,B,CONFIRMADO,NO_PICO,false,true,2026-08-13 12:07:42.428603+00
9d7d3aa9-34e0-4eef-b5de-1f0a34e4ac7b,c2ee6a1d-9484-4e6e-ac7e-2830069094a6,1eeb3df0-0f50-4497-9937-2108b235a266,CORREDORES VIALES SA,TRISTAN SUAREZ,3,,3,2026-03-16 13:26:54+00,2600,2600,1,1,0,11.07,11.07,11.07,B,CONFIRMADO,NO_PICO,false,true,2026-08-26 12:31:28.755374+00
0f796c3b-0951-4970-a4d4-66b8c3d721d2,fcf50348-fe3d-48db-934f-13e0af1e0e74,139fff4c-db47-4169-b2c9-6a22302db69a,AUSA,VARELA,9,,9,2026-03-16 17:21:27+00,29892.69,29892.69,9,1,3.8148,9.98,19.12,14.79,B,CONFIRMADO,PICO,false,true,2026-08-26 11:38:08.0724+00
a4ef3d4b-20e9-4087-9967-628a0d1a08bc,4c3fcfe9-84f5-4b57-8875-25145b949a93,9421660a-addd-4c22-93fa-8bcb3da80684,AUTOPISTA DEL OESTE,J.J.CASTRO,6,,6,2026-03-17 06:14:01+00,3976.59,3976.59,1,1,0,13.22,13.22,13.22,B,CONFIRMADO,NO_PICO,false,true,2026-08-13 12:07:42.428603+00
2ba275bd-dd5e-4de1-8c55-2dc67eae771b,fcf50348-fe3d-48db-934f-13e0af1e0e74,b6ebf1f0-e098-4e88-8865-af82f7507913,AUSA,SALGUERO,9,,9,2026-03-17 08:18:12+00,14946.44,14946.44,1,1,0,8.3,8.3,8.3,B,CONFIRMADO,PICO,false,true,2026-08-26 11:38:54.947837+00
7e6497dc-a97f-4d4f-bbb4-f7a2d461c087,dc7dad0c-adda-4a56-a1f4-2ec87c19c356,39daec48-071c-4703-9e97-ad3aec2a46fb,AUSOL,BELGRANO,7,,7,2026-03-17 11:05:40+00,4970.74,4970.74,1,1,0,11.08,11.08,11.08,B,CONFIRMADO,NO_PICO,false,true,2026-08-26 12:48:02.061983+00
ecc2d0c7-c02f-4864-a31f-7332e65e1974,4c3fcfe9-84f5-4b57-8875-25145b949a93,d1e57bdc-b853-4235-b2c6-9b88291e7fd5,AUTOPISTA DEL OESTE,SAN FERNANDO,2,,2,2026-03-17 12:40:40+00,3976.59,3976.59,1,1,0,12.67,12.67,12.67,B,CONFIRMADO,NO_PICO,false,true,2026-08-25 20:16:19.719513+00
3ff837fd-ca79-40ba-a74d-b06646631fae,4c3fcfe9-84f5-4b57-8875-25145b949a93,d1e57bdc-b853-4235-b2c6-9b88291e7fd5,AUTOPISTA DEL OESTE,SAN FERNANDO,6,,6,2026-03-17 13:43:53+00,3976.59,3976.59,1,1,0,14.5,14.5,14.5,B,CONFIRMADO,NO_PICO,false,true,2026-08-20 18:07:10.33873+00
b685b4f3-9be0-47b4-937f-5b91073a0266,dc7dad0c-adda-4a56-a1f4-2ec87c19c356,83bf0b9a-6f74-4052-8d17-f40cf21ffe83,AUSOL,RUTA 197,6,,6,2026-03-17 17:23:37+00,4771.95,4771.95,2,1,2.475,11.78,16.73,14.26,B,CONFIRMADO,PICO,false,true,2026-08-20 19:03:41.801967+00
3ced515f-1806-443f-885a-2b486cb8b585,dc7dad0c-adda-4a56-a1f4-2ec87c19c356,83bf0b9a-6f74-4052-8d17-f40cf21ffe83,AUSOL,RUTA 197,7,,7,2026-03-17 19:50:56+00,5964.94,5964.94,1,1,0,8.08,8.08,8.08,B,CONFIRMADO,PICO,false,true,2026-08-20 19:03:41.801967+00
0340cf46-b913-4ba3-b996-65d42b4649f8,c2ee6a1d-9484-4e6e-ac7e-2830069094a6,96950e1b-e362-4119-8b0f-3f7472bed3b1,CORREDORES VIALES SA,CERES - RUTA 34 KM 378,,4,4,2026-03-18 09:19:05+00,6000,6000,1,1,0,13.4,13.4,13.4,A,CONFIRMADO,NO_PICO,false,true,2026-08-13 12:07:42.428603+00
3c60213a-71d2-4c1f-b940-cbdc478bb802,ab449656-bebf-4cb2-bbb3-6221403e1c7b,3f32d96b-e51f-4e5e-a473-be7bcc3de5e9,AUBASA,HUDSON,2,,2,2026-03-18 13:10:29+00,4245.83,4245.83,1,1,0,13.17,13.17,13.17,B,CONFIRMADO,NO_PICO,false,true,2026-08-26 12:37:01.843396+00
9409f6bb-7e80-4948-a6c5-4657e0e1145d,fcf50348-fe3d-48db-934f-13e0af1e0e74,139fff4c-db47-4169-b2c9-6a22302db69a,AUSA,VARELA,2,,2,2026-03-18 13:37:38+00,3040.04,3040.04,1,1,0,13.62,13.62,13.62,B,CONFIRMADO,NO_PICO,false,true,2026-08-26 14:54:47.915262+00
62dd3666-34db-46a2-99e8-2a0b9b1356f8,c2ee6a1d-9484-4e6e-ac7e-2830069094a6,1587ab7e-997c-4235-9b75-3984c40b32c9,CORREDORES VIALES SA,CARCARAÑA - AUTOVIA ROSARIO - CORDOBA KM. 356,,3,3,2026-03-19 06:45:39+00,4500,3000,4,1.5,4.3662,9.73,21.25,15.75,A,CONFIRMADO,NO_PICO,false,true,2026-08-13 12:07:42.428603+00
151193c6-7f88-4f02-b689-a55de801b8fb,dc7dad0c-adda-4a56-a1f4-2ec87c19c356,2b2ef8b7-2fa7-4204-bc8b-d7f286538430,AUSOL,MARQUEZ,6,,6,2026-03-19 07:41:25+00,4771.95,4771.95,1,1,0,10.98,10.98,10.98,B,CONFIRMADO,PICO,false,true,2026-08-20 19:03:41.801967+00
bcab1165-5e14-4ec5-a5f9-4152bd928a62,c2ee6a1d-9484-4e6e-ac7e-2830069094a6,a2facb41-ca0e-482a-ae67-e3422ab7ef9b,CORREDORES VIALES SA,JAMES CRAIK - AUTOVIA ROSARIO - CORDOBA KM. 595,,3,3,2026-03-19 09:46:19+00,4500,4500,3,1,3.0944,7.32,14.58,11.57,A,CONFIRMADO,NO_PICO,false,true,2026-08-13 12:07:42.428603+00
525532de-a327-4a9b-aa8e-1f8d482ad1d1,fcf50348-fe3d-48db-934f-13e0af1e0e74,e98ce678-0d1d-4a44-8b08-d5ee7a42e93f,AUSA,REMEDIOS,4,,4,2026-03-19 14:59:28+00,4813.24,4813.24,1,1,0,14.98,14.98,14.98,B,CONFIRMADO,NO_PICO,false,true,2026-08-26 11:38:54.947837+00
67c9aaee-9936-4494-985b-ed3219603143,4c3fcfe9-84f5-4b57-8875-25145b949a93,322a177d-b623-473e-aa89-c5c7cc3df5cc,AUTOPISTA DEL OESTE,REPUBLICA,6,,6,2026-03-19 15:08:05+00,3976.59,3976.59,1,1,0,15.13,15.13,15.13,B,CONFIRMADO,NO_PICO,false,true,2026-08-25 20:16:19.719513+00
fec6e5c2-5da7-40ce-8185-98f3b92b97ab,4c3fcfe9-84f5-4b57-8875-25145b949a93,2e7bc698-efec-44c7-86bf-81dd35a71c87,AUTOPISTA DEL OESTE,POSADAS,6,,6,2026-03-19 16:06:00+00,4771.95,4771.95,2,1,1.6083,16.1,19.32,17.71,B,CONFIRMADO,PICO,false,true,2026-08-25 20:16:19.719513+00
82c9e6cd-6b22-460d-8d2a-92f846a6f1ce,fcf50348-fe3d-48db-934f-13e0af1e0e74,139fff4c-db47-4169-b2c9-6a22302db69a,AUSA,VARELA,4,,4,2026-03-19 22:12:44+00,4813.24,4813.24,1,1,0,22.2,22.2,22.2,B,CONFIRMADO,NO_PICO,false,true,2026-08-26 11:38:54.947837+00
8fa5365b-8b94-4019-9788-2649dfb857e9,dc7dad0c-adda-4a56-a1f4-2ec87c19c356,dea354ac-06dc-4afe-987c-fcacbe818d5d,AUSOL,RUTA 202,2,,2,2026-03-20 01:03:05+00,994.15,994.15,1,1,0,1.05,1.05,1.05,B,CONFIRMADO,NO_PICO,false,true,2026-08-26 12:48:02.061983+00
a32a7838-1128-409f-9e6f-d788f62b2250,dc7dad0c-adda-4a56-a1f4-2ec87c19c356,6111cae9-a416-4014-bcb3-8cccb83436f7,AUSOL,PILAR DECALADA,6,,6,2026-03-20 08:59:36+00,4771.95,4771.95,1,1,0,8.98,8.98,8.98,B,CONFIRMADO,PICO,false,true,2026-08-26 12:48:02.061983+00
2f3c3d2d-5907-4043-8a09-9b26b63ccfc6,dc7dad0c-adda-4a56-a1f4-2ec87c19c356,66c17ba7-d34e-4301-8528-8e8968404949,AUSOL,PILAR,7,,7,2026-03-20 17:36:46+00,5964.94,5964.94,1,1,0,20.63,20.63,20.63,B,CONFIRMADO,PICO,false,true,2026-08-20 18:59:54.58498+00
275d9de6-e493-4a08-9f00-94b15f5cc51f,4c3fcfe9-84f5-4b57-8875-25145b949a93,50c7ae33-9660-48fc-a2e5-86a752d8c0cf,AUTOPISTA DEL OESTE,GRAL.RODRIGUEZ,6,,6,2026-03-20 21:03:34+00,3976.59,3976.59,1,1,0,13.33,13.33,13.33,B,CONFIRMADO,NO_PICO,false,true,2026-08-13 12:07:42.428603+00
1489d28e-ff4d-4dd3-ba51-f93def9b137d,dc7dad0c-adda-4a56-a1f4-2ec87c19c356,83bf0b9a-6f74-4052-8d17-f40cf21ffe83,AUSOL,RUTA 197,7,,7,2026-03-20 23:51:23+00,4970.74,4970.74,1,1,0,0.22,0.22,0.22,B,CONFIRMADO,NO_PICO,false,true,2026-08-20 18:59:54.58498+00
daf2654f-fa06-4462-bfa2-06670c251a84,c2ee6a1d-9484-4e6e-ac7e-2830069094a6,c5dd1ce4-ed50-4a20-ad4f-22bfb5965c1a,CORREDORES VIALES SA,TRENQUE LAUQUEN - RUTA 5 KM 429,,3,3,2026-03-21 07:51:23+00,4500,4500,2,1,2.65,7.88,13.18,10.53,A,CONFIRMADO,NO_PICO,false,true,2026-08-31 11:28:30.296204+00
2fe0a401-c0bd-4d83-8cbc-7d822329fa8d,c2ee6a1d-9484-4e6e-ac7e-2830069094a6,be085d27-f5dd-4618-a63d-fa1730860c27,CORREDORES VIALES SA,MAKALLE - RN 16 - Km 59.80 - MAKALLÉ - CHACO,,4,4,2026-03-21 09:38:09+00,6000,6000,1,1,0,4.32,4.32,4.32,A,CONFIRMADO,NO_PICO,false,true,2026-08-13 12:07:42.428603+00
bd284e6f-2e09-41f4-90ab-c9d89c2d3e05,c2ee6a1d-9484-4e6e-ac7e-2830069094a6,f12f9dcd-073e-4d55-b72b-9ea09a59251d,CORREDORES VIALES SA,HINOJO - RUTA 226 KM. 276,,3,3,2026-03-21 15:29:31+00,4500,4500,1,1,0,20.97,20.97,20.97,A,CONFIRMADO,NO_PICO,false,true,2026-08-13 12:07:42.428603+00
9af7d1cc-e2ed-425d-8fbf-b39aebc162df,c2ee6a1d-9484-4e6e-ac7e-2830069094a6,bf82e92c-fd5d-4909-91bc-265febd4b60f,CORREDORES VIALES SA,SAN VICENTE - RUTA 34 KM 160,,5,5,2026-03-22 20:44:15+00,7500,6000,1,1.25,0,9.83,9.83,9.83,A,CONFIRMADO,NO_PICO,false,true,2026-08-13 12:07:42.428603+00
43e44abf-3ab4-498f-a715-642601863fc2,dc7dad0c-adda-4a56-a1f4-2ec87c19c356,66c17ba7-d34e-4301-8528-8e8968404949,AUSOL,PILAR,7,,7,2026-03-23 11:45:41+00,4970.74,4970.74,1,1,0,14.25,14.25,14.25,B,CONFIRMADO,NO_PICO,false,true,2026-08-13 12:07:42.428603+00
729e4183-3767-4f1e-a503-c236f7dc0668,4c3fcfe9-84f5-4b57-8875-25145b949a93,322a177d-b623-473e-aa89-c5c7cc3df5cc,AUTOPISTA DEL OESTE,REPUBLICA,7,,7,2026-03-23 12:38:06+00,4970.74,4970.74,1,1,0,11.08,11.08,11.08,B,CONFIRMADO,NO_PICO,false,true,2026-08-20 12:56:08.238618+00
c1f3ed61-b48b-4174-8bb2-30aad3cd3c8c,dc7dad0c-adda-4a56-a1f4-2ec87c19c356,6111cae9-a416-4014-bcb3-8cccb83436f7,AUSOL,PILAR DECALADA,7,,7,2026-03-23 12:43:30+00,4970.74,4970.74,1,1,0,12.72,12.72,12.72,B,CONFIRMADO,NO_PICO,false,true,2026-08-26 12:48:02.061983+00
a678962b-c7c3-4454-b9a7-624557e11285,4c3fcfe9-84f5-4b57-8875-25145b949a93,322a177d-b623-473e-aa89-c5c7cc3df5cc,AUTOPISTA DEL OESTE,REPUBLICA,6,,6,2026-03-23 17:21:24+00,4771.95,4771.95,3,1,0.7233,17.35,19.12,18.19,B,CONFIRMADO,PICO,false,true,2026-08-25 20:16:19.719513+00
05d1a320-8580-4a2a-826b-6aa247f84c69,c2ee6a1d-9484-4e6e-ac7e-2830069094a6,323c1857-0351-49c7-8dd3-def53d71870d,CORREDORES VIALES SA,TANDIL (VASCONIA) - RUTA 226 KM. 153,,4,4,2026-03-25 12:09:14+00,6000,6000,3,1,4.2403,11.95,22.33,17.07,A,CONFIRMADO,NO_PICO,false,true,2026-08-28 20:02:23.643336+00
e666525f-ed26-4fb0-bf7a-0e96094b141f,c2ee6a1d-9484-4e6e-ac7e-2830069094a6,f12f9dcd-073e-4d55-b72b-9ea09a59251d,CORREDORES VIALES SA,HINOJO - RUTA 226 KM. 276,,4,4,2026-03-25 14:00:50+00,6000,6000,7,1,2.1413,13.58,20.93,17.7,A,CONFIRMADO,NO_PICO,false,true,2026-08-31 11:28:31.712858+00
d02451ea-57cb-4b9c-a039-0dde873a73fb,c4d1ffb5-7363-4291-84be-9da3665f002a,aa90f1c4-b2e3-43a1-addc-783ae862c18c,UNIDAD EJECUTORA (SANTA FE),SAN LORENZO SUR,5,,5,2026-03-25 18:20:39+00,6600,6600,6,1,2.2581,10.12,15.4,12,B,CONFIRMADO,NO_PICO,false,true,2026-08-13 12:07:42.428603+00
ac50b230-935b-40be-b72d-1b3adfe71909,c2ee6a1d-9484-4e6e-ac7e-2830069094a6,752c9932-6f2d-4dca-bed6-699cbccbbbf3,CORREDORES VIALES SA,CAÑUELAS - RUTA 3 KM. 76,,3,3,2026-03-26 00:25:59+00,4500,4500,1,1,0,0.42,0.42,0.42,A,CONFIRMADO,NO_PICO,false,true,2026-08-31 13:40:30.564802+00
afc8da86-fecb-4dac-9a2f-fb47ccd4ebc4,c4d1ffb5-7363-4291-84be-9da3665f002a,7718d26d-e724-415a-9e76-841683d3a774,UNIDAD EJECUTORA (SANTA FE),SANTO TOME,6,,6,2026-03-26 18:19:32+00,8400,8400,1,1,0,22.73,22.73,22.73,B,CONFIRMADO,NO_PICO,false,true,2026-08-13 12:07:42.428603+00
0f6eb59e-23b6-43b2-827f-226c7b9a083d,4c3fcfe9-84f5-4b57-8875-25145b949a93,7b84ab42-0ec6-4302-bdb1-714601bc2f49,AUTOPISTA DEL OESTE,MALVINAS,6,,6,2026-03-27 13:11:43+00,3976.59,3976.59,4,1,4.2829,11.5,21.43,16.85,B,CONFIRMADO,NO_PICO,false,true,2026-08-13 12:07:42.428603+00
814abc10-4d2d-417e-84cc-5ed5029c98d0,4c3fcfe9-84f5-4b57-8875-25145b949a93,a6749964-64e2-4f95-b7b3-ecb4a68c1a14,AUTOPISTA DEL OESTE,BUEN AYRE,2,,2,2026-03-28 06:09:45+00,994.15,994.15,1,1,0,16.1,16.1,16.1,B,CONFIRMADO,NO_PICO,false,true,2026-08-13 12:07:42.428603+00
29376fa0-d2b3-4d10-acfe-027b57592e4a,4c3fcfe9-84f5-4b57-8875-25145b949a93,ce3ce0ac-8b57-4fc2-8a1e-3a1fc3428a4a,AUTOPISTA DEL OESTE,DEL RODEO,2,,2,2026-03-28 07:36:13+00,994.15,994.15,1,1,0,7.6,7.6,7.6,B,CONFIRMADO,NO_PICO,false,true,2026-08-25 20:16:19.719513+00
fe917d4b-ff97-4cf2-a957-aa6f66e4665d,4c3fcfe9-84f5-4b57-8875-25145b949a93,5c930215-cdd3-4c78-8df9-2e7ee9d9ec67,AUTOPISTA DEL OESTE,ITUZAINGÓ,2,,2,2026-03-28 13:38:53+00,1192.99,994.15,2,1.2,0.4833,7.77,8.73,8.25,B,CONFIRMADO,PICO,false,true,2026-08-13 12:07:42.428603+00
a7bb571a-92fc-4a30-b82f-5810c134c1d1,4c3fcfe9-84f5-4b57-8875-25145b949a93,ce3ce0ac-8b57-4fc2-8a1e-3a1fc3428a4a,AUTOPISTA DEL OESTE,DEL RODEO,2,,2,2026-03-28 13:58:25+00,1192.99,1192.99,1,1,0,13.97,13.97,13.97,B,CONFIRMADO,PICO,false,true,2026-08-25 20:16:19.719513+00
bdc805a3-8968-415f-b09a-8b2a73d4963d,4c3fcfe9-84f5-4b57-8875-25145b949a93,5a1618dd-9e67-49df-8c43-8d239c834955,AUTOPISTA DEL OESTE,LUJAN,2,,2,2026-03-28 14:02:27+00,1192.99,994.15,6,1.2,4.3288,7.32,19.95,10.38,B,CONFIRMADO,PICO,false,true,2026-08-13 12:07:42.428603+00
1f090a8d-17f9-450e-b797-c6b91ac01a7f,fcf50348-fe3d-48db-934f-13e0af1e0e74,139fff4c-db47-4169-b2c9-6a22302db69a,AUSA,VARELA,8,,8,2026-03-30 08:14:06+00,29892.69,29892.69,2,1,4.75,8.23,17.73,12.98,B,CONFIRMADO,PICO,false,true,2026-08-26 11:38:08.0724+00
e1b32c21-6550-405b-9cfd-a8764b9f78c1,4c3fcfe9-84f5-4b57-8875-25145b949a93,ca7dd0f1-9605-44cf-a57a-13707b43fc69,AUTOPISTA DEL OESTE,SANTA ROSA,7,,7,2026-03-30 11:56:32+00,4970.74,4970.74,1,1,0,11.93,11.93,11.93,B,CONFIRMADO,NO_PICO,false,true,2026-08-25 20:16:19.719513+00
ee707446-c688-416a-8a38-bd3dcc9d8078,dc7dad0c-adda-4a56-a1f4-2ec87c19c356,6111cae9-a416-4014-bcb3-8cccb83436f7,AUSOL,PILAR DECALADA,6,,6,2026-03-30 12:17:30+00,3976.59,3976.59,1,1,0,11.78,11.78,11.78,B,CONFIRMADO,NO_PICO,false,true,2026-08-13 12:07:42.428603+00
15ff62c1-293f-4024-a887-a975a210edc9,dc7dad0c-adda-4a56-a1f4-2ec87c19c356,25bfd059-2663-4836-9fc4-c4bd56ece4dc,AUSOL,CAMPANA,3,,3,2026-03-30 14:46:34+00,1988.3,1988.3,2,1,0.6083,14.77,15.98,15.38,B,CONFIRMADO,NO_PICO,false,true,2026-08-26 12:48:02.061983+00
fdf1ac63-3d5f-4ed3-ab87-d32c2cb94200,dc7dad0c-adda-4a56-a1f4-2ec87c19c356,dea354ac-06dc-4afe-987c-fcacbe818d5d,AUSOL,RUTA 202,3,,3,2026-03-30 15:11:24+00,1988.3,1988.3,1,1,0,15.18,15.18,15.18,B,CONFIRMADO,NO_PICO,false,true,2026-08-26 12:48:02.061983+00
76429767-1053-4e87-8d9c-14df6f7d7da7,dc7dad0c-adda-4a56-a1f4-2ec87c19c356,83bf0b9a-6f74-4052-8d17-f40cf21ffe83,AUSOL,RUTA 197,3,,3,2026-03-30 15:24:48+00,1988.3,1988.3,1,1,0,15.4,15.4,15.4,B,CONFIRMADO,NO_PICO,false,true,2026-08-26 12:48:02.061983+00
2de1e5ae-353c-4f89-9fd8-a7fe118caace,c2ee6a1d-9484-4e6e-ac7e-2830069094a6,752c9932-6f2d-4dca-bed6-699cbccbbbf3,CORREDORES VIALES SA,CAÑUELAS - RUTA 3 KM. 76,,2,2,2026-03-30 19:39:12+00,3000,3000,1,1,0,19.65,19.65,19.65,A,CONFIRMADO,NO_PICO,false,true,2026-08-28 19:44:05.341861+00
bbe68a95-9789-4254-9d3f-7c9306e94851,dc7dad0c-adda-4a56-a1f4-2ec87c19c356,79bbc328-eb06-4cc9-9a35-50687155a0df,AUSOL,SAN MARTIN,6,,6,2026-03-31 15:34:54+00,3976.59,3976.59,2,1,0.025,15.57,15.62,15.59,B,CONFIRMADO,PICO,false,true,2026-08-26 12:48:02.061983+00
5b90240c-11c6-443f-b74a-643092a2c5dc,fcf50348-fe3d-48db-934f-13e0af1e0e74,83ded803-cdec-40ac-8e06-16940f9b1a83,AUSA,PASEO DEL BAJO,9,,9,2026-04-01 00:10:53+00,9172.97,9172.97,58,1,6.6152,0.05,23.93,13.18,B,CONFIRMADO,NO_PICO,true,true,2026-08-26 11:35:04.89374+00
41c3f7ea-1503-4d75-8e86-61103629b67c,fcf50348-fe3d-48db-934f-13e0af1e0e74,5446946e-152a-4640-af51-d8eff269d0f3,AUSA,ILLIA II,8,,8,2026-04-01 00:13:09+00,5580.72,5580.72,5,1,2.9543,6.9,15.72,12,B,CONFIRMADO,NO_PICO,false,true,2026-08-26 11:35:04.89374+00
6f5e140a-d0cf-40d3-8713-d91a40b2a6c3,fcf50348-fe3d-48db-934f-13e0af1e0e74,5446946e-152a-4640-af51-d8eff269d0f3,AUSA,ILLIA II,9,,9,2026-04-01 00:14:31+00,5580.72,5580.72,44,1,6.9231,0.05,23.93,12.02,B,CONFIRMADO,NO_PICO,true,true,2026-08-26 11:35:04.89374+00
e07af6f2-443a-4733-9d03-c0a95a3c38d3,fcf50348-fe3d-48db-934f-13e0af1e0e74,83ded803-cdec-40ac-8e06-16940f9b1a83,AUSA,PASEO DEL BAJO,8,,8,2026-04-01 00:19:51+00,9172.97,9172.97,1,1,0,16.18,16.18,16.18,B,CONFIRMADO,NO_PICO,false,true,2026-08-26 11:33:25.75521+00
11898f2c-b902-4773-a50e-c5ccc40496d4,fcf50348-fe3d-48db-934f-13e0af1e0e74,83ded803-cdec-40ac-8e06-16940f9b1a83,AUSA,PASEO DEL BAJO,7,,7,2026-04-01 01:30:16+00,9172.97,9172.97,45,1,4.7094,2.68,22.73,13.8,B,CONFIRMADO,NO_PICO,true,true,2026-08-26 11:35:04.89374+00
6f100a4a-80cc-405e-a8c7-fe646784c5ee,fcf50348-fe3d-48db-934f-13e0af1e0e74,5446946e-152a-4640-af51-d8eff269d0f3,AUSA,ILLIA II,7,,7,2026-04-01 01:36:54+00,5580.72,5580.72,29,1,5.0437,2.57,23.2,14.39,B,CONFIRMADO,NO_PICO,true,true,2026-08-26 11:35:04.89374+00
3943a89b-86d0-48a6-a09a-c46e39017c47,fcf50348-fe3d-48db-934f-13e0af1e0e74,139fff4c-db47-4169-b2c9-6a22302db69a,AUSA,VARELA,7,,7,2026-04-01 04:12:38+00,14084.49,14084.49,19,1,5.6557,2.15,23.98,12.12,B,CONFIRMADO,NO_PICO,true,true,2026-08-26 11:35:04.89374+00
4a5e773f-34b5-496b-ae37-379d9b8eb11d,fcf50348-fe3d-48db-934f-13e0af1e0e74,5446946e-152a-4640-af51-d8eff269d0f3,AUSA,ILLIA II,4,,4,2026-04-01 05:02:37+00,2391.63,2391.63,3,1,1.5653,11.02,14.77,13.12,B,CONFIRMADO,NO_PICO,false,true,2026-08-26 11:35:04.89374+00
652fd933-8062-4a82-b441-2bb71c3a8031,fcf50348-fe3d-48db-934f-13e0af1e0e74,83ded803-cdec-40ac-8e06-16940f9b1a83,AUSA,PASEO DEL BAJO,4,,4,2026-04-01 05:10:35+00,7056.05,7056.05,5,1,2.0211,9.97,14.88,11.89,B,CONFIRMADO,NO_PICO,false,true,2026-08-26 11:35:04.89374+00
28cfbadc-698f-44ce-8adc-39052085807d,fcf50348-fe3d-48db-934f-13e0af1e0e74,139fff4c-db47-4169-b2c9-6a22302db69a,AUSA,VARELA,8,,8,2026-04-01 06:08:30+00,14084.49,14084.49,5,1,3.9826,6.6,15.88,9.86,B,CONFIRMADO,NO_PICO,false,true,2026-08-26 11:35:04.89374+00
f5804d9d-6759-4dbf-9238-c3c181589654,fcf50348-fe3d-48db-934f-13e0af1e0e74,5446946e-152a-4640-af51-d8eff269d0f3,AUSA,ILLIA II,7,,7,2026-04-01 07:09:04+00,15678.81,15678.81,15,1,4.4642,8.03,20.58,14.34,B,CONFIRMADO,PICO,true,true,2026-08-26 11:35:04.89374+00
d5924899-c46f-45a2-aff9-3e41e9b6e636,fcf50348-fe3d-48db-934f-13e0af1e0e74,139fff4c-db47-4169-b2c9-6a22302db69a,AUSA,VARELA,4,,4,2026-04-01 09:55:26+00,7440.75,7440.75,1,1,0,16.7,16.7,16.7,B,CONFIRMADO,PICO,false,true,2026-08-26 11:35:04.89374+00
0f5eae14-3fff-4e7e-ac1c-e9831e00abf5,4c3fcfe9-84f5-4b57-8875-25145b949a93,5c930215-cdd3-4c78-8df9-2e7ee9d9ec67,AUTOPISTA DEL OESTE,ITUZAINGÓ,3,,3,2026-04-01 10:38:28+00,2385.97,2385.97,1,1,0,10.63,10.63,10.63,B,CONFIRMADO,PICO,false,true,2026-08-25 20:16:48.34129+00
080d6c77-c148-4308-be45-712ad16a1d7d,fcf50348-fe3d-48db-934f-13e0af1e0e74,139fff4c-db47-4169-b2c9-6a22302db69a,AUSA,VARELA,9,,9,2026-04-01 12:20:28+00,14084.49,14084.49,26,1,7.037,0.88,23.77,11.74,B,CONFIRMADO,NO_PICO,true,true,2026-08-26 11:35:04.89374+00
447af674-b648-4e3b-8396-633e9f5536bd,4c3fcfe9-84f5-4b57-8875-25145b949a93,5c930215-cdd3-4c78-8df9-2e7ee9d9ec67,AUTOPISTA DEL OESTE,ITUZAINGÓ,3,,3,2026-04-01 12:22:54+00,1988.3,1988.3,1,1,0,12.37,12.37,12.37,B,CONFIRMADO,NO_PICO,false,true,2026-08-25 20:16:48.34129+00
8f6e20a2-995b-455c-b290-95b294f29dc4,fcf50348-fe3d-48db-934f-13e0af1e0e74,e98ce678-0d1d-4a44-8b08-d5ee7a42e93f,AUSA,REMEDIOS,9,,9,2026-04-01 12:33:11+00,14084.49,14084.49,9,1,7.2079,0.47,22.92,13.97,B,CONFIRMADO,NO_PICO,false,true,2026-08-26 11:35:04.89374+00
08806bf3-8426-4f2d-9222-0a680ee9cc4e,fcf50348-fe3d-48db-934f-13e0af1e0e74,b6ebf1f0-e098-4e88-8865-af82f7507913,AUSA,SALGUERO,2,,2,2026-04-01 12:41:52+00,1328.62,1328.62,1,1,0,12.68,12.68,12.68,B,CONFIRMADO,NO_PICO,false,true,2026-08-26 14:53:21.374811+00
15fe26f3-c4dc-4f13-8317-e9b213d9b0ec,cc292b0a-f901-4db7-b099-52144e36a1a9,2af2f8e5-fec2-44c0-8e3e-a72a481b551e,Autovía del Mercosur,Piedritas,5,,5,2026-04-01 12:50:51+00,5660.62,5660.62,4,1,3.3423,6.15,15.25,11.55,B,CONFIRMADO,NO_PICO,false,true,2026-08-25 20:58:57.601911+00
f1e9bc71-16ed-477f-9eb7-cdb3670d0fe0,fcf50348-fe3d-48db-934f-13e0af1e0e74,e98ce678-0d1d-4a44-8b08-d5ee7a42e93f,AUSA,REMEDIOS,7,,7,2026-04-01 15:56:18+00,14084.49,14084.49,9,1,5.5839,0.47,21.6,11.18,B,CONFIRMADO,NO_PICO,false,true,2026-08-26 11:35:04.89374+00
f4e86540-ab06-437f-b903-c4b78ed518b6,dc7dad0c-adda-4a56-a1f4-2ec87c19c356,25bfd059-2663-4836-9fc4-c4bd56ece4dc,AUSOL,CAMPANA,2,,2,2026-04-01 16:15:19+00,5964.94,5964.94,2,1,0,16.25,16.25,16.25,B,CONFIRMADO,PICO,false,true,2026-08-26 17:31:18.584483+00
8b02083b-2902-4d2e-ab91-bb71a3835b44,fcf50348-fe3d-48db-934f-13e0af1e0e74,5446946e-152a-4640-af51-d8eff269d0f3,AUSA,ILLIA II,9,,9,2026-04-01 16:50:42+00,15678.81,15678.81,12,1,2.1533,12.05,20.35,18.01,B,CONFIRMADO,PICO,false,true,2026-08-26 11:35:04.89374+00
ad8d0e1e-3894-4914-aeca-8c90671dbdb4,cc292b0a-f901-4db7-b099-52144e36a1a9,8e7341e6-0c5a-442c-9452-cca8f776a436,Autovía del Mercosur,Colonia,5,,5,2026-04-01 17:04:45+00,5660.62,5660.62,4,1,3.2502,8.52,17.07,11.81,B,CONFIRMADO,NO_PICO,false,true,2026-08-25 20:57:52.608958+00
7c23f8b0-65c8-48db-a69d-a20b656ef2f7,fcf50348-fe3d-48db-934f-13e0af1e0e74,5446946e-152a-4640-af51-d8eff269d0f3,AUSA,ILLIA II,8,,8,2026-04-01 17:08:15+00,15678.81,15678.81,4,1,4.1483,7.02,17.12,10.12,B,CONFIRMADO,PICO,false,true,2026-08-26 11:35:04.89374+00
792970c7-89db-4f50-9a3f-e23cd418cda3,fcf50348-fe3d-48db-934f-13e0af1e0e74,139fff4c-db47-4169-b2c9-6a22302db69a,AUSA,VARELA,8,,8,2026-04-01 17:15:52+00,31357.48,31357.48,2,1,0.2333,18.48,18.95,18.72,B,CONFIRMADO,PICO,false,true,2026-08-26 11:36:02.699553+00
7af9da14-c901-4489-a666-f4ddc6493df3,fcf50348-fe3d-48db-934f-13e0af1e0e74,139fff4c-db47-4169-b2c9-6a22302db69a,AUSA,VARELA,9,,9,2026-04-01 17:21:19+00,31357.48,31357.48,11,1,4.0888,8,19.7,12.45,B,CONFIRMADO,PICO,false,true,2026-08-26 11:35:04.89374+00
a62b491b-336d-47a6-8838-7729427d5808,cc292b0a-f901-4db7-b099-52144e36a1a9,0a30e9ee-e9e0-4656-a3be-5db998fda26c,Autovía del Mercosur,YERAU,5,,5,2026-04-05 13:40:21+00,5660.62,5660.62,3,1,2.2928,8.08,13.67,10.7,B,CONFIRMADO,NO_PICO,false,true,2026-08-25 20:58:27.026588+00
7d1f3512-24fa-4c16-99af-5f9dbd213a77,ab449656-bebf-4cb2-bbb3-6221403e1c7b,67486ca3-6e88-49a8-b628-7f41e946da5a,AUBASA,DOCK SUD,6,,6,2026-04-06 00:38:11+00,11222.12,11222.12,2,1,5.6333,5.28,16.55,10.92,B,CONFIRMADO,NO_PICO,false,true,2026-08-13 12:07:42.428603+00
5bd4812f-0b9d-4869-953b-ccedc5547d8d,ab449656-bebf-4cb2-bbb3-6221403e1c7b,67486ca3-6e88-49a8-b628-7f41e946da5a,AUBASA,DOCK SUD,7,,7,2026-04-06 01:15:38+00,13466.55,13466.55,4,1,3.001,14.25,22.42,18.02,B,CONFIRMADO,PICO,false,true,2026-08-13 12:07:42.428603+00
4f75da74-f4a6-4fd2-a6b6-07e27628da99,ab449656-bebf-4cb2-bbb3-6221403e1c7b,67486ca3-6e88-49a8-b628-7f41e946da5a,AUBASA,DOCK SUD,6,,6,2026-04-06 07:02:02+00,14027.67,14027.67,8,1,4.2085,9.2,19.85,12.79,B,CONFIRMADO,NO_PICO,false,true,2026-08-20 19:26:04.258014+00
185ee54f-5523-4bb3-a777-fccfc210cc30,c2ee6a1d-9484-4e6e-ac7e-2830069094a6,1eeb3df0-0f50-4497-9937-2108b235a266,CORREDORES VIALES SA,TRISTAN SUAREZ,2,,2,2026-04-06 09:39:28+00,1500,1500,1,1,0,9.65,9.65,9.65,B,CONFIRMADO,PICO,false,true,2026-08-26 14:30:06.580601+00
689280c8-b4de-4bd8-8523-0ff6a1844619,dc7dad0c-adda-4a56-a1f4-2ec87c19c356,66f9702e-3498-4cca-b3b9-c70a587011b4,AUSOL,CAMPANA DECALADA,2,,2,2026-04-06 15:23:15+00,994.15,994.15,1,1,0,15.38,15.38,15.38,B,CONFIRMADO,NO_PICO,false,true,2026-08-26 12:48:06.874723+00
4d8284fa-7df8-4a82-a631-5d053406063d,fcf50348-fe3d-48db-934f-13e0af1e0e74,5446946e-152a-4640-af51-d8eff269d0f3,AUSA,ILLIA II,2,,2,2026-04-06 16:48:21+00,1878.85,1878.85,3,1,3.5545,9.12,17.13,14.11,B,CONFIRMADO,PICO,false,true,2026-08-26 11:35:04.89374+00
346131bb-2d07-4385-804b-7008fadc17c1,fcf50348-fe3d-48db-934f-13e0af1e0e74,139fff4c-db47-4169-b2c9-6a22302db69a,AUSA,VARELA,7,,7,2026-04-06 17:32:28+00,31357.48,31357.48,10,1,3.6927,7.72,19.48,14.92,B,CONFIRMADO,PICO,false,true,2026-08-26 11:35:04.89374+00
c854bb01-374f-4a98-83bf-474384bd12a2,4c3fcfe9-84f5-4b57-8875-25145b949a93,50c7ae33-9660-48fc-a2e5-86a752d8c0cf,AUTOPISTA DEL OESTE,GRAL.RODRIGUEZ,6,,6,2026-04-07 08:04:22+00,4771.95,3976.59,1,1.2,0,9.07,9.07,9.07,B,CONFIRMADO,PICO,false,true,2026-08-13 12:07:42.428603+00
40039c5a-aa33-4bd6-80dd-cb64d70ab11c,fcf50348-fe3d-48db-934f-13e0af1e0e74,e98ce678-0d1d-4a44-8b08-d5ee7a42e93f,AUSA,REMEDIOS,7,,7,2026-04-07 10:45:40+00,31357.48,31357.48,4,1,2.9278,10.25,17.4,15.24,B,CONFIRMADO,PICO,false,true,2026-08-26 11:35:04.89374+00
8d1b5392-0484-4f1c-a5bd-8c108faadab0,fcf50348-fe3d-48db-934f-13e0af1e0e74,e98ce678-0d1d-4a44-8b08-d5ee7a42e93f,AUSA,REMEDIOS,8,,8,2026-04-08 10:49:43+00,31357.48,31357.48,1,1,0,10.82,10.82,10.82,B,CONFIRMADO,PICO,false,true,2026-08-26 11:36:43.959844+00
e25fd28a-dd80-403b-8fbc-a59370f05f35,fcf50348-fe3d-48db-934f-13e0af1e0e74,2f14708d-f520-40d8-b5ce-cac30efdd946,AUSA,ALBERTI,2,,2,2026-04-08 11:35:32+00,1009.92,1009.92,1,1,0,11.58,11.58,11.58,B,CONFIRMADO,NO_PICO,false,true,2026-08-26 11:36:43.959844+00
f10e2ee8-a44a-4d03-a61a-a31385b8834b,c2ee6a1d-9484-4e6e-ac7e-2830069094a6,a2facb41-ca0e-482a-ae67-e3422ab7ef9b,CORREDORES VIALES SA,JAMES CRAIK - AUTOVIA ROSARIO - CORDOBA KM. 595,7,,7,2026-04-08 16:59:43+00,7500,7500,1,1,0,16.98,16.98,16.98,B,CONFIRMADO,NO_PICO,false,true,2026-08-26 14:30:06.580601+00
8e750e5e-e4c0-4ab5-a1da-1b5b00917756,c2ee6a1d-9484-4e6e-ac7e-2830069094a6,d85f2bae-0aa1-4128-8b9a-e9f4383d10d0,CORREDORES VIALES SA,DONOVAN,7,,7,2026-04-08 17:07:22+00,7500,7500,1,1,0,17.12,17.12,17.12,B,CONFIRMADO,PICO,false,true,2026-08-26 14:30:06.580601+00
57c3cd0a-ab44-4661-8fb3-f1f595e63e7d,ab449656-bebf-4cb2-bbb3-6221403e1c7b,3f32d96b-e51f-4e5e-a473-be7bcc3de5e9,AUBASA,HUDSON,7,,7,2026-04-08 21:54:03+00,13466.55,13466.55,32,1,7.781,0.5,23.67,13.81,B,CONFIRMADO,NO_PICO,true,true,2026-08-13 12:07:42.428603+00
429e9070-16be-457e-99ee-d7dcc6e52209,ab449656-bebf-4cb2-bbb3-6221403e1c7b,67486ca3-6e88-49a8-b628-7f41e946da5a,AUBASA,DOCK SUD,7,,7,2026-04-09 07:08:46+00,16833.2,16833.2,1,1,0,17.37,17.37,17.37,B,CONFIRMADO,PICO,false,true,2026-08-20 19:22:53.141726+00
5fea254f-cb83-4e83-913b-50e4aaf5d11a,ab449656-bebf-4cb2-bbb3-6221403e1c7b,3f32d96b-e51f-4e5e-a473-be7bcc3de5e9,AUBASA,HUDSON,6,,6,2026-04-09 09:12:44+00,14027.67,11222.12,1,1.25,0,8.1,8.1,8.1,B,CONFIRMADO,PICO,false,true,2026-08-13 12:07:42.428603+00
2a65bc3e-855d-4187-bd5c-465c98e6043a,fcf50348-fe3d-48db-934f-13e0af1e0e74,e98ce678-0d1d-4a44-8b08-d5ee7a42e93f,AUSA,REMEDIOS,9,,9,2026-04-09 10:18:30+00,31357.48,31357.48,7,1,3.2222,10.2,19.33,16.05,B,CONFIRMADO,PICO,false,true,2026-08-26 11:35:04.89374+00
42d0099e-5d84-440b-bba2-69fce7aadfbc,ab449656-bebf-4cb2-bbb3-6221403e1c7b,3f32d96b-e51f-4e5e-a473-be7bcc3de5e9,AUBASA,HUDSON,6,,6,2026-04-09 12:02:20+00,11222.12,11222.12,5,1,8.2469,2.6,22.7,12.77,B,CONFIRMADO,NO_PICO,false,true,2026-08-13 12:07:42.428603+00
6c99541f-9930-469a-9872-92c501d30add,ab449656-bebf-4cb2-bbb3-6221403e1c7b,bd4d72fc-71cb-4d0e-a43f-6d6bb2ad1e6e,AUBASA,GUTIERREZ,7,,7,2026-04-09 12:27:02+00,13466.55,13466.55,1,1,0,12.37,12.37,12.37,B,CONFIRMADO,NO_PICO,false,true,2026-08-13 12:07:42.428603+00
4c27fd50-d624-4985-9375-d7bc02925873,ab449656-bebf-4cb2-bbb3-6221403e1c7b,3f32d96b-e51f-4e5e-a473-be7bcc3de5e9,AUBASA,HUDSON,6,,6,2026-04-09 15:19:13+00,22444.27,11222.12,4,2,1.1333,11.1,14.02,12.85,B,CONFIRMADO,NO_PICO,false,true,2026-08-13 12:07:42.428603+00
b9d4a6db-af0f-4788-acbb-e39ccd4c39ac,fcf50348-fe3d-48db-934f-13e0af1e0e74,5446946e-152a-4640-af51-d8eff269d0f3,AUSA,ILLIA II,2,,2,2026-04-09 15:50:20+00,1328.62,1328.62,4,1,2.8791,12.9,20.62,15.96,B,CONFIRMADO,NO_PICO,false,true,2026-08-26 11:35:04.89374+00
87bb7e38-153f-4c05-8651-97bd4dc5072e,ab449656-bebf-4cb2-bbb3-6221403e1c7b,67486ca3-6e88-49a8-b628-7f41e946da5a,AUBASA,DOCK SUD,2,,2,2026-04-09 16:13:47+00,2244.43,2244.43,3,1,4.3694,13.05,23.15,19.12,B,CONFIRMADO,NO_PICO,false,true,2026-08-13 12:07:42.428603+00
5eb6ae2b-c246-4fd7-9019-0a36b5de1804,ab449656-bebf-4cb2-bbb3-6221403e1c7b,3f32d96b-e51f-4e5e-a473-be7bcc3de5e9,AUBASA,HUDSON,7,,7,2026-04-09 17:03:54+00,16833.2,13466.55,5,1.25,4.4739,7.15,18.93,16.04,B,CONFIRMADO,PICO,false,true,2026-08-13 12:07:42.428603+00
6d843c56-72f9-44f9-9f80-57a21afa0995,fcf50348-fe3d-48db-934f-13e0af1e0e74,5446946e-152a-4640-af51-d8eff269d0f3,AUSA,ILLIA II,4,,4,2026-04-09 17:35:39+00,3454.67,3454.67,2,1,0.0917,9.9,10.08,9.99,B,CONFIRMADO,PICO,false,true,2026-08-26 11:35:04.89374+00
b07ac1fd-9f5f-4dee-af22-d0fff93d6050,ab449656-bebf-4cb2-bbb3-6221403e1c7b,3f32d96b-e51f-4e5e-a473-be7bcc3de5e9,AUBASA,HUDSON,6,,6,2026-04-09 17:36:23+00,28055.32,28055.32,1,1,0,19.85,19.85,19.85,B,CONFIRMADO,PICO,false,true,2026-08-20 19:26:04.258014+00
aee55614-70d4-479c-a7fb-5b24be27d57e,ab449656-bebf-4cb2-bbb3-6221403e1c7b,4afa5df3-640a-49e7-96c7-8dfb9790afc5,AUBASA,MAIPU,6,,6,2026-04-09 21:48:02+00,36813.65,36813.65,2,1,1.8,10.05,13.65,11.85,B,CONFIRMADO,NO_PICO,false,true,2026-08-20 19:29:00.942425+00
fcf218d4-4780-48cf-9627-f5e9a337328b,cc292b0a-f901-4db7-b099-52144e36a1a9,8e7341e6-0c5a-442c-9452-cca8f776a436,Autovía del Mercosur,Colonia,7,,7,2026-04-10 00:11:30+00,7655.43,7655.43,20,1,7.0142,0.18,22.93,14.52,B,CONFIRMADO,NO_PICO,true,true,2026-08-25 20:57:52.608958+00
54a1e2a4-9603-4b4a-aebd-54fb7a4bd879,cc292b0a-f901-4db7-b099-52144e36a1a9,c9ed477b-11e7-4698-a81d-97813a9ae538,Autovía del Mercosur,Zarate,7,,7,2026-04-10 02:30:10+00,7655.43,7655.43,31,1,6.5266,1.6,23.83,14.5,B,CONFIRMADO,NO_PICO,true,true,2026-08-25 20:57:17.639114+00
4c034632-7d6d-44cf-b02e-eed4f2b34a57,cc292b0a-f901-4db7-b099-52144e36a1a9,0a30e9ee-e9e0-4656-a3be-5db998fda26c,Autovía del Mercosur,YERAU,7,,7,2026-04-10 05:13:00+00,7655.43,7655.43,15,1,4.9177,4.65,20.33,12.29,B,CONFIRMADO,NO_PICO,true,true,2026-08-25 20:58:27.026588+00
d5d93d4c-75ad-4700-bd46-e8408f5ddcf0,cc292b0a-f901-4db7-b099-52144e36a1a9,0a30e9ee-e9e0-4656-a3be-5db998fda26c,Autovía del Mercosur,YERAU,6,,6,2026-04-10 06:26:06+00,7655.43,7655.43,10,1,4.8348,9,22.28,15.91,B,CONFIRMADO,NO_PICO,false,true,2026-08-25 20:58:27.026588+00
2f188c42-e9c0-4a98-abbb-b4f7b0554731,cc292b0a-f901-4db7-b099-52144e36a1a9,c9ed477b-11e7-4698-a81d-97813a9ae538,Autovía del Mercosur,Zarate,6,,6,2026-04-10 06:44:07+00,7655.43,7655.43,22,1,4.7482,0.05,19.98,13.89,B,CONFIRMADO,NO_PICO,true,true,2026-08-25 20:57:17.639114+00
dbaeb319-a4ae-4479-bd34-80caf9109920,cc292b0a-f901-4db7-b099-52144e36a1a9,2af2f8e5-fec2-44c0-8e3e-a72a481b551e,Autovía del Mercosur,Piedritas,7,,7,2026-04-10 06:58:13+00,7655.43,7655.43,16,1,5.5096,2.72,22.05,14.51,B,CONFIRMADO,NO_PICO,true,true,2026-08-25 20:58:57.601911+00
12a4832b-0c14-4f9f-b499-cb16b18d6d62,ab449656-bebf-4cb2-bbb3-6221403e1c7b,3f32d96b-e51f-4e5e-a473-be7bcc3de5e9,AUBASA,HUDSON,7,,7,2026-04-10 07:42:39+00,33666.39,13466.55,6,2.5,3.7812,8.72,19.58,17.13,B,CONFIRMADO,PICO,false,true,2026-08-13 12:07:42.428603+00
3bb63414-ef7f-4d09-ad29-833f4bda4ea5,ab449656-bebf-4cb2-bbb3-6221403e1c7b,bd4d72fc-71cb-4d0e-a43f-6d6bb2ad1e6e,AUBASA,GUTIERREZ,7,,7,2026-04-10 07:43:07+00,16833.2,13466.55,4,1.25,0.6778,17.25,19.17,18.21,B,CONFIRMADO,PICO,false,true,2026-08-13 12:07:42.428603+00
6571c9a4-65c4-419e-b109-8949cef4c0e0,cc292b0a-f901-4db7-b099-52144e36a1a9,8e7341e6-0c5a-442c-9452-cca8f776a436,Autovía del Mercosur,Colonia,6,,6,2026-04-10 07:47:50+00,7655.43,7655.43,15,1,4.7885,7.72,22.12,15.57,B,CONFIRMADO,NO_PICO,true,true,2026-08-25 20:57:52.608958+00
fbf66f63-6a39-428b-a0d4-11ebfcd65975,cc292b0a-f901-4db7-b099-52144e36a1a9,c9ed477b-11e7-4698-a81d-97813a9ae538,Autovía del Mercosur,Zarate,2,,2,2026-04-10 08:30:40+00,1913.86,1913.86,9,1,5.7146,0.38,18.83,11.06,B,CONFIRMADO,NO_PICO,false,true,2026-08-25 20:57:17.639114+00
5ec08c58-6350-489c-a725-2f033a5d6af3,cc292b0a-f901-4db7-b099-52144e36a1a9,8e7341e6-0c5a-442c-9452-cca8f776a436,Autovía del Mercosur,Colonia,2,,2,2026-04-10 10:06:44+00,1913.86,1913.86,2,1,2,10.1,14.1,12.1,B,CONFIRMADO,NO_PICO,false,true,2026-08-25 20:57:52.608958+00
0355d14d-0e71-4fbb-9ada-c9cec68c4633,fcf50348-fe3d-48db-934f-13e0af1e0e74,b6649fde-3788-4677-b79c-4f3c57a7f2d3,AUSA,SARMIENTO,7,,7,2026-04-10 11:09:25+00,5580.72,5580.72,1,1,0,11.15,11.15,11.15,B,CONFIRMADO,NO_PICO,false,true,2026-08-26 11:36:43.959844+00
2184e82d-d057-4249-8f27-f7960dcd02e5,c2ee6a1d-9484-4e6e-ac7e-2830069094a6,96950e1b-e362-4119-8b0f-3f7472bed3b1,CORREDORES VIALES SA,CERES - RUTA 34 KM 378,,,7,2026-04-10 12:35:31+00,7500,7500,1,1,0,12.58,12.58,12.58,A,CONFIRMADO,NO_PICO,false,true,2026-08-28 19:44:17.908747+00
5fd9f8d2-fbc6-4316-8e72-72c1509755c4,cc292b0a-f901-4db7-b099-52144e36a1a9,2af2f8e5-fec2-44c0-8e3e-a72a481b551e,Autovía del Mercosur,Piedritas,6,,6,2026-04-10 18:50:56+00,7655.43,7655.43,10,1,6.3713,6.58,23.8,14.91,B,CONFIRMADO,NO_PICO,false,true,2026-08-25 20:58:57.601911+00
736d4f20-2e92-4f66-8158-f7aeb99524be,cc292b0a-f901-4db7-b099-52144e36a1a9,2af2f8e5-fec2-44c0-8e3e-a72a481b551e,Autovía del Mercosur,Piedritas,5,,5,2026-04-11 15:43:48+00,5741.57,5741.57,2,1,2.0083,15.72,19.73,17.73,B,CONFIRMADO,NO_PICO,false,true,2026-08-25 20:58:57.601911+00
524b498a-d385-48bb-aeed-a45b463237d5,cc292b0a-f901-4db7-b099-52144e36a1a9,0a30e9ee-e9e0-4656-a3be-5db998fda26c,Autovía del Mercosur,YERAU,5,,5,2026-04-11 17:29:42+00,5741.57,5741.57,2,1,0.3333,17.48,18.15,17.82,B,CONFIRMADO,NO_PICO,false,true,2026-08-25 20:58:27.026588+00
e17b8c41-db56-42d2-aafc-4f762e7cf600,cc292b0a-f901-4db7-b099-52144e36a1a9,8e7341e6-0c5a-442c-9452-cca8f776a436,Autovía del Mercosur,Colonia,5,,5,2026-04-11 19:23:32+00,5741.57,5741.57,2,1,1.55,16.28,19.38,17.83,B,CONFIRMADO,NO_PICO,false,true,2026-08-25 20:57:52.608958+00
f8f015d8-7d11-4159-a45f-48699f9cc15e,cc292b0a-f901-4db7-b099-52144e36a1a9,c9ed477b-11e7-4698-a81d-97813a9ae538,Autovía del Mercosur,Zarate,5,,5,2026-04-11 21:50:06+00,5741.57,5741.57,2,1,4.0917,13.65,21.83,17.74,B,CONFIRMADO,NO_PICO,false,true,2026-08-25 20:57:17.639114+00
ccb802a3-ca5d-493e-957a-96e1e240f2fa,ab449656-bebf-4cb2-bbb3-6221403e1c7b,3f32d96b-e51f-4e5e-a473-be7bcc3de5e9,AUBASA,HUDSON,7,,7,2026-04-12 12:11:15+00,26933.11,13466.55,24,2,6.8923,0.45,22.08,10.65,B,CONFIRMADO,NO_PICO,true,true,2026-08-13 12:07:42.428603+00
9cdf5416-b533-441b-8216-066a6a85bad3,fcf50348-fe3d-48db-934f-13e0af1e0e74,e98ce678-0d1d-4a44-8b08-d5ee7a42e93f,AUSA,REMEDIOS,8,,8,2026-04-13 12:24:05+00,14084.49,14084.49,2,1,1.1167,12.1,14.33,13.22,B,CONFIRMADO,NO_PICO,false,true,2026-08-26 11:35:04.89374+00
3c92f30f-ee13-4b55-ae9a-c1b5faaefcfe,ab449656-bebf-4cb2-bbb3-6221403e1c7b,2ab8b3e2-a9ab-4577-b9c4-81a68c594edc,AUBASA,BERNAL,6,,6,2026-04-14 12:02:13+00,7855.48,7855.48,1,1,0,16.55,16.55,16.55,B,CONFIRMADO,NO_PICO,false,true,2026-08-20 19:27:29.730196+00
2742b670-f8ea-44ba-ae67-1bb29ba73efc,ab449656-bebf-4cb2-bbb3-6221403e1c7b,bd4d72fc-71cb-4d0e-a43f-6d6bb2ad1e6e,AUBASA,GUTIERREZ,6,,6,2026-04-14 20:19:09+00,11222.12,11222.12,3,1,1.654,13.75,17.65,16.02,B,CONFIRMADO,NO_PICO,false,true,2026-08-20 19:26:04.258014+00
3808d02d-038a-4016-b9c2-a1a37d90992c,4c3fcfe9-84f5-4b57-8875-25145b949a93,ca7dd0f1-9605-44cf-a57a-13707b43fc69,AUTOPISTA DEL OESTE,SANTA ROSA,6,,6,2026-04-15 14:59:41+00,3976.59,3976.59,1,1,0,14.98,14.98,14.98,B,CONFIRMADO,NO_PICO,false,true,2026-08-25 20:16:48.34129+00
c58c8337-dc43-43a1-87a7-36e8905d3467,fcf50348-fe3d-48db-934f-13e0af1e0e74,e98ce678-0d1d-4a44-8b08-d5ee7a42e93f,AUSA,REMEDIOS,4,,4,2026-04-16 09:37:07+00,7440.75,7440.75,1,1,0,9.62,9.62,9.62,B,CONFIRMADO,PICO,false,true,2026-08-26 11:36:02.699553+00
3e626b94-ff71-4183-af76-fee888d2518c,fcf50348-fe3d-48db-934f-13e0af1e0e74,139fff4c-db47-4169-b2c9-6a22302db69a,AUSA,VARELA,2,,2,2026-04-16 15:39:54+00,3189,3189,1,1,0,11.03,11.03,11.03,B,CONFIRMADO,NO_PICO,false,true,2026-08-26 11:35:04.89374+00
87c94a93-999a-4095-ba63-053057ebc58f,4c3fcfe9-84f5-4b57-8875-25145b949a93,4795860a-18b5-47b0-a1e1-5149cae53db2,AUTOPISTA DEL OESTE,VERGARA,2,,2,2026-04-16 16:02:04+00,1192.99,1192.99,1,1,0,16.03,16.03,16.03,B,CONFIRMADO,PICO,false,true,2026-08-25 20:17:40.421453+00
7bc69a4a-b8b7-4cf9-9151-5988017600a4,ab449656-bebf-4cb2-bbb3-6221403e1c7b,6ee7f0b6-e12c-4ea3-a096-6dae05c7c0c0,AUBASA,SAMBOROMBON,5,,5,2026-04-16 18:36:55+00,29450.92,29450.92,3,1,8.211,1.32,18.87,12.93,B,CONFIRMADO,NO_PICO,false,true,2026-08-26 12:38:18.911898+00
3439f2d0-db23-41e0-8e2f-93f224405514,ab449656-bebf-4cb2-bbb3-6221403e1c7b,4afa5df3-640a-49e7-96c7-8dfb9790afc5,AUBASA,MAIPU,5,,5,2026-04-16 21:07:20+00,29450.92,29450.92,2,1,0.35,21.12,21.82,21.47,B,CONFIRMADO,NO_PICO,false,true,2026-08-26 12:38:18.911898+00
64b02f18-0b65-4c20-8192-5686e46866e7,fcf50348-fe3d-48db-934f-13e0af1e0e74,139fff4c-db47-4169-b2c9-6a22302db69a,AUSA,VARELA,4,,4,2026-04-16 23:14:39+00,5049.08,5049.08,1,1,0,23.23,23.23,23.23,B,CONFIRMADO,NO_PICO,false,true,2026-08-26 11:36:02.699553+00
532be75a-e6e4-4a4f-8de3-c37289ba8405,4c3fcfe9-84f5-4b57-8875-25145b949a93,0e80099b-3d4a-49f0-ada4-f819e6975ae3,AUTOPISTA DEL OESTE,MARTIN FIERRO,2,,2,2026-04-17 08:40:13+00,1192.99,1192.99,1,1,0,18.95,18.95,18.95,B,CONFIRMADO,PICO,false,true,2026-08-20 18:07:10.33873+00
e8d3fcb4-a0df-4809-8f23-13cc76757898,c2ee6a1d-9484-4e6e-ac7e-2830069094a6,f7159ff3-ca5e-409b-9f36-0c41844b81ba,CORREDORES VIALES SA,MONTE GRANDE,6,,6,2026-04-17 08:43:22+00,6000,5200,1,1.1538,0,16.25,16.25,16.25,B,CONFIRMADO,PICO,false,true,2026-08-13 12:07:42.428603+00
159293e3-cfd3-49d4-94f8-d37ade895de9,3eee4c95-e7f4-40f3-b028-b43166229f3b,ae89e1e6-6a2a-472a-aa0e-d40480107d2a,CONEXION ALTO DELTA S.A.,"ISLA LA DESEADA - RUTA 174 KM 5,2 (Pte. Rosario-Victoria)",,5,5,2026-04-17 10:17:01+00,4175.66,4175.66,5,1,5.2484,10.28,23.32,16.3,A,CONFIRMADO,NO_PICO,false,true,2026-08-31 11:28:35.385685+00
a9543f63-c1d8-423d-9646-51423553e5cc,ab449656-bebf-4cb2-bbb3-6221403e1c7b,67486ca3-6e88-49a8-b628-7f41e946da5a,AUBASA,DOCK SUD,3,,3,2026-04-17 13:45:00+00,6733.28,6733.28,4,1,2.6447,10.1,16.78,12.86,B,CONFIRMADO,NO_PICO,false,true,2026-08-26 12:38:18.911898+00
728f4fc2-4137-4131-a2c8-ae956fd9de95,ab449656-bebf-4cb2-bbb3-6221403e1c7b,a12baa34-7a45-4612-aa4d-d3752637e68f,AUBASA,BERAZATEGUI,3,,3,2026-04-17 13:53:12+00,4713.3,4713.3,1,1,0,13.88,13.88,13.88,B,CONFIRMADO,NO_PICO,false,true,2026-08-26 12:38:18.911898+00
62315d95-b346-4865-8c0a-1c2014a00af8,dc7dad0c-adda-4a56-a1f4-2ec87c19c356,83bf0b9a-6f74-4052-8d17-f40cf21ffe83,AUSOL,RUTA 197,2,,2,2026-04-20 16:00:29+00,1192.99,1192.99,1,1,0,10.45,10.45,10.45,B,CONFIRMADO,PICO,false,true,2026-08-20 19:03:41.801967+00
c177d935-67ce-4a7e-8765-588eb874e248,c2ee6a1d-9484-4e6e-ac7e-2830069094a6,c64522bd-b761-4024-82d3-b594750ca6f0,CORREDORES VIALES SA,93,6,,6,2026-04-22 10:32:43+00,6000,6000,1,1,0,10.53,10.53,10.53,B,CONFIRMADO,NO_PICO,false,true,2026-08-26 14:30:06.580601+00
72892cc3-ea33-40d9-923b-d6248c3f5988,ab449656-bebf-4cb2-bbb3-6221403e1c7b,67486ca3-6e88-49a8-b628-7f41e946da5a,AUBASA,DOCK SUD,2,,2,2026-04-22 19:25:37+00,2805.54,2244.43,1,1.25,0,9.95,9.95,9.95,B,CONFIRMADO,PICO,false,true,2026-08-13 12:07:42.428603+00
3243d366-3036-4f4e-8c5e-142dbc5e53d3,fcf50348-fe3d-48db-934f-13e0af1e0e74,139fff4c-db47-4169-b2c9-6a22302db69a,AUSA,VARELA,2,,2,2026-04-22 19:53:41+00,4519.34,4519.34,1,1,0,19.88,19.88,19.88,B,CONFIRMADO,PICO,false,true,2026-08-26 11:36:02.699553+00
536015bb-dad7-4e78-9458-3ed0b8db8ec8,dc7dad0c-adda-4a56-a1f4-2ec87c19c356,25bfd059-2663-4836-9fc4-c4bd56ece4dc,AUSOL,CAMPANA,2,,2,2026-04-24 11:40:13+00,4970.74,4970.74,2,1,0,11.67,11.67,11.67,B,CONFIRMADO,NO_PICO,false,true,2026-08-26 17:32:34.852219+00
01e38b01-62a9-4125-a358-1fe1415f8b90,4c3fcfe9-84f5-4b57-8875-25145b949a93,e237d146-1b29-419b-b527-41b605148a60,AUTOPISTA DEL OESTE,DERQUI,2,,2,2026-04-25 06:30:15+00,994.15,994.15,3,1,8.4812,3,21.98,10.06,B,CONFIRMADO,NO_PICO,false,true,2026-08-13 12:07:42.428603+00
63a80020-62e3-4deb-9b33-84e263699d1e,c2ee6a1d-9484-4e6e-ac7e-2830069094a6,a2facb41-ca0e-482a-ae67-e3422ab7ef9b,CORREDORES VIALES SA,JAMES CRAIK - AUTOVIA ROSARIO - CORDOBA KM. 595,6,,6,2026-04-27 18:27:23+00,6000,6000,1,1,0,18.45,18.45,18.45,B,CONFIRMADO,NO_PICO,false,true,2026-08-26 12:31:28.755374+00
7b2cee4b-24b2-4ec4-9d55-4cf4fb6c5aa9,dc7dad0c-adda-4a56-a1f4-2ec87c19c356,25bfd059-2663-4836-9fc4-c4bd56ece4dc,AUSOL,CAMPANA,3,,3,2026-04-28 08:36:15+00,2385.97,2385.97,1,1,0,9.72,9.72,9.72,B,CONFIRMADO,PICO,false,true,2026-08-20 18:59:54.58498+00
6880adc0-8b37-481b-a566-8472be2096a8,4c3fcfe9-84f5-4b57-8875-25145b949a93,ce3ce0ac-8b57-4fc2-8a1e-3a1fc3428a4a,AUTOPISTA DEL OESTE,DEL RODEO,7,,7,2026-04-28 10:18:24+00,5964.94,5964.94,1,1,0,10.3,10.3,10.3,B,CONFIRMADO,PICO,false,true,2026-08-25 20:17:40.421453+00
d1bda82c-c379-4d75-a3d5-13a70b4ada62,4c3fcfe9-84f5-4b57-8875-25145b949a93,50c7ae33-9660-48fc-a2e5-86a752d8c0cf,AUTOPISTA DEL OESTE,GRAL.RODRIGUEZ,7,,7,2026-04-28 12:00:34+00,4970.74,4970.74,1,1,0,15.28,15.28,15.28,B,CONFIRMADO,NO_PICO,false,true,2026-08-20 18:07:10.33873+00
53872912-4cec-46bf-8b6b-184a72a8a0da,ab449656-bebf-4cb2-bbb3-6221403e1c7b,a12baa34-7a45-4612-aa4d-d3752637e68f,AUBASA,BERAZATEGUI,6,,6,2026-04-29 11:26:43+00,7855.48,7855.48,1,1,0,11.43,11.43,11.43,B,CONFIRMADO,NO_PICO,false,true,2026-08-26 12:38:18.911898+00
a7a7230c-b2a8-46ec-9648-1c96e580cbec,ab449656-bebf-4cb2-bbb3-6221403e1c7b,a12baa34-7a45-4612-aa4d-d3752637e68f,AUBASA,BERAZATEGUI,6,,6,2026-04-29 11:30:12+00,19077.62,19077.62,1,1,0,5.02,5.02,5.02,B,CONFIRMADO,NO_PICO,false,true,2026-08-20 19:29:00.942425+00
9919abaa-b2b6-4448-a6f0-79d0de23d54a,ab449656-bebf-4cb2-bbb3-6221403e1c7b,3f32d96b-e51f-4e5e-a473-be7bcc3de5e9,AUBASA,HUDSON,2,,2,2026-04-29 15:09:08+00,2244.43,2244.43,3,1,5.6205,10.28,23.45,15.71,B,CONFIRMADO,NO_PICO,false,true,2026-08-13 12:07:42.428603+00
f92160af-d8fc-450e-9ad2-8d8cf3d00640,ab449656-bebf-4cb2-bbb3-6221403e1c7b,3f32d96b-e51f-4e5e-a473-be7bcc3de5e9,AUBASA,HUDSON,2,,2,2026-04-29 16:28:11+00,4488.85,2244.43,1,2,0,21.18,21.18,21.18,B,CONFIRMADO,NO_PICO,false,true,2026-08-13 12:07:42.428603+00
7b4bc762-1093-4c9e-aba8-fb8597462faf,dc7dad0c-adda-4a56-a1f4-2ec87c19c356,dea354ac-06dc-4afe-987c-fcacbe818d5d,AUSOL,RUTA 202,6,,6,2026-04-29 19:48:12+00,4771.95,4771.95,1,1,0,19.8,19.8,19.8,B,CONFIRMADO,PICO,false,true,2026-08-26 12:48:12.277873+00
b1682172-4a06-4cc5-b003-e2931cd4927c,dc7dad0c-adda-4a56-a1f4-2ec87c19c356,53da2019-2e8d-499d-adc6-073fb79c3a95,AUSOL,BUEN AYRE,7,,7,2026-04-30 01:32:40+00,4970.74,4970.74,1,1,0,5.57,5.57,5.57,B,CONFIRMADO,NO_PICO,false,true,2026-08-13 12:07:42.428603+00
e0d176e3-9afa-4402-b8a5-8cdd806ab00c,dc7dad0c-adda-4a56-a1f4-2ec87c19c356,53da2019-2e8d-499d-adc6-073fb79c3a95,AUSOL,BUEN AYRE,2,,2,2026-04-30 02:20:00+00,994.15,994.15,1,1,0,20.38,20.38,20.38,B,CONFIRMADO,NO_PICO,false,true,2026-08-13 12:07:42.428603+00
a7f08e58-241e-4bd6-91cd-65f83a08dfac,ab449656-bebf-4cb2-bbb3-6221403e1c7b,2ab8b3e2-a9ab-4577-b9c4-81a68c594edc,AUBASA,BERNAL,7,,7,2026-04-30 15:25:19+00,9426.58,9426.58,1,1,0,15.42,15.42,15.42,B,CONFIRMADO,NO_PICO,false,true,2026-08-26 12:38:18.911898+00
7bbfc66c-fdbf-48c3-9b89-5229167443cd,ab449656-bebf-4cb2-bbb3-6221403e1c7b,2ab8b3e2-a9ab-4577-b9c4-81a68c594edc,AUBASA,BERNAL,7,,7,2026-04-30 17:48:56+00,28616.43,28616.43,1,1,0,17.8,17.8,17.8,B,CONFIRMADO,PICO,false,true,2026-08-26 12:38:18.911898+00
11d704fd-8cd9-4395-bb08-05f3106fd6f3,ab449656-bebf-4cb2-bbb3-6221403e1c7b,2ab8b3e2-a9ab-4577-b9c4-81a68c594edc,AUBASA,BERNAL,6,,6,2026-04-30 17:48:58+00,23847.03,23847.03,1,1,0,18.17,18.17,18.17,B,CONFIRMADO,PICO,false,true,2026-08-20 19:27:29.730196+00
28e94479-06f2-4988-bfad-273498d37a22,fcf50348-fe3d-48db-934f-13e0af1e0e74,5446946e-152a-4640-af51-d8eff269d0f3,AUSA,ILLIA II,9,,9,2026-05-01 21:46:57+00,5770.47,5770.47,1,1,0,13.6,13.6,13.6,B,CONFIRMADO,NO_PICO,false,true,2026-08-20 19:47:20.55906+00
b3368412-6b2f-4ee1-af54-a642fe972095,fcf50348-fe3d-48db-934f-13e0af1e0e74,83ded803-cdec-40ac-8e06-16940f9b1a83,AUSA,PASEO DEL BAJO,9,,9,2026-05-01 21:54:03+00,9484.85,9484.85,80,1,7.217,0.23,23.85,12.57,B,CONFIRMADO,NO_PICO,true,true,2026-08-25 20:00:42.250901+00
94daf50f-bcc7-4723-8d60-3c69733e76a6,fcf50348-fe3d-48db-934f-13e0af1e0e74,e98ce678-0d1d-4a44-8b08-d5ee7a42e93f,AUSA,REMEDIOS,9,,9,2026-05-02 06:56:44+00,14563.37,14563.37,13,1,5.8276,1.07,23.77,15.73,B,CONFIRMADO,NO_PICO,false,true,2026-08-25 20:00:42.250901+00
de8605ea-da05-4aff-99b6-8d71b513d9f9,4c3fcfe9-84f5-4b57-8875-25145b949a93,2e7bc698-efec-44c7-86bf-81dd35a71c87,AUTOPISTA DEL OESTE,POSADAS,7,,7,2026-05-02 07:06:03+00,4970.74,4970.74,1,1,0,7.1,7.1,7.1,B,CONFIRMADO,NO_PICO,false,true,2026-08-25 20:18:36.047991+00
28aec1a2-736f-4c4f-98a5-d8db6e9189b3,fcf50348-fe3d-48db-934f-13e0af1e0e74,5446946e-152a-4640-af51-d8eff269d0f3,AUSA,ILLIA II,7,,7,2026-05-02 07:43:05+00,5770.47,5770.47,46,1,4.9124,1.57,22.6,12.68,B,CONFIRMADO,NO_PICO,true,true,2026-08-25 20:00:42.250901+00
6cbd3b2a-b101-4c57-acdc-6481d2d83815,fcf50348-fe3d-48db-934f-13e0af1e0e74,83ded803-cdec-40ac-8e06-16940f9b1a83,AUSA,PASEO DEL BAJO,7,,7,2026-05-02 07:50:01+00,9484.85,9484.85,64,1,5.0435,1.7,22.73,13.35,B,CONFIRMADO,NO_PICO,true,true,2026-08-25 20:00:42.250901+00
0b0432d2-08f7-4c27-960d-1a402efba708,fcf50348-fe3d-48db-934f-13e0af1e0e74,139fff4c-db47-4169-b2c9-6a22302db69a,AUSA,VARELA,7,,7,2026-05-02 08:00:44+00,14563.37,14563.37,28,1,6.1207,2.7,22.9,12.89,B,CONFIRMADO,NO_PICO,true,true,2026-08-25 20:00:42.250901+00
7d706d04-f7d5-4943-9a65-b1c2604b56e2,fcf50348-fe3d-48db-934f-13e0af1e0e74,83ded803-cdec-40ac-8e06-16940f9b1a83,AUSA,PASEO DEL BAJO,2,,2,2026-05-02 09:34:30+00,7295.95,7295.95,1,1,0,9.57,9.57,9.57,B,CONFIRMADO,NO_PICO,false,true,2026-08-26 11:33:25.75521+00
8ae9f4d7-9ed4-4bca-a264-db3e67279a8c,fcf50348-fe3d-48db-934f-13e0af1e0e74,5446946e-152a-4640-af51-d8eff269d0f3,AUSA,ILLIA II,2,,2,2026-05-02 09:41:36+00,1373.79,1373.79,1,1,0,6.1,6.1,6.1,B,CONFIRMADO,NO_PICO,false,true,2026-08-25 20:00:42.250901+00
adb2a268-4a78-45ad-9725-6839f575cd9f,fcf50348-fe3d-48db-934f-13e0af1e0e74,5446946e-152a-4640-af51-d8eff269d0f3,AUSA,ILLIA II,7,,7,2026-05-02 11:39:32+00,16211.89,16211.89,14,1,4.0032,7.73,20.8,14.44,B,CONFIRMADO,PICO,false,true,2026-08-25 20:00:42.250901+00
f581753c-c0e8-49b8-b295-a63a91a8c2bc,fcf50348-fe3d-48db-934f-13e0af1e0e74,5446946e-152a-4640-af51-d8eff269d0f3,AUSA,ILLIA II,2,,2,2026-05-02 19:44:32+00,1942.74,1942.74,1,1,0,17.07,17.07,17.07,B,CONFIRMADO,PICO,false,true,2026-08-25 20:00:42.250901+00
06a0448b-5e2a-420d-9bb5-365b3ce247e6,fcf50348-fe3d-48db-934f-13e0af1e0e74,b6ebf1f0-e098-4e88-8865-af82f7507913,AUSA,SALGUERO,2,,2,2026-05-02 20:05:27+00,1373.79,1373.79,1,1,0,11.43,11.43,11.43,B,CONFIRMADO,NO_PICO,false,true,2026-08-25 20:02:49.922331+00
7afb4c9e-4108-4cbd-acdc-d4696851191f,dc7dad0c-adda-4a56-a1f4-2ec87c19c356,f20aa7b2-3149-461d-81d9-e9f2c73065a1,AUSOL,TIGRE,2,,2,2026-05-02 22:06:49+00,994.15,994.15,1,1,0,21.18,21.18,21.18,B,CONFIRMADO,NO_PICO,false,true,2026-08-20 18:59:54.58498+00
7acb122f-441c-4cdc-a8b4-038b5c6e91e0,fcf50348-fe3d-48db-934f-13e0af1e0e74,139fff4c-db47-4169-b2c9-6a22302db69a,AUSA,VARELA,9,,9,2026-05-03 14:54:37+00,32423.63,32423.63,14,1,3.2944,10.08,19.87,13.23,B,CONFIRMADO,PICO,false,true,2026-08-25 20:00:42.250901+00
26b94b23-874d-4c7b-ab4c-93030c63ae48,fcf50348-fe3d-48db-934f-13e0af1e0e74,139fff4c-db47-4169-b2c9-6a22302db69a,AUSA,VARELA,9,,9,2026-05-03 21:05:14+00,14563.37,14563.37,33,1,7.3445,0.85,23.93,13.09,B,CONFIRMADO,NO_PICO,true,true,2026-08-25 20:00:42.250901+00
631678e6-718b-4c0e-ba8f-68127948d73e,ab449656-bebf-4cb2-bbb3-6221403e1c7b,a12baa34-7a45-4612-aa4d-d3752637e68f,AUBASA,BERAZATEGUI,6,,6,2026-05-04 07:19:45+00,9819.34,9819.34,2,1,0.0333,7.25,7.32,7.28,B,CONFIRMADO,PICO,false,true,2026-08-26 12:43:56.742231+00
b3c5f352-a0df-4a73-b905-e98e7af861f6,fcf50348-fe3d-48db-934f-13e0af1e0e74,5446946e-152a-4640-af51-d8eff269d0f3,AUSA,ILLIA II,9,,9,2026-05-04 07:25:09+00,16211.89,16211.89,21,1,3.3324,8.83,20.98,17.38,B,CONFIRMADO,PICO,true,true,2026-08-25 20:00:42.250901+00
96a1364e-245c-4c31-be1f-ed184226a61e,fcf50348-fe3d-48db-934f-13e0af1e0e74,e98ce678-0d1d-4a44-8b08-d5ee7a42e93f,AUSA,REMEDIOS,9,,9,2026-05-04 08:03:56+00,32423.63,32423.63,2,1,0.35,17.07,17.77,17.42,B,CONFIRMADO,PICO,false,true,2026-08-25 20:00:42.250901+00
6174f428-afb1-48e9-b9b4-09c0044fe4b3,ab449656-bebf-4cb2-bbb3-6221403e1c7b,a12baa34-7a45-4612-aa4d-d3752637e68f,AUBASA,BERAZATEGUI,6,,6,2026-05-04 09:38:57+00,23847.03,23847.03,1,1,0,9.63,9.63,9.63,B,CONFIRMADO,PICO,false,true,2026-08-26 12:43:56.742231+00
8ce4371e-d565-4e78-83b7-e0ff7b7bcfca,fcf50348-fe3d-48db-934f-13e0af1e0e74,139fff4c-db47-4169-b2c9-6a22302db69a,AUSA,VARELA,7,,7,2026-05-04 10:59:32+00,32423.63,32423.63,4,1,2.4858,14.27,20.93,17.41,B,CONFIRMADO,PICO,false,true,2026-08-25 20:00:42.250901+00
a9030790-9158-4d29-9479-b05ffe3e7498,fcf50348-fe3d-48db-934f-13e0af1e0e74,e98ce678-0d1d-4a44-8b08-d5ee7a42e93f,AUSA,REMEDIOS,7,,7,2026-05-04 11:17:50+00,14563.37,14563.37,8,1,7.9833,0.15,21.77,13.87,B,CONFIRMADO,NO_PICO,false,true,2026-08-25 20:00:42.250901+00
7d8137e8-d42a-4968-89c7-2e08589e91cc,fcf50348-fe3d-48db-934f-13e0af1e0e74,5446946e-152a-4640-af51-d8eff269d0f3,AUSA,ILLIA II,8,,8,2026-05-04 11:48:10+00,5770.47,5770.47,10,1,4.3361,2.35,15.77,11.59,B,CONFIRMADO,NO_PICO,false,true,2026-08-25 20:00:42.250901+00
eb757a0e-e542-41ab-ba3f-a7497460ac15,fcf50348-fe3d-48db-934f-13e0af1e0e74,83ded803-cdec-40ac-8e06-16940f9b1a83,AUSA,PASEO DEL BAJO,8,,8,2026-05-04 11:55:04+00,9484.85,9484.85,15,1,3.8101,2.47,16,10.99,B,CONFIRMADO,NO_PICO,true,true,2026-08-25 20:00:42.250901+00
3928b830-7819-479c-ac34-30338d94bb5f,fcf50348-fe3d-48db-934f-13e0af1e0e74,e98ce678-0d1d-4a44-8b08-d5ee7a42e93f,AUSA,REMEDIOS,8,,8,2026-05-04 13:26:21+00,14563.37,14563.37,2,1,5.35,5.13,15.83,10.48,B,CONFIRMADO,NO_PICO,false,true,2026-08-25 20:00:42.250901+00
a51e122a-7593-42b6-a2bb-8271fc6eed8a,fcf50348-fe3d-48db-934f-13e0af1e0e74,139fff4c-db47-4169-b2c9-6a22302db69a,AUSA,VARELA,8,,8,2026-05-04 13:41:58+00,14563.37,14563.37,6,1,3.0214,6.28,14.33,10.6,B,CONFIRMADO,NO_PICO,false,true,2026-08-25 20:00:42.250901+00
3cad050f-e2bc-4731-93e1-a8b02a5610bc,fcf50348-fe3d-48db-934f-13e0af1e0e74,139fff4c-db47-4169-b2c9-6a22302db69a,AUSA,VARELA,4,,4,2026-05-04 13:41:59+00,5220.76,5220.76,1,1,0,13.68,13.68,13.68,B,CONFIRMADO,NO_PICO,false,true,2026-08-26 11:33:25.75521+00
50588fb6-096d-4732-b1e9-e65cd614e9ef,fcf50348-fe3d-48db-934f-13e0af1e0e74,139fff4c-db47-4169-b2c9-6a22302db69a,AUSA,VARELA,2,,2,2026-05-04 14:17:19+00,3297.43,3297.43,1,1,0,14.28,14.28,14.28,B,CONFIRMADO,NO_PICO,false,true,2026-08-26 11:33:25.75521+00
8c9540fe-d705-4636-93ca-673809eec7fb,fcf50348-fe3d-48db-934f-13e0af1e0e74,83ded803-cdec-40ac-8e06-16940f9b1a83,AUSA,PASEO DEL BAJO,4,,4,2026-05-04 17:38:16+00,7295.95,7295.95,2,1,0.9083,16.15,17.97,17.06,B,CONFIRMADO,NO_PICO,false,true,2026-08-25 20:00:42.250901+00
947b007e-4921-4b2b-99c6-303f30f988da,fcf50348-fe3d-48db-934f-13e0af1e0e74,5446946e-152a-4640-af51-d8eff269d0f3,AUSA,ILLIA II,4,,4,2026-05-04 17:45:43+00,3572.13,3572.13,2,1,0.775,16.27,17.82,17.04,B,CONFIRMADO,PICO,false,true,2026-08-25 20:00:42.250901+00
4b5ede9a-3dcd-4ef1-8c6e-8f52b2542a48,fcf50348-fe3d-48db-934f-13e0af1e0e74,e98ce678-0d1d-4a44-8b08-d5ee7a42e93f,AUSA,REMEDIOS,7,,7,2026-05-04 18:14:05+00,32423.63,32423.63,2,1,2.7167,12.43,17.87,15.15,B,CONFIRMADO,PICO,false,true,2026-08-25 20:01:59.870174+00
970ea1e1-7a79-4653-814a-bdcc57b20818,fcf50348-fe3d-48db-934f-13e0af1e0e74,5446946e-152a-4640-af51-d8eff269d0f3,AUSA,ILLIA II,8,,8,2026-05-05 09:33:37+00,16211.89,16211.89,4,1,3.2937,7.38,16.12,10.63,B,CONFIRMADO,PICO,false,true,2026-08-25 20:00:42.250901+00
1ae0d8e7-d168-414a-bca1-932307244886,fcf50348-fe3d-48db-934f-13e0af1e0e74,139fff4c-db47-4169-b2c9-6a22302db69a,AUSA,VARELA,8,,8,2026-05-05 10:38:16+00,32423.63,32423.63,2,1,1.3833,7.68,10.45,9.07,B,CONFIRMADO,PICO,false,true,2026-08-25 20:00:42.250901+00
04d80fdd-2e7e-4fd5-a232-c050ba4846b4,c2ee6a1d-9484-4e6e-ac7e-2830069094a6,d85f2bae-0aa1-4128-8b9a-e9f4383d10d0,CORREDORES VIALES SA,DONOVAN,6,,6,2026-05-06 16:49:24+00,6000,6000,1,1,0,18.27,18.27,18.27,B,CONFIRMADO,PICO,false,true,2026-08-13 12:07:42.428603+00
6e245484-9dcd-45f4-9674-7a5350cf9779,c4d1ffb5-7363-4291-84be-9da3665f002a,14264684-28f7-40be-ab72-79e4dd0efcdf,UNIDAD EJECUTORA (SANTA FE),ALDAO,6,,6,2026-05-06 21:52:42+00,21000,21000,11,1,4.305,7.83,22.7,16.43,B,CONFIRMADO,NO_PICO,false,true,2026-08-13 12:07:42.428603+00
6bc098df-0525-47ff-9e72-191a0817de2e,4c3fcfe9-84f5-4b57-8875-25145b949a93,ce3ce0ac-8b57-4fc2-8a1e-3a1fc3428a4a,AUTOPISTA DEL OESTE,DEL RODEO,7,,7,2026-05-06 23:12:42+00,4970.74,4970.74,1,1,0,4.87,4.87,4.87,B,CONFIRMADO,NO_PICO,false,true,2026-08-13 12:07:42.428603+00
ae5e48d6-12d5-43ea-9408-4599c78d39a7,c4d1ffb5-7363-4291-84be-9da3665f002a,60014adb-62f4-4ad9-86a0-50bd36efd1e3,UNIDAD EJECUTORA (SANTA FE),TRONCAL SAUCE VIEJO,6,,6,2026-05-06 23:25:50+00,21000,21000,10,1,5.4983,6,22.52,15.4,B,CONFIRMADO,NO_PICO,false,true,2026-08-13 12:07:42.428603+00
16b5b042-11dc-4a12-aa77-9f53dafe7ecc,fcf50348-fe3d-48db-934f-13e0af1e0e74,b6649fde-3788-4677-b79c-4f3c57a7f2d3,AUSA,SARMIENTO,4,,4,2026-05-07 11:33:05+00,2472.95,2472.95,1,1,0,11.55,11.55,11.55,B,CONFIRMADO,NO_PICO,false,true,2026-08-25 20:02:49.922331+00
ae268018-a6c6-43ed-9d14-e68e8f0a5eb8,fcf50348-fe3d-48db-934f-13e0af1e0e74,5446946e-152a-4640-af51-d8eff269d0f3,AUSA,ILLIA II,4,,4,2026-05-07 11:53:36+00,2472.95,2472.95,1,1,0,11.88,11.88,11.88,B,CONFIRMADO,NO_PICO,false,true,2026-08-25 20:02:49.922331+00
30244159-ebc4-4fef-a5a0-932e6e56fba5,ab449656-bebf-4cb2-bbb3-6221403e1c7b,67486ca3-6e88-49a8-b628-7f41e946da5a,AUBASA,DOCK SUD,3,,3,2026-05-07 17:25:17+00,8416.6,8416.6,1,1,0,17.42,17.42,17.42,B,CONFIRMADO,PICO,false,true,2026-08-26 12:43:56.742231+00
14003443-0cb5-4069-bc04-94c44aa1c373,dc7dad0c-adda-4a56-a1f4-2ec87c19c356,2b2ef8b7-2fa7-4204-bc8b-d7f286538430,AUSOL,MARQUEZ,7,,7,2026-05-08 01:19:21+00,4970.74,4970.74,1,1,0,13.32,13.32,13.32,B,CONFIRMADO,NO_PICO,false,true,2026-08-13 12:07:42.428603+00
3882f90a-e9dd-45c4-9bd7-6cd06beb2d0e,cc292b0a-f901-4db7-b099-52144e36a1a9,c9ed477b-11e7-4698-a81d-97813a9ae538,Autovía del Mercosur,Zarate,3,,3,2026-05-08 06:31:03+00,3827.71,3827.71,2,1,4.5583,6.52,15.63,11.08,B,CONFIRMADO,NO_PICO,false,true,2026-08-26 13:11:55.885161+00
843c90d8-bb30-4423-9933-daf1c28cf519,cc292b0a-f901-4db7-b099-52144e36a1a9,8e7341e6-0c5a-442c-9452-cca8f776a436,Autovía del Mercosur,Colonia,3,,3,2026-05-08 08:15:14+00,3827.71,3827.71,2,1,2.875,8.25,14,11.13,B,CONFIRMADO,NO_PICO,false,true,2026-08-26 14:33:45.636333+00
e4508b71-7fe7-4bc3-a234-8cfc617bd554,dc7dad0c-adda-4a56-a1f4-2ec87c19c356,79bbc328-eb06-4cc9-9a35-50687155a0df,AUSOL,SAN MARTIN,2,,2,2026-05-08 16:44:40+00,1192.99,1192.99,1,1,0,16.73,16.73,16.73,B,CONFIRMADO,PICO,false,true,2026-08-26 17:34:13.875208+00
17525fec-44ec-4f1d-bc55-5e7e6b412133,c2ee6a1d-9484-4e6e-ac7e-2830069094a6,00f89843-53f3-4d68-82c0-ac45a915eec1,CORREDORES VIALES SA,EL DORADO - RUTA 226 KM. 31,,5,5,2026-05-11 12:23:25+00,7500,7500,1,1,0,12.38,12.38,12.38,A,CONFIRMADO,NO_PICO,false,true,2026-08-28 20:02:23.643336+00
f45843a8-6432-474f-acf3-62c349e3d442,fcf50348-fe3d-48db-934f-13e0af1e0e74,b6649fde-3788-4677-b79c-4f3c57a7f2d3,AUSA,SARMIENTO,7,,7,2026-05-12 12:03:11+00,5770.47,5770.47,1,1,0,12.05,12.05,12.05,B,CONFIRMADO,PICO,false,true,2026-08-25 20:02:49.922331+00
4be8a8bb-1a9c-41bf-9d01-f38e32558c79,fcf50348-fe3d-48db-934f-13e0af1e0e74,b6ebf1f0-e098-4e88-8865-af82f7507913,AUSA,SALGUERO,7,,7,2026-05-12 14:39:43+00,5770.47,5770.47,1,1,0,14.65,14.65,14.65,B,CONFIRMADO,PICO,false,true,2026-08-25 20:02:49.922331+00
5b8b150e-4b5a-4600-8e40-e602cf09950a,c2ee6a1d-9484-4e6e-ac7e-2830069094a6,323c1857-0351-49c7-8dd3-def53d71870d,CORREDORES VIALES SA,TANDIL (VASCONIA) - RUTA 226 KM. 153,,3,3,2026-05-12 16:53:39+00,4500,4500,1,1,0,16.88,16.88,16.88,A,CONFIRMADO,NO_PICO,false,true,2026-08-28 20:02:23.643336+00
e29582aa-9f3c-49ae-9277-9ccff10d4d03,c2ee6a1d-9484-4e6e-ac7e-2830069094a6,75a8dcca-f065-4e8d-aab0-4272061cbd2a,CORREDORES VIALES SA,LAGOS - RUTA 9 KM. 272,,1,1,2026-05-13 11:36:26+00,1500,1500,2,1,0.925,13.15,15,14.08,A,CONFIRMADO,NO_PICO,false,true,2026-08-13 12:07:42.428603+00
4bad6433-c080-4e91-9406-446e92d04855,ab449656-bebf-4cb2-bbb3-6221403e1c7b,2ab8b3e2-a9ab-4577-b9c4-81a68c594edc,AUBASA,BERNAL,6,,6,2026-05-13 12:15:48+00,19077.62,19077.62,2,1,1.9917,10.15,14.13,12.14,B,CONFIRMADO,NO_PICO,false,true,2026-08-20 19:29:00.942425+00
526693d1-7a09-404f-8415-776060d02657,ab449656-bebf-4cb2-bbb3-6221403e1c7b,2ab8b3e2-a9ab-4577-b9c4-81a68c594edc,AUBASA,BERNAL,7,,7,2026-05-13 12:17:46+00,22893.15,22893.15,1,1,0,12.28,12.28,12.28,B,CONFIRMADO,NO_PICO,false,true,2026-08-26 12:43:56.742231+00
8223c3e5-1e74-4fc7-9981-5dbe359487bb,4c3fcfe9-84f5-4b57-8875-25145b949a93,322a177d-b623-473e-aa89-c5c7cc3df5cc,AUTOPISTA DEL OESTE,REPUBLICA,7,,7,2026-05-14 10:27:06+00,5964.94,5964.94,1,1,0,10.45,10.45,10.45,B,CONFIRMADO,PICO,false,true,2026-08-25 20:18:36.047991+00
b19fe914-6fad-4fc2-a7e7-04ce447f8e7e,dc7dad0c-adda-4a56-a1f4-2ec87c19c356,66c17ba7-d34e-4301-8528-8e8968404949,AUSOL,PILAR,2,,2,2026-05-14 16:48:11+00,1192.99,1192.99,1,1,0,16.8,16.8,16.8,B,CONFIRMADO,PICO,false,true,2026-08-26 12:48:17.27509+00
a094e18c-a5e4-42ab-b0ad-b75297a11245,dc7dad0c-adda-4a56-a1f4-2ec87c19c356,f20aa7b2-3149-461d-81d9-e9f2c73065a1,AUSOL,TIGRE,6,,6,2026-05-15 16:39:40+00,2385.97,2385.97,1,1,0,8.22,8.22,8.22,B,CONFIRMADO,NO_PICO,false,true,2026-08-20 18:59:54.58498+00
3f72f7c0-75d6-4035-8064-2c20879ba3ea,c4d1ffb5-7363-4291-84be-9da3665f002a,0f37f626-ea62-464a-987d-e85de6bbd664,UNIDAD EJECUTORA (SANTA FE),SAN LORENZO NORTE,5,,5,2026-05-18 11:54:32+00,6600,6600,2,1,0.3417,12.03,12.72,12.38,B,CONFIRMADO,NO_PICO,false,true,2026-08-13 12:07:42.428603+00
bdab1cd9-0dfd-467b-93e1-d31230e00566,c2ee6a1d-9484-4e6e-ac7e-2830069094a6,7ebccf05-b9e6-44ca-836c-54ac91ecc213,CORREDORES VIALES SA,OLIVERA - RUTA 5 KM. 86,,3,3,2026-05-19 19:24:32+00,4500,4500,1,1,0,19.4,19.4,19.4,A,CONFIRMADO,NO_PICO,false,true,2026-08-31 11:28:30.296204+00
42774f7d-27a1-4786-858b-6dcf16047d3d,c2ee6a1d-9484-4e6e-ac7e-2830069094a6,fcd9575a-30c1-4fe7-8d71-af6d141192c3,CORREDORES VIALES SA,9 DE JULIO - RUTA 5 KM 244,,3,3,2026-05-19 21:45:27+00,4500,4500,1,1,0,21.75,21.75,21.75,A,CONFIRMADO,NO_PICO,false,true,2026-08-31 11:28:30.296204+00
563aebe6-004b-437b-95c2-564e786d8261,dc7dad0c-adda-4a56-a1f4-2ec87c19c356,0b7cbd41-72c5-4337-9ba6-e06f13494d13,AUSOL,DEBENEDETTI,2,,2,2026-05-20 11:22:46+00,994.15,994.15,1,1,0,11.37,11.37,11.37,B,CONFIRMADO,NO_PICO,false,true,2026-08-20 18:59:54.58498+00
f9645ee2-903c-4313-8ec8-dc320a136af2,4c3fcfe9-84f5-4b57-8875-25145b949a93,d1e57bdc-b853-4235-b2c6-9b88291e7fd5,AUTOPISTA DEL OESTE,SAN FERNANDO,6,,6,2026-05-20 17:25:32+00,4771.95,4771.95,4,1,4.6457,8.33,19.57,13.98,B,CONFIRMADO,PICO,false,true,2026-08-20 18:07:10.33873+00
449707bb-5125-498f-8a40-1da481f2c152,fcf50348-fe3d-48db-934f-13e0af1e0e74,b6649fde-3788-4677-b79c-4f3c57a7f2d3,AUSA,SARMIENTO,2,,2,2026-05-20 18:43:26+00,1942.74,1942.74,1,1,0,18.72,18.72,18.72,B,CONFIRMADO,PICO,false,true,2026-08-25 20:01:59.870174+00
2c8f135a-cbff-44e9-b2f5-d1871c4c3cbb,c2ee6a1d-9484-4e6e-ac7e-2830069094a6,6550fae4-8b98-41e9-9ba1-2a1556b867c6,CORREDORES VIALES SA,DEVOTO - RUTA 19 KM 142,,5,5,2026-05-21 08:57:28+00,7500,6000,2,1.25,0.95,15.55,17.45,16.5,A,CONFIRMADO,NO_PICO,false,true,2026-08-13 12:07:42.428603+00
8d0a9b0d-bd71-4ef0-836a-4abac59abd4f,c2ee6a1d-9484-4e6e-ac7e-2830069094a6,be8c67bc-4740-4bdd-b12d-c2dafa2061b0,CORREDORES VIALES SA,RICCHIERI,3,,3,2026-05-21 10:38:20+00,3000,3000,1,1,0,10.63,10.63,10.63,B,CONFIRMADO,PICO,false,true,2026-08-26 12:31:28.755374+00
dff8154b-1b41-4fed-97ab-68baa7e8db43,c2ee6a1d-9484-4e6e-ac7e-2830069094a6,f12f9dcd-073e-4d55-b72b-9ea09a59251d,CORREDORES VIALES SA,HINOJO - RUTA 226 KM. 276,,1,1,2026-05-21 14:41:17+00,1500,1500,2,1,1.9,14.68,18.48,16.58,A,CONFIRMADO,NO_PICO,false,true,2026-08-31 11:28:31.712858+00
e0c5cbe5-fb26-4648-9aff-d3bbb6506fd8,ab449656-bebf-4cb2-bbb3-6221403e1c7b,bd4d72fc-71cb-4d0e-a43f-6d6bb2ad1e6e,AUBASA,GUTIERREZ,6,,6,2026-05-21 17:09:42+00,14027.67,14027.67,1,1,0,18.07,18.07,18.07,B,CONFIRMADO,PICO,false,true,2026-08-13 12:07:42.428603+00
54fd0e7c-d1fa-449a-aa0b-1d1a96b32f8c,c2ee6a1d-9484-4e6e-ac7e-2830069094a6,9c0aafd6-1697-4ea7-83c4-ce7eb8f1ed15,CORREDORES VIALES SA,URIBELARREA - RUTA 205 KM. 83,,1,1,2026-05-21 22:03:24+00,1500,1500,1,1,0,22.05,22.05,22.05,A,CONFIRMADO,NO_PICO,false,true,2026-08-31 11:28:31.712858+00
e048a254-bd2b-4452-bf85-b5cfb87dbc15,ab449656-bebf-4cb2-bbb3-6221403e1c7b,a12baa34-7a45-4612-aa4d-d3752637e68f,AUBASA,BERAZATEGUI,7,,7,2026-05-24 11:19:37+00,9426.58,9426.58,1,1,0,11.32,11.32,11.32,B,CONFIRMADO,PICO,false,true,2026-08-26 12:40:18.785914+00
e5718a46-2d28-487e-9a20-551b406ba145,ab449656-bebf-4cb2-bbb3-6221403e1c7b,a12baa34-7a45-4612-aa4d-d3752637e68f,AUBASA,BERAZATEGUI,7,,7,2026-05-24 11:22:46+00,22893.15,22893.15,1,1,0,11.37,11.37,11.37,B,CONFIRMADO,NO_PICO,false,true,2026-08-26 12:40:18.785914+00
ed375785-1a85-4209-9493-b8671e8b308b,4c3fcfe9-84f5-4b57-8875-25145b949a93,d212694e-7a62-4392-a905-03f756a9e961,AUTOPISTA DEL OESTE,BARCALA,6,,6,2026-05-26 12:06:46+00,3976.59,3976.59,1,1,0,12.1,12.1,12.1,B,CONFIRMADO,NO_PICO,false,true,2026-08-20 18:07:10.33873+00
c369bf95-ee6b-4a61-9531-987f636f393b,fcf50348-fe3d-48db-934f-13e0af1e0e74,e98ce678-0d1d-4a44-8b08-d5ee7a42e93f,AUSA,REMEDIOS,4,,4,2026-05-26 12:13:31+00,5220.76,5220.76,1,1,0,12.22,12.22,12.22,B,CONFIRMADO,NO_PICO,false,true,2026-08-25 20:00:42.250901+00
c90b1bfe-dedf-4641-8576-4284c3ae133a,4c3fcfe9-84f5-4b57-8875-25145b949a93,0e80099b-3d4a-49f0-ada4-f819e6975ae3,AUTOPISTA DEL OESTE,MARTIN FIERRO,6,,6,2026-05-26 12:38:48+00,3976.59,3976.59,1,1,0,12.63,12.63,12.63,B,CONFIRMADO,NO_PICO,false,true,2026-08-20 18:07:10.33873+00
b0a9576d-b564-4c16-99a1-20a2093a7ab1,fcf50348-fe3d-48db-934f-13e0af1e0e74,b6ebf1f0-e098-4e88-8865-af82f7507913,AUSA,SALGUERO,2,,2,2026-05-26 18:15:34+00,1942.74,1942.74,1,1,0,18.25,18.25,18.25,B,CONFIRMADO,PICO,false,true,2026-08-25 20:00:42.250901+00
437f5a43-d7ea-491b-b7e6-cb3844147785,4c3fcfe9-84f5-4b57-8875-25145b949a93,a6749964-64e2-4f95-b7b3-ecb4a68c1a14,AUTOPISTA DEL OESTE,BUEN AYRE,2,,2,2026-05-27 18:05:50+00,1192.99,1192.99,2,1,0.0167,18.08,18.12,18.1,B,CONFIRMADO,PICO,false,true,2026-08-20 18:07:10.33873+00
2ab70bb9-080a-4d5a-b0b4-93c62d949ce7,fcf50348-fe3d-48db-934f-13e0af1e0e74,139fff4c-db47-4169-b2c9-6a22302db69a,AUSA,VARELA,4,,4,2026-05-28 18:11:43+00,7693.73,7693.73,1,1,0,18.18,18.18,18.18,B,CONFIRMADO,PICO,false,true,2026-08-25 20:00:42.250901+00
3f339e18-1889-4dd5-8d03-d48e6ec9ce45,fcf50348-fe3d-48db-934f-13e0af1e0e74,2f14708d-f520-40d8-b5ce-cac30efdd946,AUSA,ALBERTI,2,,2,2026-05-29 11:47:25+00,1044.26,1044.26,2,1,0.2,11.78,12.18,11.98,B,CONFIRMADO,NO_PICO,false,true,2026-08-26 14:46:38.591436+00
73c2561a-02b0-4fe2-835b-8479baf46fe6,dc7dad0c-adda-4a56-a1f4-2ec87c19c356,46dafcc1-d3ac-46ef-b758-015538d29918,AUSOL,CAMINO REAL,6,,6,2026-05-29 15:15:58+00,3976.59,3976.59,1,1,0,15.25,15.25,15.25,B,CONFIRMADO,PICO,false,true,2026-08-20 18:59:54.58498+00
975471e0-52f9-4fe5-9400-a4c6767e242a,fcf50348-fe3d-48db-934f-13e0af1e0e74,e98ce678-0d1d-4a44-8b08-d5ee7a42e93f,AUSA,REMEDIOS,4,,4,2026-05-29 16:28:10+00,7693.73,7693.73,1,1,0,16.47,16.47,16.47,B,CONFIRMADO,PICO,false,true,2026-08-25 20:00:42.250901+00
ed44a297-e563-4085-a9b5-1da806ebaf39,cc292b0a-f901-4db7-b099-52144e36a1a9,c9ed477b-11e7-4698-a81d-97813a9ae538,Autovía del Mercosur,Zarate,6,,6,2026-05-29 23:59:54+00,5741.57,5741.57,1,1,0,23.98,23.98,23.98,B,CONFIRMADO,NO_PICO,false,true,2026-08-27 14:50:27.891476+00
adcc25fe-d8f4-4eaa-a7ed-bfc58e3fcfe5,cc292b0a-f901-4db7-b099-52144e36a1a9,c9ed477b-11e7-4698-a81d-97813a9ae538,Autovía del Mercosur,Zarate,7,,7,2026-05-30 00:00:40+00,28243.94,23536.62,85,1.2,7.1848,0.05,23.9,13.04,B,CONFIRMADO,NO_PICO,true,true,2026-08-14 18:53:22.107049+00
2b90818c-67df-4149-9600-761151e1c548,cc292b0a-f901-4db7-b099-52144e36a1a9,c9ed477b-11e7-4698-a81d-97813a9ae538,Autovía del Mercosur,Zarate,7,,7,2026-05-30 09:02:32+00,23536.62,23536.62,36,1,6.0919,0.92,23.75,13.9,B,CONFIRMADO,NO_PICO,true,true,2026-08-14 18:53:22.107049+00
7981f424-2a3f-4f41-8aa9-83d359d62d7b,cc292b0a-f901-4db7-b099-52144e36a1a9,c9ed477b-11e7-4698-a81d-97813a9ae538,Autovía del Mercosur,Zarate,7,,7,2026-05-30 12:41:28+00,42365.91,23536.62,72,1.8,5.5436,0.7,23.28,13.85,B,CONFIRMADO,NO_PICO,true,true,2026-08-14 18:53:22.107049+00
f060dce9-6bbe-4f6c-9b87-a193041288f6,cc292b0a-f901-4db7-b099-52144e36a1a9,c9ed477b-11e7-4698-a81d-97813a9ae538,Autovía del Mercosur,Zarate,2,,2,2026-05-30 18:10:12+00,4707.32,4707.32,26,1,5.5905,2.28,22.82,12.75,B,CONFIRMADO,NO_PICO,true,true,2026-08-14 18:53:22.107049+00
c32b7fc2-178c-4032-a67c-92284d281304,cc292b0a-f901-4db7-b099-52144e36a1a9,c9ed477b-11e7-4698-a81d-97813a9ae538,Autovía del Mercosur,Zarate,5,,5,2026-05-31 22:24:34+00,14121.97,14121.97,3,1,2.8082,11.33,17.73,15.26,B,CONFIRMADO,NO_PICO,false,true,2026-08-14 18:53:22.107049+00
7aae5c15-32f5-460c-906d-22079bf529a0,fcf50348-fe3d-48db-934f-13e0af1e0e74,5446946e-152a-4640-af51-d8eff269d0f3,AUSA,ILLIA II,9,,9,2026-06-01 00:00:02+00,5920.5,5920.5,41,1,6.4645,0,23.5,12.2,B,CONFIRMADO,NO_PICO,true,true,2026-08-20 19:47:20.55906+00
a5d2f4c0-b312-4801-983c-4f44a505a559,fcf50348-fe3d-48db-934f-13e0af1e0e74,83ded803-cdec-40ac-8e06-16940f9b1a83,AUSA,PASEO DEL BAJO,9,,9,2026-06-01 00:06:21+00,9731.46,9731.46,6,1,1.2685,18.7,22.2,19.8,B,CONFIRMADO,NO_PICO,false,true,2026-08-13 12:07:42.428603+00
cc2cda4b-9501-4034-a412-11b02d57bc72,fcf50348-fe3d-48db-934f-13e0af1e0e74,e98ce678-0d1d-4a44-8b08-d5ee7a42e93f,AUSA,REMEDIOS,7,,7,2026-06-01 06:51:42+00,14942.01,14942.01,9,1,4.0028,0.63,13.9,10.22,B,CONFIRMADO,NO_PICO,false,true,2026-08-20 19:47:20.55906+00
9e7e6aaa-b910-454d-9d12-fb08e10fee64,fcf50348-fe3d-48db-934f-13e0af1e0e74,5446946e-152a-4640-af51-d8eff269d0f3,AUSA,ILLIA II,8,,8,2026-06-01 07:18:07+00,16633.4,6044.83,1,2.7517,0,10.23,10.23,10.23,B,CONFIRMADO,PICO,false,true,2026-08-13 12:07:42.428603+00
3165f784-4fab-4876-9d68-7d292caa1973,fcf50348-fe3d-48db-934f-13e0af1e0e74,83ded803-cdec-40ac-8e06-16940f9b1a83,AUSA,PASEO DEL BAJO,7,,7,2026-06-01 07:21:57+00,9731.46,9731.46,33,1,4.5001,3.45,21.92,13.04,B,CONFIRMADO,NO_PICO,true,true,2026-08-20 19:47:20.55906+00
1e811ad6-2514-4da5-8484-7ef79bc4b039,fcf50348-fe3d-48db-934f-13e0af1e0e74,83ded803-cdec-40ac-8e06-16940f9b1a83,AUSA,PASEO DEL BAJO,8,,8,2026-06-01 07:24:50+00,9731.46,9731.46,6,1,2.4649,11.05,18.7,15.04,B,CONFIRMADO,NO_PICO,false,true,2026-08-13 12:07:42.428603+00
5c3bf861-90a5-47b7-9bf9-b37bcb0c922b,fcf50348-fe3d-48db-934f-13e0af1e0e74,139fff4c-db47-4169-b2c9-6a22302db69a,AUSA,VARELA,7,,7,2026-06-01 07:33:17+00,33266.65,33266.65,5,1,3.3019,10.17,17.73,13.36,B,CONFIRMADO,PICO,false,true,2026-08-20 19:47:20.55906+00
533a9a50-d566-4132-8930-ba645c3b9187,fcf50348-fe3d-48db-934f-13e0af1e0e74,5446946e-152a-4640-af51-d8eff269d0f3,AUSA,ILLIA II,7,,7,2026-06-01 10:00:08+00,16633.4,6044.83,1,2.7517,0,19.98,19.98,19.98,B,CONFIRMADO,PICO,false,true,2026-08-13 12:07:42.428603+00
1a3170f1-3cb6-4571-88ca-22f2e9120356,fcf50348-fe3d-48db-934f-13e0af1e0e74,e98ce678-0d1d-4a44-8b08-d5ee7a42e93f,AUSA,REMEDIOS,9,,9,2026-06-01 10:02:27+00,33266.65,33266.65,7,1,4.5325,7.55,19.57,13.52,B,CONFIRMADO,PICO,false,true,2026-08-20 19:47:20.55906+00
541dd6b6-a460-41c1-8272-77292c20498b,fcf50348-fe3d-48db-934f-13e0af1e0e74,139fff4c-db47-4169-b2c9-6a22302db69a,AUSA,VARELA,8,,8,2026-06-01 10:18:57+00,33266.65,33266.65,3,1,3.9726,10.3,19.97,15.46,B,CONFIRMADO,PICO,false,true,2026-08-20 19:47:20.55906+00
ccfd3d3d-aead-4d60-a73c-e13f7e44d71b,fcf50348-fe3d-48db-934f-13e0af1e0e74,139fff4c-db47-4169-b2c9-6a22302db69a,AUSA,VARELA,9,,9,2026-06-01 10:27:05+00,33266.65,33266.65,9,1,2.9721,10.03,17.82,13.1,B,CONFIRMADO,PICO,false,true,2026-08-20 19:47:20.55906+00
9ac26022-7211-4ece-9cbd-39c33527d851,fcf50348-fe3d-48db-934f-13e0af1e0e74,139fff4c-db47-4169-b2c9-6a22302db69a,AUSA,VARELA,7,,7,2026-06-01 11:18:30+00,14942.01,14942.01,14,1,4.6707,4.42,21.48,10.41,B,CONFIRMADO,NO_PICO,false,true,2026-08-20 19:47:20.55906+00
4936dd3c-a425-433c-a90a-16d85816d294,fcf50348-fe3d-48db-934f-13e0af1e0e74,5446946e-152a-4640-af51-d8eff269d0f3,AUSA,ILLIA II,7,,7,2026-06-01 11:37:35+00,5920.5,5920.5,23,1,4.538,3.32,21.8,12.59,B,CONFIRMADO,NO_PICO,true,true,2026-08-20 19:47:20.55906+00
c02da23b-5eae-4b93-83a0-7cac6d127e7a,fcf50348-fe3d-48db-934f-13e0af1e0e74,5446946e-152a-4640-af51-d8eff269d0f3,AUSA,ILLIA II,8,,8,2026-06-01 11:52:38+00,5920.5,5920.5,3,1,3.5329,11.87,20.52,16.12,B,CONFIRMADO,NO_PICO,false,true,2026-08-20 19:47:20.55906+00
172ec304-9258-4e09-b4ae-c3ffc072c52a,fcf50348-fe3d-48db-934f-13e0af1e0e74,e98ce678-0d1d-4a44-8b08-d5ee7a42e93f,AUSA,REMEDIOS,9,,9,2026-06-01 12:10:20+00,14942.01,14942.01,5,1,3.3727,12.17,21.32,14.87,B,CONFIRMADO,NO_PICO,false,true,2026-08-20 19:47:20.55906+00
82035de7-4e21-4175-b1be-c0e4d6cc18cf,fcf50348-fe3d-48db-934f-13e0af1e0e74,139fff4c-db47-4169-b2c9-6a22302db69a,AUSA,VARELA,8,,8,2026-06-01 12:11:32+00,14942.01,14942.01,5,1,2.8785,12.18,20.22,14.68,B,CONFIRMADO,NO_PICO,false,true,2026-08-20 19:47:20.55906+00
a41b6daf-2aff-47d1-873b-72fe07ed62c3,fcf50348-fe3d-48db-934f-13e0af1e0e74,139fff4c-db47-4169-b2c9-6a22302db69a,AUSA,VARELA,9,,9,2026-06-01 13:22:43+00,14942.01,14942.01,22,1,6.5202,0.48,22.8,12.86,B,CONFIRMADO,NO_PICO,true,true,2026-08-20 19:47:20.55906+00
3c4386ad-8802-4a3b-a91f-36c2355f520a,fcf50348-fe3d-48db-934f-13e0af1e0e74,e98ce678-0d1d-4a44-8b08-d5ee7a42e93f,AUSA,REMEDIOS,7,,7,2026-06-01 17:08:52+00,33266.65,33266.65,1,1,0,17.13,17.13,17.13,B,CONFIRMADO,PICO,false,true,2026-08-20 19:49:10.189729+00
40766b16-d80d-4575-908f-240ed8b3665d,fcf50348-fe3d-48db-934f-13e0af1e0e74,5446946e-152a-4640-af51-d8eff269d0f3,AUSA,ILLIA II,9,,9,2026-06-01 17:30:06+00,16633.4,16633.4,9,1,2.9428,10.57,20,15.95,B,CONFIRMADO,PICO,false,true,2026-08-20 19:47:20.55906+00
6b010a1d-f2a9-46c8-bd23-3249f724a90f,dc7dad0c-adda-4a56-a1f4-2ec87c19c356,f20aa7b2-3149-461d-81d9-e9f2c73065a1,AUSOL,TIGRE,7,,7,2026-06-02 06:41:20+00,2485.38,2485.38,1,1,0,6.68,6.68,6.68,B,CONFIRMADO,NO_PICO,false,true,2026-08-20 19:01:22.839785+00
7ff62fae-0d6b-43de-88fd-e1ae35759cd9,cc292b0a-f901-4db7-b099-52144e36a1a9,c9ed477b-11e7-4698-a81d-97813a9ae538,Autovía del Mercosur,Zarate,3,,3,2026-06-02 12:53:25+00,9414.65,9414.65,1,1,0,7.43,7.43,7.43,B,CONFIRMADO,NO_PICO,false,true,2026-08-14 18:53:22.107049+00
da1d0684-fbec-4352-9733-48baee1fa5b1,ab449656-bebf-4cb2-bbb3-6221403e1c7b,3f32d96b-e51f-4e5e-a473-be7bcc3de5e9,AUBASA,HUDSON,3,,3,2026-06-02 15:48:24+00,13466.55,13466.55,1,1,0,15.8,15.8,15.8,B,CONFIRMADO,NO_PICO,false,true,2026-08-20 19:26:04.258014+00
6640ac75-9a6e-4850-8d6e-134a80fa7c8d,fcf50348-fe3d-48db-934f-13e0af1e0e74,83ded803-cdec-40ac-8e06-16940f9b1a83,AUSA,PASEO DEL BAJO,4,,4,2026-06-02 16:04:06+00,7485.65,7485.65,1,1,0,16.07,16.07,16.07,B,CONFIRMADO,NO_PICO,false,true,2026-08-20 19:47:20.55906+00
2327c1c7-50bf-48d8-ad09-eb1bb000914a,fcf50348-fe3d-48db-934f-13e0af1e0e74,5446946e-152a-4640-af51-d8eff269d0f3,AUSA,ILLIA II,4,,4,2026-06-02 16:10:34+00,3665,3665,1,1,0,16.17,16.17,16.17,B,CONFIRMADO,PICO,false,true,2026-08-20 19:47:20.55906+00
0a2e50f4-0fe4-405e-a389-5bf0c28758b3,cc292b0a-f901-4db7-b099-52144e36a1a9,c9ed477b-11e7-4698-a81d-97813a9ae538,Autovía del Mercosur,Zarate,6,,6,2026-06-02 17:26:26+00,18829.29,18829.29,17,1,4.4078,1.73,21.42,11.4,B,CONFIRMADO,NO_PICO,true,true,2026-08-14 18:53:22.107049+00
1c21cb32-1069-42fb-983b-22da84896f20,cc292b0a-f901-4db7-b099-52144e36a1a9,c9ed477b-11e7-4698-a81d-97813a9ae538,Autovía del Mercosur,Zarate,4,,4,2026-06-02 17:33:22+00,9414.65,9414.65,1,1,0,17.55,17.55,17.55,B,CONFIRMADO,NO_PICO,false,true,2026-08-26 16:12:24.314969+00
3a2378e2-6f33-4692-80c7-956f1bad3709,fcf50348-fe3d-48db-934f-13e0af1e0e74,5446946e-152a-4640-af51-d8eff269d0f3,AUSA,ILLIA II,2,,2,2026-06-03 09:01:17+00,1993.24,1993.24,2,1,0.55,9.02,10.12,9.57,B,CONFIRMADO,PICO,false,true,2026-08-20 19:47:20.55906+00
79374250-981d-46ee-9f39-dd02767c6e7a,cc292b0a-f901-4db7-b099-52144e36a1a9,0a30e9ee-e9e0-4656-a3be-5db998fda26c,Autovía del Mercosur,YERAU,3,,3,2026-06-04 02:04:45+00,3827.71,3827.71,2,1,9.2583,2.07,20.58,11.33,B,CONFIRMADO,NO_PICO,false,true,2026-08-26 16:14:18.089505+00
fde69915-6a32-4310-b6f4-4637720318ff,cc292b0a-f901-4db7-b099-52144e36a1a9,2af2f8e5-fec2-44c0-8e3e-a72a481b551e,Autovía del Mercosur,Piedritas,3,,3,2026-06-04 03:16:33+00,3827.71,3827.71,2,1,7.975,3.27,19.22,11.24,B,CONFIRMADO,NO_PICO,false,true,2026-08-26 16:15:05.693261+00
afa1eedd-6d5b-4e1b-b734-9db0886231a8,4c3fcfe9-84f5-4b57-8875-25145b949a93,ca7dd0f1-9605-44cf-a57a-13707b43fc69,AUTOPISTA DEL OESTE,SANTA ROSA,6,,6,2026-06-04 10:05:38+00,4771.95,4771.95,1,1,0,10.73,10.73,10.73,B,CONFIRMADO,PICO,false,true,2026-08-13 12:07:42.428603+00
76a5b341-ef89-4a7e-b1b4-763664f8adde,fcf50348-fe3d-48db-934f-13e0af1e0e74,5446946e-152a-4640-af51-d8eff269d0f3,AUSA,ILLIA II,2,,2,2026-06-04 14:55:32+00,1409.5,1409.5,3,1,7.2668,0.02,15.9,10.28,B,CONFIRMADO,NO_PICO,false,true,2026-08-20 19:47:20.55906+00
5ecc5ba6-4e41-4487-85c5-90ad600f57b9,c2ee6a1d-9484-4e6e-ac7e-2830069094a6,f7159ff3-ca5e-409b-9f36-0c41844b81ba,CORREDORES VIALES SA,MONTE GRANDE,2,,2,2026-06-07 16:27:06+00,1300,1300,1,1,0,16.45,16.45,16.45,B,CONFIRMADO,NO_PICO,false,true,2026-08-20 19:19:03.031467+00
381f8bfd-d6fb-47a8-90d2-828d9f3b49e4,dc7dad0c-adda-4a56-a1f4-2ec87c19c356,25bfd059-2663-4836-9fc4-c4bd56ece4dc,AUSOL,CAMPANA,5,,5,2026-06-09 17:15:59+00,3578.96,3578.96,1,1,0,17.25,17.25,17.25,B,CONFIRMADO,PICO,false,true,2026-08-20 19:03:41.801967+00
90d8d6f6-c396-4a2c-9da7-a15d0eb235c4,ab449656-bebf-4cb2-bbb3-6221403e1c7b,67486ca3-6e88-49a8-b628-7f41e946da5a,AUBASA,DOCK SUD,5,,5,2026-06-09 18:08:48+00,11222.12,11222.12,1,1,0,18.13,18.13,18.13,B,CONFIRMADO,NO_PICO,false,true,2026-08-20 19:26:04.258014+00
cf980474-62d1-4db9-b993-b7b8872f960e,ab449656-bebf-4cb2-bbb3-6221403e1c7b,3f32d96b-e51f-4e5e-a473-be7bcc3de5e9,AUBASA,HUDSON,5,,5,2026-06-09 18:27:20+00,11222.12,11222.12,1,1,0,18.45,18.45,18.45,B,CONFIRMADO,NO_PICO,false,true,2026-08-20 19:26:04.258014+00
07348ec3-94f3-4035-a4a4-02886bc6efeb,fcf50348-fe3d-48db-934f-13e0af1e0e74,e98ce678-0d1d-4a44-8b08-d5ee7a42e93f,AUSA,REMEDIOS,8,,8,2026-06-10 12:04:55+00,14942.01,14942.01,1,1,0,14.52,14.52,14.52,B,CONFIRMADO,NO_PICO,false,true,2026-08-25 19:39:15.386996+00
16505183-f10a-4403-af19-731bc98c02ae,ab449656-bebf-4cb2-bbb3-6221403e1c7b,bd4d72fc-71cb-4d0e-a43f-6d6bb2ad1e6e,AUBASA,GUTIERREZ,5,,5,2026-06-10 17:49:23+00,11222.12,11222.12,1,1,0,17.82,17.82,17.82,B,CONFIRMADO,NO_PICO,false,true,2026-08-20 19:26:04.258014+00
262dcb81-c96f-45aa-9886-c09d424b0e2e,fcf50348-fe3d-48db-934f-13e0af1e0e74,e98ce678-0d1d-4a44-8b08-d5ee7a42e93f,AUSA,REMEDIOS,8,,8,2026-06-10 18:57:06+00,33266.65,33266.65,2,1,0,18.95,18.95,18.95,B,CONFIRMADO,PICO,false,true,2026-08-27 13:23:50.118767+00
9ba410b0-edcd-4f19-8302-a3d2f48e50d0,c2ee6a1d-9484-4e6e-ac7e-2830069094a6,1eeb3df0-0f50-4497-9937-2108b235a266,CORREDORES VIALES SA,TRISTAN SUAREZ,5,,5,2026-06-11 00:40:40+00,3900,3900,1,1,0,0.67,0.67,0.67,B,CONFIRMADO,NO_PICO,false,true,2026-08-20 19:19:03.031467+00
f28569ac-7640-4fec-af25-8a1dfd76d90d,c2ee6a1d-9484-4e6e-ac7e-2830069094a6,be8c67bc-4740-4bdd-b12d-c2dafa2061b0,CORREDORES VIALES SA,RICCHIERI,5,,5,2026-06-11 03:54:20+00,3900,3900,1,1,0,3.9,3.9,3.9,B,CONFIRMADO,NO_PICO,false,true,2026-08-20 19:19:03.031467+00
53d0a91c-ae3e-46f1-b167-930e9ee7296c,dc7dad0c-adda-4a56-a1f4-2ec87c19c356,25bfd059-2663-4836-9fc4-c4bd56ece4dc,AUSOL,CAMPANA,5,,5,2026-06-11 04:44:15+00,2982.44,2982.44,1,1,0,4.73,4.73,4.73,B,CONFIRMADO,NO_PICO,false,true,2026-08-20 19:03:41.801967+00
e3a311d5-a7b1-41dd-ab63-1c4b5a9d7053,3eee4c95-e7f4-40f3-b028-b43166229f3b,ae89e1e6-6a2a-472a-aa0e-d40480107d2a,CONEXION ALTO DELTA S.A.,"ISLA LA DESEADA - RUTA 174 KM 5,2 (Pte. Rosario-Victoria)",,2,2,2026-06-11 12:56:25+00,5219.58,5219.58,2,1,0.0417,13.18,13.27,13.23,A,CONFIRMADO,NO_PICO,false,true,2026-08-13 12:07:42.428603+00
6ab27806-dbf1-4dae-b993-a59e94367b89,c2ee6a1d-9484-4e6e-ac7e-2830069094a6,a2facb41-ca0e-482a-ae67-e3422ab7ef9b,CORREDORES VIALES SA,JAMES CRAIK - AUTOVIA ROSARIO - CORDOBA KM. 595,,1,1,2026-06-11 16:00:01+00,1500,1500,2,1,2.3667,7.5,12.23,9.87,A,CONFIRMADO,NO_PICO,false,true,2026-08-28 19:42:56.214495+00
94fdc305-4b8c-47a9-8fa2-1715bcceea02,4c3fcfe9-84f5-4b57-8875-25145b949a93,d212694e-7a62-4392-a905-03f756a9e961,AUTOPISTA DEL OESTE,BARCALA,6,,6,2026-06-12 09:00:56+00,4771.95,4771.95,2,1,0.125,9,9.25,9.13,B,CONFIRMADO,PICO,false,true,2026-08-20 17:58:48.491076+00
801e9208-3213-49cb-a7cd-f3c749ae3e0e,c2ee6a1d-9484-4e6e-ac7e-2830069094a6,be085d27-f5dd-4618-a63d-fa1730860c27,CORREDORES VIALES SA,MAKALLE - RN 16 - Km 59.80 - MAKALLÉ - CHACO,,,2,2026-06-12 15:04:00+00,3000,3000,1,1,0,15.07,15.07,15.07,A,CONFIRMADO,NO_PICO,false,true,2026-08-31 12:06:29.568203+00
7fac5ddf-b2b7-4260-b2cf-368025d1629c,cc292b0a-f901-4db7-b099-52144e36a1a9,2af2f8e5-fec2-44c0-8e3e-a72a481b551e,Autovía del Mercosur,Piedritas,6,,6,2026-06-13 00:49:28+00,8930.96,8930.96,16,1,5.918,0.35,19.77,13.18,B,CONFIRMADO,NO_PICO,true,true,2026-08-26 16:15:05.693261+00
492778e0-4e9d-4ef3-9fb8-240dda23b5ca,cc292b0a-f901-4db7-b099-52144e36a1a9,8e7341e6-0c5a-442c-9452-cca8f776a436,Autovía del Mercosur,Colonia,6,,6,2026-06-13 01:02:58+00,8930.96,8930.96,16,1,6.7251,1.03,23.55,13.96,B,CONFIRMADO,NO_PICO,true,true,2026-08-26 16:13:19.564956+00
1fb9da10-9c94-497c-a4fb-304cbf266ddd,cc292b0a-f901-4db7-b099-52144e36a1a9,0a30e9ee-e9e0-4656-a3be-5db998fda26c,Autovía del Mercosur,YERAU,6,,6,2026-06-13 01:24:43+00,8930.96,8930.96,15,1,5.7753,1.4,21.67,14.26,B,CONFIRMADO,NO_PICO,true,true,2026-08-26 16:14:18.089505+00
7cf6117c-04b3-4997-900c-0ae12882f76f,cc292b0a-f901-4db7-b099-52144e36a1a9,0a30e9ee-e9e0-4656-a3be-5db998fda26c,Autovía del Mercosur,YERAU,5,,5,2026-06-13 08:07:41+00,6698.22,6698.22,1,1,0,8.12,8.12,8.12,B,CONFIRMADO,NO_PICO,false,true,2026-08-26 16:14:18.089505+00
047901a7-be6a-420c-a087-de81a45daaf1,cc292b0a-f901-4db7-b099-52144e36a1a9,2af2f8e5-fec2-44c0-8e3e-a72a481b551e,Autovía del Mercosur,Piedritas,5,,5,2026-06-13 10:02:52+00,6698.22,6698.22,1,1,0,10.03,10.03,10.03,B,CONFIRMADO,NO_PICO,false,true,2026-08-26 16:15:05.693261+00
3fc07d9e-f176-4ea6-b2a9-8b134ada208d,cc292b0a-f901-4db7-b099-52144e36a1a9,8e7341e6-0c5a-442c-9452-cca8f776a436,Autovía del Mercosur,Colonia,5,,5,2026-06-15 14:51:00+00,6698.22,6698.22,8,1,3.9649,5.9,19.9,14.68,B,CONFIRMADO,NO_PICO,false,true,2026-08-26 16:15:58.252625+00
c2907c85-7936-4fe7-9054-eacd0bdb49f2,cc292b0a-f901-4db7-b099-52144e36a1a9,c9ed477b-11e7-4698-a81d-97813a9ae538,Autovía del Mercosur,Zarate,,8,8,2026-06-16 02:04:39+00,42365.91,4707.32,96,9,6.3088,0.38,23.82,14.09,A,CONFIRMADO,NO_PICO,true,true,2026-08-14 18:29:30.684009+00
b7c41701-bedc-4f46-b8ac-3654c0f24005,cc292b0a-f901-4db7-b099-52144e36a1a9,c9ed477b-11e7-4698-a81d-97813a9ae538,Autovía del Mercosur,Zarate,,4,4,2026-06-16 05:34:48+00,18829.29,4707.32,24,4,6.3726,0.03,23.07,13.68,A,CONFIRMADO,NO_PICO,true,true,2026-08-14 18:29:30.684009+00
eba6296b-a56b-4aed-851d-03989afdf4d2,cc292b0a-f901-4db7-b099-52144e36a1a9,c9ed477b-11e7-4698-a81d-97813a9ae538,Autovía del Mercosur,Zarate,,5,5,2026-06-16 13:37:01+00,23536.62,4707.32,46,5,6.5892,0.13,23.72,12.68,A,CONFIRMADO,NO_PICO,true,true,2026-08-14 18:29:30.684009+00
2565c58a-2b0c-4b8b-b215-6ac00f936aa2,cc292b0a-f901-4db7-b099-52144e36a1a9,c9ed477b-11e7-4698-a81d-97813a9ae538,Autovía del Mercosur,Zarate,,6,6,2026-06-16 14:12:46+00,28243.94,4707.32,161,6,6.7337,0.17,23.67,13.44,A,CONFIRMADO,NO_PICO,true,true,2026-08-14 18:29:30.684009+00
1c4aef2a-4178-4cca-9960-ca2f32849d1f,fcf50348-fe3d-48db-934f-13e0af1e0e74,b6ebf1f0-e098-4e88-8865-af82f7507913,AUSA,SALGUERO,8,,8,2026-06-17 08:35:03+00,16633.4,16633.4,1,1,0,8.58,8.58,8.58,B,CONFIRMADO,PICO,false,true,2026-08-25 19:39:15.386996+00
073cdded-4a1e-4806-82c1-402b575b7f79,cc292b0a-f901-4db7-b099-52144e36a1a9,c9ed477b-11e7-4698-a81d-97813a9ae538,Autovía del Mercosur,Zarate,,2,2,2026-06-18 07:22:21+00,4707.32,4707.32,19,1,5.5051,1.15,22.62,12.69,A,CONFIRMADO,NO_PICO,true,true,2026-08-14 18:29:30.684009+00
81c3fe7a-efb0-4a17-a7ed-e14ef48cd5b8,cc292b0a-f901-4db7-b099-52144e36a1a9,8e7341e6-0c5a-442c-9452-cca8f776a436,Autovía del Mercosur,Colonia,2,,2,2026-06-18 08:57:56+00,2232.74,2232.74,10,1,2.7149,8.95,18.63,11.72,B,CONFIRMADO,NO_PICO,false,true,2026-08-26 16:15:58.252625+00
10dadf17-7d1c-4019-80f2-30e7d0e65ec3,cc292b0a-f901-4db7-b099-52144e36a1a9,c9ed477b-11e7-4698-a81d-97813a9ae538,Autovía del Mercosur,Zarate,,7,7,2026-06-22 05:16:00+00,32951.26,4707.32,6,7,8.2485,1.3,22.87,13.88,A,CONFIRMADO,NO_PICO,false,true,2026-08-14 18:29:30.684009+00
d4d79c4a-63f0-4661-b54a-7b25ad46245f,fcf50348-fe3d-48db-934f-13e0af1e0e74,b6ebf1f0-e098-4e88-8865-af82f7507913,AUSA,SALGUERO,7,,7,2026-06-22 22:06:54+00,5920.5,5920.5,1,1,0,22.1,22.1,22.1,B,CONFIRMADO,NO_PICO,false,true,2026-08-25 19:39:15.386996+00
1723848f-244d-4bd3-bea3-6cc59b1031cd,cc292b0a-f901-4db7-b099-52144e36a1a9,c9ed477b-11e7-4698-a81d-97813a9ae538,Autovía del Mercosur,Zarate,,3,3,2026-06-25 17:09:58+00,14121.97,4707.32,5,3,2.8307,11.08,19.23,15.31,A,CONFIRMADO,NO_PICO,false,true,2026-08-14 18:29:30.684009+00
05c92c8c-f859-4b8a-be5f-453f1775cf8b,c4d1ffb5-7363-4291-84be-9da3665f002a,0f37f626-ea62-464a-987d-e85de6bbd664,UNIDAD EJECUTORA (SANTA FE),SAN LORENZO NORTE,6,,6,2026-06-26 10:51:04+00,8400,8400,2,1,2.55,10.85,15.95,13.4,B,CONFIRMADO,NO_PICO,false,true,2026-08-13 12:07:42.428603+00
2cc89d25-b892-4c4f-a05b-42cc8b141f9f,cc292b0a-f901-4db7-b099-52144e36a1a9,0a30e9ee-e9e0-4656-a3be-5db998fda26c,Autovía del Mercosur,YERAU,2,,2,2026-06-26 13:43:08+00,2232.74,2232.74,2,1,1.775,13.72,17.27,15.49,B,CONFIRMADO,NO_PICO,false,true,2026-08-26 16:17:20.321625+00
19cbda8a-f131-4783-9df8-7d76cef08e4c,cc292b0a-f901-4db7-b099-52144e36a1a9,2af2f8e5-fec2-44c0-8e3e-a72a481b551e,Autovía del Mercosur,Piedritas,2,,2,2026-06-26 14:41:18+00,2232.74,2232.74,2,1,0.775,14.68,16.23,15.46,B,CONFIRMADO,NO_PICO,false,true,2026-08-26 16:18:13.643414+00
5bd9a3bb-5f0d-4c15-abdf-e0a884e1d41e,c2ee6a1d-9484-4e6e-ac7e-2830069094a6,1eeb3df0-0f50-4497-9937-2108b235a266,CORREDORES VIALES SA,TRISTAN SUAREZ,,6,6,2026-06-27 00:50:20+00,5200,5200,1,1,0,0.83,0.83,0.83,A,CONFIRMADO,NO_PICO,false,true,2026-08-13 12:07:42.428603+00
9501e9f3-b94b-4675-bcb5-ed3ca9298a4f,c2ee6a1d-9484-4e6e-ac7e-2830069094a6,be8c67bc-4740-4bdd-b12d-c2dafa2061b0,CORREDORES VIALES SA,RICCHIERI,,7,7,2026-06-29 00:49:36+00,6500,6500,1,1,0,0.82,0.82,0.82,A,CONFIRMADO,NO_PICO,false,true,2026-08-13 12:07:42.428603+00
e55fb0ad-d64a-4294-8adb-ef69b99b2d8e,cc292b0a-f901-4db7-b099-52144e36a1a9,c9ed477b-11e7-4698-a81d-97813a9ae538,Autovía del Mercosur,Zarate,7,,7,2026-06-30 19:47:30+00,32951.26,23536.62,4,1.4,2.2224,18.03,23.88,20.95,B,CONFIRMADO,NO_PICO,false,true,2026-08-14 18:53:22.107049+00
ec5d21ab-c22d-43f3-8eca-a6ef469b2fea,fcf50348-fe3d-48db-934f-13e0af1e0e74,5446946e-152a-4640-af51-d8eff269d0f3,AUSA,ILLIA II,9,,9,2026-07-01 00:14:53+00,6044.83,6044.83,122,1,7.4418,0.07,23.98,12.55,B,CONFIRMADO,NO_PICO,true,true,2026-08-13 12:07:42.428603+00
68e3e84b-f47f-45d1-aa9c-67bfc20015dd,fcf50348-fe3d-48db-934f-13e0af1e0e74,83ded803-cdec-40ac-8e06-16940f9b1a83,AUSA,PASEO DEL BAJO,9,,9,2026-07-01 00:21:52+00,9935.82,9731.46,124,1.021,7.0724,0.08,23.95,13.24,B,CONFIRMADO,NO_PICO,true,true,2026-08-13 12:07:42.428603+00
80151cd1-8fe8-4706-9716-6076af828a49,ab449656-bebf-4cb2-bbb3-6221403e1c7b,2ab8b3e2-a9ab-4577-b9c4-81a68c594edc,AUBASA,BERNAL,7,,7,2026-07-01 00:26:34+00,13466.55,13466.55,37,1,7.2011,0.18,23.33,13.13,B,CONFIRMADO,NO_PICO,true,true,2026-08-13 12:07:42.428603+00
b33f625f-94d8-46b2-8102-557662156700,cc292b0a-f901-4db7-b099-52144e36a1a9,8e7341e6-0c5a-442c-9452-cca8f776a436,Autovía del Mercosur,Colonia,,6,6,2026-07-01 00:51:07+00,8930.96,2232.74,259,4,6.3018,0.03,23.95,14.44,A,CONFIRMADO,NO_PICO,true,true,2026-08-14 18:29:30.684009+00
764dea80-2994-4320-b00f-d3deac3d64f5,ebc3d756-788f-4875-9c20-15c9c8d0dffc,7e41f9a3-f9f7-4921-8c24-d8b0598accd0,RUTAS SUR ATLANTICO S.A.,CAÑUELAS - RN 3 KM 76,,3,3,2026-07-01 01:36:58+00,4500,4500,2,1,8.95,1.6,19.5,10.55,A,CONFIRMADO,NO_PICO,false,true,2026-08-13 12:07:42.428603+00
a63513ed-8941-4407-9d74-ce9511d86173,ebc3d756-788f-4875-9c20-15c9c8d0dffc,1cd5afa4-9dfa-4170-92cc-d67050f10afa,RUTAS SUR ATLANTICO S.A.,"AGÜERO - AU.RICCHIERI KM 15,80",,3,3,2026-07-01 02:48:20+00,3900,774.41,1,5.0361,0,2.8,2.8,2.8,A,CONFIRMADO,NO_PICO,false,true,2026-08-13 12:07:42.428603+00
009bc286-3cec-4aac-9800-ef9d62caa49d,fcf50348-fe3d-48db-934f-13e0af1e0e74,e98ce678-0d1d-4a44-8b08-d5ee7a42e93f,AUSA,REMEDIOS,7,,7,2026-07-01 03:00:38+00,15255.79,15255.79,19,1,4.7254,3,21.62,12.32,B,CONFIRMADO,NO_PICO,true,true,2026-08-13 12:07:42.428603+00
aba974cb-56b5-4393-b7f7-81510d042fa0,dc7dad0c-adda-4a56-a1f4-2ec87c19c356,39daec48-071c-4703-9e97-ad3aec2a46fb,AUSOL,BELGRANO,6,,6,2026-07-01 03:03:31+00,3976.59,3976.59,1,1,0,3.05,3.05,3.05,B,CONFIRMADO,NO_PICO,false,true,2026-08-13 12:07:42.428603+00
4d5366db-46c2-4a42-b70c-bf60ccbe9f9d,4c3fcfe9-84f5-4b57-8875-25145b949a93,2e7bc698-efec-44c7-86bf-81dd35a71c87,AUTOPISTA DEL OESTE,POSADAS,6,,6,2026-07-01 03:11:45+00,3976.59,3976.59,2,1,0.6,3.18,4.38,3.78,B,CONFIRMADO,NO_PICO,false,true,2026-08-13 12:07:42.428603+00
b33cdae7-b6f6-47e6-ae4b-4cd69830ef02,fcf50348-fe3d-48db-934f-13e0af1e0e74,5446946e-152a-4640-af51-d8eff269d0f3,AUSA,ILLIA II,7,,7,2026-07-01 05:05:45+00,6044.83,6044.83,53,1,4.9527,2.65,23.5,10.06,B,CONFIRMADO,NO_PICO,true,true,2026-08-13 12:07:42.428603+00
807ae537-2177-4b74-ac83-b6790b40cfe3,fcf50348-fe3d-48db-934f-13e0af1e0e74,83ded803-cdec-40ac-8e06-16940f9b1a83,AUSA,PASEO DEL BAJO,7,,7,2026-07-01 05:12:31+00,9935.82,9935.82,78,1,5.6168,0.08,23.62,10.45,B,CONFIRMADO,NO_PICO,true,true,2026-08-13 12:07:42.428603+00
7854b5e3-8cdc-4792-a1e4-b0c6f536a3be,4c3fcfe9-84f5-4b57-8875-25145b949a93,a6749964-64e2-4f95-b7b3-ecb4a68c1a14,AUTOPISTA DEL OESTE,BUEN AYRE,7,,7,2026-07-01 05:12:48+00,4970.74,4970.74,1,1,0,5.2,5.2,5.2,B,CONFIRMADO,NO_PICO,false,true,2026-08-13 12:07:42.428603+00
f9dd6d72-bcd0-4c61-8971-7533231d1def,fcf50348-fe3d-48db-934f-13e0af1e0e74,139fff4c-db47-4169-b2c9-6a22302db69a,AUSA,VARELA,9,,9,2026-07-01 05:41:52+00,15255.79,15255.79,70,1,7.4644,0.12,23.85,13.06,B,CONFIRMADO,NO_PICO,true,true,2026-08-13 12:07:42.428603+00
8e1cb975-ee46-4758-813a-d1bf0714b387,fcf50348-fe3d-48db-934f-13e0af1e0e74,139fff4c-db47-4169-b2c9-6a22302db69a,AUSA,VARELA,7,,7,2026-07-01 06:55:07+00,15255.79,15255.79,52,1,5.4491,2.23,23.8,10.49,B,CONFIRMADO,NO_PICO,true,true,2026-08-13 12:07:42.428603+00
269ccf29-fee1-46d6-b6a6-6a9e78ba66f6,ab449656-bebf-4cb2-bbb3-6221403e1c7b,2ab8b3e2-a9ab-4577-b9c4-81a68c594edc,AUBASA,BERNAL,7,,7,2026-07-01 08:10:51+00,16833.2,13466.55,7,1.25,5.0907,7.22,19.78,14.2,B,CONFIRMADO,PICO,false,true,2026-08-13 12:07:42.428603+00
d3d504fa-639c-4f57-b1fb-a03c30b5e3bc,ef0d4301-d970-4bba-a1d0-28f003fbc008,3913f347-857c-465b-b078-2443f510ba1e,CORREDOR VIAL 5 S.A.U.,TRENQUE LAUQUEN - RUTA 5 KM 429,,4,4,2026-07-01 08:22:12+00,6000,5361.29,2,1.1191,4.1167,8.37,16.6,12.48,A,CONFIRMADO,NO_PICO,false,true,2026-08-13 12:07:42.428603+00
df9f2083-4fc8-44ab-acc2-999e402d2d9c,fcf50348-fe3d-48db-934f-13e0af1e0e74,139fff4c-db47-4169-b2c9-6a22302db69a,AUSA,VARELA,9,,9,2026-07-01 08:32:01+00,33965.25,15255.79,20,2.2264,4.3723,7.17,19.47,13.79,B,CONFIRMADO,PICO,true,true,2026-08-13 12:07:42.428603+00
224951c6-afd8-4897-b8a7-681a3cf550f8,fcf50348-fe3d-48db-934f-13e0af1e0e74,e98ce678-0d1d-4a44-8b08-d5ee7a42e93f,AUSA,REMEDIOS,7,,7,2026-07-01 09:06:47+00,33965.25,15255.79,7,2.2264,3.7643,9.1,19.02,14.12,B,CONFIRMADO,PICO,false,true,2026-08-13 12:07:42.428603+00
811e815a-736e-4ae5-bf2d-fa2a3dd66f44,fcf50348-fe3d-48db-934f-13e0af1e0e74,83ded803-cdec-40ac-8e06-16940f9b1a83,AUSA,PASEO DEL BAJO,8,,8,2026-07-01 09:27:11+00,9935.82,9731.46,36,1.021,5.8117,0.1,23.67,10.12,B,CONFIRMADO,NO_PICO,true,true,2026-08-13 12:07:42.428603+00
c6412c43-3cf7-4329-8cb6-e975ed3b2542,fcf50348-fe3d-48db-934f-13e0af1e0e74,5446946e-152a-4640-af51-d8eff269d0f3,AUSA,ILLIA II,7,,7,2026-07-01 09:34:33+00,16982.69,6044.83,19,2.8095,4.434,7.05,20.28,13.23,B,CONFIRMADO,PICO,true,true,2026-08-13 12:07:42.428603+00
f619997e-fa4f-4e3c-846d-189dfe0a474b,ab449656-bebf-4cb2-bbb3-6221403e1c7b,2ab8b3e2-a9ab-4577-b9c4-81a68c594edc,AUBASA,BERNAL,6,,6,2026-07-01 10:09:01+00,11222.12,11222.12,20,1,6.1104,2.23,22.37,12.49,B,CONFIRMADO,NO_PICO,true,true,2026-08-13 12:07:42.428603+00
9e0d5f33-1b57-409b-9a3f-1055b4f302e2,cc292b0a-f901-4db7-b099-52144e36a1a9,0a30e9ee-e9e0-4656-a3be-5db998fda26c,Autovía del Mercosur,YERAU,,6,6,2026-07-01 10:24:47+00,8930.96,6698.22,255,1.3333,6.4083,0.02,23.98,14.33,A,CONFIRMADO,NO_PICO,true,true,2026-08-14 18:29:30.684009+00
07b0e6d4-36c8-4dac-b36e-950b55118634,cc292b0a-f901-4db7-b099-52144e36a1a9,2af2f8e5-fec2-44c0-8e3e-a72a481b551e,Autovía del Mercosur,Piedritas,,6,6,2026-07-01 10:26:37+00,8930.96,6698.22,253,1.3333,6.7487,0.2,23.83,13.88,A,CONFIRMADO,NO_PICO,true,true,2026-08-14 18:29:30.684009+00
96bfab8a-12c9-443e-9b26-c400f2aa768b,2421e557-441c-494e-960c-15819c629318,db59258b-4174-4dd8-9db5-1dee5ec1412e,CAMINOS DE LAS SIERRAS,Ruta 20,6,,6,2026-07-01 10:47:59+00,6096.66,6096.66,6,1,2.4199,9.68,17.1,12.42,B,CONFIRMADO,NO_PICO,false,true,2026-08-19 17:52:24.142446+00
b970f86d-9672-4a2a-8861-468c884db8a1,2421e557-441c-494e-960c-15819c629318,b7b0dec6-c185-4e7e-b548-2bf300fcafda,CAMINOS DE LAS SIERRAS,Autopista Pilar-Cordoba,6,,6,2026-07-01 11:28:50+00,6096.66,6096.66,6,1,3.3031,6.77,17.25,13.01,B,CONFIRMADO,NO_PICO,false,true,2026-08-19 17:52:24.142446+00
443f28be-3d0a-4f19-858b-3cb27ab904f1,2421e557-441c-494e-960c-15819c629318,db59258b-4174-4dd8-9db5-1dee5ec1412e,CAMINOS DE LAS SIERRAS,Ruta 20,7,,7,2026-07-01 12:25:46+00,7620.83,7620.83,14,1,3.7835,7.78,22.83,15.08,B,CONFIRMADO,NO_PICO,false,true,2026-08-19 17:52:24.142446+00
d3e35982-885b-4add-ad4d-babfc0f553f1,2421e557-441c-494e-960c-15819c629318,b7b0dec6-c185-4e7e-b548-2bf300fcafda,CAMINOS DE LAS SIERRAS,Autopista Pilar-Cordoba,7,,7,2026-07-01 13:02:00+00,7620.83,7620.83,7,1,3.5943,12.35,23.6,15.28,B,CONFIRMADO,NO_PICO,false,true,2026-08-19 17:52:24.142446+00
c89bd828-661c-4659-bc3f-9866ac8372ff,2421e557-441c-494e-960c-15819c629318,4adc4ef7-7407-4f8d-9a1b-09261ed570b3,CAMINOS DE LAS SIERRAS,Ruta 19,5,,5,2026-07-01 13:44:44+00,4572.5,4572.5,1,1,0,13.73,13.73,13.73,B,CONFIRMADO,NO_PICO,false,true,2026-08-19 17:52:24.142446+00
607eb179-3524-4a3c-9de6-6d9606c1371a,2421e557-441c-494e-960c-15819c629318,db59258b-4174-4dd8-9db5-1dee5ec1412e,CAMINOS DE LAS SIERRAS,Ruta 20,5,,5,2026-07-01 16:47:38+00,4572.5,4572.5,2,1,2.525,16.78,21.83,19.31,B,CONFIRMADO,NO_PICO,false,true,2026-08-19 17:52:24.142446+00
5a321ba3-3926-41a3-a634-c0e6815be0a3,fcf50348-fe3d-48db-934f-13e0af1e0e74,139fff4c-db47-4169-b2c9-6a22302db69a,AUSA,VARELA,7,,7,2026-07-01 16:53:29+00,33965.25,15255.79,8,2.2264,4.2239,7.03,19.72,13.61,B,CONFIRMADO,PICO,false,true,2026-08-13 12:07:42.428603+00
959648d3-442c-4e19-a110-af089700ffc9,ab449656-bebf-4cb2-bbb3-6221403e1c7b,2ab8b3e2-a9ab-4577-b9c4-81a68c594edc,AUBASA,BERNAL,6,,6,2026-07-01 17:36:00+00,14027.67,11222.12,1,1.25,0,17.6,17.6,17.6,B,CONFIRMADO,PICO,false,true,2026-08-13 12:07:42.428603+00
6cbae852-28bb-499f-8514-33b929569087,fcf50348-fe3d-48db-934f-13e0af1e0e74,5446946e-152a-4640-af51-d8eff269d0f3,AUSA,ILLIA II,9,,9,2026-07-01 17:39:47+00,16982.69,6044.83,19,2.8095,3.687,7.02,20.9,15.82,B,CONFIRMADO,PICO,true,true,2026-08-13 12:07:42.428603+00
61271377-4a52-45b1-a6f6-346549cc10bf,ebc3d756-788f-4875-9c20-15c9c8d0dffc,1cd5afa4-9dfa-4170-92cc-d67050f10afa,RUTAS SUR ATLANTICO S.A.,"AGÜERO - AU.RICCHIERI KM 15,80",,6,6,2026-07-01 18:17:32+00,6000,774.41,2,7.7478,0.6333,18.28,19.55,18.92,A,CONFIRMADO,PICO,false,true,2026-08-13 12:07:42.428603+00
5f923ff7-f14a-413f-875a-a3a956ec62c5,ebc3d756-788f-4875-9c20-15c9c8d0dffc,7d061318-e178-4458-b881-78bc044f0622,RUTAS SUR ATLANTICO S.A.,"TRISTAN SUAREZ - AU. EZE-CAÑ KM 37,25",,7,7,2026-07-01 18:40:00+00,7500,3097.65,1,2.4212,0,18.67,18.67,18.67,A,CONFIRMADO,PICO,false,true,2026-08-13 12:07:42.428603+00
ad7d0567-b189-457a-bdce-a4809a26357c,ef0d4301-d970-4bba-a1d0-28f003fbc008,6e59a694-cfd2-4009-be75-3a087ed60f33,CORREDOR VIAL 5 S.A.U.,9 DE JULIO - RUTA 5 KM. 244,,4,4,2026-07-01 19:42:06+00,6000,6000,4,1,4.4394,9.48,19.7,14.89,A,CONFIRMADO,NO_PICO,false,true,2026-08-13 12:07:42.428603+00
c992f349-fa0c-4e17-b311-2c775cda0514,ef0d4301-d970-4bba-a1d0-28f003fbc008,52b1f05c-2eea-493a-81bb-d8e11a7c444b,CORREDOR VIAL 5 S.A.U.,OLIVERA - RUTA 5 KM. 86,,4,4,2026-07-01 20:37:37+00,6000,1500,3,4,2.2118,15.52,20.62,17.54,A,CONFIRMADO,NO_PICO,false,true,2026-08-13 12:07:42.428603+00
c71ff209-92df-4454-b6ad-5e7ed4d4a212,ebc3d756-788f-4875-9c20-15c9c8d0dffc,1cd5afa4-9dfa-4170-92cc-d67050f10afa,RUTAS SUR ATLANTICO S.A.,"AGÜERO - AU.RICCHIERI KM 15,80",,7,7,2026-07-01 21:29:10+00,6500,774.41,2,8.3935,0.4333,21.48,22.35,21.92,A,CONFIRMADO,NO_PICO,false,true,2026-08-13 12:07:42.428603+00
73fc9b4d-f177-472a-a99b-6390637e747f,2421e557-441c-494e-960c-15819c629318,b7b0dec6-c185-4e7e-b548-2bf300fcafda,CAMINOS DE LAS SIERRAS,Autopista Pilar-Cordoba,5,,5,2026-07-01 22:27:37+00,4572.5,4572.5,1,1,0,22.45,22.45,22.45,B,CONFIRMADO,NO_PICO,false,true,2026-08-19 17:52:24.142446+00
ded01eaa-8771-44bd-9d0b-7f6820fb70e4,4c3fcfe9-84f5-4b57-8875-25145b949a93,0e80099b-3d4a-49f0-ada4-f819e6975ae3,AUTOPISTA DEL OESTE,MARTIN FIERRO,7,,7,2026-07-01 22:36:38+00,4970.74,4970.74,1,1,0,22.6,22.6,22.6,B,CONFIRMADO,NO_PICO,false,true,2026-08-13 12:07:42.428603+00
61932bbd-3591-42b5-a068-a3b6dda15005,ebc3d756-788f-4875-9c20-15c9c8d0dffc,c74a1f16-de75-4fc8-9b08-3c9f5402a4bc,RUTAS SUR ATLANTICO S.A.,HINOJO - RN 226 KM 276,,6,6,2026-07-01 23:47:59+00,7500,7500,1,1,0,23.78,23.78,23.78,A,CONFIRMADO,NO_PICO,false,true,2026-08-13 12:07:42.428603+00
aebcab9c-8eda-4c7f-879e-2621f11ce36a,ebc3d756-788f-4875-9c20-15c9c8d0dffc,7d061318-e178-4458-b881-78bc044f0622,RUTAS SUR ATLANTICO S.A.,"TRISTAN SUAREZ - AU. EZE-CAÑ KM 37,25",,5,5,2026-07-02 00:41:16+00,5200,3097.65,2,1.6787,6.2167,0.68,13.12,6.9,A,CONFIRMADO,NO_PICO,false,true,2026-08-13 12:07:42.428603+00
630125af-a0ff-483a-a240-b6516587a00b,ebc3d756-788f-4875-9c20-15c9c8d0dffc,1cd5afa4-9dfa-4170-92cc-d67050f10afa,RUTAS SUR ATLANTICO S.A.,"AGÜERO - AU.RICCHIERI KM 15,80",,5,5,2026-07-02 04:01:38+00,5200,774.41,1,6.7148,0,4.02,4.02,4.02,A,CONFIRMADO,NO_PICO,false,true,2026-08-13 12:07:42.428603+00
4df83406-f038-433c-b297-f66a37e7d8ee,fcf50348-fe3d-48db-934f-13e0af1e0e74,139fff4c-db47-4169-b2c9-6a22302db69a,AUSA,VARELA,8,,8,2026-07-02 06:40:36+00,15255.79,15255.79,16,1,5.8373,6.62,23.92,12.56,B,CONFIRMADO,NO_PICO,true,true,2026-08-13 12:07:42.428603+00
8266cec8-71b2-41bf-807f-2b92b9220598,fcf50348-fe3d-48db-934f-13e0af1e0e74,5446946e-152a-4640-af51-d8eff269d0f3,AUSA,ILLIA II,8,,8,2026-07-02 07:03:00+00,16982.69,6044.83,5,2.8095,1.7646,7.05,10.93,8.52,B,CONFIRMADO,PICO,false,true,2026-08-13 12:07:42.428603+00
8e120153-4627-4238-93c0-ef76b7df8b0a,ef0d4301-d970-4bba-a1d0-28f003fbc008,3913f347-857c-465b-b078-2443f510ba1e,CORREDOR VIAL 5 S.A.U.,TRENQUE LAUQUEN - RUTA 5 KM 429,,5,5,2026-07-02 09:13:40+00,7500,5361.29,1,1.3989,0,9.22,9.22,9.22,A,CONFIRMADO,NO_PICO,false,true,2026-08-13 12:07:42.428603+00
dd649832-aff1-4c11-bdb9-4935ccb5f98f,ebc3d756-788f-4875-9c20-15c9c8d0dffc,1cd5afa4-9dfa-4170-92cc-d67050f10afa,RUTAS SUR ATLANTICO S.A.,"AGÜERO - AU.RICCHIERI KM 15,80",,7,7,2026-07-02 10:15:21+00,7500,774.41,1,9.6848,0,10.25,10.25,10.25,A,CONFIRMADO,PICO,false,true,2026-08-13 12:07:42.428603+00
0cd08f15-8dc2-44b5-97ba-ef01c94d9ae8,ef0d4301-d970-4bba-a1d0-28f003fbc008,52b1f05c-2eea-493a-81bb-d8e11a7c444b,CORREDOR VIAL 5 S.A.U.,OLIVERA - RUTA 5 KM. 86,,5,5,2026-07-02 11:37:05+00,7500,1500,2,5,1.3833,11.62,14.38,13,A,CONFIRMADO,NO_PICO,false,true,2026-08-13 12:07:42.428603+00
c8a4240e-603b-4157-9f78-6f13a4a447ed,ef0d4301-d970-4bba-a1d0-28f003fbc008,6e59a694-cfd2-4009-be75-3a087ed60f33,CORREDOR VIAL 5 S.A.U.,9 DE JULIO - RUTA 5 KM. 244,,5,5,2026-07-02 12:06:31+00,7500,6000,2,1.25,1.1917,12.1,14.48,13.29,A,CONFIRMADO,NO_PICO,false,true,2026-08-13 12:07:42.428603+00
ea7207d3-7fde-44fb-a9c2-ab640147975b,2421e557-441c-494e-960c-15819c629318,ef1d9da3-f250-4cab-bbd0-bdb8cc781f54,CAMINOS DE LAS SIERRAS,Ruta 36 Arroyo Tegua,7,,7,2026-07-02 13:14:07+00,7620.83,7620.83,3,1,1.6534,11.23,15.28,13.25,B,CONFIRMADO,NO_PICO,false,true,2026-08-19 17:52:24.142446+00
3aef7c04-62ef-4c3c-8cb5-6e240fb0e18d,ebc3d756-788f-4875-9c20-15c9c8d0dffc,1cd5afa4-9dfa-4170-92cc-d67050f10afa,RUTAS SUR ATLANTICO S.A.,"AGÜERO - AU.RICCHIERI KM 15,80",,2,2,2026-07-02 13:39:49+00,1300,774.41,1,1.6787,0,13.65,13.65,13.65,A,CONFIRMADO,NO_PICO,false,true,2026-08-13 12:07:42.428603+00
f4b44841-b381-48b8-9f69-5b63db02c975,2421e557-441c-494e-960c-15819c629318,e8d16fb6-f9c2-4842-8779-a444983e9f7a,CAMINOS DE LAS SIERRAS,Ruta 9 Sur,6,,6,2026-07-02 14:00:57+00,6096.66,6096.66,1,1,0,14,14,14,B,CONFIRMADO,NO_PICO,false,true,2026-08-19 17:52:24.142446+00
69901d20-de66-44f2-8f90-70955f56f1cd,2421e557-441c-494e-960c-15819c629318,33c28f55-ffb1-4370-bb2c-573d99b72d6f,CAMINOS DE LAS SIERRAS,Ruta 36 Piedras Moras,7,,7,2026-07-02 15:44:25+00,7620.83,7620.83,4,1,1.7056,12.18,16.68,14.69,B,CONFIRMADO,NO_PICO,false,true,2026-08-19 17:52:24.142446+00
c26b93f0-f6fb-4271-b310-153d28bc32b1,cc292b0a-f901-4db7-b099-52144e36a1a9,0a30e9ee-e9e0-4656-a3be-5db998fda26c,Autovía del Mercosur,YERAU,,4,4,2026-07-02 16:17:34+00,6698.22,6698.22,19,1,7.0217,0.47,23.8,16.13,A,CONFIRMADO,NO_PICO,true,true,2026-08-14 18:29:30.684009+00
68e9cddb-2615-4cbb-92ae-0ac85b7e26d0,2421e557-441c-494e-960c-15819c629318,f3a95f72-3ab5-4e25-bae6-af97651d0141,CAMINOS DE LAS SIERRAS,Ruta 36,6,,6,2026-07-02 16:43:23+00,6096.66,6096.66,2,1,1.275,14.17,16.72,15.44,B,CONFIRMADO,NO_PICO,false,true,2026-08-19 17:52:24.142446+00
e2c85a01-0814-4790-a40f-33ac58e01f11,ef0d4301-d970-4bba-a1d0-28f003fbc008,52b1f05c-2eea-493a-81bb-d8e11a7c444b,CORREDOR VIAL 5 S.A.U.,OLIVERA - RUTA 5 KM. 86,,1,1,2026-07-02 18:02:58+00,1500,1500,2,1,0.2,18.03,18.43,18.23,A,CONFIRMADO,NO_PICO,false,true,2026-08-13 12:07:42.428603+00
5179fbb0-afc8-4b22-b54b-c03d1aaddb8a,cc292b0a-f901-4db7-b099-52144e36a1a9,2af2f8e5-fec2-44c0-8e3e-a72a481b551e,Autovía del Mercosur,Piedritas,,4,4,2026-07-02 18:10:16+00,6698.22,6698.22,19,1,7.1123,0.2,23.45,14.83,A,CONFIRMADO,NO_PICO,true,true,2026-08-14 18:29:30.684009+00
9dd0b2f1-62d8-40e8-9d9f-abc1b90e7c4f,2421e557-441c-494e-960c-15819c629318,4adc4ef7-7407-4f8d-9a1b-09261ed570b3,CAMINOS DE LAS SIERRAS,Ruta 19,7,,7,2026-07-02 20:11:36+00,7620.83,7620.83,8,1,7.1575,0.57,23.73,17,B,CONFIRMADO,NO_PICO,false,true,2026-08-19 17:52:24.142446+00
2aa33261-008c-4734-96b8-dffbbd88416b,fcf50348-fe3d-48db-934f-13e0af1e0e74,5446946e-152a-4640-af51-d8eff269d0f3,AUSA,ILLIA II,8,,8,2026-07-02 22:47:16+00,6044.83,6044.83,16,1,5.5821,0.22,22.78,9.27,B,CONFIRMADO,NO_PICO,true,true,2026-08-13 12:07:42.428603+00
624f86a0-168e-4120-9a81-06d8069d95aa,cc292b0a-f901-4db7-b099-52144e36a1a9,8e7341e6-0c5a-442c-9452-cca8f776a436,Autovía del Mercosur,Colonia,,4,4,2026-07-02 23:10:15+00,6698.22,2232.74,17,3,7.8672,0.23,23.17,15.5,A,CONFIRMADO,NO_PICO,true,true,2026-08-14 18:29:30.684009+00
a6367702-d472-4ad1-8f13-d47dd9d27fa3,ef0d4301-d970-4bba-a1d0-28f003fbc008,3913f347-857c-465b-b078-2443f510ba1e,CORREDOR VIAL 5 S.A.U.,TRENQUE LAUQUEN - RUTA 5 KM 429,,4,4,2026-07-03 01:05:01+00,7148.39,5361.29,29,1.3333,7.6449,0.5,23.82,13.06,A,CONFIRMADO,NO_PICO,true,true,2026-08-13 12:07:42.428603+00
cb45ede7-acd0-477b-a9b2-9ff6f304df61,ebc3d756-788f-4875-9c20-15c9c8d0dffc,7e41f9a3-f9f7-4921-8c24-d8b0598accd0,RUTAS SUR ATLANTICO S.A.,CAÑUELAS - RN 3 KM 76,,3,3,2026-07-03 03:58:19+00,5361.29,4500,1,1.1914,0,3.97,3.97,3.97,A,CONFIRMADO,NO_PICO,false,true,2026-08-13 12:07:42.428603+00
4c30a82a-437f-4b19-9009-2135bda7460f,fcf50348-fe3d-48db-934f-13e0af1e0e74,e98ce678-0d1d-4a44-8b08-d5ee7a42e93f,AUSA,REMEDIOS,4,,4,2026-07-03 06:07:35+00,5468.98,5468.98,4,1,5.2546,6.12,20.85,14.16,B,CONFIRMADO,NO_PICO,false,true,2026-08-13 12:07:42.428603+00
58b9a873-6f6c-4b7c-a2d4-4b3fecb75dda,ebc3d756-788f-4875-9c20-15c9c8d0dffc,1cd5afa4-9dfa-4170-92cc-d67050f10afa,RUTAS SUR ATLANTICO S.A.,"AGÜERO - AU.RICCHIERI KM 15,80",,4,4,2026-07-03 08:10:27+00,3574.19,774.41,11,4.6154,3.3726,8.17,19.25,12.35,A,CONFIRMADO,PICO,false,true,2026-08-13 12:07:42.428603+00
f412aa43-5f43-4648-9cad-7b1a321f5e91,cc292b0a-f901-4db7-b099-52144e36a1a9,8e7341e6-0c5a-442c-9452-cca8f776a436,Autovía del Mercosur,Colonia,,1,1,2026-07-03 09:08:04+00,2232.74,2232.74,10,1,1.3156,9.13,12.97,10.58,A,CONFIRMADO,NO_PICO,false,true,2026-08-14 18:29:30.684009+00
59197f7e-0d47-4caa-b2d0-534b61b0b773,ebc3d756-788f-4875-9c20-15c9c8d0dffc,1cd5afa4-9dfa-4170-92cc-d67050f10afa,RUTAS SUR ATLANTICO S.A.,"AGÜERO - AU.RICCHIERI KM 15,80",,6,6,2026-07-03 09:18:11+00,7148.39,774.41,3,9.2308,3.5004,9.3,17.23,14.21,A,CONFIRMADO,PICO,false,true,2026-08-13 12:07:42.428603+00
022a2f2e-a163-4c5f-9a43-48539419c4ef,ef0d4301-d970-4bba-a1d0-28f003fbc008,52b1f05c-2eea-493a-81bb-d8e11a7c444b,CORREDOR VIAL 5 S.A.U.,OLIVERA - RUTA 5 KM. 86,,5,5,2026-07-03 09:26:43+00,8935.49,1500,27,5.957,5.4205,3.68,22.5,14.21,A,CONFIRMADO,NO_PICO,true,true,2026-08-13 12:07:42.428603+00
0ac94961-49e1-45e3-ba69-b0a2223bf6d7,ef0d4301-d970-4bba-a1d0-28f003fbc008,6e59a694-cfd2-4009-be75-3a087ed60f33,CORREDOR VIAL 5 S.A.U.,9 DE JULIO - RUTA 5 KM. 244,,4,4,2026-07-03 10:32:08+00,7148.39,6000,23,1.1914,5.3686,2.58,20.27,12.71,A,CONFIRMADO,NO_PICO,true,true,2026-08-13 12:07:42.428603+00
ab57c585-229c-467a-a4b2-2b4e8ea8487b,ef0d4301-d970-4bba-a1d0-28f003fbc008,6e59a694-cfd2-4009-be75-3a087ed60f33,CORREDOR VIAL 5 S.A.U.,9 DE JULIO - RUTA 5 KM. 244,,6,6,2026-07-03 11:41:59+00,8935.49,6000,25,1.4892,5.9116,0.67,23.58,14.44,A,CONFIRMADO,NO_PICO,true,true,2026-08-13 12:07:42.428603+00
cc107b86-a675-45ed-980e-a33cfe41868f,ebc3d756-788f-4875-9c20-15c9c8d0dffc,1cd5afa4-9dfa-4170-92cc-d67050f10afa,RUTAS SUR ATLANTICO S.A.,"AGÜERO - AU.RICCHIERI KM 15,80",,7,7,2026-07-03 12:45:20+00,7744.12,774.41,15,10,5.9454,1.22,23.23,10.88,A,CONFIRMADO,NO_PICO,true,true,2026-08-13 12:07:42.428603+00
3148eddf-19bc-47f5-a553-ed413dcc803a,ebc3d756-788f-4875-9c20-15c9c8d0dffc,1cd5afa4-9dfa-4170-92cc-d67050f10afa,RUTAS SUR ATLANTICO S.A.,"AGÜERO - AU.RICCHIERI KM 15,80",,1,1,2026-07-03 13:06:10+00,774.41,774.41,2,1,0.8667,13.1,14.83,13.97,A,CONFIRMADO,NO_PICO,false,true,2026-08-13 12:07:42.428603+00
afc115b9-f2e1-4955-a017-475bc10f71b0,2421e557-441c-494e-960c-15819c629318,4adc4ef7-7407-4f8d-9a1b-09261ed570b3,CAMINOS DE LAS SIERRAS,Ruta 19,6,,6,2026-07-03 13:13:59+00,6096.66,6096.66,1,1,0,13.22,13.22,13.22,B,CONFIRMADO,NO_PICO,false,true,2026-08-19 17:52:24.142446+00
92d086c7-7bbd-4161-9d1a-3a876044b79b,ef0d4301-d970-4bba-a1d0-28f003fbc008,52b1f05c-2eea-493a-81bb-d8e11a7c444b,CORREDOR VIAL 5 S.A.U.,OLIVERA - RUTA 5 KM. 86,,4,4,2026-07-03 13:15:50+00,7148.39,1500,16,4.7656,4.7777,7.42,22.2,14.41,A,CONFIRMADO,NO_PICO,true,true,2026-08-13 12:07:42.428603+00
2e379e8d-b450-43c6-b1b2-6a4dfed1358a,ebc3d756-788f-4875-9c20-15c9c8d0dffc,7d061318-e178-4458-b881-78bc044f0622,RUTAS SUR ATLANTICO S.A.,"TRISTAN SUAREZ - AU. EZE-CAÑ KM 37,25",,5,5,2026-07-03 13:23:06+00,4646.47,3097.65,9,1.5,5.1176,1.3,14.37,8.1,A,CONFIRMADO,NO_PICO,false,true,2026-08-13 12:07:42.428603+00
f259789a-e783-4446-8e68-0eeb19f95bdf,ef0d4301-d970-4bba-a1d0-28f003fbc008,3913f347-857c-465b-b078-2443f510ba1e,CORREDOR VIAL 5 S.A.U.,TRENQUE LAUQUEN - RUTA 5 KM 429,,5,5,2026-07-03 14:22:31+00,8935.49,5361.29,28,1.6667,4.0914,8.52,22.87,15.72,A,CONFIRMADO,NO_PICO,true,true,2026-08-13 12:07:42.428603+00
03d99efc-f1a4-4508-a058-9a315730473f,2421e557-441c-494e-960c-15819c629318,33c28f55-ffb1-4370-bb2c-573d99b72d6f,CAMINOS DE LAS SIERRAS,Ruta 36 Piedras Moras,6,,6,2026-07-03 15:04:33+00,6096.66,6096.66,2,1,3.3833,15.07,21.83,18.45,B,CONFIRMADO,NO_PICO,false,true,2026-08-19 17:52:24.142446+00
f424529e-f602-4477-bc34-2060fe7177b8,2421e557-441c-494e-960c-15819c629318,ef1d9da3-f250-4cab-bbd0-bdb8cc781f54,CAMINOS DE LAS SIERRAS,Ruta 36 Arroyo Tegua,6,,6,2026-07-03 16:04:18+00,6096.66,6096.66,3,1,3.3667,12.57,20.78,16.47,B,CONFIRMADO,NO_PICO,false,true,2026-08-19 17:52:24.142446+00
093df349-ee53-4a89-a6c3-439fb7d84bd4,ebc3d756-788f-4875-9c20-15c9c8d0dffc,7d061318-e178-4458-b881-78bc044f0622,RUTAS SUR ATLANTICO S.A.,"TRISTAN SUAREZ - AU. EZE-CAÑ KM 37,25",,3,3,2026-07-03 16:20:49+00,3574.19,3097.65,1,1.1538,0,16.33,16.33,16.33,A,CONFIRMADO,PICO,false,true,2026-08-13 12:07:42.428603+00
5ea5d991-167d-4791-b8bc-87c05eb5e849,ebc3d756-788f-4875-9c20-15c9c8d0dffc,1cd5afa4-9dfa-4170-92cc-d67050f10afa,RUTAS SUR ATLANTICO S.A.,"AGÜERO - AU.RICCHIERI KM 15,80",,1,1,2026-07-03 17:06:18+00,893.55,774.41,2,1.1538,1.05,17.1,19.2,18.15,A,CONFIRMADO,PICO,false,true,2026-08-13 12:07:42.428603+00
e2cc8d69-06f4-4891-8190-39dbbf1c09fe,ebc3d756-788f-4875-9c20-15c9c8d0dffc,7d061318-e178-4458-b881-78bc044f0622,RUTAS SUR ATLANTICO S.A.,"TRISTAN SUAREZ - AU. EZE-CAÑ KM 37,25",,7,7,2026-07-03 17:12:24+00,8935.49,3097.65,10,2.8846,3.0587,10.32,19,15.58,A,CONFIRMADO,PICO,false,true,2026-08-13 12:07:42.428603+00
65dff9f2-b3e8-4acb-b7f0-eaafb67342de,ebc3d756-788f-4875-9c20-15c9c8d0dffc,7d061318-e178-4458-b881-78bc044f0622,RUTAS SUR ATLANTICO S.A.,"TRISTAN SUAREZ - AU. EZE-CAÑ KM 37,25",,6,6,2026-07-03 18:29:16+00,7148.39,3097.65,11,2.3077,2.9646,10.12,19.7,16.35,A,CONFIRMADO,PICO,false,true,2026-08-13 12:07:42.428603+00
674760ce-4d66-486c-8c0e-19d4519c6fa2,ebc3d756-788f-4875-9c20-15c9c8d0dffc,1cd5afa4-9dfa-4170-92cc-d67050f10afa,RUTAS SUR ATLANTICO S.A.,"AGÜERO - AU.RICCHIERI KM 15,80",,2,2,2026-07-03 20:39:09+00,1548.82,774.41,19,2,7.1284,0,23.47,11.23,A,CONFIRMADO,NO_PICO,true,true,2026-08-13 12:07:42.428603+00
4e9c69fb-8057-41f8-93e7-8467bad6a474,ebc3d756-788f-4875-9c20-15c9c8d0dffc,7d061318-e178-4458-b881-78bc044f0622,RUTAS SUR ATLANTICO S.A.,"TRISTAN SUAREZ - AU. EZE-CAÑ KM 37,25",,7,7,2026-07-03 21:06:14+00,7744.12,3097.65,15,2.5,8.3774,1.5,23.77,13.35,A,CONFIRMADO,NO_PICO,true,true,2026-08-13 12:07:42.428603+00
71a51c71-c19d-4eed-8112-ec81386c1a5c,ebc3d756-788f-4875-9c20-15c9c8d0dffc,1cd5afa4-9dfa-4170-92cc-d67050f10afa,RUTAS SUR ATLANTICO S.A.,"AGÜERO - AU.RICCHIERI KM 15,80",,3,3,2026-07-03 22:31:36+00,3097.65,774.41,25,4,6.7921,4.77,23.98,13.19,A,CONFIRMADO,NO_PICO,true,true,2026-08-13 12:07:42.428603+00
ff226a37-28df-4b44-b4ea-233475b9a692,fcf50348-fe3d-48db-934f-13e0af1e0e74,e98ce678-0d1d-4a44-8b08-d5ee7a42e93f,AUSA,REMEDIOS,8,,8,2026-07-04 10:16:41+00,15255.79,15255.79,3,1,4.1895,10.27,20.22,14.52,B,CONFIRMADO,NO_PICO,false,true,2026-08-13 12:07:42.428603+00
2edd17be-abba-40c7-8894-691b49fc5b57,ebc3d756-788f-4875-9c20-15c9c8d0dffc,1cd5afa4-9dfa-4170-92cc-d67050f10afa,RUTAS SUR ATLANTICO S.A.,"AGÜERO - AU.RICCHIERI KM 15,80",,6,6,2026-07-04 16:35:42+00,6195.3,774.41,7,8,7.192,4.33,23.8,14.47,A,CONFIRMADO,NO_PICO,false,true,2026-08-13 12:07:42.428603+00
5e2a4cdc-d2b6-4957-bfd5-1d3fe750f11e,ebc3d756-788f-4875-9c20-15c9c8d0dffc,19867f92-6fe4-4dd7-98ff-0f75299f5ecb,RUTAS SUR ATLANTICO S.A.,"EZEIZA - AU. EZE-CAÑ KM 32,40 ASC.",,6,6,2026-07-04 16:54:15+00,6195.3,6195.3,1,1,0,16.9,16.9,16.9,A,CONFIRMADO,NO_PICO,false,true,2026-08-13 12:07:42.428603+00
3564d26e-c370-4ff9-a30c-7638c5f69837,2421e557-441c-494e-960c-15819c629318,f3a95f72-3ab5-4e25-bae6-af97651d0141,CAMINOS DE LAS SIERRAS,Ruta 36,7,,7,2026-07-04 17:40:47+00,7620.83,7620.83,1,1,0,17.67,17.67,17.67,B,CONFIRMADO,NO_PICO,false,true,2026-08-19 17:52:24.142446+00
abb8df5e-2611-4e07-a1ba-dcec0710bf77,ef0d4301-d970-4bba-a1d0-28f003fbc008,52b1f05c-2eea-493a-81bb-d8e11a7c444b,CORREDOR VIAL 5 S.A.U.,OLIVERA - RUTA 5 KM. 86,,1,1,2026-07-05 00:14:23+00,1787.1,1500,6,1.1914,9.3258,0.23,23.48,12.28,A,CONFIRMADO,NO_PICO,false,true,2026-08-13 12:07:42.428603+00
7c3418b3-719e-4f93-92ff-61b485bcd83e,4c3fcfe9-84f5-4b57-8875-25145b949a93,7b84ab42-0ec6-4302-bdb1-714601bc2f49,AUTOPISTA DEL OESTE,MALVINAS,2,,2,2026-07-05 04:56:51+00,994.15,994.15,1,1,0,4.93,4.93,4.93,B,CONFIRMADO,NO_PICO,false,true,2026-08-13 12:07:42.428603+00
21dd0f14-982d-4eb4-a380-62962d199bbc,fcf50348-fe3d-48db-934f-13e0af1e0e74,5446946e-152a-4640-af51-d8eff269d0f3,AUSA,ILLIA II,2,,2,2026-07-05 19:08:42+00,2035.11,1439.11,8,1.4141,4.6662,7.82,20.13,15.65,B,CONFIRMADO,PICO,false,true,2026-08-13 12:07:42.428603+00
a4017a5e-7a22-44d4-bb08-a02307da81c7,fcf50348-fe3d-48db-934f-13e0af1e0e74,5446946e-152a-4640-af51-d8eff269d0f3,AUSA,ILLIA II,2,,2,2026-07-05 19:57:41+00,1439.11,1439.11,25,1,6.7762,0.13,22.95,12.26,B,CONFIRMADO,NO_PICO,true,true,2026-08-13 12:07:42.428603+00
2650b0f0-7c2c-4321-956e-dc2cb7571057,fcf50348-fe3d-48db-934f-13e0af1e0e74,e98ce678-0d1d-4a44-8b08-d5ee7a42e93f,AUSA,REMEDIOS,9,,9,2026-07-05 21:03:54+00,15255.79,15255.79,28,1,6.3434,1.07,23.85,13.91,B,CONFIRMADO,NO_PICO,true,true,2026-08-13 12:07:42.428603+00
b8348b32-3029-4e92-a98f-3588df904f05,ebc3d756-788f-4875-9c20-15c9c8d0dffc,7d061318-e178-4458-b881-78bc044f0622,RUTAS SUR ATLANTICO S.A.,"TRISTAN SUAREZ - AU. EZE-CAÑ KM 37,25",,6,6,2026-07-05 21:30:10+00,6195.3,3097.65,30,2,6.1716,0.57,23.47,13.78,A,CONFIRMADO,NO_PICO,true,true,2026-08-13 12:07:42.428603+00
ded47f31-9f85-4d67-859d-1addf0589005,4c3fcfe9-84f5-4b57-8875-25145b949a93,d1e57bdc-b853-4235-b2c6-9b88291e7fd5,AUTOPISTA DEL OESTE,SAN FERNANDO,7,,7,2026-07-06 15:32:51+00,4970.74,4970.74,2,1,0.0083,15.53,15.55,15.54,B,CONFIRMADO,NO_PICO,false,true,2026-08-13 12:07:42.428603+00
bc53dbd7-06eb-4054-aa5b-a6b2e775facb,fcf50348-fe3d-48db-934f-13e0af1e0e74,139fff4c-db47-4169-b2c9-6a22302db69a,AUSA,VARELA,2,,2,2026-07-06 21:44:25+00,3454.21,3454.21,8,1,7.0385,1.27,21.73,12.81,B,CONFIRMADO,NO_PICO,false,true,2026-08-13 12:07:42.428603+00
2cdafca9-2ecc-4964-85b8-7d5b6bddfa1e,fcf50348-fe3d-48db-934f-13e0af1e0e74,e98ce678-0d1d-4a44-8b08-d5ee7a42e93f,AUSA,REMEDIOS,9,,9,2026-07-07 09:45:30+00,33965.25,15255.79,9,2.2264,4.4835,9.45,19.82,14.68,B,CONFIRMADO,PICO,false,true,2026-08-13 12:07:42.428603+00
9a3bdbb0-f239-447a-94d0-34170d786b0e,ebc3d756-788f-4875-9c20-15c9c8d0dffc,7d061318-e178-4458-b881-78bc044f0622,RUTAS SUR ATLANTICO S.A.,"TRISTAN SUAREZ - AU. EZE-CAÑ KM 37,25",,5,5,2026-07-07 10:02:12+00,5361.29,3097.65,4,1.7308,2.9933,10.03,17.38,15.15,A,CONFIRMADO,PICO,false,true,2026-08-13 12:07:42.428603+00
9f936d9b-6903-4bc0-8ac0-b2bac2634f4f,fcf50348-fe3d-48db-934f-13e0af1e0e74,b6649fde-3788-4677-b79c-4f3c57a7f2d3,AUSA,SARMIENTO,8,,8,2026-07-07 10:36:15+00,16982.69,16982.69,1,1,0,10.6,10.6,10.6,B,CONFIRMADO,PICO,false,true,2026-08-13 12:07:42.428603+00
9e20dbf6-651f-4261-a6d7-753b1ad33ca1,ebc3d756-788f-4875-9c20-15c9c8d0dffc,1cd5afa4-9dfa-4170-92cc-d67050f10afa,RUTAS SUR ATLANTICO S.A.,"AGÜERO - AU.RICCHIERI KM 15,80",,7,7,2026-07-07 16:46:54+00,8935.49,774.41,1,11.5384,0,16.77,16.77,16.77,A,CONFIRMADO,PICO,false,true,2026-08-13 12:07:42.428603+00
716afb3f-132c-41fa-89dd-1e10ec218e3b,4c3fcfe9-84f5-4b57-8875-25145b949a93,e237d146-1b29-419b-b527-41b605148a60,AUTOPISTA DEL OESTE,DERQUI,2,,2,2026-07-08 08:57:41+00,1192.99,994.15,1,1.2,0,8.95,8.95,8.95,B,CONFIRMADO,PICO,false,true,2026-08-13 12:07:42.428603+00
7eb9bcea-3142-444b-aa2e-88876f2a9f4a,fcf50348-fe3d-48db-934f-13e0af1e0e74,e98ce678-0d1d-4a44-8b08-d5ee7a42e93f,AUSA,REMEDIOS,2,,2,2026-07-08 09:32:32+00,4895.18,3454.21,2,1.4172,4.625,9.53,18.78,14.16,B,CONFIRMADO,PICO,false,true,2026-08-13 12:07:42.428603+00
950af128-7267-421a-82e7-7c870f11d4db,dc7dad0c-adda-4a56-a1f4-2ec87c19c356,f20aa7b2-3149-461d-81d9-e9f2c73065a1,AUSOL,TIGRE,6,,6,2026-07-08 14:32:42+00,1988.3,1988.3,1,1,0,14.53,14.53,14.53,B,CONFIRMADO,NO_PICO,false,true,2026-08-13 12:07:42.428603+00
cffce8f9-f825-4da7-9203-58023110839a,ab449656-bebf-4cb2-bbb3-6221403e1c7b,3f32d96b-e51f-4e5e-a473-be7bcc3de5e9,AUBASA,HUDSON,2,,2,2026-07-08 18:29:53+00,5611.06,2244.43,1,2.5,0,18.48,18.48,18.48,B,CONFIRMADO,PICO,false,true,2026-08-13 12:07:42.428603+00
b696268e-6b4b-4290-a9ad-4998a2622d08,2421e557-441c-494e-960c-15819c629318,db59258b-4174-4dd8-9db5-1dee5ec1412e,CAMINOS DE LAS SIERRAS,Ruta 20,7,,7,2026-07-09 01:51:25+00,7872.31,7872.31,26,1,5.0144,1.85,22.82,15.45,B,CONFIRMADO,NO_PICO,true,true,2026-08-19 17:52:24.142446+00
20ecf28e-6682-459c-99e5-24c680591065,fcf50348-fe3d-48db-934f-13e0af1e0e74,b6649fde-3788-4677-b79c-4f3c57a7f2d3,AUSA,SARMIENTO,2,,2,2026-07-09 06:51:06+00,1439.11,1439.11,1,1,0,6.85,6.85,6.85,B,CONFIRMADO,NO_PICO,false,true,2026-08-13 12:07:42.428603+00
63cd4ceb-b319-4483-8bfa-9aa6b9d2a19d,2421e557-441c-494e-960c-15819c629318,4adc4ef7-7407-4f8d-9a1b-09261ed570b3,CAMINOS DE LAS SIERRAS,Ruta 19,7,,7,2026-07-09 15:48:27+00,7872.31,7872.31,22,1,4.2866,8.55,23.62,16.61,B,CONFIRMADO,NO_PICO,true,true,2026-08-19 17:52:24.142446+00
f8affdb6-c3c2-46cf-9db7-af59228ce601,fcf50348-fe3d-48db-934f-13e0af1e0e74,b6ebf1f0-e098-4e88-8865-af82f7507913,AUSA,SALGUERO,2,,2,2026-07-09 18:27:19+00,1439.11,1439.11,2,1,1.3667,18.45,21.18,19.82,B,CONFIRMADO,NO_PICO,false,true,2026-08-13 12:07:42.428603+00
c8c24d56-eab0-4cf4-9b1a-10b3f837c70f,dc7dad0c-adda-4a56-a1f4-2ec87c19c356,83bf0b9a-6f74-4052-8d17-f40cf21ffe83,AUSOL,RUTA 197,2,,2,2026-07-09 22:31:23+00,994.15,994.15,2,1,4.9,12.72,22.52,17.62,B,CONFIRMADO,NO_PICO,false,true,2026-08-13 12:07:42.428603+00
60e3a36d-09e0-4dd8-af01-cabdf3bdf610,ab449656-bebf-4cb2-bbb3-6221403e1c7b,2ab8b3e2-a9ab-4577-b9c4-81a68c594edc,AUBASA,BERNAL,7,,7,2026-07-10 00:25:51+00,14370.19,13466.55,14,1.0671,8.11,0.42,21.62,11.1,B,CONFIRMADO,NO_PICO,false,true,2026-08-13 12:07:42.428603+00
d443a3d3-b4be-4e6a-bb1c-789487759777,ab449656-bebf-4cb2-bbb3-6221403e1c7b,3f32d96b-e51f-4e5e-a473-be7bcc3de5e9,AUBASA,HUDSON,7,,7,2026-07-10 00:45:16+00,14370.19,13466.55,10,1.0671,9.218,0.75,21.92,10.26,B,CONFIRMADO,NO_PICO,false,true,2026-08-13 12:07:42.428603+00
abf4f450-dc7f-4854-98a7-02f501e6f0f1,ab449656-bebf-4cb2-bbb3-6221403e1c7b,2ab8b3e2-a9ab-4577-b9c4-81a68c594edc,AUBASA,BERNAL,6,,6,2026-07-10 07:52:30+00,14968.96,11222.12,1,1.3339,0,7.87,7.87,7.87,B,CONFIRMADO,PICO,false,true,2026-08-13 12:07:42.428603+00
beeab997-f339-4627-9a63-9dd31cfb5d6a,2421e557-441c-494e-960c-15819c629318,db59258b-4174-4dd8-9db5-1dee5ec1412e,CAMINOS DE LAS SIERRAS,Ruta 20,6,,6,2026-07-10 09:45:10+00,6297.85,6297.85,3,1,4.9409,9.75,20.72,13.76,B,CONFIRMADO,NO_PICO,false,true,2026-08-19 17:52:24.142446+00
5926c661-a9e5-4031-835a-1e601c900093,ab449656-bebf-4cb2-bbb3-6221403e1c7b,3f32d96b-e51f-4e5e-a473-be7bcc3de5e9,AUBASA,HUDSON,2,,2,2026-07-10 10:54:13+00,4790.06,2244.43,3,2.1342,4.5093,2.27,12.55,8.57,B,CONFIRMADO,NO_PICO,false,true,2026-08-13 12:07:42.428603+00
02963da5-aeba-4d42-bdbb-54a00af552ab,ab449656-bebf-4cb2-bbb3-6221403e1c7b,2ab8b3e2-a9ab-4577-b9c4-81a68c594edc,AUBASA,BERNAL,6,,6,2026-07-10 11:13:35+00,11975.15,11222.12,10,1.0671,5.3894,4.83,20.48,12.04,B,CONFIRMADO,NO_PICO,false,true,2026-08-13 12:07:42.428603+00
7d34227d-8257-49de-b577-e1239d5cb047,ab449656-bebf-4cb2-bbb3-6221403e1c7b,3f32d96b-e51f-4e5e-a473-be7bcc3de5e9,AUBASA,HUDSON,7,,7,2026-07-10 12:13:51+00,28740.39,13466.55,8,2.1342,4.8416,1.58,12.22,6.81,B,CONFIRMADO,NO_PICO,false,true,2026-08-13 12:07:42.428603+00
2663ad47-7209-499e-a0ea-170e9e7e852e,ab449656-bebf-4cb2-bbb3-6221403e1c7b,bd4d72fc-71cb-4d0e-a43f-6d6bb2ad1e6e,AUBASA,GUTIERREZ,7,,7,2026-07-10 15:50:57+00,14370.19,13466.55,3,1.0671,1.2698,13.85,16.92,15.53,B,CONFIRMADO,NO_PICO,false,true,2026-08-13 12:07:42.428603+00
33b8d8c1-6207-4f67-9376-b994cffdf851,2421e557-441c-494e-960c-15819c629318,b7b0dec6-c185-4e7e-b548-2bf300fcafda,CAMINOS DE LAS SIERRAS,Autopista Pilar-Cordoba,7,,7,2026-07-10 21:10:10+00,7872.31,7872.31,2,1,6.7167,7.73,21.17,14.45,B,CONFIRMADO,NO_PICO,false,true,2026-08-19 17:52:24.142446+00
41d5faad-043b-43e2-b40e-3ddd319c91ae,2421e557-441c-494e-960c-15819c629318,33c28f55-ffb1-4370-bb2c-573d99b72d6f,CAMINOS DE LAS SIERRAS,Ruta 36 Piedras Moras,6,,6,2026-07-11 11:36:44+00,6297.85,6297.85,3,1,2.8042,11.6,18.45,15.17,B,CONFIRMADO,NO_PICO,false,true,2026-08-19 17:52:24.142446+00
cf7c5ef8-fbae-4cc9-84fa-b587053e4d7f,fcf50348-fe3d-48db-934f-13e0af1e0e74,83ded803-cdec-40ac-8e06-16940f9b1a83,AUSA,PASEO DEL BAJO,2,,2,2026-07-11 20:15:46+00,7642.85,7642.85,5,1,7.982,0.25,21.53,15.49,B,CONFIRMADO,NO_PICO,false,true,2026-08-13 12:07:42.428603+00
ba917351-735e-4fac-8db0-2f8f2a2cff6f,ebc3d756-788f-4875-9c20-15c9c8d0dffc,1cd5afa4-9dfa-4170-92cc-d67050f10afa,RUTAS SUR ATLANTICO S.A.,"AGÜERO - AU.RICCHIERI KM 15,80",,2,2,2026-07-11 20:44:22+00,1787.1,774.41,5,2.3077,3.8012,9.72,20.73,15.51,A,CONFIRMADO,PICO,false,true,2026-08-13 12:07:42.428603+00
1945a854-d371-4a33-a49f-8d89be639bbf,2421e557-441c-494e-960c-15819c629318,b7b0dec6-c185-4e7e-b548-2bf300fcafda,CAMINOS DE LAS SIERRAS,Autopista Pilar-Cordoba,6,,6,2026-07-12 21:17:20+00,6297.85,6297.85,3,1,4.0305,12.73,21.28,15.58,B,CONFIRMADO,NO_PICO,false,true,2026-08-19 17:52:24.142446+00
52f4580a-39bf-474a-8925-c62a94a67dca,ab449656-bebf-4cb2-bbb3-6221403e1c7b,67486ca3-6e88-49a8-b628-7f41e946da5a,AUBASA,DOCK SUD,2,,2,2026-07-12 21:37:15+00,2395.04,2244.43,1,1.0671,0,21.62,21.62,21.62,B,CONFIRMADO,PICO,false,true,2026-08-13 12:07:42.428603+00
eed4f0a6-882f-46d7-9f3b-15f27ff97187,ab449656-bebf-4cb2-bbb3-6221403e1c7b,3f32d96b-e51f-4e5e-a473-be7bcc3de5e9,AUBASA,HUDSON,2,,2,2026-07-12 21:55:48+00,2395.04,2244.43,1,1.0671,0,21.92,21.92,21.92,B,CONFIRMADO,NO_PICO,false,true,2026-08-13 12:07:42.428603+00
b4c4ec97-5f62-463e-b44c-c95cfd92d9be,ab449656-bebf-4cb2-bbb3-6221403e1c7b,67486ca3-6e88-49a8-b628-7f41e946da5a,AUBASA,DOCK SUD,7,,7,2026-07-13 05:42:45+00,14370.19,13466.55,4,1.0671,3.847,5.7,15.9,12.06,B,CONFIRMADO,NO_PICO,false,true,2026-08-13 12:07:42.428603+00
e9d923eb-9740-4278-8109-1083893387c2,ab449656-bebf-4cb2-bbb3-6221403e1c7b,3f32d96b-e51f-4e5e-a473-be7bcc3de5e9,AUBASA,HUDSON,6,,6,2026-07-13 12:35:34+00,11975.15,11222.12,5,1.0671,5.8397,5.23,21.15,14.69,B,CONFIRMADO,NO_PICO,false,true,2026-08-13 12:07:42.428603+00
3618102c-f0b9-49ac-a92e-4b21f855be5a,ebc3d756-788f-4875-9c20-15c9c8d0dffc,385853a5-b0e3-43aa-bc4f-f5cce61e02b8,RUTAS SUR ATLANTICO S.A.,"MONTE GRANDE - AU. EZE-CAÑ KM 32,70 DESC.",,2,2,2026-07-13 14:40:43+00,1548.82,1548.82,1,1,0,14.67,14.67,14.67,A,CONFIRMADO,NO_PICO,false,true,2026-08-13 12:07:42.428603+00
33cf31de-26a0-4916-b151-7ba7df39a328,2421e557-441c-494e-960c-15819c629318,85371114-d2de-4d18-bf99-2e8937305e78,CAMINOS DE LAS SIERRAS,Autovía Calamuchita,6,,6,2026-07-13 15:34:33+00,6297.85,6297.85,2,1,2.475,10.62,15.57,13.09,B,CONFIRMADO,NO_PICO,false,true,2026-08-19 17:52:24.142446+00
fe943f12-420e-40b4-8fb4-62f243520840,ebc3d756-788f-4875-9c20-15c9c8d0dffc,385853a5-b0e3-43aa-bc4f-f5cce61e02b8,RUTAS SUR ATLANTICO S.A.,"MONTE GRANDE - AU. EZE-CAÑ KM 32,70 DESC.",,6,6,2026-07-13 15:52:51+00,6195.3,1548.82,4,4,6.0351,4.57,21.15,13.44,A,CONFIRMADO,NO_PICO,false,true,2026-08-13 12:07:42.428603+00
23c637bf-7a13-4643-8809-6103506ff4ff,4c3fcfe9-84f5-4b57-8875-25145b949a93,7b84ab42-0ec6-4302-bdb1-714601bc2f49,AUTOPISTA DEL OESTE,MALVINAS,6,,6,2026-07-13 17:10:11+00,4771.95,3976.59,1,1.2,0,17.17,17.17,17.17,B,CONFIRMADO,PICO,false,true,2026-08-13 12:07:42.428603+00
9512c23b-1ff1-4a3f-ae1f-e20a1cc98197,fcf50348-fe3d-48db-934f-13e0af1e0e74,e98ce678-0d1d-4a44-8b08-d5ee7a42e93f,AUSA,REMEDIOS,8,,8,2026-07-13 18:35:17+00,33965.25,15255.79,1,2.2264,0,18.58,18.58,18.58,B,CONFIRMADO,PICO,false,true,2026-08-13 12:07:42.428603+00
decb9986-6de8-4bde-a7c7-c435b146d247,ab449656-bebf-4cb2-bbb3-6221403e1c7b,67486ca3-6e88-49a8-b628-7f41e946da5a,AUBASA,DOCK SUD,,,6,2026-07-14 00:10:23+00,14370.19,14370.19,1,1,0,0.17,0.17,0.17,A,CONFIRMADO,NO_PICO,false,true,2026-08-13 12:07:42.428603+00
1611af99-a3a3-47f5-871a-2962e5063917,ab449656-bebf-4cb2-bbb3-6221403e1c7b,3f32d96b-e51f-4e5e-a473-be7bcc3de5e9,AUBASA,HUDSON,,7,7,2026-07-14 00:29:33+00,14370.19,14370.19,1,1,0,0.48,0.48,0.48,A,CONFIRMADO,NO_PICO,false,true,2026-08-13 12:07:42.428603+00
dfed91fa-557b-4ac2-8447-2a57181efc7a,ebc3d756-788f-4875-9c20-15c9c8d0dffc,385853a5-b0e3-43aa-bc4f-f5cce61e02b8,RUTAS SUR ATLANTICO S.A.,"MONTE GRANDE - AU. EZE-CAÑ KM 32,70 DESC.",,7,7,2026-07-14 00:49:29+00,7744.12,1548.82,3,5,4.9739,0.82,11.62,7.84,A,CONFIRMADO,NO_PICO,false,true,2026-08-13 12:07:42.428603+00
bdbcfeab-c1f1-4447-a2e2-2c8ee1d937dc,fcf50348-fe3d-48db-934f-13e0af1e0e74,e98ce678-0d1d-4a44-8b08-d5ee7a42e93f,AUSA,REMEDIOS,2,,2,2026-07-14 05:23:12+00,3454.21,3454.21,3,1,4.4504,5.38,15.4,9.15,B,CONFIRMADO,NO_PICO,false,true,2026-08-13 12:07:42.428603+00
ff7f165a-5e13-4b59-a6e4-bdfcfe2b38d1,4c3fcfe9-84f5-4b57-8875-25145b949a93,7b84ab42-0ec6-4302-bdb1-714601bc2f49,AUTOPISTA DEL OESTE,MALVINAS,2,,2,2026-07-14 09:56:19+00,1192.99,994.15,1,1.2,0,9.93,9.93,9.93,B,CONFIRMADO,PICO,false,true,2026-08-13 12:07:42.428603+00
1b4f7fc3-2fcd-41ad-b323-98fd4ad59821,ab449656-bebf-4cb2-bbb3-6221403e1c7b,3f32d96b-e51f-4e5e-a473-be7bcc3de5e9,AUBASA,HUDSON,6,,6,2026-07-14 14:25:50+00,23950.33,11222.12,2,2.1342,0.0833,14.25,14.42,14.33,B,CONFIRMADO,NO_PICO,false,true,2026-08-13 12:07:42.428603+00
9307ecdc-7d86-43cd-9b5a-32a3d3fb0e12,2421e557-441c-494e-960c-15819c629318,ef1d9da3-f250-4cab-bbd0-bdb8cc781f54,CAMINOS DE LAS SIERRAS,Ruta 36 Arroyo Tegua,6,,6,2026-07-14 16:33:36+00,6297.85,6297.85,1,1,0,16.55,16.55,16.55,B,CONFIRMADO,NO_PICO,false,true,2026-08-19 17:52:24.142446+00
7c4d95c9-1c9d-4a6e-815b-cc9fef551ee7,2421e557-441c-494e-960c-15819c629318,b7b0dec6-c185-4e7e-b548-2bf300fcafda,CAMINOS DE LAS SIERRAS,Autopista Pilar-Cordoba,7,,7,2026-07-14 18:56:57+00,7872.32,7872.32,2,1,4.9583,9.02,18.93,13.98,B,CONFIRMADO,NO_PICO,false,true,2026-08-19 17:52:24.142446+00
3d04882a-9bee-41ae-99d3-d7f406cbb425,ebc3d756-788f-4875-9c20-15c9c8d0dffc,19867f92-6fe4-4dd7-98ff-0f75299f5ecb,RUTAS SUR ATLANTICO S.A.,"EZEIZA - AU. EZE-CAÑ KM 32,40 ASC.",,6,6,2026-07-15 03:57:30+00,7744.12,6195.3,1,1.25,0,3.95,3.95,3.95,A,CONFIRMADO,NO_PICO,false,true,2026-08-13 12:07:42.428603+00
c6efc872-e05b-4cdc-87ea-686f4c1b6398,ab449656-bebf-4cb2-bbb3-6221403e1c7b,4afa5df3-640a-49e7-96c7-8dfb9790afc5,AUBASA,MAIPU,5,,5,2026-07-15 06:13:13+00,31427.15,31427.15,2,1,6.1417,6.22,18.5,12.36,B,CONFIRMADO,NO_PICO,false,true,2026-08-13 12:07:42.428603+00
cc3e11e7-09ce-41e1-8790-8c2ea08fb0ce,c2ee6a1d-9484-4e6e-ac7e-2830069094a6,90bc37bf-9737-4bf1-ae98-291c452b71ad,CORREDORES VIALES SA,VILLA ESPIL - RUTA 7 KM. 88,,2,2,2026-07-15 06:17:42+00,3000,3000,2,1,5.8,6.28,17.88,12.08,A,CONFIRMADO,NO_PICO,false,true,2026-08-13 12:07:42.428603+00
cc063df9-1751-49c0-a16d-5e62626ccf9c,ab449656-bebf-4cb2-bbb3-6221403e1c7b,6ee7f0b6-e12c-4ea3-a096-6dae05c7c0c0,AUBASA,SAMBOROMBON,5,,5,2026-07-15 09:46:50+00,31427.15,31427.15,3,1,5.1851,9.77,22.47,16.07,B,CONFIRMADO,NO_PICO,false,true,2026-08-13 12:07:42.428603+00
732cf009-342a-4b14-b619-804af9dade00,2421e557-441c-494e-960c-15819c629318,f3a95f72-3ab5-4e25-bae6-af97651d0141,CAMINOS DE LAS SIERRAS,Ruta 36,6,,6,2026-07-15 11:45:16+00,6297.85,6297.85,2,1,0.3083,11.75,12.37,12.06,B,CONFIRMADO,NO_PICO,false,true,2026-08-19 17:52:24.142446+00
1c6aee8c-8615-49d0-9bd4-6ebc95b83773,ab449656-bebf-4cb2-bbb3-6221403e1c7b,2ab8b3e2-a9ab-4577-b9c4-81a68c594edc,AUBASA,BERNAL,7,,7,2026-07-15 18:30:43+00,17962.75,13466.55,1,1.3339,0,18.5,18.5,18.5,B,CONFIRMADO,PICO,false,true,2026-08-13 12:07:42.428603+00
18db3d7c-e2c6-431b-9fdc-419d1bd6e240,ebc3d756-788f-4875-9c20-15c9c8d0dffc,1cd5afa4-9dfa-4170-92cc-d67050f10afa,RUTAS SUR ATLANTICO S.A.,"AGÜERO - AU.RICCHIERI KM 15,80",,5,5,2026-07-16 11:31:04+00,4646.47,774.41,4,6,3.3191,5.57,14.02,11.1,A,CONFIRMADO,NO_PICO,false,true,2026-08-13 12:07:42.428603+00
c22691b0-f131-4f0a-ace3-f16a70164cde,fcf50348-fe3d-48db-934f-13e0af1e0e74,139fff4c-db47-4169-b2c9-6a22302db69a,AUSA,VARELA,2,,2,2026-07-16 19:02:15+00,4895.18,3454.21,1,1.4172,0,19.03,19.03,19.03,B,CONFIRMADO,PICO,false,true,2026-08-13 12:07:42.428603+00
23b8ef68-5f1b-4111-a187-159a67cfcf91,c2ee6a1d-9484-4e6e-ac7e-2830069094a6,4ade3013-aa9f-4fab-a1fc-33f4966766ab,CORREDORES VIALES SA,JUNIN (R7) - RUTA 7 KM. 272,,3,3,2026-07-16 19:56:27+00,4500,4500,1,1,0,19.93,19.93,19.93,A,CONFIRMADO,NO_PICO,false,true,2026-08-13 12:07:42.428603+00
c2d6d959-c973-4404-8acf-da505ccb1338,2421e557-441c-494e-960c-15819c629318,db59258b-4174-4dd8-9db5-1dee5ec1412e,CAMINOS DE LAS SIERRAS,Ruta 20,7,,7,2026-07-18 08:38:07+00,8464.01,8464.01,45,1,4.3796,7.75,21.98,14.42,B,CONFIRMADO,NO_PICO,true,true,2026-08-19 17:52:24.142446+00
b4c3a83e-165b-4403-b7cc-e6d3a3c83313,2421e557-441c-494e-960c-15819c629318,4adc4ef7-7407-4f8d-9a1b-09261ed570b3,CAMINOS DE LAS SIERRAS,Ruta 19,7,,7,2026-07-18 09:25:37+00,8464.01,8464.01,29,1,4.1609,7.63,21.05,13.82,B,CONFIRMADO,NO_PICO,true,true,2026-08-19 17:52:24.142446+00
6ba7c40f-10f2-4269-9495-b403825ceab0,ebc3d756-788f-4875-9c20-15c9c8d0dffc,385853a5-b0e3-43aa-bc4f-f5cce61e02b8,RUTAS SUR ATLANTICO S.A.,"MONTE GRANDE - AU. EZE-CAÑ KM 32,70 DESC.",,5,5,2026-07-20 09:55:59+00,5361.29,5361.29,1,1,0,9.92,9.92,9.92,A,CONFIRMADO,NO_PICO,false,true,2026-08-28 19:43:01.625454+00
5a8fd067-6bad-486c-8524-1e6bfbe27a44,fcf50348-fe3d-48db-934f-13e0af1e0e74,b6ebf1f0-e098-4e88-8865-af82f7507913,AUSA,SALGUERO,9,,9,2026-07-20 10:51:34+00,16982.69,16982.69,1,1,0,10.85,10.85,10.85,B,CONFIRMADO,NO_PICO,false,true,2026-08-13 12:07:42.428603+00
0e2d4426-7077-4856-9ce5-a8bf1337b840,ebc3d756-788f-4875-9c20-15c9c8d0dffc,55809992-f488-42ef-bd9b-01ab7d6e1ecf,RUTAS SUR ATLANTICO S.A.,URIBELARREA - RN 205 KM 83,,3,3,2026-07-20 14:05:05+00,5361.29,5361.29,3,1,5.4533,5.55,18.72,12.78,A,CONFIRMADO,NO_PICO,false,true,2026-08-13 12:07:42.428603+00
0ace1b71-f67a-4a7f-813e-50b133953939,ebc3d756-788f-4875-9c20-15c9c8d0dffc,7e41f9a3-f9f7-4921-8c24-d8b0598accd0,RUTAS SUR ATLANTICO S.A.,CAÑUELAS - RN 3 KM 76,,4,4,2026-07-20 22:52:21+00,7148.39,4500,2,1.5885,5.175,12.52,22.87,17.69,A,CONFIRMADO,NO_PICO,false,true,2026-08-13 12:07:42.428603+00
d350f293-a824-4e18-a2ee-8b10010f94cb,ebc3d756-788f-4875-9c20-15c9c8d0dffc,7d061318-e178-4458-b881-78bc044f0622,RUTAS SUR ATLANTICO S.A.,"TRISTAN SUAREZ - AU. EZE-CAÑ KM 37,25",,2,2,2026-07-21 04:02:29+00,3097.65,3097.65,1,1,0,4.03,4.03,4.03,A,CONFIRMADO,NO_PICO,false,true,2026-08-13 12:07:42.428603+00
cdca512d-fba9-4000-a9f3-de625f11a600,fcf50348-fe3d-48db-934f-13e0af1e0e74,83ded803-cdec-40ac-8e06-16940f9b1a83,AUSA,PASEO DEL BAJO,5,,5,2026-07-21 05:43:46+00,8407.21,8407.21,1,1,0,5.72,5.72,5.72,B,CONFIRMADO,NO_PICO,false,true,2026-08-13 12:07:42.428603+00
58c02132-eeb3-499f-b9da-79c3420cd2b4,fcf50348-fe3d-48db-934f-13e0af1e0e74,83ded803-cdec-40ac-8e06-16940f9b1a83,AUSA,PASEO DEL BAJO,4,,4,2026-07-21 11:57:47+00,7642.85,7642.85,1,1,0,11.95,11.95,11.95,B,CONFIRMADO,NO_PICO,false,true,2026-08-13 12:07:42.428603+00
ec67ea3a-6726-4dd5-9e13-5e800520bd2b,2421e557-441c-494e-960c-15819c629318,b7b0dec6-c185-4e7e-b548-2bf300fcafda,CAMINOS DE LAS SIERRAS,Autopista Pilar-Cordoba,6,,6,2026-07-22 09:52:56+00,6771.21,6771.21,6,1,5.1983,2.15,19.88,11.28,B,CONFIRMADO,NO_PICO,false,true,2026-08-19 17:52:24.142446+00
ff42c3f5-cf4c-41b9-9fec-9a9c548a27ff,2421e557-441c-494e-960c-15819c629318,db59258b-4174-4dd8-9db5-1dee5ec1412e,CAMINOS DE LAS SIERRAS,Ruta 20,6,,6,2026-07-22 12:21:19+00,6771.21,6771.21,6,1,4.0193,7.6,20.6,13.75,B,CONFIRMADO,NO_PICO,false,true,2026-08-19 17:52:24.142446+00
300c85dc-21ed-43d6-b297-b39a70124602,2421e557-441c-494e-960c-15819c629318,f3a95f72-3ab5-4e25-bae6-af97651d0141,CAMINOS DE LAS SIERRAS,Ruta 36,6,,6,2026-07-22 15:59:22+00,6771.21,6771.21,4,1,4.5829,8.45,19.83,13.57,B,CONFIRMADO,NO_PICO,false,true,2026-08-19 17:52:24.142446+00
c64a75ab-a91e-4257-ac75-267a1905e45c,2421e557-441c-494e-960c-15819c629318,d5653f1d-1555-4b98-b668-71837f7544a1,CAMINOS DE LAS SIERRAS,Ruta 9 Nort,6,,6,2026-07-22 20:42:04+00,6771.21,6771.21,1,1,0,20.7,20.7,20.7,B,CONFIRMADO,NO_PICO,false,true,2026-08-19 17:52:24.142446+00
ba165d2b-ec61-4b6b-81b6-bc4fff164ad0,2421e557-441c-494e-960c-15819c629318,b7b0dec6-c185-4e7e-b548-2bf300fcafda,CAMINOS DE LAS SIERRAS,Autopista Pilar-Cordoba,7,,7,2026-07-22 21:22:30+00,8464.01,8464.01,15,1,4.7806,6.65,21.37,15.37,B,CONFIRMADO,NO_PICO,true,true,2026-08-19 17:52:24.142446+00
37730d64-39bd-499b-a9d7-a0e156a7a96c,ebc3d756-788f-4875-9c20-15c9c8d0dffc,385853a5-b0e3-43aa-bc4f-f5cce61e02b8,RUTAS SUR ATLANTICO S.A.,"MONTE GRANDE - AU. EZE-CAÑ KM 32,70 DESC.",,6,6,2026-07-23 10:49:33+00,7148.39,1548.82,1,4.6154,0,10.82,10.82,10.82,A,CONFIRMADO,PICO,false,true,2026-08-13 12:07:42.428603+00
f1b2b0fd-7f1e-4cb8-9f57-cbf867154f3a,cc292b0a-f901-4db7-b099-52144e36a1a9,c9ed477b-11e7-4698-a81d-97813a9ae538,Autovía del Mercosur,Zarate,,2,2,2026-07-24 13:20:54+00,9414.65,4707.32,2,2,0.6083,13.33,14.55,13.94,A,CONFIRMADO,NO_PICO,false,true,2026-08-14 18:29:30.684009+00
4770f86b-a2c5-4572-b699-1751e0138b12,2421e557-441c-494e-960c-15819c629318,4adc4ef7-7407-4f8d-9a1b-09261ed570b3,CAMINOS DE LAS SIERRAS,Ruta 19,6,,6,2026-07-27 12:16:37+00,6771.21,6771.21,2,1,0.15,11.97,12.27,12.12,B,CONFIRMADO,NO_PICO,false,true,2026-08-19 17:52:24.142446+00
0b04409c-ef4c-4287-aae6-51c64977d2b7,ef0d4301-d970-4bba-a1d0-28f003fbc008,52b1f05c-2eea-493a-81bb-d8e11a7c444b,CORREDOR VIAL 5 S.A.U.,OLIVERA - RUTA 5 KM. 86,,3,3,2026-07-27 18:32:09+00,5361.29,1500,1,3.5742,0,18.53,18.53,18.53,A,CONFIRMADO,NO_PICO,false,true,2026-08-13 12:07:42.428603+00
eade1895-0846-4a00-9ca8-feff14a81ada,2421e557-441c-494e-960c-15819c629318,e6b558dc-9919-4c93-b57e-1ff1baf5d563,CAMINOS DE LAS SIERRAS,Ruta 5,6,,6,2026-07-27 19:40:24+00,6771.21,6771.21,1,1,0,19.67,19.67,19.67,B,CONFIRMADO,NO_PICO,false,true,2026-08-19 17:52:24.142446+00
8966f173-7446-44ed-ad81-60e62c85e983,ef0d4301-d970-4bba-a1d0-28f003fbc008,3913f347-857c-465b-b078-2443f510ba1e,CORREDOR VIAL 5 S.A.U.,TRENQUE LAUQUEN - RUTA 5 KM 429,,3,3,2026-07-27 23:45:57+00,5361.29,5361.29,1,1,0,23.75,23.75,23.75,A,CONFIRMADO,NO_PICO,false,true,2026-08-13 12:07:42.428603+00
adc68b37-e124-4980-a79d-5179700df8cf,ebc3d756-788f-4875-9c20-15c9c8d0dffc,385853a5-b0e3-43aa-bc4f-f5cce61e02b8,RUTAS SUR ATLANTICO S.A.,"MONTE GRANDE - AU. EZE-CAÑ KM 32,70 DESC.",,8,8,2026-07-28 10:19:32+00,8935.49,8935.49,1,1,0,10.32,10.32,10.32,A,CONFIRMADO,PICO,false,true,2026-08-28 19:43:01.625454+00
67ab0cbd-c471-4a28-af05-6ece20d485c1,2421e557-441c-494e-960c-15819c629318,33c28f55-ffb1-4370-bb2c-573d99b72d6f,CAMINOS DE LAS SIERRAS,Ruta 36 Piedras Moras,6,,6,2026-07-28 10:21:44+00,6771.21,6771.21,1,1,0,10.35,10.35,10.35,B,CONFIRMADO,NO_PICO,false,true,2026-08-19 17:52:24.142446+00
fa43de79-b8be-4dd1-970d-2ccf88bf9715,fcf50348-fe3d-48db-934f-13e0af1e0e74,139fff4c-db47-4169-b2c9-6a22302db69a,AUSA,VARELA,8,,8,2026-07-28 19:00:55+00,33965.25,15255.79,1,2.2264,0,19,19,19,B,CONFIRMADO,PICO,false,true,2026-08-13 12:07:42.428603+00
e073d74e-18ca-494d-909c-447ed560e480,2421e557-441c-494e-960c-15819c629318,ef1d9da3-f250-4cab-bbd0-bdb8cc781f54,CAMINOS DE LAS SIERRAS,Ruta 36 Arroyo Tegua,7,,7,2026-07-29 10:45:46+00,8464.01,8464.01,1,1,0,10.75,10.75,10.75,B,CONFIRMADO,NO_PICO,false,true,2026-08-19 17:52:24.142446+00
f5c24833-b5e2-44d3-a8e9-de53e2bf616c,2421e557-441c-494e-960c-15819c629318,33c28f55-ffb1-4370-bb2c-573d99b72d6f,CAMINOS DE LAS SIERRAS,Ruta 36 Piedras Moras,7,,7,2026-07-29 11:44:10+00,8464.01,8464.01,1,1,0,11.73,11.73,11.73,B,CONFIRMADO,NO_PICO,false,true,2026-08-19 17:52:24.142446+00
94b6de28-5477-4b39-92e9-b64f9eea89f9,2421e557-441c-494e-960c-15819c629318,f3a95f72-3ab5-4e25-bae6-af97651d0141,CAMINOS DE LAS SIERRAS,Ruta 36,7,,7,2026-07-29 12:43:15+00,8464.01,8464.01,1,1,0,12.72,12.72,12.72,B,CONFIRMADO,NO_PICO,false,true,2026-08-19 17:52:24.142446+00
90a335e8-9b83-4a2d-b8b2-74f14835be55,ef0d4301-d970-4bba-a1d0-28f003fbc008,6e59a694-cfd2-4009-be75-3a087ed60f33,CORREDOR VIAL 5 S.A.U.,9 DE JULIO - RUTA 5 KM. 244,,3,3,2026-07-29 17:57:33+00,5361.29,5361.29,2,1,5.925,6.1,17.95,12.03,A,CONFIRMADO,NO_PICO,false,true,2026-08-28 19:43:04.244301+00
3bbc52d6-6908-426a-857b-a9babe5bdb8e,c2ee6a1d-9484-4e6e-ac7e-2830069094a6,1587ab7e-997c-4235-9b75-3984c40b32c9,CORREDORES VIALES SA,CARCARAÑA - AUTOVIA ROSARIO - CORDOBA KM. 356,,1,1,2026-07-30 05:21:29+00,1500,1500,2,1,4.5167,5.35,14.38,9.87,A,CONFIRMADO,NO_PICO,false,true,2026-08-28 19:42:56.214495+00
2c88cd2b-da26-4696-8ddf-58f5c8ebaa85,3eee4c95-e7f4-40f3-b028-b43166229f3b,ae89e1e6-6a2a-472a-aa0e-d40480107d2a,CONEXION ALTO DELTA S.A.,"ISLA LA DESEADA - RUTA 174 KM 5,2 (Pte. Rosario-Victoria)",,,6,2026-07-30 11:32:09+00,30368.58,30368.58,2,1,4.9167,11.53,21.37,16.45,A,CONFIRMADO,NO_PICO,false,true,2026-08-28 19:43:15.936637+00
f22f2e62-a4f0-4c30-ad67-e33fed8d3ca0,3eee4c95-e7f4-40f3-b028-b43166229f3b,ae89e1e6-6a2a-472a-aa0e-d40480107d2a,CONEXION ALTO DELTA S.A.,"ISLA LA DESEADA - RUTA 174 KM 5,2 (Pte. Rosario-Victoria)",,8,8,2026-07-30 11:52:33+00,45552.87,45552.87,2,1,0.6667,11.87,13.2,12.53,A,CONFIRMADO,NO_PICO,false,true,2026-08-28 19:43:15.936637+00
8204c5b3-f703-478f-be15-96213d93ea56,fcf50348-fe3d-48db-934f-13e0af1e0e74,139fff4c-db47-4169-b2c9-6a22302db69a,AUSA,VARELA,9,,9,2026-08-01 04:42:16+00,15545.66,15545.66,12,1,5.7942,1.2,20.75,9.28,B,MUESTRA_INSUFICIENTE,PENDIENTE,false,false,2026-09-02 14:42:18.358558+00
08cf6cd8-e78a-4f72-a5af-50dc16a5ceee,fcf50348-fe3d-48db-934f-13e0af1e0e74,139fff4c-db47-4169-b2c9-6a22302db69a,AUSA,VARELA,7,,7,2026-08-01 05:18:41+00,15545.66,15545.66,12,1,6.848,4.8,23.92,12.07,B,MUESTRA_INSUFICIENTE,PENDIENTE,false,false,2026-09-02 14:42:18.358558+00
732557a6-6a52-4c11-9e39-d59c37cc8470,fcf50348-fe3d-48db-934f-13e0af1e0e74,139fff4c-db47-4169-b2c9-6a22302db69a,AUSA,VARELA,9,,9,2026-08-01 13:31:52+00,34610.59,34610.59,1,1,0,16.05,16.05,16.05,B,MUESTRA_INSUFICIENTE,PENDIENTE,false,false,2026-09-02 14:42:18.358558+00
c0561524-0f9d-4258-ab29-6f49b67a05cd,fcf50348-fe3d-48db-934f-13e0af1e0e74,5446946e-152a-4640-af51-d8eff269d0f3,AUSA,ILLIA II,9,,9,2026-08-01 16:19:00+00,6159.68,6159.68,7,1,6.96,1.47,21.67,12.23,B,MUESTRA_INSUFICIENTE,PENDIENTE,false,false,2026-09-02 14:42:18.358558+00
d0a04ca1-356a-4ec6-870b-161ba51c2816,fcf50348-fe3d-48db-934f-13e0af1e0e74,83ded803-cdec-40ac-8e06-16940f9b1a83,AUSA,PASEO DEL BAJO,9,,9,2026-08-01 16:25:59+00,10124.6,10124.6,4,1,7.6855,0.02,21.63,11.63,B,MUESTRA_INSUFICIENTE,PENDIENTE,false,false,2026-09-02 14:42:18.358558+00
3dd299f2-ebc9-4689-b061-2d7fb4ef7e0d,fcf50348-fe3d-48db-934f-13e0af1e0e74,5446946e-152a-4640-af51-d8eff269d0f3,AUSA,ILLIA II,2,,2,2026-08-01 16:54:01+00,1466.45,1466.45,4,1,0.957,13.35,15.7,14.99,B,MUESTRA_INSUFICIENTE,PENDIENTE,false,false,2026-09-02 14:42:18.358558+00
019e3d5b-909d-4908-bb70-bb1512d7cd55,fcf50348-fe3d-48db-934f-13e0af1e0e74,83ded803-cdec-40ac-8e06-16940f9b1a83,AUSA,PASEO DEL BAJO,2,,2,2026-08-01 17:01:25+00,7788.06,7788.06,1,1,0,0.02,0.02,0.02,B,MUESTRA_INSUFICIENTE,PENDIENTE,false,false,2026-09-02 15:20:08.654954+00
17b8f677-773e-4e46-b989-1651775c95b8,fcf50348-fe3d-48db-934f-13e0af1e0e74,5446946e-152a-4640-af51-d8eff269d0f3,AUSA,ILLIA II,9,,9,2026-08-01 19:45:15+00,17305.37,17305.37,2,1,0.0417,16.27,16.35,16.31,B,MUESTRA_INSUFICIENTE,PENDIENTE,false,false,2026-09-02 14:42:18.358558+00
fdcdeb9f-16e6-430c-b0ec-23857b353df9,fcf50348-fe3d-48db-934f-13e0af1e0e74,139fff4c-db47-4169-b2c9-6a22302db69a,AUSA,VARELA,2,,2,2026-08-01 22:50:12+00,3519.83,3519.83,3,1,4.5255,0.67,11.75,6.27,B,MUESTRA_INSUFICIENTE,PENDIENTE,false,false,2026-09-02 15:20:08.654954+00
dc1e600c-0b70-49ed-867c-1b1774f1b8f8,fcf50348-fe3d-48db-934f-13e0af1e0e74,5446946e-152a-4640-af51-d8eff269d0f3,AUSA,ILLIA II,7,,7,2026-08-01 23:57:24+00,6159.68,6159.68,14,1,7.1255,0.22,20.8,12.29,B,MUESTRA_INSUFICIENTE,PENDIENTE,false,false,2026-09-02 14:42:18.358558+00
ba70a3a4-4030-4b2e-928f-94c240dd9679,fcf50348-fe3d-48db-934f-13e0af1e0e74,83ded803-cdec-40ac-8e06-16940f9b1a83,AUSA,PASEO DEL BAJO,7,,7,2026-08-02 00:04:35+00,10124.6,10124.6,18,1,7.1204,0.03,20.92,11.98,B,REVISAR,PENDIENTE,true,false,2026-09-02 14:42:18.358558+00
6cb021a5-0684-4566-b7a3-4a1c42c3c574,ab449656-bebf-4cb2-bbb3-6221403e1c7b,67486ca3-6e88-49a8-b628-7f41e946da5a,AUBASA,DOCK SUD,6,,6,2026-08-02 00:09:36+00,11975.15,11975.15,43,1,5.2993,0.15,23.62,14.27,B,REVISAR,PENDIENTE,true,false,2026-09-02 15:03:03.338882+00
1cbc9670-a0af-4b90-8728-d5b3c0c751c7,fcf50348-fe3d-48db-934f-13e0af1e0e74,e98ce678-0d1d-4a44-8b08-d5ee7a42e93f,AUSA,REMEDIOS,7,,7,2026-08-02 20:25:14+00,34610.59,34610.59,2,1,0.75,16.3,17.8,17.05,B,MUESTRA_INSUFICIENTE,PENDIENTE,false,false,2026-09-02 14:42:18.358558+00
84d4767a-1443-460b-bc01-2998da78af7d,fcf50348-fe3d-48db-934f-13e0af1e0e74,e98ce678-0d1d-4a44-8b08-d5ee7a42e93f,AUSA,REMEDIOS,9,,9,2026-08-02 20:34:19+00,34610.59,34610.59,2,1,1.1333,8.72,10.98,9.85,B,MUESTRA_INSUFICIENTE,PENDIENTE,false,false,2026-09-02 14:42:18.358558+00
db4717df-d106-4a60-88ab-8388338ba948,dc7dad0c-adda-4a56-a1f4-2ec87c19c356,dea354ac-06dc-4afe-987c-fcacbe818d5d,AUSOL,RUTA 202,7,,7,2026-08-02 21:05:11+00,4970.74,4970.74,1,1,0,21.08,21.08,21.08,B,MUESTRA_INSUFICIENTE,PENDIENTE,false,false,2026-09-02 15:00:47.41403+00
abef391d-986a-46b9-aa01-d07f634bd06a,ebc3d756-788f-4875-9c20-15c9c8d0dffc,d70cf863-a99e-44f5-8b47-cd5d8e3a521c,RUTAS SUR ATLANTICO S.A.,"DONOVAN - AU. RICCHIERI KM 17,07 ASC.",,2,2,2026-08-02 21:24:16+00,1548.82,1548.82,2,1,0.0833,21.4,21.57,21.48,A,CONFIRMADO,NO_PICO,false,true,2026-08-28 19:43:01.625454+00
9b9b66c3-3dd1-4888-a24c-9d7bc44a5dc1,ebc3d756-788f-4875-9c20-15c9c8d0dffc,5d50e407-ddb3-4622-b339-66610eb2a3ab,RUTAS SUR ATLANTICO S.A.,"BOULOGNE SUR MER - AU. RICCHIERI KM 16,50 DESC.",,2,2,2026-08-02 21:30:30+00,1548.82,1548.82,1,1,0,21.5,21.5,21.5,A,CONFIRMADO,NO_PICO,false,true,2026-08-28 19:43:01.625454+00
4aaf3630-4e87-4da8-874f-98b505c15095,fcf50348-fe3d-48db-934f-13e0af1e0e74,e98ce678-0d1d-4a44-8b08-d5ee7a42e93f,AUSA,REMEDIOS,9,,9,2026-08-02 23:43:47+00,15545.66,15545.66,9,1,7.1008,1.27,23.78,12.75,B,MUESTRA_INSUFICIENTE,PENDIENTE,false,false,2026-09-02 14:42:18.358558+00
3c136284-5886-4ff5-a969-67445009376a,fcf50348-fe3d-48db-934f-13e0af1e0e74,e98ce678-0d1d-4a44-8b08-d5ee7a42e93f,AUSA,REMEDIOS,4,,4,2026-08-03 07:11:16+00,8212.67,8212.67,1,1,0,7.18,7.18,7.18,B,MUESTRA_INSUFICIENTE,PENDIENTE,false,false,2026-09-02 14:51:33.940262+00
16619e84-5d1b-4991-9eab-0c7e5e094724,ebc3d756-788f-4875-9c20-15c9c8d0dffc,19867f92-6fe4-4dd7-98ff-0f75299f5ecb,RUTAS SUR ATLANTICO S.A.,"EZEIZA - AU. EZE-CAÑ KM 32,40 ASC.",,7,7,2026-08-03 09:04:23+00,7148.39,7148.39,1,1,0,9.07,9.07,9.07,A,CONFIRMADO,PICO,false,true,2026-08-28 19:43:01.625454+00
5773e141-7e55-4514-88c4-9d2a5b3d9c2c,fcf50348-fe3d-48db-934f-13e0af1e0e74,e98ce678-0d1d-4a44-8b08-d5ee7a42e93f,AUSA,REMEDIOS,8,,8,2026-08-03 15:03:50+00,15545.66,15545.66,3,1,6.8887,6.18,23.03,14.35,B,MUESTRA_INSUFICIENTE,PENDIENTE,false,false,2026-09-02 14:44:30.463501+00
175f2cae-e6e9-4cfb-ab13-3fcba90b4b0b,fcf50348-fe3d-48db-934f-13e0af1e0e74,e98ce678-0d1d-4a44-8b08-d5ee7a42e93f,AUSA,REMEDIOS,2,,2,2026-08-03 17:14:18+00,4988.18,4988.18,3,1,0.9654,17.23,19.5,18.17,B,MUESTRA_INSUFICIENTE,PENDIENTE,false,false,2026-09-02 15:22:31.643211+00
68e8ace2-dd20-4984-9285-1106fa6ee724,fcf50348-fe3d-48db-934f-13e0af1e0e74,5446946e-152a-4640-af51-d8eff269d0f3,AUSA,ILLIA II,7,,7,2026-08-03 17:27:09+00,17305.37,17305.37,5,1,5.0974,7,18.15,11.2,B,MUESTRA_INSUFICIENTE,PENDIENTE,false,false,2026-09-02 14:42:18.358558+00
5c3141ac-1b38-41fb-a828-b981b2aa84b5,ab449656-bebf-4cb2-bbb3-6221403e1c7b,67486ca3-6e88-49a8-b628-7f41e946da5a,AUBASA,DOCK SUD,7,,7,2026-08-03 17:46:59+00,17962.75,17962.75,6,1,5.0736,7.4,19.22,14.54,B,MUESTRA_INSUFICIENTE,PENDIENTE,false,false,2026-09-02 15:03:03.338882+00
f25dfb2e-8820-4d52-827c-8d07cc478441,ab449656-bebf-4cb2-bbb3-6221403e1c7b,3f32d96b-e51f-4e5e-a473-be7bcc3de5e9,AUBASA,HUDSON,7,,7,2026-08-03 18:06:34+00,17962.75,17962.75,3,1,5.2714,7.73,19.58,15.14,B,MUESTRA_INSUFICIENTE,PENDIENTE,false,false,2026-09-02 15:03:03.338882+00
6f1c77f4-8e81-4ef1-9597-3ad6bec32204,fcf50348-fe3d-48db-934f-13e0af1e0e74,83ded803-cdec-40ac-8e06-16940f9b1a83,AUSA,PASEO DEL BAJO,8,,8,2026-08-03 22:54:25+00,10124.6,10124.6,3,1,7.7508,0.1,16.6,11.06,B,MUESTRA_INSUFICIENTE,PENDIENTE,false,false,2026-09-02 14:42:18.358558+00
40d4f06d-8d5d-4e19-967e-fc14f59751d3,fcf50348-fe3d-48db-934f-13e0af1e0e74,139fff4c-db47-4169-b2c9-6a22302db69a,AUSA,VARELA,4,,4,2026-08-04 01:24:10+00,5572.89,5572.89,2,1,4.675,5.67,15.02,10.34,B,MUESTRA_INSUFICIENTE,PENDIENTE,false,false,2026-09-02 14:42:18.358558+00
f4d4571e-9be2-4f3f-9120-1286de385a2d,fcf50348-fe3d-48db-934f-13e0af1e0e74,139fff4c-db47-4169-b2c9-6a22302db69a,AUSA,VARELA,8,,8,2026-08-04 01:31:19+00,15545.66,15545.66,4,1,3.1911,6.7,15.68,11.5,B,MUESTRA_INSUFICIENTE,PENDIENTE,false,false,2026-09-02 14:42:18.358558+00
ccf1e3e0-44ee-4db2-8828-c83f17c507a8,fcf50348-fe3d-48db-934f-13e0af1e0e74,83ded803-cdec-40ac-8e06-16940f9b1a83,AUSA,PASEO DEL BAJO,4,,4,2026-08-04 01:35:00+00,7788.06,7788.06,1,1,0,1.95,1.95,1.95,B,MUESTRA_INSUFICIENTE,PENDIENTE,false,false,2026-09-02 14:44:30.463501+00
64fa1524-cacf-479f-b370-ab2ffd44a3bd,fcf50348-fe3d-48db-934f-13e0af1e0e74,5446946e-152a-4640-af51-d8eff269d0f3,AUSA,ILLIA II,4,,4,2026-08-04 01:42:26+00,2639.75,2639.75,3,1,5.4913,2.08,15.02,9.62,B,MUESTRA_INSUFICIENTE,PENDIENTE,false,false,2026-09-02 14:45:34.259125+00
54f8eb29-5a7e-42cf-ada0-7a6cf150828e,fcf50348-fe3d-48db-934f-13e0af1e0e74,5446946e-152a-4640-af51-d8eff269d0f3,AUSA,ILLIA II,8,,8,2026-08-04 01:48:44+00,6159.68,6159.68,1,1,0,11.93,11.93,11.93,B,MUESTRA_INSUFICIENTE,PENDIENTE,false,false,2026-09-02 14:42:18.358558+00
15299580-95bc-42ca-9c8a-827734aa1782,ab449656-bebf-4cb2-bbb3-6221403e1c7b,bd4d72fc-71cb-4d0e-a43f-6d6bb2ad1e6e,AUBASA,GUTIERREZ,6,,6,2026-08-04 05:52:55+00,11975.15,11975.15,3,1,3.7559,1.23,10.43,5.84,B,MUESTRA_INSUFICIENTE,PENDIENTE,false,false,2026-09-02 15:03:03.338882+00
04fb8da1-5044-4812-86b9-4822dd56b3d3,ebc3d756-788f-4875-9c20-15c9c8d0dffc,c74a1f16-de75-4fc8-9b08-3c9f5402a4bc,RUTAS SUR ATLANTICO S.A.,HINOJO - RN 226 KM 276,,5,5,2026-08-04 06:35:03+00,5361.29,5361.29,1,1,0,6.58,6.58,6.58,A,CONFIRMADO,NO_PICO,false,true,2026-08-28 19:43:09.160876+00
01e52bdc-8570-4d54-8e02-8db93e795c51,ab449656-bebf-4cb2-bbb3-6221403e1c7b,bd4d72fc-71cb-4d0e-a43f-6d6bb2ad1e6e,AUBASA,GUTIERREZ,7,,7,2026-08-04 07:16:42+00,17962.75,17962.75,10,1,4.1465,7.27,18.52,15.05,B,MUESTRA_INSUFICIENTE,PENDIENTE,false,false,2026-09-02 15:03:03.338882+00
2aa36ff5-991c-43a4-8ffd-cc2c0017e421,fcf50348-fe3d-48db-934f-13e0af1e0e74,139fff4c-db47-4169-b2c9-6a22302db69a,AUSA,VARELA,2,,2,2026-08-04 08:17:48+00,4988.18,4988.18,1,1,0,19.73,19.73,19.73,B,MUESTRA_INSUFICIENTE,PENDIENTE,false,false,2026-09-02 15:20:08.654954+00
cd75f685-e73d-444e-b6a1-b62c606fc562,fcf50348-fe3d-48db-934f-13e0af1e0e74,5446946e-152a-4640-af51-d8eff269d0f3,AUSA,ILLIA II,2,,2,2026-08-04 08:38:29+00,2073.77,2073.77,4,1,4.6024,8.52,18.75,14.07,B,MUESTRA_INSUFICIENTE,PENDIENTE,false,false,2026-09-02 14:42:18.358558+00
e55f6088-0384-4db3-ba0e-98154546dc70,ebc3d756-788f-4875-9c20-15c9c8d0dffc,a7cd3fe2-15b4-48bc-90ee-da68bcb02a57,RUTAS SUR ATLANTICO S.A.,"MERCADO CENTRAL - AU. RICCHIERI KM 17,20 DESC.",,6,6,2026-08-04 15:42:19+00,6195.3,6195.3,1,1,0,15.7,15.7,15.7,A,CONFIRMADO,NO_PICO,false,true,2026-08-28 19:43:01.625454+00
fc1b8e37-8b9b-4eb5-b8d3-a43ea8e9d782,fcf50348-fe3d-48db-934f-13e0af1e0e74,5446946e-152a-4640-af51-d8eff269d0f3,AUSA,ILLIA II,8,,8,2026-08-05 07:40:36+00,17305.37,17305.37,2,1,0.05,16.6,16.7,16.65,B,MUESTRA_INSUFICIENTE,PENDIENTE,false,false,2026-09-02 14:42:18.358558+00
5f893606-fe68-44cf-863f-0902429682b5,fcf50348-fe3d-48db-934f-13e0af1e0e74,e98ce678-0d1d-4a44-8b08-d5ee7a42e93f,AUSA,REMEDIOS,8,,8,2026-08-05 10:20:15+00,34610.59,34610.59,1,1,0,7.93,7.93,7.93,B,MUESTRA_INSUFICIENTE,PENDIENTE,false,false,2026-09-02 14:42:18.358558+00
6a9e162f-9dd8-4fcb-97c4-b073d13f4f42,ab449656-bebf-4cb2-bbb3-6221403e1c7b,67486ca3-6e88-49a8-b628-7f41e946da5a,AUBASA,DOCK SUD,6,,6,2026-08-05 18:34:43+00,14968.96,14968.96,3,1,5.3035,7.27,18.57,11.07,B,MUESTRA_INSUFICIENTE,PENDIENTE,false,false,2026-09-02 15:03:03.338882+00
32c4649d-2bd2-4b60-bef0-76bc0c310f27,fcf50348-fe3d-48db-934f-13e0af1e0e74,139fff4c-db47-4169-b2c9-6a22302db69a,AUSA,VARELA,7,,7,2026-08-05 18:55:21+00,34610.59,34610.59,1,1,0,17.85,17.85,17.85,B,MUESTRA_INSUFICIENTE,PENDIENTE,false,false,2026-09-02 14:44:30.463501+00
9c24d52c-4b8a-4646-aabf-463fcb264d2a,ebc3d756-788f-4875-9c20-15c9c8d0dffc,1cd5afa4-9dfa-4170-92cc-d67050f10afa,RUTAS SUR ATLANTICO S.A.,"AGÜERO - AU.RICCHIERI KM 15,80",,5,5,2026-08-05 19:14:53+00,5361.29,5361.29,2,1,1.125,16.98,19.23,18.11,A,CONFIRMADO,PICO,false,true,2026-08-28 19:43:01.625454+00
eed8f4a2-806e-41c2-9d7f-7507f5aabefa,ebc3d756-788f-4875-9c20-15c9c8d0dffc,1cd5afa4-9dfa-4170-92cc-d67050f10afa,RUTAS SUR ATLANTICO S.A.,"AGÜERO - AU.RICCHIERI KM 15,80",,8,8,2026-08-05 20:30:13+00,9292.95,9292.95,1,1,0,20.5,20.5,20.5,A,CONFIRMADO,PICO,false,true,2026-08-28 19:43:01.625454+00
974a1100-661c-48ec-b0e1-59912784eb70,ef0d4301-d970-4bba-a1d0-28f003fbc008,52b1f05c-2eea-493a-81bb-d8e11a7c444b,CORREDOR VIAL 5 S.A.U.,OLIVERA - RUTA 5 KM. 86,,2,2,2026-08-06 09:18:56+00,3574.19,3574.19,2,1,2.6583,9.3,14.62,11.96,A,CONFIRMADO,NO_PICO,false,true,2026-08-28 19:43:04.244301+00
af2615dd-702b-4677-9d21-d8618e263603,ab449656-bebf-4cb2-bbb3-6221403e1c7b,bd4d72fc-71cb-4d0e-a43f-6d6bb2ad1e6e,AUBASA,GUTIERREZ,2,,2,2026-08-07 14:29:52+00,2395.04,2395.04,1,1,0,14.48,14.48,14.48,B,MUESTRA_INSUFICIENTE,PENDIENTE,false,false,2026-09-02 15:28:38.024207+00
8be85a29-ed03-49f8-bb98-dfc6fca9f57d,4c3fcfe9-84f5-4b57-8875-25145b949a93,4795860a-18b5-47b0-a1e1-5149cae53db2,AUTOPISTA DEL OESTE,VERGARA,7,,7,2026-08-07 16:01:45+00,5964.94,5964.94,1,1,0,16.02,16.02,16.02,B,MUESTRA_INSUFICIENTE,PENDIENTE,false,false,2026-09-02 15:24:09.219511+00
640ef034-e496-4ab9-8b90-68422a76c51b,ab449656-bebf-4cb2-bbb3-6221403e1c7b,bd4d72fc-71cb-4d0e-a43f-6d6bb2ad1e6e,AUBASA,GUTIERREZ,6,,6,2026-08-07 19:40:44+00,14968.96,14968.96,1,1,0,19.67,19.67,19.67,B,MUESTRA_INSUFICIENTE,PENDIENTE,false,false,2026-09-02 15:03:03.338882+00
af0eb356-880c-482d-946f-4dfd6f704048,fcf50348-fe3d-48db-934f-13e0af1e0e74,e98ce678-0d1d-4a44-8b08-d5ee7a42e93f,AUSA,REMEDIOS,2,,2,2026-08-08 09:23:52+00,3519.83,3519.83,2,1,1.95,9.38,13.28,11.33,B,MUESTRA_INSUFICIENTE,PENDIENTE,false,false,2026-09-02 14:45:34.259125+00
93b91238-89af-4336-abbd-bd3323dae42a,dc7dad0c-adda-4a56-a1f4-2ec87c19c356,66f9702e-3498-4cca-b3b9-c70a587011b4,AUSOL,CAMPANA DECALADA,2,,2,2026-08-10 16:36:11+00,1192.99,1192.99,1,1,0,16.6,16.6,16.6,B,MUESTRA_INSUFICIENTE,PENDIENTE,false,false,2026-09-02 15:00:47.41403+00
a3e92fab-5e4e-4dcf-8ded-7ff0577a4daf,fcf50348-fe3d-48db-934f-13e0af1e0e74,b6ebf1f0-e098-4e88-8865-af82f7507913,AUSA,SALGUERO,7,,7,2026-08-10 17:34:04+00,17305.37,17305.37,1,1,0,17.57,17.57,17.57,B,MUESTRA_INSUFICIENTE,PENDIENTE,false,false,2026-09-02 14:45:34.259125+00
6eeebc5a-f854-4a5c-afd6-0f7dc64e321d,fcf50348-fe3d-48db-934f-13e0af1e0e74,b6649fde-3788-4677-b79c-4f3c57a7f2d3,AUSA,SARMIENTO,7,,7,2026-08-10 17:45:48+00,17305.37,17305.37,1,1,0,17.75,17.75,17.75,B,MUESTRA_INSUFICIENTE,PENDIENTE,false,false,2026-09-02 14:45:34.259125+00
880507aa-4948-4cf6-adde-71c05c7eab64,ab449656-bebf-4cb2-bbb3-6221403e1c7b,3f32d96b-e51f-4e5e-a473-be7bcc3de5e9,AUBASA,HUDSON,2,,2,2026-08-10 19:52:11+00,5987.57,5987.57,1,1,0,19.87,19.87,19.87,B,MUESTRA_INSUFICIENTE,PENDIENTE,false,false,2026-09-02 15:28:38.024207+00
78439aa0-221b-4470-ab86-b7add8487b18,fcf50348-fe3d-48db-934f-13e0af1e0e74,e98ce678-0d1d-4a44-8b08-d5ee7a42e93f,AUSA,REMEDIOS,7,,7,2026-08-11 11:44:16+00,15545.66,15545.66,4,1,1.3725,11.08,14.72,12.92,B,MUESTRA_INSUFICIENTE,PENDIENTE,false,false,2026-09-02 14:42:18.358558+00
0fdd9598-26b0-4f1e-8b47-425518006958,fcf50348-fe3d-48db-934f-13e0af1e0e74,139fff4c-db47-4169-b2c9-6a22302db69a,AUSA,VARELA,8,,8,2026-08-12 16:54:23+00,34610.59,34610.59,1,1,0,18.05,18.05,18.05,B,MUESTRA_INSUFICIENTE,PENDIENTE,false,false,2026-09-02 14:42:18.358558+00
59aaf73c-0d56-4137-b1ac-2588b6e31de6,4c3fcfe9-84f5-4b57-8875-25145b949a93,2e7bc698-efec-44c7-86bf-81dd35a71c87,AUTOPISTA DEL OESTE,POSADAS,7,,7,2026-08-12 19:21:48+00,5964.94,5964.94,1,1,0,8.17,8.17,8.17,B,MUESTRA_INSUFICIENTE,PENDIENTE,false,false,2026-09-02 14:52:29.903438+00
d6ebfae3-195c-4804-a745-823191c1cdb7,ab449656-bebf-4cb2-bbb3-6221403e1c7b,67486ca3-6e88-49a8-b628-7f41e946da5a,AUBASA,DOCK SUD,3,,3,2026-08-13 15:31:46+00,7185.1,7185.1,1,1,0,15.52,15.52,15.52,B,MUESTRA_INSUFICIENTE,PENDIENTE,false,false,2026-09-02 15:03:03.338882+00
1918505e-f6e3-495d-a308-67466b303cd6,ab449656-bebf-4cb2-bbb3-6221403e1c7b,3f32d96b-e51f-4e5e-a473-be7bcc3de5e9,AUBASA,HUDSON,3,,3,2026-08-13 16:00:41+00,7185.1,7185.1,1,1,0,16,16,16,B,MUESTRA_INSUFICIENTE,PENDIENTE,false,false,2026-09-02 15:03:03.338882+00
ba521c68-6a93-4e64-9d24-6feb265227b6,ab449656-bebf-4cb2-bbb3-6221403e1c7b,3f32d96b-e51f-4e5e-a473-be7bcc3de5e9,AUBASA,HUDSON,6,,6,2026-08-13 17:13:39+00,29937.9,29937.9,1,1,0,17.22,17.22,17.22,B,MUESTRA_INSUFICIENTE,PENDIENTE,false,false,2026-09-02 15:03:03.338882+00
71e1ce7a-b6fc-40cb-b489-8d1643473b8e,ab449656-bebf-4cb2-bbb3-6221403e1c7b,3f32d96b-e51f-4e5e-a473-be7bcc3de5e9,AUBASA,HUDSON,3,,3,2026-08-13 17:14:03+00,17962.76,17962.76,1,1,0,17.23,17.23,17.23,B,MUESTRA_INSUFICIENTE,PENDIENTE,false,false,2026-09-02 15:03:03.338882+00
d1661f05-2675-408e-a09b-996dd753cae8,ab449656-bebf-4cb2-bbb3-6221403e1c7b,3f32d96b-e51f-4e5e-a473-be7bcc3de5e9,AUBASA,HUDSON,6,,6,2026-08-13 17:25:33+00,14968.96,14968.96,2,1,4.875,7.67,17.42,12.54,B,MUESTRA_INSUFICIENTE,PENDIENTE,false,false,2026-09-02 15:03:03.338882+00
bb6840c0-144e-4049-8de1-771a2420a476,ab449656-bebf-4cb2-bbb3-6221403e1c7b,3f32d96b-e51f-4e5e-a473-be7bcc3de5e9,AUBASA,HUDSON,3,,3,2026-08-13 17:25:54+00,8981.37,8981.37,1,1,0,17.42,17.42,17.42,B,MUESTRA_INSUFICIENTE,PENDIENTE,false,false,2026-09-02 15:03:03.338882+00
9ad1a68f-ba60-422c-a5bc-3575390f49e6,dc7dad0c-adda-4a56-a1f4-2ec87c19c356,f20aa7b2-3149-461d-81d9-e9f2c73065a1,AUSOL,TIGRE,2,,2,2026-08-14 10:48:31+00,1192.99,1192.99,1,1,0,10.8,10.8,10.8,B,MUESTRA_INSUFICIENTE,PENDIENTE,false,false,2026-09-02 15:00:47.41403+00
132cbd80-1b4e-461e-b5ae-a243f22cc937,ab449656-bebf-4cb2-bbb3-6221403e1c7b,2ab8b3e2-a9ab-4577-b9c4-81a68c594edc,AUBASA,BERNAL,6,,6,2026-08-14 14:25:47+00,20357.78,20357.78,1,1,0,14.42,14.42,14.42,B,MUESTRA_INSUFICIENTE,PENDIENTE,false,false,2026-09-02 15:03:03.338882+00
f1e4dd1f-26f8-459d-81c6-2da3515a48f7,fcf50348-fe3d-48db-934f-13e0af1e0e74,5446946e-152a-4640-af51-d8eff269d0f3,AUSA,ILLIA II,4,,4,2026-08-14 16:02:53+00,3813.07,3813.07,1,1,0,16.03,16.03,16.03,B,MUESTRA_INSUFICIENTE,PENDIENTE,false,false,2026-09-02 14:45:34.259125+00
dde0c882-67ea-4b1d-aa00-ddca035b2779,ebc3d756-788f-4875-9c20-15c9c8d0dffc,55809992-f488-42ef-bd9b-01ab7d6e1ecf,RUTAS SUR ATLANTICO S.A.,URIBELARREA - RN 205 KM 83,,8,8,2026-08-17 12:10:17+00,8935.49,8935.49,2,1,1.9167,12.17,16,14.08,A,CONFIRMADO,NO_PICO,false,true,2026-08-31 13:44:21.666225+00
d14ccedf-ce90-414c-95ad-d2718cf9805c,ebc3d756-788f-4875-9c20-15c9c8d0dffc,c74a1f16-de75-4fc8-9b08-3c9f5402a4bc,RUTAS SUR ATLANTICO S.A.,HINOJO - RN 226 KM 276,,,5,2026-08-18 20:23:19+00,8935.49,8935.49,2,1,1.7583,16.87,20.38,18.63,A,CONFIRMADO,NO_PICO,false,true,2026-08-31 13:44:21.666225+00
2c8b57d0-7f63-4e32-a91c-cdfdb0bbc3aa,ef0d4301-d970-4bba-a1d0-28f003fbc008,6e59a694-cfd2-4009-be75-3a087ed60f33,CORREDOR VIAL 5 S.A.U.,9 DE JULIO - RUTA 5 KM. 244,,2,2,2026-08-18 23:30:44+00,3574.19,3574.19,2,1,7.6167,8.27,23.5,15.88,A,CONFIRMADO,NO_PICO,false,true,2026-08-31 13:44:20.052656+00
b232d8e0-6549-4bdf-8371-8f25fdbaae21,ebc3d756-788f-4875-9c20-15c9c8d0dffc,7e41f9a3-f9f7-4921-8c24-d8b0598accd0,RUTAS SUR ATLANTICO S.A.,CAÑUELAS - RN 3 KM 76,,8,8,2026-08-19 07:52:10+00,8935.49,8935.49,1,1,0,7.87,7.87,7.87,A,CONFIRMADO,NO_PICO,false,true,2026-08-31 13:44:21.666225+00
05cca74b-a8ac-40f7-9cbb-d54e71fdc073,c2ee6a1d-9484-4e6e-ac7e-2830069094a6,90bc37bf-9737-4bf1-ae98-291c452b71ad,CORREDORES VIALES SA,VILLA ESPIL - RUTA 7 KM. 88,,1,1,2026-08-20 07:01:22+00,1500,1500,2,1,5.6583,7.02,18.33,12.68,A,CONFIRMADO,NO_PICO,false,true,2026-08-31 13:44:28.843116+00
e1368d16-e0cc-4739-aed1-8d79d2de2999,c2ee6a1d-9484-4e6e-ac7e-2830069094a6,769093ac-a432-4c2e-b17b-30a50e00a1f7,CORREDORES VIALES SA,V. TUERTO (RN8) - RUTA 8 KM 381,,3,3,2026-08-20 08:51:57+00,4500,4500,1,1,0,8.85,8.85,8.85,A,CONFIRMADO,NO_PICO,false,true,2026-08-31 13:44:14.821578+00
66e5c862-3f77-4b3d-ab2c-4ed0929eb41e,ef0d4301-d970-4bba-a1d0-28f003fbc008,6e59a694-cfd2-4009-be75-3a087ed60f33,CORREDOR VIAL 5 S.A.U.,9 DE JULIO - RUTA 5 KM. 244,,1,1,2026-08-20 12:21:26+00,1787.1,1787.1,2,1,4.475,3.4,12.35,7.88,A,CONFIRMADO,NO_PICO,false,true,2026-08-31 13:44:20.052656+00
5f7734ac-3499-49f0-bf6b-c6d684bef2c8,ef0d4301-d970-4bba-a1d0-28f003fbc008,3913f347-857c-465b-b078-2443f510ba1e,CORREDOR VIAL 5 S.A.U.,TRENQUE LAUQUEN - RUTA 5 KM 429,,1,1,2026-08-20 14:28:42+00,1787.1,1787.1,2,1,6.375,1.72,14.47,8.09,A,CONFIRMADO,NO_PICO,false,true,2026-08-31 13:44:20.052656+00
b006095e-c2e9-4ddd-af84-e275f89d95f6,ebc3d756-788f-4875-9c20-15c9c8d0dffc,55809992-f488-42ef-bd9b-01ab7d6e1ecf,RUTAS SUR ATLANTICO S.A.,URIBELARREA - RN 205 KM 83,,7,7,2026-08-20 23:32:19+00,7148.39,7148.39,3,1,3.2226,15.73,23.53,19.28,A,CONFIRMADO,NO_PICO,false,true,2026-08-31 13:44:21.666225+00
47dac7af-4127-4502-a551-88aaacca4986,c2ee6a1d-9484-4e6e-ac7e-2830069094a6,769093ac-a432-4c2e-b17b-30a50e00a1f7,CORREDORES VIALES SA,V. TUERTO (RN8) - RUTA 8 KM 381,,1,1,2026-08-24 05:25:23+00,1500,1500,1,1,0,5.42,5.42,5.42,A,CONFIRMADO,NO_PICO,false,true,2026-08-31 13:44:14.821578+00
555d1ab5-c007-494f-950c-8181dd0f658a,ebc3d756-788f-4875-9c20-15c9c8d0dffc,c74a1f16-de75-4fc8-9b08-3c9f5402a4bc,RUTAS SUR ATLANTICO S.A.,HINOJO - RN 226 KM 276,,7,7,2026-08-25 16:43:22+00,7148.39,7148.39,3,1,4.6293,9.1,20.18,15.33,A,CONFIRMADO,NO_PICO,false,true,2026-08-31 13:44:21.666225+00
077f49bb-8630-4fde-8d7e-2c6d9b8257fc,cc292b0a-f901-4db7-b099-52144e36a1a9,c9ed477b-11e7-4698-a81d-97813a9ae538,Autovía del Mercosur,Zarate,6,,6,2026-08-28 02:10:06+00,21722.79,21722.79,4,1,7.7334,2.17,23.12,13.71,B,MUESTRA_INSUFICIENTE,PENDIENTE,false,false,2026-09-02 15:11:59.612034+00
675b2fcf-b44e-4136-a5ef-567d3f82f060,cc292b0a-f901-4db7-b099-52144e36a1a9,c9ed477b-11e7-4698-a81d-97813a9ae538,Autovía del Mercosur,Zarate,7,,7,2026-08-28 06:37:26+00,32584.19,32584.19,16,1,5.952,0.67,23.17,12.9,B,REVISAR,PENDIENTE,true,false,2026-09-02 15:11:59.612034+00
d22ea5e8-8f86-4479-8433-5ba06bf14fe5,cc292b0a-f901-4db7-b099-52144e36a1a9,c9ed477b-11e7-4698-a81d-97813a9ae538,Autovía del Mercosur,Zarate,7,,7,2026-08-28 09:59:58+00,48876.28,48876.28,3,1,3.6707,9.98,18.73,14.96,B,MUESTRA_INSUFICIENTE,PENDIENTE,false,false,2026-09-02 15:11:59.612034+00
ddd87e62-63d7-4292-a594-32bedfd08c33,cc292b0a-f901-4db7-b099-52144e36a1a9,c9ed477b-11e7-4698-a81d-97813a9ae538,Autovía del Mercosur,Zarate,7,,7,2026-08-28 10:09:56+00,27153.49,27153.49,6,1,6.145,0.23,18.45,8.36,B,MUESTRA_INSUFICIENTE,PENDIENTE,false,false,2026-09-02 15:11:59.612034+00
d61b27a3-70e2-4194-b358-4b78c5850f82,cc292b0a-f901-4db7-b099-52144e36a1a9,c9ed477b-11e7-4698-a81d-97813a9ae538,Autovía del Mercosur,Zarate,2,,2,2026-08-28 10:47:22+00,5430.7,5430.7,8,1,5.689,1.77,23.47,12.99,B,MUESTRA_INSUFICIENTE,PENDIENTE,false,false,2026-09-02 15:11:59.612034+00
5a0adabf-d819-4f8a-a3e4-cf43d69b10a9,cc292b0a-f901-4db7-b099-52144e36a1a9,c9ed477b-11e7-4698-a81d-97813a9ae538,Autovía del Mercosur,Zarate,7,,7,2026-08-28 18:32:49+00,38014.88,38014.88,2,1,2.1667,14.2,18.53,16.37,B,MUESTRA_INSUFICIENTE,PENDIENTE,false,false,2026-09-02 15:11:59.612034+00
a80d580e-60d0-4911-beea-e95380670ebe,cc292b0a-f901-4db7-b099-52144e36a1a9,c9ed477b-11e7-4698-a81d-97813a9ae538,Autovía del Mercosur,Zarate,5,,5,2026-08-29 14:27:27+00,16292.09,16292.09,1,1,0,14.45,14.45,14.45,B,MUESTRA_INSUFICIENTE,PENDIENTE,false,false,2026-09-02 15:11:59.612034+00
