id,fecha_hora,tarifa,patente,file_name,concesion
00027e96-2671-4196-9963-6c4b484dfa95,2026-07-15 03:33:42+00,15255.79,AH351RT,pasadas_2026-07-23_5009A02044703.csv,AUSA
0009cedd-4e0a-4173-868e-fbc78ed9532d,2026-07-06 11:15:02+00,6044.83,AB456CQ,pasadas_2026-07-08_5009A02027769.csv,AUSA
002f16dc-35b9-41e5-915c-6aeb9a63f300,2026-07-13 06:33:46+00,3976.59,AF993HK,pasadas_2026-07-16_493556.csv,AUSOL
0044c6b5-39a6-4cde-9ab0-6374fbb2fc03,2026-07-21 21:37:52+00,7148.39,AG822HO,ConsumosResumen.xlsx,CORREDOR VIAL 5 S.A.U.
005a6301-83b8-40e4-8781-0149f29593a1,2026-07-22 03:06:46+00,3000.00,AC295IE,ConsumosResumen.xlsx,CORREDORES VIALES SA
005e08b2-35ef-4875-85de-af05476e697a,2026-06-25 20:50:05+00,17400.00,AD625QB,pasadas_2026-07-22_1947768.csv,UNIDAD EJECUTORA (SANTA FE)
009b717a-5a0e-4d2c-9efe-cc15f17dcfe2,2026-07-27 21:49:40+00,15255.79,AF436WI,pasadas_2026-07-29_5009A02060191.csv,AUSA
00a66dfd-49c7-44e3-b3fe-558e71f5c51f,2026-07-23 13:26:16+00,7500.00,AD736OU,ConsumosResumen.xlsx,CORREDORES VIALES SA
00c0c615-0652-4ddb-b1cb-bd78a6259b39,2026-07-10 13:26:44+00,6195.30,AF411UY,ConsumosResumen-202607-1.xlsx,RUTAS SUR ATLANTICO S.A.
00d4149c-55f4-441a-ae2e-2f58833987ac,2026-07-02 11:07:14+00,6000.00,AD482MT,ConsumosResumen-202607-1.xlsx,CORREDORES VIALES SA
00dff6c0-9c2b-4266-9764-ea9ea8b56ce3,2026-07-16 10:07:18+00,7148.39,AG939HR,ConsumosResumen.xlsx,RUTAS SUR ATLANTICO S.A.
00e3617f-a698-4b02-862e-8ce074db12b0,2026-07-24 10:40:23+00,2035.11,AI348TS,pasadas_2026-07-29_5009A02052902.csv,AUSA
00ec93ba-7c2e-4f47-8fd9-ca3ad4676398,2026-07-07 07:08:21+00,16982.69,AB456CQ,pasadas_2026-07-08_5009A02027769.csv,AUSA
00ed2eae-c463-4f61-bd84-dca2eaef32de,2026-07-23 04:53:15+00,3097.65,AD625QB,ConsumosResumen.xlsx,RUTAS SUR ATLANTICO S.A.
010225fd-9834-4219-82e8-f9ac4525217c,2026-07-18 01:30:27+00,7744.12,AH543IQ,ConsumosResumen.xlsx,RUTAS SUR ATLANTICO S.A.
01100740-67f7-40a9-b299-2fbd61f0777d,2026-07-24 12:45:06+00,6000.00,AF103ZL,ConsumosResumen.xlsx,CORREDORES VIALES SA
01107e7d-612e-465c-847c-84a972f1891e,2026-07-22 14:54:03+00,6000.00,AF411UY,ConsumosResumen.xlsx,CORREDORES VIALES SA
01652fe1-d8b5-46bb-9ed0-e1fa14326ed8,2026-07-08 06:02:29+00,15255.79,AC264UA,pasadas_2026-07-15_5009A02037803.csv,AUSA
01693c27-be66-4412-9018-0a516ba135f6,2026-07-02 06:09:30+00,3976.59,AD625QB,pasadas_2026-07-16_493556.csv,AUSOL
0171484a-dc35-44e9-a00b-facd17773ca3,2026-07-14 10:05:32+00,4771.95,AD985XP,pasadas_2026-07-16_343555.csv,AUTOPISTA DEL OESTE
019cac13-88b9-4978-a318-d14a46912341,2026-07-14 16:31:32+00,4771.95,OWG130,pasadas_2026-07-16_343555.csv,AUTOPISTA DEL OESTE
019def71-1c85-493a-973f-5dcc0888a042,2026-07-05 11:17:04+00,5964.94,AH543IQ,pasadas_2026-07-16_343555.csv,AUTOPISTA DEL OESTE
01a03b93-cb83-4861-bb35-f0ef0be49fe6,2026-07-22 13:37:29+00,6000.00,AB151SM,ConsumosResumen.xlsx,CORREDORES VIALES SA
01dba0b8-b9cf-4306-87c7-9a4f8afc50f6,2026-06-25 12:19:45+00,6500.00,AE454PH,pasadas_2026-07-03_3313955.csv,CORREDORES VIALES SA
01f5bdcb-7cc8-488b-a4df-6af62f7ca754,2026-06-29 16:56:16+00,17400.00,AG507DK,pasadas_2026-07-22_1947768.csv,UNIDAD EJECUTORA (SANTA FE)
02047daf-451d-439d-856a-68f77e53d7c3,2026-07-27 14:33:33+00,6000.00,AB456CU,ConsumosResumen.xlsx,CORREDORES VIALES SA
02051192-e85a-47a1-a7f6-d187f0148468,2026-07-23 20:55:11+00,15255.79,AH729QW,pasadas_2026-07-29_5009A02060191.csv,AUSA
0218ea74-d0af-4951-94a3-bf2a82e5903d,2026-07-22 13:59:10+00,9935.82,AB456CQ,pasadas_2026-07-29_5009A02060191.csv,AUSA
023e134c-15d2-4690-83ba-3ef8dec132ea,2026-07-16 00:45:25+00,1500.00,AG533MF,ConsumosResumen.xlsx,CORREDORES VIALES SA
02442240-8691-4b6b-a233-c9ef4b1b4d1b,2026-07-27 14:10:27+00,1548.82,AF436WI,ConsumosResumen.xlsx,RUTAS SUR ATLANTICO S.A.
02528402-b0b2-4e99-85ba-5ce0cd36308b,2026-07-03 15:01:10+00,5468.98,AD985XP,pasadas_2026-07-08_5009A02027769.csv,AUSA
0257c8fa-6083-4fa6-ab02-433768d6cfb7,2026-07-01 02:37:33+00,3976.59,AD667DM,pasadas_2026-07-16_493556.csv,AUSOL
0258cfc7-26b0-431c-a484-2d34ec23c3f4,2026-07-14 02:27:38+00,9935.82,AH185KI,pasadas_2026-07-15_5009A02037803.csv,AUSA
0260e2ea-429e-4a78-a0e4-1a9d8bdb6b76,2026-07-07 22:33:48+00,4500.00,AD625QB,ConsumosResumen-202607-1.xlsx,CORREDORES VIALES SA
026f9c48-1622-4e01-af81-0a629983cd8a,2026-06-26 11:46:43+00,6500.00,AI178ER,pasadas_2026-07-03_3305880.csv,CORREDORES VIALES SA
028b635f-2a1d-42ed-a6b6-39c2af5118c4,2026-07-02 06:48:25+00,6000.00,AF136HN,ConsumosResumen-202607-1.xlsx,CORREDORES VIALES SA
02ca0c9b-cd75-4da7-9ac0-d90c0ff90b93,2026-07-07 01:04:05+00,13466.55,AG916MK,pasadas_2026-07-15_5364164.csv,AUBASA
02e67ffc-50c9-478f-8ef6-2ee1542ae1d5,2026-07-23 02:38:13+00,7500.00,AE469PH,ConsumosResumen.xlsx,CORREDORES VIALES SA
031630b3-6a27-43a9-a6b7-486185f19345,2026-07-23 15:46:22+00,6044.83,AF993HA,pasadas_2026-07-29_5009A02052902.csv,AUSA
03274bc7-f7b3-484b-a4bd-efdc07bfc879,2026-07-01 12:24:11+00,3976.59,AD625QA,pasadas_2026-07-16_343555.csv,AUTOPISTA DEL OESTE
03426aff-a71e-4e90-a7be-df3436325bbe,2026-07-07 06:56:06+00,15255.79,AB633TZ,pasadas_2026-07-08_5009A02027769.csv,AUSA
034bd015-40c3-4514-9c1e-e95f4831bb47,2026-07-01 18:54:11+00,4771.95,AD625QA,pasadas_2026-07-16_343555.csv,AUTOPISTA DEL OESTE
034cda6b-9248-4c1d-a379-6f8e49663915,2026-07-09 18:55:55+00,6000.00,AG862VH,ConsumosResumen-202607-1.xlsx,CORREDORES VIALES SA
0373db57-e7b7-4fb8-97cb-975d10cb9be9,2026-07-04 14:19:44+00,1500.00,AG249HS,ConsumosResumen-202607-1.xlsx,CORREDORES VIALES SA
039babe5-5acc-48f7-993f-db2347e9cefe,2026-07-24 11:26:36+00,9935.82,AB247VR,pasadas_2026-07-29_5009A02060191.csv,AUSA
03c5a0e0-97d4-4a43-a6cf-329586ce6ec5,2026-07-11 05:13:00+00,3976.59,AB633TZ,pasadas_2026-07-16_343555.csv,AUTOPISTA DEL OESTE
03d83b34-7365-4f01-b673-73ba2471959a,2026-07-09 07:11:26+00,4771.95,AB247VR,pasadas_2026-07-16_343555.csv,AUTOPISTA DEL OESTE
03f43994-906a-4313-b000-b5a2283b896b,2026-07-14 13:07:02+00,6000.00,AH033DL,ConsumosResumen.xlsx,CORREDORES VIALES SA
04068023-4fd2-43ac-8b1c-8470d7933299,2026-07-01 17:21:52+00,5964.94,AF202UU,pasadas_2026-07-16_493556.csv,AUSOL
040b1702-5d00-419c-89d2-f279844a2c0a,2026-07-22 16:15:22+00,1500.00,AG533MF,ConsumosResumen.xlsx,CORREDORES VIALES SA
041aec4c-7988-4e66-a4df-924c41f00b7c,2026-07-07 14:27:25+00,7500.00,AE831SI,ConsumosResumen-202607-1.xlsx,CORREDORES VIALES SA
04242af2-a5fc-4835-b50f-28837510c832,2026-07-07 10:36:15+00,16982.69,AB456CQ,pasadas_2026-07-08_5009A02027769.csv,AUSA
0435aa97-0f60-421b-80be-422462146b47,2026-07-06 06:56:40+00,9935.82,AB456CQ,pasadas_2026-07-08_5009A02027769.csv,AUSA
043d3843-3b9c-4d01-954d-6d7f176a57db,2026-07-27 18:33:50+00,6000.00,AD096FX,ConsumosResumen.xlsx,CORREDORES VIALES SA
04422a30-bd02-43c0-9adb-118b0e544911,2026-06-29 19:38:43+00,21000.00,AF993HA,pasadas_2026-07-22_1947769.csv,UNIDAD EJECUTORA (SANTA FE)
044a8cb3-eaa2-4c6e-84cb-95b19454bc67,2026-07-01 09:01:08+00,6000.00,AC561DQ,ConsumosResumen-202607-1.xlsx,CORREDORES VIALES SA
0462d5b9-6f53-4320-9c30-0f22561e05bd,2026-07-03 11:00:33+00,6000.00,AG862VH,ConsumosResumen-202607-1.xlsx,CORREDORES VIALES SA
047686b2-96b1-4b6c-a123-cc1947680f6c,2026-07-22 08:04:20+00,6000.00,AD239PP,ConsumosResumen.xlsx,CORREDORES VIALES SA
047877bc-3d94-4909-b19a-50625ff2706f,2026-07-26 22:01:50+00,7500.00,AG893YR,ConsumosResumen.xlsx,CORREDORES VIALES SA
048ae12c-9bc9-4221-8afe-b560a62f7b55,2026-07-25 11:58:58+00,6044.83,AG309CO,pasadas_2026-07-29_5009A02060191.csv,AUSA
048b87d5-c380-48b4-bf30-f614b480b20f,2026-07-05 04:00:44+00,994.15,AG533MF,pasadas_2026-07-16_343555.csv,AUTOPISTA DEL OESTE
04bdab62-6d75-42a7-aa39-e394d2c2d0a0,2026-07-22 23:28:32+00,1548.82,AH543IQ,ConsumosResumen.xlsx,RUTAS SUR ATLANTICO S.A.
04cf06f1-0b3f-4e5b-a667-d710e63bcfe2,2026-07-07 12:34:16+00,4500.00,AE284KH,ConsumosResumen-202607-1.xlsx,CORREDORES VIALES SA
04d76b4f-31ec-4fce-b091-0d37f07a7f1b,2026-07-19 13:45:49+00,8935.49,AH554RQ,ConsumosResumen.xlsx,CORREDOR VIAL 5 S.A.U.
04d8101f-8a7b-4999-a723-54a3b4aaea52,2026-07-10 10:05:44+00,6044.83,AE831SI,pasadas_2026-07-15_5009A02037803.csv,AUSA
04d9f4e2-eee0-4913-ab39-0fa3a255dcbd,2026-07-22 13:25:33+00,6000.00,AD667DM,ConsumosResumen.xlsx,CORREDORES VIALES SA
04ee6949-5ce7-4714-a486-1a01b179f00c,2026-07-13 17:11:43+00,4771.95,AD625QB,pasadas_2026-07-16_493556.csv,AUSOL
04f9b4e8-d36c-49e1-be6f-ccb2e868c972,2026-07-16 07:50:15+00,7500.00,AH251LE,ConsumosResumen.xlsx,CORREDORES VIALES SA
04fc022a-e380-4271-a944-f28b7e774c92,2026-07-24 00:07:37+00,15255.79,AG309CO,pasadas_2026-07-29_5009A02060191.csv,AUSA
050b9a50-bf9f-438a-b305-008c98e0ddb5,2026-07-17 11:45:53+00,6044.83,AH185KI,pasadas_2026-07-23_5009A02044703.csv,AUSA
05198771-b9e2-41c2-959a-c832c932ac45,2026-07-14 15:51:58+00,3976.59,AF411UY,pasadas_2026-07-16_343555.csv,AUTOPISTA DEL OESTE
051c8d3c-5a9f-41c1-b307-f1b9de2eff87,2026-07-01 18:24:44+00,1192.99,AG533MF,pasadas_2026-07-16_493556.csv,AUSOL
051c961c-5647-4018-a66e-c34c87af93de,2026-07-15 12:50:23+00,8935.49,AD736OU,ConsumosResumen.xlsx,CORREDOR VIAL 5 S.A.U.
05257801-de59-43d5-830b-d32f241a4f6a,2026-07-16 12:39:52+00,4500.00,AE284KH,ConsumosResumen.xlsx,CORREDORES VIALES SA
0530124a-a1de-4720-adb5-d2e023c19d5e,2026-07-17 17:54:24+00,6000.00,AF202UU,ConsumosResumen.xlsx,CORREDORES VIALES SA
053865c1-f1c8-473f-97c5-9b8b301d3c18,2026-07-15 12:17:05+00,21000.00,AG893YR,pasadas_2026-07-22_1947768.csv,UNIDAD EJECUTORA (SANTA FE)
0552910b-9bed-473f-b5de-b610ec99e437,2026-07-14 08:55:53+00,3000.00,AD985XP,ConsumosResumen.xlsx,CORREDORES VIALES SA
055b2a84-b6f0-45bf-932e-16e468cee6ed,2026-07-21 20:45:49+00,9935.82,AG916MK,pasadas_2026-07-23_5009A02044703.csv,AUSA
055dcb33-e27b-4154-9751-b6eb1207a478,2026-07-07 22:15:47+00,6000.00,AB151SM,ConsumosResumen-202607-1.xlsx,CORREDORES VIALES SA
056d5a07-5b2b-4ebc-9717-56abd181bd26,2026-07-01 15:05:28+00,3976.59,AB456CP,pasadas_2026-07-16_343555.csv,AUTOPISTA DEL OESTE
05702938-a813-4c20-8637-e2b1460bd727,2026-07-27 11:10:23+00,6000.00,AF231PZ,ConsumosResumen.xlsx,CORREDORES VIALES SA
05720cec-0fb8-421e-9213-cd99638f678c,2026-07-03 17:48:37+00,6000.00,AF136HN,ConsumosResumen-202607-1.xlsx,CORREDORES VIALES SA
057b01d2-dac3-4097-92e8-e9f94f8bb223,2026-07-02 14:19:22+00,6000.00,AF136HN,ConsumosResumen-202607-1.xlsx,CORREDORES VIALES SA
05a06014-1e33-4320-94e4-9cce4495f35f,2026-07-01 17:32:26+00,5964.94,AG916MK,pasadas_2026-07-16_343555.csv,AUTOPISTA DEL OESTE
05e29518-3fac-4a69-a7a0-a2672109e900,2026-07-07 07:49:03+00,4771.95,AB633TY,pasadas_2026-07-16_343555.csv,AUTOPISTA DEL OESTE
05ffbd08-c59b-4f7a-8864-f004b485584c,2026-07-06 18:31:28+00,7500.00,AF389UV,ConsumosResumen-202607-1.xlsx,CORREDORES VIALES SA
05ffda02-ac12-44bb-af6c-9480431cf8e1,2026-07-04 17:32:08+00,6000.00,AD239PP,ConsumosResumen-202607-1.xlsx,CORREDORES VIALES SA
060103dd-4769-4a8d-8f14-7ae91819d15b,2026-07-14 08:37:31+00,7500.00,AH543IQ,ConsumosResumen.xlsx,CORREDORES VIALES SA
0620e988-23dd-4adb-ac92-b53bbbc5475a,2026-06-30 11:24:14+00,6000.00,AF231PZ,ConsumosResumen-202607-1.xlsx,CORREDORES VIALES SA
06227f11-dbc2-472c-ac9f-8c6ea87b87cd,2026-07-23 21:30:56+00,6000.00,AD482MT,ConsumosResumen.xlsx,CORREDORES VIALES SA
0630753f-b12d-408f-8965-b8ffdce5bf32,2026-07-15 15:18:07+00,15255.79,AB456CU,pasadas_2026-07-23_5009A02044703.csv,AUSA
0633c40c-a8fc-444e-9b7b-de33ed1a5f77,2026-06-27 00:50:20+00,5200.00,OWG130,pasadas_2026-07-03_3313955.csv,CORREDORES VIALES SA
06555f61-e6c3-4b07-918e-a26df305721e,2026-06-26 11:56:11+00,5200.00,AF993HK,pasadas_2026-07-03_3313955.csv,CORREDORES VIALES SA
0658f4e3-2398-437b-a8d2-7f183e0a98aa,2026-07-08 19:40:19+00,6000.00,AG862VH,ConsumosResumen-202607-1.xlsx,CORREDORES VIALES SA
066ca2f0-b63c-4044-a51b-62c11f8913ba,2026-07-02 18:02:58+00,1500.00,AG533MF,ConsumosResumen.xlsx,CORREDOR VIAL 5 S.A.U.
0675c236-ce53-4bff-b334-e0d6bfbc2b3d,2026-07-16 11:10:37+00,6000.00,AF231PZ,ConsumosResumen.xlsx,CORREDORES VIALES SA
067654d2-7a50-471d-a2f7-2e1a26790354,2026-07-24 04:18:12+00,1548.82,AF231PZ,ConsumosResumen.xlsx,RUTAS SUR ATLANTICO S.A.
0679d146-02f5-451b-9d6f-2b389b64c5e4,2026-07-07 09:43:23+00,8935.49,AH554RP,ConsumosResumen.xlsx,CORREDOR VIAL 5 S.A.U.
0679f133-fd4e-47d1-8a8c-0d7f2c072108,2026-07-07 12:19:38+00,7500.00,AE952TH,ConsumosResumen-202607-1.xlsx,CORREDORES VIALES SA
068e4a70-f819-486a-b285-837b43846ee4,2026-07-01 08:54:06+00,5964.94,AH729QW,pasadas_2026-07-16_343555.csv,AUTOPISTA DEL OESTE
06bca7dc-9c78-48d4-91f8-b4be112cca2c,2026-07-06 09:57:09+00,4771.95,AC561DQ,pasadas_2026-07-16_343555.csv,AUTOPISTA DEL OESTE
06ecaa6f-65e3-4092-ab3b-3542ef2ab68a,2026-07-21 21:12:15+00,3097.65,AE751PA,ConsumosResumen.xlsx,RUTAS SUR ATLANTICO S.A.
06ede945-9acd-4cb9-b6b9-a920b402bdb5,2026-07-07 07:08:08+00,9935.82,AB633TZ,pasadas_2026-07-15_5009A02037803.csv,AUSA
070060a1-6035-401e-aa78-e7f16603a981,2026-07-07 19:57:10+00,7500.00,AG507DK,ConsumosResumen-202607-1.xlsx,CORREDORES VIALES SA
07058f2f-d1c6-4d32-afc9-3c0f67a06436,2026-07-08 15:24:24+00,6600.00,AF103ZL,pasadas_2026-07-22_1947768.csv,UNIDAD EJECUTORA (SANTA FE)
070e0030-8ef3-412d-8925-04af5955883e,2026-07-07 12:58:10+00,15255.79,AG916MK,pasadas_2026-07-08_5009A02027769.csv,AUSA
0715c321-3883-420d-9601-a1bec0e28b7e,2026-06-28 02:53:33+00,4500.00,AF436WI,ConsumosResumen-202607-1.xlsx,CORREDORES VIALES SA
071c49c0-6281-4959-ac3b-13bbad6d5508,2026-07-14 11:07:59+00,7500.00,AH800QR,ConsumosResumen.xlsx,CORREDORES VIALES SA
07217da0-1e9c-4cec-95be-9c3a541f6908,2026-07-11 21:59:13+00,3000.00,AC295IE,ConsumosResumen-202607-1.xlsx,CORREDORES VIALES SA
073b4e6b-074f-4a47-b90c-aedb31aaa148,2026-07-21 06:14:12+00,7500.00,AE831SI,ConsumosResumen.xlsx,CORREDORES VIALES SA
073d1700-9494-4298-8982-62278ea1e710,2026-07-24 15:38:35+00,7500.00,AE469PH,ConsumosResumen.xlsx,CORREDORES VIALES SA
07456ccf-771d-4ad4-a212-edd0ec1fd60b,2026-07-22 04:47:01+00,3097.65,AF436WI,ConsumosResumen.xlsx,RUTAS SUR ATLANTICO S.A.
075278af-52b4-47fd-8949-0fd786af2160,2026-07-27 01:33:47+00,8935.49,AH554RP,ConsumosResumen.xlsx,CORREDOR VIAL 5 S.A.U.
0771444e-4d47-4137-8746-845821c41def,2026-07-23 20:52:12+00,6000.00,AB151SM,ConsumosResumen.xlsx,CORREDORES VIALES SA
07870ae4-5be8-4b17-94e6-fcde5af0c7c4,2026-06-30 11:55:40+00,6000.00,AF509QF,ConsumosResumen-202607-1.xlsx,CORREDORES VIALES SA
07967932-2b3f-4ec5-b92a-459180b8e8d7,2026-07-09 08:43:57+00,9935.82,AG309CO,pasadas_2026-07-15_5009A02037803.csv,AUSA
07968d55-a071-4085-8625-ab894be987a1,2026-06-30 15:11:14+00,6000.00,AB456CP,ConsumosResumen-202607-1.xlsx,CORREDORES VIALES SA
07b900ce-0110-402c-acdd-5e2ae641f0b8,2026-07-27 22:30:39+00,15255.79,AD625QA,pasadas_2026-07-29_5009A02060191.csv,AUSA
07d13073-c262-4189-8060-b662befde386,2026-07-24 15:56:37+00,9935.82,AF436WI,pasadas_2026-07-29_5009A02060191.csv,AUSA
07d21318-c93a-482a-8eea-6a6858e98ed6,2026-07-02 12:50:46+00,3976.59,AC812DO,pasadas_2026-07-16_343555.csv,AUTOPISTA DEL OESTE
07dd148c-2f42-40f1-8b3d-a2d0dd3f1117,2026-06-30 22:15:50+00,6000.00,AG916MK,ConsumosResumen-202607-1.xlsx,CORREDORES VIALES SA
07f6e98a-3a5f-4333-ad80-d209bbde7d1d,2026-07-14 02:34:42+00,6044.83,AH185KI,pasadas_2026-07-15_5009A02037803.csv,AUSA
080763a9-a297-4038-9c1b-71f5d077654b,2026-07-10 02:02:13+00,6044.83,AH351RT,pasadas_2026-07-15_5009A02037803.csv,AUSA
0810e7f4-fc1f-4635-b969-b4cbff462e4f,2026-07-20 14:26:02+00,8400.00,AF993HA,pasadas_2026-07-22_1947769.csv,UNIDAD EJECUTORA (SANTA FE)
082f3ecf-e78a-4acd-9fda-d9cefab1dcf8,2026-07-25 21:54:40+00,15255.79,AG309CO,pasadas_2026-07-29_5009A02060191.csv,AUSA
082f8d09-53c4-412d-a446-936d3b78f91d,2026-07-04 11:13:00+00,6000.00,AD096FX,ConsumosResumen-202607-1.xlsx,CORREDORES VIALES SA
082fbba3-f7e6-4b88-bc85-a04b19daeb6d,2026-06-26 15:05:02+00,6500.00,AH543IQ,pasadas_2026-07-03_3313955.csv,CORREDORES VIALES SA
0835a711-64b3-4a7f-91b3-2ca04614d6b6,2026-07-06 12:17:32+00,6000.00,AF993HK,ConsumosResumen-202607-1.xlsx,CORREDORES VIALES SA
084708ff-475b-4b82-a3dd-8ffca52fbd62,2026-07-25 16:31:02+00,7148.39,AG916MK,ConsumosResumen.xlsx,RUTAS SUR ATLANTICO S.A.
084faee8-f9f1-456c-8b96-987dbe565c6f,2026-07-08 06:34:44+00,11222.12,OWG130,pasadas_2026-07-15_5364164.csv,AUBASA
0877727b-1692-4926-bd94-a2c510553c2a,2026-07-24 01:41:25+00,6000.00,AG939HX,ConsumosResumen.xlsx,CORREDORES VIALES SA
089b276f-4f06-4f4b-ad03-3d3c66e5b70b,2026-07-25 12:51:49+00,15255.79,AF202UU,pasadas_2026-07-29_5009A02060191.csv,AUSA
08a8464b-5aa6-49bc-aba7-34b1c541b55a,2026-07-18 10:23:13+00,7500.00,AE469PH,ConsumosResumen.xlsx,CORREDORES VIALES SA
08b70181-3272-4de8-a64e-1073f086ae07,2026-07-08 16:04:10+00,6000.00,AF103ZL,ConsumosResumen-202607-1.xlsx,CORREDORES VIALES SA
08bdb9ca-262e-43c2-a661-29a0aa58404d,2026-07-24 07:50:44+00,6000.00,AD239PP,ConsumosResumen.xlsx,CORREDORES VIALES SA
08e5a9bc-1cf8-4f37-8e78-e2c35e5933bb,2026-07-18 15:06:28+00,1500.00,AG533MF,ConsumosResumen.xlsx,CORREDORES VIALES SA
08ee9bf0-906a-433b-96a8-9f7f4a5b9634,2026-07-10 01:55:55+00,14370.19,AG939HR,pasadas_2026-07-15_5364164.csv,AUBASA
08f19822-ab52-4fa8-af6a-6985c73bae52,2026-06-29 17:49:29+00,3000.00,AD985XP,ConsumosResumen-202607-1.xlsx,CORREDORES VIALES SA
09015bab-3721-48b1-a12a-59a6647e2f13,2026-07-02 18:00:50+00,4771.95,AE469PH,pasadas_2026-07-16_343555.csv,AUTOPISTA DEL OESTE
0916ea49-54a5-4cd5-b035-de479239c9c4,2026-07-24 14:58:02+00,6195.30,AG939HR,ConsumosResumen.xlsx,RUTAS SUR ATLANTICO S.A.
09276ff5-af94-4849-b963-32154be04012,2026-07-02 12:56:04+00,994.15,AG309CH,pasadas_2026-07-16_493556.csv,AUSOL
0929f176-79bd-4079-a60b-9cb8c13c31cc,2026-07-07 03:06:11+00,15255.79,AH185KI,pasadas_2026-07-08_5009A02027769.csv,AUSA
09368ad7-00d1-4eda-b0e7-288ef9eef109,2026-07-21 21:53:26+00,6000.00,AF791ER,ConsumosResumen.xlsx,CORREDORES VIALES SA
095f5bac-23f1-45c8-a439-707cdf3aae02,2026-07-03 22:51:16+00,9935.82,AG309CO,pasadas_2026-07-08_5009A02027769.csv,AUSA
09648caf-756e-4b7c-b82e-5cca55a5a803,2026-06-30 11:42:59+00,7500.00,AH729QW,ConsumosResumen-202607-1.xlsx,CORREDORES VIALES SA
096f899a-4acb-4299-999a-20f8aa10a189,2026-07-08 08:43:53+00,6000.00,AF411UY,ConsumosResumen-202607-1.xlsx,CORREDORES VIALES SA
097d0359-4a7b-423f-a164-53d827a80223,2026-07-09 00:44:59+00,26933.11,AH729QW,pasadas_2026-07-15_5364164.csv,AUBASA
098114ea-f733-4c6b-8dcd-14fa7296bf49,2026-07-08 20:27:31+00,13466.55,AG309CO,pasadas_2026-07-15_5364164.csv,AUBASA
099d76eb-7c39-4097-8f8c-52fb785ae589,2026-07-27 15:13:32+00,6000.00,AD096FX,ConsumosResumen.xlsx,CORREDORES VIALES SA
09a8f417-9eeb-4b0f-8dee-44d176bcef6f,2026-07-03 11:41:59+00,8935.49,AH554RP,ConsumosResumen.xlsx,CORREDOR VIAL 5 S.A.U.
09aa5a9d-e8e3-40b3-8d18-e23c7803010d,2026-07-20 01:00:32+00,15255.79,AG916MK,pasadas_2026-07-23_5009A02044703.csv,AUSA
09b1eec7-9dab-4c3d-b2c1-ddc91aa31d40,2026-07-04 09:34:44+00,9935.82,AF533SR,pasadas_2026-07-08_5009A02027769.csv,AUSA
09c05abd-d7aa-4c22-9589-259bc56e35eb,2026-07-24 12:43:39+00,6044.83,AF993HK,pasadas_2026-07-29_5009A02060191.csv,AUSA
09e5460a-1f2c-4a73-a938-2dbcdb2f2cfc,2026-07-25 18:39:43+00,7500.00,AG939HX,ConsumosResumen.xlsx,CORREDORES VIALES SA
09ea7f5c-2db9-4d9d-9435-ba4c0ec28c65,2026-07-22 15:30:26+00,8935.49,AH554RP,ConsumosResumen.xlsx,CORREDOR VIAL 5 S.A.U.
09f1cb3c-dec8-4ca3-9f98-8c30acc1ddc2,2026-07-20 16:16:18+00,6000.00,AC812DO,ConsumosResumen.xlsx,CORREDORES VIALES SA
0a0f173c-3a0c-4bf5-99d6-ad995c9cef86,2026-06-29 13:27:51+00,6000.00,AD239PP,ConsumosResumen-202607-1.xlsx,CORREDORES VIALES SA
0a28683c-baaa-4796-a0a6-5284c5a6b007,2026-07-03 12:27:49+00,13466.55,AG939HR,pasadas_2026-07-15_5364164.csv,AUBASA
0a4507b1-82d7-46b7-9b1d-8ebe4f9fd6b0,2026-07-03 07:08:06+00,9935.82,AF091AI,pasadas_2026-07-08_5009A02027769.csv,AUSA
0a5053cc-17c9-4593-aa32-8cb2e3c45d2f,2026-07-03 10:32:08+00,7148.39,AH351RS,ConsumosResumen.xlsx,CORREDOR VIAL 5 S.A.U.
0a6f981c-c579-4b73-9aca-0b5080a56b89,2026-07-16 13:26:07+00,9935.82,AE952TH,pasadas_2026-07-23_5009A02044703.csv,AUSA
0a79f9fd-d5b1-43b3-a42b-42599bd22063,2026-07-02 16:32:45+00,4771.95,AE952TH,pasadas_2026-07-16_343555.csv,AUTOPISTA DEL OESTE
0a8fb5b6-b87c-431c-ab5c-c60426c769fa,2026-07-04 06:50:05+00,6000.00,AF509QF,ConsumosResumen-202607-1.xlsx,CORREDORES VIALES SA
0ac0760c-1555-4dac-b49a-940dd277a2ce,2026-07-20 07:50:53+00,21000.00,AF993HA,pasadas_2026-07-22_1947769.csv,UNIDAD EJECUTORA (SANTA FE)
0acc9239-9227-4bc6-a82c-99bce4f5e11f,2026-07-14 07:03:06+00,6000.00,AD482MT,ConsumosResumen.xlsx,CORREDORES VIALES SA
0ad31d66-2c13-4229-9193-c7c05294b3cc,2026-07-27 20:35:34+00,15255.79,AG309CO,pasadas_2026-07-29_5009A02060191.csv,AUSA
0af01ba0-9bfb-4116-93e9-9012744f8707,2026-07-15 22:28:08+00,31427.15,AC812DO,pasadas_2026-07-15_5364164.csv,AUBASA
0affdc6d-b002-49a0-aa54-72c584b418d2,2026-07-11 12:16:22+00,9935.82,AG309CO,pasadas_2026-07-15_5009A02037803.csv,AUSA
0b0eba75-bca7-487b-83be-14c9c529a05b,2026-07-27 14:14:58+00,7500.00,AG110LK,ConsumosResumen.xlsx,CORREDORES VIALES SA
0b32c133-2bc6-49ee-89b5-5ae3edc815cf,2026-07-08 21:29:20+00,9935.82,AH185KI,pasadas_2026-07-15_5009A02037803.csv,AUSA
0b49b202-9ed4-433e-be71-ffb8dff1b51f,2026-07-23 15:19:25+00,7500.00,AH800QT,ConsumosResumen.xlsx,CORREDORES VIALES SA
0b51a35b-ecf8-44e2-bc39-84caa81c586f,2026-07-05 12:17:37+00,4771.95,AF103ZL,pasadas_2026-07-16_343555.csv,AUTOPISTA DEL OESTE
0b5b1d2b-bfed-40bb-8d5c-82018d96e120,2026-07-17 12:33:26+00,6044.83,AF436WI,pasadas_2026-07-23_5009A02044703.csv,AUSA
0b7518b2-9df9-458d-a752-42be2aa4433e,2026-07-18 11:10:29+00,6000.00,AD625QA,ConsumosResumen.xlsx,CORREDORES VIALES SA
0b7e834e-ae39-4bec-a66f-dfad1257ac46,2026-07-24 12:17:32+00,6000.00,AD667DM,ConsumosResumen.xlsx,CORREDORES VIALES SA
0b83a81a-fd73-4be4-b43b-1071a71b36e4,2026-07-04 22:44:42+00,13466.55,AF993HA,pasadas_2026-07-15_5364165.csv,AUBASA
0b89a269-b1d1-44a0-812c-bc270b3d61b9,2026-07-01 12:19:34+00,17400.00,AD985XP,pasadas_2026-07-22_1947768.csv,UNIDAD EJECUTORA (SANTA FE)
0b8dd279-a5a9-45d6-a676-3f6c2e24c89f,2026-07-12 21:32:52+00,7642.85,AI348TS,pasadas_2026-07-15_5009A02037760.csv,AUSA
0b908e6c-c8b5-4289-b9d5-af01d170a28b,2026-06-26 05:31:10+00,5200.00,AE952TH,pasadas_2026-07-03_3313955.csv,CORREDORES VIALES SA
0b9e71c5-d30a-4d85-94cb-d71d9954aea4,2026-07-01 22:29:12+00,4500.00,AF389UV,ConsumosResumen-202607-1.xlsx,CORREDORES VIALES SA
0b9fbe4e-2389-4699-b2cf-a36ddb64529b,2026-07-24 12:19:01+00,1548.82,AB247VR,ConsumosResumen.xlsx,RUTAS SUR ATLANTICO S.A.
0bb80cef-dc66-4826-b368-72f897764c0b,2026-07-01 17:56:59+00,5964.94,AG916MK,pasadas_2026-07-16_343555.csv,AUTOPISTA DEL OESTE
0bd30e24-e15f-434f-9a72-2e95fba06423,2026-07-01 11:37:48+00,17400.00,AE952TH,pasadas_2026-07-22_1947768.csv,UNIDAD EJECUTORA (SANTA FE)
0be67546-cc64-4c48-9827-55d842efc958,2026-07-05 19:01:28+00,15255.79,AF993HA,pasadas_2026-07-15_5009A02037760.csv,AUSA
0bf38da3-e8f8-4dfd-81c4-1e8e6e7fc024,2026-07-16 14:36:29+00,6000.00,AF411UY,ConsumosResumen.xlsx,CORREDORES VIALES SA
0bfb92c5-30c3-456c-bee5-c9f3cda1f4f7,2026-07-13 14:51:18+00,6195.30,AG309CO,ConsumosResumen.xlsx,RUTAS SUR ATLANTICO S.A.
0c0a73e9-64fa-467c-9c6f-856860e5c980,2026-07-13 11:57:15+00,15255.79,AB456CP,pasadas_2026-07-15_5009A02037803.csv,AUSA
0c119862-9473-4640-80c2-6a4cb85b5857,2026-07-03 17:12:24+00,8935.49,AG507DK,ConsumosResumen.xlsx,RUTAS SUR ATLANTICO S.A.
0c316ffa-3465-4209-9505-10cb89fae5f2,2026-07-09 01:06:33+00,9935.82,AG893YR,pasadas_2026-07-15_5009A02037803.csv,AUSA
0c3a0150-2fe1-4e82-98e3-aef8e14f8f0d,2026-07-26 09:31:31+00,7500.00,AH351RT,ConsumosResumen.xlsx,CORREDORES VIALES SA
0c68ef95-dde8-401c-8cc9-36acd6242fb7,2026-07-22 22:08:33+00,6195.30,AF202UU,ConsumosResumen.xlsx,RUTAS SUR ATLANTICO S.A.
0c6985c0-d831-418d-88da-8474d9f41ad1,2026-07-09 10:55:17+00,6000.00,AF791ER,ConsumosResumen-202607-1.xlsx,CORREDORES VIALES SA
0c7b9e98-18d7-4eeb-a08a-f51cb8b2046d,2026-07-11 13:34:02+00,7500.00,AE469PH,ConsumosResumen-202607-1.xlsx,CORREDORES VIALES SA
0ca4018a-1413-4706-8dee-3434ce9673bf,2026-07-14 12:40:58+00,14370.19,AF993HA,pasadas_2026-07-15_5364165.csv,AUBASA
0ca5f888-0303-499e-9c48-26b55693f680,2026-07-13 22:03:16+00,6000.00,AG916MK,ConsumosResumen.xlsx,CORREDORES VIALES SA
0cb92ad5-128b-47e9-88f5-d1656657a117,2026-07-24 16:08:46+00,2035.11,AE908YR,pasadas_2026-07-29_5009A02060191.csv,AUSA
0cb9c1b5-2448-428e-a32d-a5de1af032fb,2026-07-25 11:40:08+00,4500.00,AF436WI,ConsumosResumen.xlsx,CORREDORES VIALES SA
0cc474ae-5b76-461d-803e-920693f95b5a,2026-07-20 12:41:57+00,6044.83,AF436WI,pasadas_2026-07-23_5009A02044703.csv,AUSA
0cc4dbd7-5ca0-446f-9969-d99d4bfdc28c,2026-07-06 01:30:08+00,3976.59,AF103ZL,pasadas_2026-07-16_493556.csv,AUSOL
0cd7f54d-2041-4b70-9f12-6e84c3983800,2026-07-21 12:09:32+00,6195.30,AF202UU,ConsumosResumen.xlsx,RUTAS SUR ATLANTICO S.A.
0cdd908a-cbf9-4ca9-b8bc-1a12738adc53,2026-07-01 21:57:07+00,7500.00,AH800QT,ConsumosResumen-202607-1.xlsx,CORREDORES VIALES SA
0cf57091-07c1-40a9-8626-198d9407c352,2026-07-09 05:38:22+00,1500.00,AG533MF,ConsumosResumen-202607-1.xlsx,CORREDORES VIALES SA
0cf727e3-3861-40a3-9f1d-9d6403edddef,2026-07-07 07:16:08+00,16982.69,AB633TZ,pasadas_2026-07-08_5009A02027769.csv,AUSA
0d14d898-dabe-4fd9-b76a-a6a5ee1efa89,2026-07-26 14:45:31+00,9935.82,AF993HA,pasadas_2026-07-29_5009A02052902.csv,AUSA
0d4526e9-c1bb-4460-8225-8d2112354e48,2026-07-06 09:02:43+00,7500.00,AH185KI,ConsumosResumen-202607-1.xlsx,CORREDORES VIALES SA
0d47b844-49ce-466c-8418-3548e8640c83,2026-07-03 13:55:24+00,3976.59,AB456CP,pasadas_2026-07-16_343555.csv,AUTOPISTA DEL OESTE
0d4c105d-32dd-43c3-b58a-15e80fc545d6,2026-07-18 02:21:02+00,6000.00,AG916MK,ConsumosResumen.xlsx,CORREDORES VIALES SA
0d8708c7-6e28-443c-a691-d5abbcaef0b8,2026-07-22 14:06:14+00,6044.83,AB456CQ,pasadas_2026-07-23_5009A02044703.csv,AUSA
0d91d93f-dad3-47f1-95d4-42c17f671cf2,2026-07-11 10:34:57+00,7500.00,AG893YR,ConsumosResumen-202607-1.xlsx,CORREDORES VIALES SA
0da5f53b-49c8-4068-9664-533a987388a9,2026-06-30 13:57:52+00,6000.00,AG862VH,ConsumosResumen-202607-1.xlsx,CORREDORES VIALES SA
0dabb8fe-ba5e-4d65-b4f8-2234243eeedd,2026-07-02 13:33:22+00,3976.59,AF231PZ,pasadas_2026-07-16_343555.csv,AUTOPISTA DEL OESTE
0dc31169-ed83-4509-a551-50f83d86057b,2026-07-14 11:52:33+00,3976.59,AB456CU,pasadas_2026-07-16_343555.csv,AUTOPISTA DEL OESTE
0dd89594-ceeb-44ac-a070-b27e5a7de963,2026-06-29 16:06:51+00,6000.00,AB151SM,pasadas_2026-07-03_3313955.csv,CORREDORES VIALES SA
0dec9064-8708-480c-81e0-ed4c1579d75a,2026-07-03 14:50:50+00,994.15,AG309CH,pasadas_2026-07-16_493556.csv,AUSOL
0df8a168-6b7a-4209-86c5-f87b5c0030e9,2026-07-01 21:20:46+00,4970.74,AG939HR,pasadas_2026-07-16_493556.csv,AUSOL
0e0279df-b570-4358-84b7-cd9bc6d03be5,2026-07-27 11:27:50+00,6044.83,AB456CP,pasadas_2026-07-29_5009A02060191.csv,AUSA
0e0c7189-6724-40b7-baa4-41f3ab749fc9,2026-07-15 19:58:51+00,16982.69,AG507DK,pasadas_2026-07-23_5009A02044703.csv,AUSA
0e3c09cc-345e-4afe-87c1-e6c21f4d6af3,2026-07-03 17:11:11+00,4500.00,AD625QB,ConsumosResumen-202607-1.xlsx,CORREDORES VIALES SA
0e4776ce-6c52-4c05-adb0-40c9d1325c25,2026-07-07 17:31:11+00,3000.00,AD985XP,ConsumosResumen-202607-1.xlsx,CORREDORES VIALES SA
0e592460-b2ee-4edd-ab74-2bd04978aed3,2026-07-02 20:02:42+00,4970.74,AG916MK,pasadas_2026-07-16_343555.csv,AUTOPISTA DEL OESTE
0e729324-99a7-4082-96c7-26de23a558fa,2026-06-25 12:02:29+00,5200.00,AE469PL,pasadas_2026-07-03_3313955.csv,CORREDORES VIALES SA
0e759156-0500-4fd6-9a3f-1cf65fcc01ed,2026-07-02 17:13:16+00,6000.00,AD482MT,ConsumosResumen-202607-1.xlsx,CORREDORES VIALES SA
0e78af1c-55be-46f1-92bb-796f8c8fa298,2026-07-07 14:26:54+00,6000.00,AF103ZL,ConsumosResumen-202607-1.xlsx,CORREDORES VIALES SA
0e9031d1-09cc-41d6-9e11-a4004622518b,2026-07-04 07:11:07+00,6000.00,AF791ER,ConsumosResumen-202607-1.xlsx,CORREDORES VIALES SA
0ea1db07-808c-4be8-869e-2b96d5e99921,2026-07-11 11:54:13+00,28740.39,AG309CO,pasadas_2026-07-15_5364164.csv,AUBASA
0ea53d27-c2f0-4be0-b3de-adac5eec9988,2026-07-15 15:40:03+00,8935.49,AH554RP,ConsumosResumen.xlsx,CORREDOR VIAL 5 S.A.U.
0ea5f4fa-5508-43f8-89d5-6460ed2aadc1,2026-07-23 19:58:58+00,6000.00,AD328WK,ConsumosResumen.xlsx,CORREDORES VIALES SA
0ea9d696-f4d5-487e-9173-5b184c99b7f6,2026-07-05 21:13:18+00,3097.65,AG916MK,ConsumosResumen-202607-1.xlsx,RUTAS SUR ATLANTICO S.A.
0eaa43b1-203e-4a23-b845-058ce379d459,2026-07-03 14:47:02+00,6000.00,AD096FX,ConsumosResumen-202607-1.xlsx,CORREDORES VIALES SA
0eb739a2-9a07-4a49-bd49-e65affd1cdbe,2026-07-15 12:55:00+00,6000.00,AG309CO,ConsumosResumen.xlsx,CORREDORES VIALES SA
0ebf9efa-6182-4f18-96c2-dff07826c7c1,2026-07-03 14:22:31+00,8935.49,AH554RP,ConsumosResumen.xlsx,CORREDOR VIAL 5 S.A.U.
0ece4a09-e34d-4603-968b-824c736e486f,2026-07-01 15:16:40+00,3976.59,AB456CU,pasadas_2026-07-16_343555.csv,AUTOPISTA DEL OESTE
0eeac9c8-74b6-4f2c-9765-4b9da187685f,2026-07-02 10:52:12+00,7500.00,AH543IQ,ConsumosResumen-202607-1.xlsx,CORREDORES VIALES SA
0f01263b-3446-46a2-a5fc-5b94287a287d,2026-07-01 22:26:04+00,6000.00,AB456CU,ConsumosResumen-202607-1.xlsx,CORREDORES VIALES SA
0f0ad0dd-2261-462e-afb2-73231fff74d0,2026-07-20 08:31:45+00,8935.49,AE952TH,ConsumosResumen.xlsx,CORREDOR VIAL 5 S.A.U.
0f3bc847-f0bd-463f-9852-d5586028b5b5,2026-07-02 11:34:39+00,6000.00,AD667DM,ConsumosResumen.xlsx,CORREDOR VIAL 5 S.A.U.
0f809367-4f5b-45f3-8340-fa776acaf2e1,2026-07-16 14:23:22+00,4500.00,AF389UV,ConsumosResumen.xlsx,CORREDORES VIALES SA
0f864e81-6ecf-41f5-8a90-07e1b7fe0169,2026-07-16 11:34:17+00,15255.79,AG507DK,pasadas_2026-07-23_5009A02044703.csv,AUSA
0f93102b-4f8a-494f-bf6d-7d06bc38b671,2026-07-03 14:01:23+00,22444.27,AF103ZL,pasadas_2026-07-15_5364164.csv,AUBASA
0fca1422-17b8-473e-be4f-500a47014279,2026-06-29 17:24:53+00,6000.00,AF103ZL,ConsumosResumen-202607-1.xlsx,CORREDORES VIALES SA
0fd373a2-6f80-405e-adec-e232b0bd2cc1,2026-07-03 09:21:50+00,6000.00,AF231PZ,ConsumosResumen-202607-1.xlsx,CORREDORES VIALES SA
0fdc86b3-6a9a-4925-9154-25b6f34bd936,2026-06-29 18:15:27+00,7500.00,AG507DK,ConsumosResumen-202607-1.xlsx,CORREDORES VIALES SA
0ff0f9d9-2caf-4054-a7b7-59c2074407e5,2026-07-06 09:00:59+00,8935.49,AH554RP,ConsumosResumen.xlsx,CORREDOR VIAL 5 S.A.U.
1016e98f-21b0-4c44-af09-3cfc3a46fa50,2026-07-14 22:13:07+00,1500.00,AG309CH,ConsumosResumen.xlsx,CORREDORES VIALES SA
101ae42a-23e6-4720-a7ba-67f14eb43dc9,2026-07-22 14:50:11+00,774.41,AB456CP,ConsumosResumen.xlsx,RUTAS SUR ATLANTICO S.A.
1020eac9-44d1-4901-8a38-0bd6cf13cc3d,2026-07-06 02:09:13+00,3976.59,AF231PZ,pasadas_2026-07-16_493556.csv,AUSOL
10266b72-93ce-425d-9598-6a4bb9612c30,2026-07-22 06:53:28+00,15255.79,AF389UV,pasadas_2026-07-23_5009A02044703.csv,AUSA
10464ca0-f20b-4ca1-8060-8480f0737da7,2026-07-05 20:14:14+00,4500.00,AE284KH,ConsumosResumen-202607-1.xlsx,CORREDORES VIALES SA
10496d29-ee63-4974-aa8a-9b311fce420d,2026-07-14 13:06:01+00,4500.00,AD625QB,ConsumosResumen.xlsx,CORREDORES VIALES SA
10531398-9c96-4dbe-bd4d-3879dfc8c00e,2026-07-01 08:34:29+00,6000.00,AF411UY,ConsumosResumen-202607-1.xlsx,CORREDORES VIALES SA
10610a07-1644-4175-9c08-bd746da79c3c,2026-07-13 05:24:29+00,15255.79,AI042WD,pasadas_2026-07-15_5009A02037760.csv,AUSA
1069c9d0-bdb7-4fcf-bcaa-2cd1e460a3a4,2026-07-15 17:50:17+00,4771.95,AB456CQ,pasadas_2026-07-16_343555.csv,AUTOPISTA DEL OESTE
106f760a-b32d-45fc-ba9d-68d9273f2b13,2026-07-20 15:04:37+00,6044.83,AB456CQ,pasadas_2026-07-23_5009A02044703.csv,AUSA
1071c4ce-57ed-46f1-a390-da5613687c1a,2026-07-16 20:51:14+00,5468.98,AD985XP,pasadas_2026-07-23_5009A02044703.csv,AUSA
107a72a9-3af8-41ac-ae5a-79db31e0dde5,2026-07-24 01:04:37+00,6195.30,AG893YR,ConsumosResumen.xlsx,RUTAS SUR ATLANTICO S.A.
108cb755-c178-432f-a07b-933e5a7117ae,2026-07-27 10:04:29+00,6000.00,AC812DO,ConsumosResumen.xlsx,CORREDORES VIALES SA
10abbb5b-e39a-43c3-9a0b-fec6002d3045,2026-07-01 12:21:47+00,3976.59,AD736OU,pasadas_2026-07-16_329454.csv,AUTOPISTA DEL OESTE
10e6d636-9609-4664-b34c-46fb2747bded,2026-07-16 22:19:51+00,1500.00,AG533MF,ConsumosResumen.xlsx,CORREDORES VIALES SA
112266a7-d690-41b8-a24e-e116dd1984b0,2026-07-15 05:14:07+00,6044.83,AF436WI,pasadas_2026-07-23_5009A02044703.csv,AUSA
11228176-f547-4dba-8150-d5a6c73bd48f,2026-07-20 14:18:27+00,6195.30,EXT374,ConsumosResumen.xlsx,RUTAS SUR ATLANTICO S.A.
11338669-64a0-45f6-8e0d-86db0be1c32b,2026-07-01 05:57:34+00,4970.74,AG916MK,pasadas_2026-07-16_343555.csv,AUTOPISTA DEL OESTE
11473328-b0fb-4117-bbc7-746fd1d814bc,2026-07-07 10:10:49+00,6600.00,AF103ZL,pasadas_2026-07-22_1947768.csv,UNIDAD EJECUTORA (SANTA FE)
114ba798-9e89-41fb-af49-c233ebd197c7,2026-07-01 07:09:50+00,16833.20,AH351RT,pasadas_2026-07-15_5364164.csv,AUBASA
11801265-65c7-4928-8d0b-7c066e7720b3,2026-07-02 22:21:46+00,6500.00,AE469PH,ConsumosResumen-202607-1.xlsx,RUTAS SUR ATLANTICO S.A.
1181bf38-88b3-47ec-97e3-62b2920ac039,2026-06-30 20:58:51+00,4500.00,AE284KH,ConsumosResumen-202607-1.xlsx,CORREDORES VIALES SA
11923298-087b-44e1-b927-2cd75ff64237,2026-07-24 10:47:40+00,9935.82,AI348TS,pasadas_2026-07-29_5009A02052902.csv,AUSA
11a71bb9-9a98-4963-9b0a-2f57acf98ffc,2026-07-07 16:20:22+00,6000.00,AF791ER,ConsumosResumen-202607-1.xlsx,CORREDORES VIALES SA
11ba7c69-e435-42a1-b5a2-c2bb53e20073,2026-07-27 09:10:58+00,6000.00,AF993HK,ConsumosResumen.xlsx,CORREDORES VIALES SA
11bc4c43-ebf1-4114-8c43-f49519e3cea6,2026-07-05 20:18:56+00,994.15,AG533MF,pasadas_2026-07-16_493556.csv,AUSOL
11bcd33b-70aa-4bb8-a241-db26113b013a,2026-07-18 11:07:14+00,7500.00,AH800QR,ConsumosResumen.xlsx,CORREDORES VIALES SA
11d5c528-60c5-4a02-80c8-251f28b05d4b,2026-07-01 05:43:33+00,7500.00,AH272KN,ConsumosResumen-202607-1.xlsx,CORREDORES VIALES SA
11d9d45a-3f91-42b0-b5ef-b200b5b0085b,2026-07-06 15:41:37+00,8935.49,AH554RQ,ConsumosResumen.xlsx,CORREDOR VIAL 5 S.A.U.
11e11d83-746d-47ff-8d49-7f849826087b,2026-06-29 16:44:29+00,6000.00,AD239PP,ConsumosResumen-202607-1.xlsx,CORREDORES VIALES SA
11e48b76-c3a8-457a-887d-c9b480d591a4,2026-07-24 06:55:58+00,6044.83,AB456CU,pasadas_2026-07-29_5009A02060191.csv,AUSA
1209a202-3680-4aeb-b2af-6bf8d590097e,2026-06-29 10:07:18+00,6600.00,AG507DK,pasadas_2026-07-22_1947768.csv,UNIDAD EJECUTORA (SANTA FE)
1212e02b-cec5-4a40-9b61-129ce108641d,2026-07-09 22:20:36+00,994.15,AI348TS,pasadas_2026-07-16_493557.csv,AUSOL
121713df-8b20-4fde-a43e-bc15a4cb8398,2026-07-14 14:43:30+00,7500.00,AF533SR,ConsumosResumen.xlsx,CORREDORES VIALES SA
123a19f8-6f98-40fc-b5d4-bec1cce3f12d,2026-07-08 14:56:02+00,9935.82,AH185KI,pasadas_2026-07-15_5009A02037803.csv,AUSA
1242543b-3b52-49a7-85fb-636aec43eb96,2026-07-16 11:22:55+00,3097.65,AC295IE,ConsumosResumen.xlsx,RUTAS SUR ATLANTICO S.A.
12509e35-e37e-45aa-96f1-046e0ffd3d3c,2026-07-06 12:42:19+00,11222.12,AB456CP,pasadas_2026-07-15_5364164.csv,AUBASA
127cff62-89b0-4ae3-aec4-04a61038be50,2026-07-21 04:02:29+00,3097.65,AC295IE,ConsumosResumen.xlsx,RUTAS SUR ATLANTICO S.A.
12863af8-8ff7-464d-97dc-498ebd8a6dbc,2026-07-03 18:21:00+00,6000.00,AB456CU,ConsumosResumen-202607-1.xlsx,CORREDORES VIALES SA
12a60ab2-d3a8-4925-bf0a-2b48f9d201d0,2026-07-02 23:43:43+00,9935.82,AI178EY,pasadas_2026-07-15_5009A02037760.csv,AUSA
12be7e66-cb2d-47f0-81a2-c9ba4d7ad7c8,2026-07-22 05:33:44+00,5361.29,AF389UV,ConsumosResumen.xlsx,RUTAS SUR ATLANTICO S.A.
12dd2a0c-ca4e-4b2f-8ab8-08ef416492c6,2026-07-27 01:00:46+00,6000.00,AF103ZL,ConsumosResumen.xlsx,CORREDORES VIALES SA
13100de6-6b80-43b6-9378-187624cac947,2026-07-02 16:48:11+00,4771.95,AC264UA,pasadas_2026-07-16_343555.csv,AUTOPISTA DEL OESTE
1319ba5e-e825-4c28-a703-27712debbb1f,2026-07-20 13:08:35+00,3000.00,AD985XP,ConsumosResumen.xlsx,CORREDORES VIALES SA
13294af2-08a9-4542-bb03-8b54c5970050,2026-07-06 15:01:25+00,15255.79,AG939HR,pasadas_2026-07-08_5009A02027769.csv,AUSA
1357e2e6-4c74-4602-bd11-707166700495,2026-07-28 20:38:53+00,15255.79,AG507DK,pasadas_2026-07-29_5009A02060191.csv,AUSA
139bf722-180e-4b55-977a-63e4e6bc2df5,2026-06-29 08:45:52+00,6000.00,AE454PH,ConsumosResumen-202607-1.xlsx,CORREDORES VIALES SA
13a32d9f-d9c3-4ad8-aaf1-b787814f4b04,2026-07-21 20:34:24+00,15255.79,AG916MK,pasadas_2026-07-23_5009A02044703.csv,AUSA
13bbd268-58c5-409c-a08b-f3439119ba02,2026-07-23 05:13:32+00,6000.00,AF993HK,ConsumosResumen.xlsx,CORREDORES VIALES SA
13fd2883-cbf0-41dc-b015-4c9db865593e,2026-07-07 16:25:37+00,7500.00,AE952TH,ConsumosResumen-202607-1.xlsx,CORREDORES VIALES SA
14219533-8e49-4aa4-8288-e7718bc27266,2026-07-27 10:23:35+00,8935.49,AH554RQ,ConsumosResumen.xlsx,CORREDOR VIAL 5 S.A.U.
1423b57c-9b72-461e-9ffd-9aba5768bca5,2026-07-03 05:49:49+00,3976.59,AD985XP,pasadas_2026-07-16_343555.csv,AUTOPISTA DEL OESTE
1443215b-257b-4279-ae4c-703ea07d5694,2026-07-15 05:49:16+00,3976.59,AB151SM,pasadas_2026-07-16_343555.csv,AUTOPISTA DEL OESTE
1454db5f-a6d7-4413-a0fe-4f1b8b4922d9,2026-07-13 21:08:12+00,6000.00,OWG130,ConsumosResumen.xlsx,CORREDORES VIALES SA
147fd5f0-7179-45e5-a1b7-08da4870bd21,2026-07-10 13:06:10+00,3976.59,AB247VR,pasadas_2026-07-16_343555.csv,AUTOPISTA DEL OESTE
1491c9ab-6459-4eca-b0a7-357af9ec0646,2026-07-07 10:02:16+00,6000.00,AF202UU,ConsumosResumen-202607-1.xlsx,CORREDORES VIALES SA
14aad155-cb63-4bc1-8139-141de17af463,2026-07-24 11:43:30+00,15255.79,AF436WI,pasadas_2026-07-29_5009A02060191.csv,AUSA
14ad5b80-5d4f-4893-bdd0-d7c3b2897fcd,2026-07-05 21:04:43+00,6000.00,AF791ER,ConsumosResumen-202607-1.xlsx,CORREDORES VIALES SA
14b11d27-04e4-4b4b-b899-d1f3b8da965b,2026-07-15 04:39:15+00,6044.83,AE469PH,pasadas_2026-07-23_5009A02044703.csv,AUSA
14b53892-8e64-4b10-a0ec-31a6a2235f98,2026-07-27 16:54:05+00,6000.00,AB456CU,ConsumosResumen.xlsx,CORREDORES VIALES SA
14c31cfb-a142-448c-92fe-1b35e6427a3e,2026-07-02 18:37:29+00,6000.00,AG862VH,ConsumosResumen-202607-1.xlsx,CORREDORES VIALES SA
14c6ae8a-da6e-4ade-9d8a-0e868a454836,2026-07-14 07:25:04+00,4771.95,AB247VR,pasadas_2026-07-16_343555.csv,AUTOPISTA DEL OESTE
14d0446a-6129-44ed-b704-03771699b752,2026-07-14 21:49:07+00,6195.30,AG309CO,ConsumosResumen.xlsx,RUTAS SUR ATLANTICO S.A.
14e30752-e8c4-4128-a733-de541560ef02,2026-07-04 10:06:18+00,3976.59,AB633TY,pasadas_2026-07-16_343555.csv,AUTOPISTA DEL OESTE
14f4f15b-8d7b-4b67-804c-871b622308e0,2026-07-17 21:03:36+00,6000.00,AH033DL,ConsumosResumen.xlsx,CORREDORES VIALES SA
14fdc3b0-616b-4e6b-a497-b05921dec08c,2026-07-02 00:57:34+00,3976.59,AF231PZ,pasadas_2026-07-16_343555.csv,AUTOPISTA DEL OESTE
15071e7e-1555-4d59-ab4f-9427f9ea7d03,2026-07-09 22:25:17+00,4970.74,AG893YR,pasadas_2026-07-16_493556.csv,AUSOL
15408184-33a4-451e-b3d6-37c0b2e792b4,2026-07-26 03:14:14+00,6000.00,AF103ZL,ConsumosResumen.xlsx,CORREDORES VIALES SA
15425e27-222b-438e-bb55-a75f46a9d27a,2026-07-19 15:59:16+00,7500.00,AH251LE,ConsumosResumen.xlsx,CORREDORES VIALES SA
15512ec5-5680-4589-a616-5e852420245b,2026-07-27 18:31:45+00,6000.00,AD328WK,ConsumosResumen.xlsx,CORREDORES VIALES SA
15596d3b-b432-4e37-a27b-90046646fc72,2026-07-21 10:58:02+00,6000.00,AC812DO,ConsumosResumen.xlsx,CORREDORES VIALES SA
155d03ac-03de-4f69-bbd9-e0108c6a526d,2026-07-13 19:57:27+00,1192.99,AI348TS,pasadas_2026-07-16_329454.csv,AUTOPISTA DEL OESTE
15611a70-191c-4767-ac4c-18dd5a9488e9,2026-07-16 20:02:46+00,6000.00,AB456CU,ConsumosResumen.xlsx,CORREDORES VIALES SA
15645f78-3aeb-4c0d-830c-464e5eaf1ff8,2026-06-29 15:12:03+00,6000.00,AE469PL,ConsumosResumen-202607-1.xlsx,CORREDORES VIALES SA
1599487e-9346-4369-8c37-1e93b80272ad,2026-07-20 10:38:02+00,9935.82,AH729QW,pasadas_2026-07-23_5009A02044703.csv,AUSA
15a3c4be-0b3e-472b-b3fb-78279f6f07e4,2026-07-04 06:53:41+00,6000.00,AG862VH,ConsumosResumen-202607-1.xlsx,CORREDORES VIALES SA
15b7d94b-c947-477a-924e-1bad035a0bb9,2026-07-23 15:40:06+00,6044.83,AH185KI,pasadas_2026-07-29_5009A02060191.csv,AUSA
15c6f25c-2d80-4dcf-a903-e3387a548f68,2026-06-29 16:37:26+00,21000.00,AF993HA,pasadas_2026-07-22_1947769.csv,UNIDAD EJECUTORA (SANTA FE)
15d034ed-bbfd-443f-989b-daf5bb819a66,2026-07-08 16:50:10+00,7148.39,AF231PZ,ConsumosResumen-202607-1.xlsx,RUTAS SUR ATLANTICO S.A.
15d8abae-fc37-4681-aa38-ee6c0fc33b7d,2026-07-28 10:22:13+00,16982.69,AD482MT,pasadas_2026-07-29_5009A02060191.csv,AUSA
15dfdabd-d301-4ec0-b822-2c474fff0f2e,2026-07-15 13:26:26+00,3976.59,AB633TZ,pasadas_2026-07-16_343555.csv,AUTOPISTA DEL OESTE
15e04f9a-7299-4ff7-b5f5-6a5b2ae08652,2026-07-23 14:04:05+00,9935.82,AH729QW,pasadas_2026-07-29_5009A02060191.csv,AUSA
15f66fc1-ef67-447b-bd4c-96a49bae4d2c,2026-07-15 04:09:31+00,3976.59,AE469PH,pasadas_2026-07-16_493556.csv,AUSOL
16046031-6ef9-4c37-9b7f-3456645c73d2,2026-07-15 02:22:01+00,7148.39,AH351RS,ConsumosResumen.xlsx,CORREDOR VIAL 5 S.A.U.
16086e39-78ab-4927-9234-a6671e2c0dfb,2026-07-01 02:16:53+00,26933.11,AH729QW,pasadas_2026-07-15_5364164.csv,AUBASA
160e093a-a882-466f-8047-61605ae47f2b,2026-07-17 03:32:00+00,7148.39,AH351RS,ConsumosResumen.xlsx,CORREDOR VIAL 5 S.A.U.
1643edd6-b4e7-45cd-8c3f-2cdf6ef5c32a,2026-07-07 00:16:30+00,4970.74,AG916MK,pasadas_2026-07-16_493556.csv,AUSOL
16589823-dcdf-4514-ac71-7b2063478730,2026-07-12 21:26:30+00,14370.19,AG916MK,pasadas_2026-07-15_5364164.csv,AUBASA
166235d7-4f11-4d6f-b805-6942c695341c,2026-07-23 12:58:29+00,15255.79,AF436WI,pasadas_2026-07-29_5009A02060191.csv,AUSA
16bc6dcc-691b-4533-ac6a-8def2edecaf2,2026-07-03 05:21:41+00,3976.59,AD985XP,pasadas_2026-07-16_343555.csv,AUTOPISTA DEL OESTE
16e7b250-d2b3-4d03-9a73-98a786d7b8fe,2026-07-03 17:06:18+00,893.55,AB456CP,ConsumosResumen-202607-1.xlsx,RUTAS SUR ATLANTICO S.A.
16e87dee-298a-4a4a-b4a4-45f70211e786,2026-07-05 09:25:00+00,26933.11,AH543IQ,pasadas_2026-07-15_5364164.csv,AUBASA
16f989c2-14b8-4dfd-8255-31bed2368f4b,2026-07-07 10:16:05+00,1500.00,AE908YR,ConsumosResumen-202607-1.xlsx,CORREDORES VIALES SA
16fa26f6-21f5-402e-b0f7-5301f19440ce,2026-06-29 19:43:36+00,6000.00,AD328WK,ConsumosResumen-202607-1.xlsx,CORREDORES VIALES SA
170000b1-30e9-4881-8643-910e70f8dce4,2026-06-29 17:50:22+00,6000.00,AF791ER,ConsumosResumen-202607-1.xlsx,CORREDORES VIALES SA
1717c067-a6ef-438a-9a04-74e9fcd32551,2026-07-01 18:54:25+00,6000.00,AG916MK,ConsumosResumen-202607-1.xlsx,CORREDORES VIALES SA
1736b25a-d76f-4091-818b-d5296e14f45f,2026-07-21 20:37:48+00,9935.82,AG309CO,pasadas_2026-07-23_5009A02044703.csv,AUSA
17389ad4-938c-4495-97fa-c4c599933138,2026-06-29 11:03:36+00,9731.46,AD625QA,pasadas_2026-07-08_5009A02027769.csv,AUSA
1743bdce-1fd5-4d03-855e-2d36b0377c90,2026-07-09 18:59:05+00,1500.00,AG423BT,ConsumosResumen-202607-1.xlsx,CORREDORES VIALES SA
17589327-a2ca-43ec-88f7-0928bc47ad1e,2026-07-18 21:21:56+00,1548.82,AG916MK,ConsumosResumen.xlsx,RUTAS SUR ATLANTICO S.A.
175c7a6c-b82d-46e5-8353-8f8494223760,2026-07-23 19:23:27+00,7500.00,AH185KI,ConsumosResumen.xlsx,CORREDORES VIALES SA
175f7f48-af34-4ccf-b1cd-8f8c9f2f7d01,2026-07-21 14:38:39+00,6000.00,AC561DQ,ConsumosResumen.xlsx,CORREDORES VIALES SA
177aedbc-1d9a-4b7f-b252-0db9fff1270e,2026-07-06 05:40:33+00,13466.55,AH351RT,pasadas_2026-07-15_5364164.csv,AUBASA
177dcfcd-4d9b-447a-b6bf-9e615f7a1f1a,2026-07-02 18:05:33+00,6000.00,AF103ZL,ConsumosResumen-202607-1.xlsx,CORREDORES VIALES SA
17817dd6-4904-4602-b5a2-8fd398f708ab,2026-07-02 13:00:22+00,4970.74,AF202UU,pasadas_2026-07-16_343555.csv,AUTOPISTA DEL OESTE
1782f97f-2c91-456d-9991-328e2d082ce7,2026-07-06 03:13:51+00,6000.00,AG916MK,ConsumosResumen-202607-1.xlsx,CORREDORES VIALES SA
1794dfcd-a955-46f5-abdc-7f0d629b70dc,2026-07-02 17:00:50+00,4771.95,AE952TH,pasadas_2026-07-16_343555.csv,AUTOPISTA DEL OESTE
17b10969-c8aa-4e75-bda8-ee7bd6d86380,2026-07-09 05:48:27+00,3976.59,AB633TY,pasadas_2026-07-16_343555.csv,AUTOPISTA DEL OESTE
17bb6565-058b-413c-83ce-d5d02a59aad6,2026-07-21 10:46:47+00,33965.25,AC264UA,pasadas_2026-07-23_5009A02044703.csv,AUSA
17e2e731-d455-43ea-8337-d088526d5fdd,2026-07-21 05:43:46+00,8407.21,AG507DK,pasadas_2026-07-23_5009A02044703.csv,AUSA
17ed2bd9-c72b-4ded-9426-859f029f3d4d,2026-07-13 09:48:21+00,4771.95,EXT374,pasadas_2026-07-16_493556.csv,AUSOL
17ffaa4d-adf3-48f8-ba58-768ee76426aa,2026-07-05 19:08:42+00,2035.11,AG533MF,pasadas_2026-07-08_5009A02027769.csv,AUSA
1819a183-8611-4e79-ab16-b78beb19f59e,2026-07-14 13:04:46+00,7500.00,AG939HX,ConsumosResumen.xlsx,CORREDORES VIALES SA
18238d1e-0a57-4ff6-8a8a-a1078f5f1d33,2026-07-01 02:11:06+00,3976.59,AD736OU,pasadas_2026-07-16_493556.csv,AUSOL
1851b71d-1cab-42a1-8164-f06ca0beefcb,2026-07-13 14:13:49+00,3976.59,AH033DL,pasadas_2026-07-16_493556.csv,AUSOL
1855a441-915b-477c-997a-fb3ab150e835,2026-06-28 22:48:36+00,7500.00,AH554RQ,ConsumosResumen-202607-1.xlsx,CORREDORES VIALES SA
186aa8ae-63d1-48bb-8eef-cc62b01b659e,2026-07-04 13:43:11+00,7500.00,AG507DK,ConsumosResumen-202607-1.xlsx,CORREDORES VIALES SA
1873608e-683b-4930-a22b-53a8b7022a07,2026-07-06 10:48:47+00,4500.00,AF436WI,ConsumosResumen-202607-1.xlsx,CORREDORES VIALES SA
187d8d4c-b8cb-4159-bd91-b87ab52ff840,2026-07-02 12:53:04+00,3976.59,AB633TZ,pasadas_2026-07-16_343555.csv,AUTOPISTA DEL OESTE
18da3578-4c23-4a82-8a87-d399f8e246c7,2026-07-06 02:44:45+00,9935.82,AF231PZ,pasadas_2026-07-08_5009A02027769.csv,AUSA
18e00d35-ab9d-4feb-819d-960212f5d9cf,2026-07-09 00:27:00+00,26933.11,AG309CO,pasadas_2026-07-15_5364164.csv,AUBASA
18e5cb51-e0c3-4e48-b8d0-fdc251598963,2026-06-30 14:33:55+00,6000.00,AF509QF,ConsumosResumen-202607-1.xlsx,CORREDORES VIALES SA
18e92523-6a3c-483a-b615-1c9cb41e9fd8,2026-07-03 04:22:52+00,6000.00,AG309CO,ConsumosResumen-202607-1.xlsx,CORREDORES VIALES SA
191b8a17-a5ce-4425-b937-7817bc957fa2,2026-07-16 07:40:37+00,6000.00,AG862VH,ConsumosResumen.xlsx,CORREDORES VIALES SA
191f6b2f-a659-4507-80d4-ce25df757e6c,2026-07-05 22:00:42+00,7500.00,AE952TH,ConsumosResumen-202607-1.xlsx,CORREDORES VIALES SA
19319709-e362-4eba-8bb9-f826bcb66d81,2026-06-25 06:43:49+00,7500.00,AH543IQ,ConsumosResumen-202607-1.xlsx,CORREDORES VIALES SA
193215ab-bd29-4c94-84fa-e4355126ffea,2026-07-06 14:30:54+00,13466.55,AG309CO,pasadas_2026-07-15_5364164.csv,AUBASA
1933d72c-a0f1-455f-8709-f3374c88ce32,2026-07-23 22:36:23+00,6000.00,AF103ZL,ConsumosResumen.xlsx,CORREDORES VIALES SA
194acda0-2811-4035-ac40-553c32083c76,2026-07-13 19:23:37+00,4500.00,AE284KH,ConsumosResumen.xlsx,CORREDORES VIALES SA
198add78-13f2-4448-ab79-3a47a66b5a41,2026-06-30 10:41:33+00,7500.00,AH351RT,ConsumosResumen-202607-1.xlsx,CORREDORES VIALES SA
1991e255-3352-43e2-95bb-5a1df7f8fa3f,2026-07-03 06:20:34+00,4970.74,AF091AI,pasadas_2026-07-16_493556.csv,AUSOL
19aa9d46-2277-4a9a-8677-45ff9bd9c2c4,2026-07-08 20:25:43+00,13466.55,AH729QW,pasadas_2026-07-15_5364164.csv,AUBASA
19b34fac-4b2d-4f4b-a154-e6e91454fcf9,2026-07-09 10:35:53+00,6000.00,AG309CO,ConsumosResumen-202607-1.xlsx,CORREDORES VIALES SA
19cca799-168f-49ac-b61d-b7494c52c661,2026-07-09 09:50:52+00,6000.00,AG862VH,ConsumosResumen-202607-1.xlsx,CORREDORES VIALES SA
19e388c7-3e2a-4735-9e67-18fba2000707,2026-07-03 06:42:20+00,4970.74,AG939HX,pasadas_2026-07-16_343555.csv,AUTOPISTA DEL OESTE
19ec1b8c-43cb-4880-83de-b35a28a1b997,2026-07-01 03:14:04+00,6000.00,AG893YR,ConsumosResumen-202607-1.xlsx,CORREDORES VIALES SA
1a16a118-638e-4b20-8a48-047e8cd800d3,2026-07-07 07:01:17+00,9935.82,AB456CQ,pasadas_2026-07-15_5009A02037803.csv,AUSA
1a2be134-e62e-4f3a-acc1-314d6de8f360,2026-07-13 05:45:20+00,11975.15,AH033DL,pasadas_2026-07-15_5364164.csv,AUBASA
1a70333c-acf1-4b49-a1ab-18519a855538,2026-07-24 17:37:26+00,33965.25,AF389UV,pasadas_2026-07-29_5009A02060191.csv,AUSA
1a83332c-c15d-4509-b295-b612a90b5e8c,2026-07-24 08:44:31+00,6000.00,AD239PP,ConsumosResumen.xlsx,CORREDORES VIALES SA
1a9ad88d-1161-46ed-a189-cfe3084f995c,2026-07-13 00:30:51+00,14370.19,AG939HR,pasadas_2026-07-15_5364164.csv,AUBASA
1ab5cca5-72ac-4d6c-8bb1-c999cce92007,2026-07-14 22:44:26+00,8400.00,AG893YR,pasadas_2026-07-22_1947768.csv,UNIDAD EJECUTORA (SANTA FE)
1abf14f3-f2f5-4e03-985d-05df769fc038,2026-06-22 18:36:17+00,21000.00,AG916MK,pasadas_2026-07-22_1947768.csv,UNIDAD EJECUTORA (SANTA FE)
1abfbb25-39f2-4f43-83be-abd6fa7acce3,2026-07-10 13:39:32+00,6195.30,AG939HR,ConsumosResumen-202607-1.xlsx,RUTAS SUR ATLANTICO S.A.
1ac37fc0-f938-4c9a-8a1f-e719696473be,2026-07-04 17:32:36+00,7500.00,AG110LK,ConsumosResumen-202607-1.xlsx,CORREDORES VIALES SA
1afedb64-d2b3-4af4-908e-8f7696ffd97c,2026-07-26 09:46:56+00,7148.39,AH351RS,ConsumosResumen.xlsx,CORREDOR VIAL 5 S.A.U.
1b107030-ab47-4bc3-b772-e96315410356,2026-07-23 10:31:47+00,7500.00,AG309CO,ConsumosResumen.xlsx,CORREDORES VIALES SA
1b31c346-ba9d-427b-b20b-0a2e4f666a27,2026-07-04 07:36:19+00,3976.59,AB633TY,pasadas_2026-07-16_343555.csv,AUTOPISTA DEL OESTE
1b4e8f64-da5c-4492-8452-abd2ef69df32,2026-07-03 10:14:21+00,3000.00,AD933WS,ConsumosResumen-202607-1.xlsx,CORREDORES VIALES SA
1b6eed27-a06e-4a2e-a883-f0b6e6f03f94,2026-07-27 21:36:38+00,6000.00,AG916MK,ConsumosResumen.xlsx,CORREDORES VIALES SA
1b7e2631-19e0-49b7-b14c-e1aa9f71e6c3,2026-07-16 03:01:21+00,7500.00,AH729QW,ConsumosResumen.xlsx,CORREDORES VIALES SA
1b95a94e-ad79-4d5e-8053-fa0d83869cd3,2026-07-03 18:14:16+00,7500.00,AF533SR,ConsumosResumen-202607-1.xlsx,CORREDORES VIALES SA
1b9c637f-1006-40fe-b48e-698189580fd3,2026-07-06 14:21:39+00,15255.79,AF791ER,pasadas_2026-07-08_5009A02027769.csv,AUSA
1ba8e5d6-ccca-43b2-9504-61315b707278,2026-07-24 21:41:01+00,6000.00,AB456CU,ConsumosResumen.xlsx,CORREDORES VIALES SA
1bc35e06-2be2-4a19-8794-3dbd9e379eef,2026-07-08 20:27:20+00,13466.55,AG893YR,pasadas_2026-07-15_5364164.csv,AUBASA
1bd676ad-8f32-451f-85bb-1c6757972512,2026-07-02 14:34:47+00,11222.12,AG507DK,pasadas_2026-07-15_5364164.csv,AUBASA
1bf44558-742b-4a9e-9bdd-11a2c2777a01,2026-07-14 16:55:09+00,33965.25,AF091AI,pasadas_2026-07-15_5009A02037803.csv,AUSA
1c433d8f-61fe-47d0-99da-0dd99fa048a8,2026-07-05 12:09:56+00,6000.00,AG309CO,ConsumosResumen-202607-1.xlsx,CORREDORES VIALES SA
1c450db8-1dee-44f1-be32-75183bc005c1,2026-07-26 16:54:10+00,7500.00,AE751PA,ConsumosResumen.xlsx,CORREDORES VIALES SA
1c54e806-3f2b-43c7-ad19-92469101781d,2026-07-01 14:15:01+00,3976.59,AB633TY,pasadas_2026-07-16_343555.csv,AUTOPISTA DEL OESTE
1c5f9920-29bd-4d09-bd62-b30a913347be,2026-06-30 18:47:46+00,9731.46,AG893YR,pasadas_2026-07-08_5009A02027769.csv,AUSA
1c682f1d-1f7a-408e-a608-beb85b9a334a,2026-07-07 08:28:08+00,1500.00,AE908YR,ConsumosResumen-202607-1.xlsx,CORREDORES VIALES SA
1c83f131-f8d0-4637-a564-1f69ef152499,2026-07-07 19:19:10+00,5964.94,AG893YR,pasadas_2026-07-16_343555.csv,AUTOPISTA DEL OESTE
1c8a8a28-8f62-402b-b3a9-52ab259b3106,2026-07-02 22:47:16+00,6044.83,AE469PH,pasadas_2026-07-08_5009A02027769.csv,AUSA
1cb9e0c4-21fa-4566-833b-1477a069dd10,2026-07-13 12:11:54+00,3097.65,AG916MK,ConsumosResumen.xlsx,RUTAS SUR ATLANTICO S.A.
1cbbed09-3b30-448d-8bbf-fd760fbf73db,2026-07-07 12:37:07+00,4970.74,AF993HA,pasadas_2026-07-16_329454.csv,AUTOPISTA DEL OESTE
1cbd774f-7ab3-4674-a128-84ef39eff62a,2026-07-14 10:51:04+00,6000.00,AD482MT,ConsumosResumen.xlsx,CORREDORES VIALES SA
1ccd4405-93b3-48df-a6ce-15cdfe436f01,2026-07-13 01:36:06+00,28740.39,AG916MK,pasadas_2026-07-15_5364164.csv,AUBASA
1ce5cfc3-b6bd-439d-a296-fdc963e3a98b,2026-07-24 00:56:07+00,7148.39,AG822HO,ConsumosResumen.xlsx,CORREDOR VIAL 5 S.A.U.
1cf95203-b0be-40eb-a0fc-89edcf66bf17,2026-07-20 19:05:51+00,7148.39,AH351RS,ConsumosResumen.xlsx,CORREDOR VIAL 5 S.A.U.
1d05d203-c809-4a46-aba9-95c9ee0a6d6f,2026-07-13 14:10:03+00,6044.83,AI178ER,pasadas_2026-07-15_5009A02037760.csv,AUSA
1d0c1c2d-f0a0-4536-8e70-517977ba3e12,2026-07-27 12:50:25+00,8935.49,AH554RQ,ConsumosResumen.xlsx,CORREDOR VIAL 5 S.A.U.
1d290bfe-c74b-4a16-813f-f442ddd85f9b,2026-07-27 15:48:55+00,9935.82,AG916MK,pasadas_2026-07-29_5009A02060191.csv,AUSA
1d30a0ad-617a-4700-b060-fe69fa151bb2,2026-07-20 01:18:10+00,4646.47,AF436WI,ConsumosResumen.xlsx,RUTAS SUR ATLANTICO S.A.
1d400c5b-b487-408b-b01d-e6df71813753,2026-07-27 11:37:23+00,7744.12,AG507DK,ConsumosResumen.xlsx,RUTAS SUR ATLANTICO S.A.
1d4eddc9-6485-4e65-8a37-11c1d60d6133,2026-07-24 17:22:44+00,3574.19,AF389UV,ConsumosResumen.xlsx,RUTAS SUR ATLANTICO S.A.
1d9e2ef7-fec6-4227-9701-a7aed0af612c,2026-07-15 12:05:32+00,3976.59,AD239PP,pasadas_2026-07-16_343555.csv,AUTOPISTA DEL OESTE
1d9ed250-7808-4844-b5ba-f60e31d286bf,2026-07-14 12:09:56+00,7744.12,AH543IQ,ConsumosResumen.xlsx,RUTAS SUR ATLANTICO S.A.
1daa7382-bd21-4689-99e9-51d952678392,2026-07-11 01:05:05+00,7500.00,AH351RT,ConsumosResumen-202607-1.xlsx,CORREDORES VIALES SA
1dabd835-cdfc-4cb3-bcde-ad8b8e67507d,2026-07-09 19:58:01+00,8935.49,AH554RP,ConsumosResumen.xlsx,CORREDOR VIAL 5 S.A.U.
1dd0b2d1-eed9-4411-98d6-d98e2a156c8c,2026-07-01 21:55:58+00,6000.00,AG893YR,ConsumosResumen-202607-1.xlsx,CORREDORES VIALES SA
1dd7305f-0023-48e6-9b1b-655bd1a14609,2026-07-13 01:40:58+00,4500.00,AF389UV,ConsumosResumen.xlsx,CORREDORES VIALES SA
1e194198-bd27-449c-97fd-b57a31b566bc,2026-07-08 07:39:40+00,5964.94,AG939HR,pasadas_2026-07-16_343555.csv,AUTOPISTA DEL OESTE
1e3b1fb1-1fb5-41c4-b3ac-5a247bc0a42e,2026-07-06 12:38:07+00,22444.27,AF791ER,pasadas_2026-07-15_5364164.csv,AUBASA
1e4dd75b-7f2c-453c-b91f-44e9e6d2a3f9,2026-07-02 19:52:42+00,9935.82,AF202UU,pasadas_2026-07-08_5009A02027769.csv,AUSA
1e660c4a-8267-45d0-91e2-cfe2f02c494a,2026-07-25 15:28:26+00,9935.82,AG507DK,pasadas_2026-07-29_5009A02060191.csv,AUSA
1e6ad630-1143-4fd7-b66f-ff4b7b00c025,2026-07-24 12:51:14+00,9935.82,AF993HK,pasadas_2026-07-29_5009A02060191.csv,AUSA
1e76d24e-4e05-4786-95df-cc400b0b327c,2026-07-03 18:17:03+00,4771.95,AF103ZL,pasadas_2026-07-16_343555.csv,AUTOPISTA DEL OESTE
1e78511d-57b3-4380-a543-33b8400d35a1,2026-07-07 16:23:50+00,7148.39,AH351RS,ConsumosResumen.xlsx,CORREDOR VIAL 5 S.A.U.
1e847b6a-3b10-4381-8de7-7e98986bc939,2026-07-05 21:45:52+00,11222.12,AG507DK,pasadas_2026-07-15_5364164.csv,AUBASA
1e892ebf-02ee-40a9-bc64-cd033dca9ac0,2026-07-27 05:27:30+00,6044.83,AH351RT,pasadas_2026-07-29_5009A02060191.csv,AUSA
1e8bd039-b93a-4653-afd1-0abc4586c13c,2026-07-07 12:23:06+00,4500.00,AD625QB,ConsumosResumen-202607-1.xlsx,CORREDORES VIALES SA
1e8c8bdd-0480-4ee6-8c50-d70caf919ca2,2026-06-29 17:54:56+00,7500.00,AG676SP,ConsumosResumen-202607-1.xlsx,CORREDORES VIALES SA
1e99f278-e174-4ee2-96b3-873b37734b0b,2026-06-29 18:03:57+00,6000.00,AF136HN,ConsumosResumen-202607-1.xlsx,CORREDORES VIALES SA
1eb2debc-de6b-417c-bd86-333e52816336,2026-07-13 14:38:38+00,4970.74,AI178ER,pasadas_2026-07-16_493557.csv,AUSOL
1f086687-ad3b-4bc0-bad4-32d7cc36f70b,2026-07-16 03:33:12+00,1500.00,AG309CH,ConsumosResumen.xlsx,CORREDORES VIALES SA
1f246dd9-922a-46d8-a20d-3188f7845616,2026-07-21 19:38:41+00,7148.39,AE469PL,ConsumosResumen.xlsx,CORREDOR VIAL 5 S.A.U.
1f2c7a29-6c1b-4835-b4b5-0f3521a68078,2026-06-25 23:38:32+00,7500.00,AH543IQ,ConsumosResumen-202607-1.xlsx,CORREDORES VIALES SA
1f3a1380-f372-468b-9ff2-4baf25d5e569,2026-07-28 09:50:36+00,16982.69,AD482MT,pasadas_2026-07-29_5009A02060191.csv,AUSA
1f3b9d13-c998-4d8d-a93c-240f3e6837cd,2026-07-03 11:43:31+00,11222.12,AF411UY,pasadas_2026-07-15_5364164.csv,AUBASA
1f3e6f71-404f-4117-b1ad-b068ed893bcd,2026-07-10 11:01:12+00,6000.00,AF231PZ,ConsumosResumen-202607-1.xlsx,CORREDORES VIALES SA
1f40ca3f-6c12-44f9-b850-b4dec94e735e,2026-07-14 13:45:22+00,7500.00,AD736OU,ConsumosResumen.xlsx,CORREDORES VIALES SA
1f4d01c3-7cfd-411c-9f47-476950dc3925,2026-07-14 01:08:58+00,15255.79,AH351RT,pasadas_2026-07-15_5009A02037803.csv,AUSA
1f820f8b-1d2d-437e-b117-74f95345eff7,2026-07-15 06:56:45+00,9935.82,AB247VR,pasadas_2026-07-23_5009A02044703.csv,AUSA
1f8bff72-fcc2-4009-8811-7da97ff6a20b,2026-07-23 05:10:26+00,9935.82,AD625QB,pasadas_2026-07-29_5009A02060191.csv,AUSA
1fcfdb2a-471b-43e8-95ca-10d0890dbb9a,2026-07-07 22:49:31+00,6000.00,AF136HN,ConsumosResumen-202607-1.xlsx,CORREDORES VIALES SA
1fd288e9-ee35-4b25-84f0-4bf28ab93253,2026-07-13 14:03:27+00,7500.00,AE831SI,ConsumosResumen.xlsx,CORREDORES VIALES SA
1fe8503d-d55f-4827-ba8d-11f1508bca04,2026-07-10 14:49:39+00,7500.00,AE469PH,ConsumosResumen-202607-1.xlsx,CORREDORES VIALES SA
1ffbb32f-4154-40b5-a7af-01b285cabc1b,2026-07-21 17:00:03+00,9935.82,AG507DK,pasadas_2026-07-23_5009A02044703.csv,AUSA
1ffc173a-fb15-4fc9-9952-68d6e73c3f7f,2026-07-23 15:20:08+00,7500.00,AH251LE,ConsumosResumen.xlsx,CORREDORES VIALES SA
2019218a-93bf-4825-92e4-97e8d573dcd1,2026-07-08 11:58:12+00,3976.59,EXT374,pasadas_2026-07-16_493556.csv,AUSOL
20245396-e7b0-4b35-920d-3944893ed733,2026-07-07 10:40:25+00,6600.00,AF103ZL,pasadas_2026-07-22_1947768.csv,UNIDAD EJECUTORA (SANTA FE)
20262a4b-b2fd-43d8-a453-f51e3d821dba,2026-06-29 17:03:50+00,6000.00,AC561DQ,ConsumosResumen-202607-1.xlsx,CORREDORES VIALES SA
207a3f9e-bde6-4f50-85cb-404ea4ae4496,2026-07-13 13:01:36+00,3976.59,AB456CQ,pasadas_2026-07-16_343555.csv,AUTOPISTA DEL OESTE
2081318a-9ed2-4fb0-94c6-0dcce87795d8,2026-07-08 20:25:34+00,6000.00,AB151SM,ConsumosResumen-202607-1.xlsx,CORREDORES VIALES SA
209f74ba-3efc-41ae-aed2-d4abc61a4982,2026-07-03 11:31:05+00,6044.83,AG309CO,pasadas_2026-07-08_5009A02027769.csv,AUSA
20a59426-42c3-4b8b-b612-eb079bfe7cad,2026-07-27 11:40:44+00,6044.83,AE952TH,pasadas_2026-07-29_5009A02060191.csv,AUSA
20cf1c5e-aae1-4e44-abd2-6136e4774e40,2026-07-15 14:18:25+00,6000.00,AF231PZ,ConsumosResumen.xlsx,CORREDORES VIALES SA
20d480ae-7c5b-428d-9796-d22d4e905f1f,2026-07-16 06:08:34+00,1500.00,AG309CH,ConsumosResumen.xlsx,CORREDORES VIALES SA
20d92057-3a3a-496c-9613-b852a5ee30da,2026-07-22 20:38:01+00,15255.79,AH543IQ,pasadas_2026-07-23_5009A02044703.csv,AUSA
20dddcfa-1c56-420f-b53b-368cc7d3ba14,2026-06-30 19:17:32+00,6000.00,AG939HX,ConsumosResumen-202607-1.xlsx,CORREDORES VIALES SA
20ec6bec-e235-4e3d-a463-fd96d37b6db4,2026-07-01 17:55:24+00,16982.69,AF202UU,pasadas_2026-07-08_5009A02027769.csv,AUSA
20ee3427-d913-4766-a997-47883a8004e7,2026-07-04 10:03:59+00,3097.65,AC812DO,ConsumosResumen-202607-1.xlsx,RUTAS SUR ATLANTICO S.A.
21004461-688e-488b-92a5-4eeaf29f1801,2026-07-02 10:13:40+00,26933.11,AG939HR,pasadas_2026-07-15_5364164.csv,AUBASA
21103365-edab-4d41-9ec8-28fb4c9d5141,2026-07-13 01:54:19+00,28740.39,AG309CO,pasadas_2026-07-15_5364164.csv,AUBASA
213782dd-17c7-44ff-843e-c9b042a6fd5b,2026-07-03 01:05:01+00,7148.39,AH351RS,ConsumosResumen.xlsx,CORREDOR VIAL 5 S.A.U.
21459e80-50ab-4a5b-8afe-8458d5b6ce0b,2026-07-25 12:25:44+00,7148.39,AG822HO,ConsumosResumen.xlsx,CORREDOR VIAL 5 S.A.U.
2175a3fd-e20b-4efd-83e9-0c213883c5b3,2026-07-02 14:23:43+00,7500.00,AH554RP,ConsumosResumen.xlsx,CORREDOR VIAL 5 S.A.U.
21860519-d2c3-410d-aa74-86974444e682,2026-07-16 17:04:09+00,6000.00,AD625QB,ConsumosResumen.xlsx,CORREDORES VIALES SA
21ab6135-1b69-4321-8fc2-2245999d4907,2026-07-02 00:32:18+00,13466.55,AG309CO,pasadas_2026-07-15_5364164.csv,AUBASA
21b962e0-8627-4678-b681-05502b9c6911,2026-07-09 02:49:42+00,994.15,AG533MF,pasadas_2026-07-16_493556.csv,AUSOL
21eeeaf9-5daf-4460-aaa8-af044fe89d9e,2026-07-02 16:13:17+00,6000.00,AD667DM,ConsumosResumen-202607-1.xlsx,CORREDORES VIALES SA
220fd2b8-8d9f-4a99-98e6-863710dcb685,2026-07-02 15:18:37+00,3976.59,AD625QB,pasadas_2026-07-16_493556.csv,AUSOL
22280d7b-6bc1-4160-9672-552c6ce54c6b,2026-07-14 20:05:38+00,6000.00,AG893YR,ConsumosResumen.xlsx,CORREDORES VIALES SA
222a87ad-7b3b-4e08-a707-ee161fa782ab,2026-07-01 20:31:27+00,6000.00,AC561DQ,ConsumosResumen-202607-1.xlsx,CORREDORES VIALES SA
222be215-4a7f-4608-a702-371c5ef0d9a7,2026-07-27 15:24:01+00,3454.21,AI348TS,pasadas_2026-07-29_5009A02052902.csv,AUSA
2231fb44-8256-432a-ae51-dfefd69b436d,2026-07-27 20:32:00+00,6000.00,AF202UU,ConsumosResumen.xlsx,CORREDORES VIALES SA
22332112-4bc7-4609-8a2f-498dfd12e1c0,2026-07-18 05:22:58+00,1439.11,AG533MF,pasadas_2026-07-23_5009A02044703.csv,AUSA
225fddae-4200-4bda-a6b6-e7322391dc27,2026-07-05 19:51:35+00,8935.49,AH554RP,ConsumosResumen.xlsx,CORREDOR VIAL 5 S.A.U.
226030ac-99ea-41ff-b7ec-529778c9cfba,2026-07-02 23:36:17+00,6000.00,AG916MK,ConsumosResumen-202607-1.xlsx,CORREDORES VIALES SA
2261f09f-fef6-495c-b27f-cac8accc4344,2026-07-07 12:02:07+00,3097.65,AB633TZ,ConsumosResumen-202607-1.xlsx,RUTAS SUR ATLANTICO S.A.
22736645-6317-477b-b23b-413aaebb575c,2026-07-21 17:28:04+00,8935.49,AH554RQ,ConsumosResumen.xlsx,CORREDOR VIAL 5 S.A.U.
2274fa2b-769e-4dd2-9a3e-b73007af40df,2026-07-24 14:39:29+00,7744.12,AG939HR,ConsumosResumen.xlsx,RUTAS SUR ATLANTICO S.A.
2279c182-459f-407a-84c2-3b36616daafd,2026-06-26 21:32:12+00,6500.00,AH729QW,pasadas_2026-07-03_3313955.csv,CORREDORES VIALES SA
22a27d18-be2a-4b7a-ab6f-47c75da7c9b4,2026-07-17 11:48:31+00,6044.83,AG507DK,pasadas_2026-07-23_5009A02044703.csv,AUSA
22dd24db-cf1c-49fc-92c1-38ba833a55c0,2026-07-23 11:28:00+00,1500.00,AD584GR,ConsumosResumen.xlsx,CORREDORES VIALES SA
22de0a5a-27a1-46a9-9e08-b2282972edd9,2026-06-29 20:29:23+00,6000.00,AH033DL,ConsumosResumen-202607-1.xlsx,CORREDORES VIALES SA
22ed1a83-92ca-453d-ac8f-8c21a49f2b21,2026-07-02 01:22:56+00,7500.00,AH351RT,ConsumosResumen-202607-1.xlsx,CORREDORES VIALES SA
22ffc985-f0d1-48fd-8951-55b59bd84a77,2026-07-01 20:25:55+00,994.15,AE908YR,pasadas_2026-07-16_493556.csv,AUSOL
231f9214-8f36-4b8f-9d72-03e306205bb9,2026-07-14 06:39:46+00,6000.00,AE469PL,ConsumosResumen.xlsx,CORREDORES VIALES SA
232cac75-cbc4-4695-b9b1-b2fc1a8605cf,2026-07-21 20:26:19+00,3097.65,AG916MK,ConsumosResumen.xlsx,RUTAS SUR ATLANTICO S.A.
23343871-ef8b-49d1-af70-2006b4b1ca3b,2026-07-19 05:53:29+00,1500.00,AG249HS,ConsumosResumen.xlsx,CORREDORES VIALES SA
2345580a-58fd-4a9a-ae3d-c4b6b1a734a3,2026-07-04 22:41:49+00,13466.55,AH543IQ,pasadas_2026-07-15_5364164.csv,AUBASA
2355aeed-ded7-4a04-a9a1-73b867ae3852,2026-07-15 13:48:12+00,3976.59,EXT374,pasadas_2026-07-16_343555.csv,AUTOPISTA DEL OESTE
2390a35f-6e53-411a-8883-65fcaea9d758,2026-07-24 03:35:24+00,1548.82,AH729QW,ConsumosResumen.xlsx,RUTAS SUR ATLANTICO S.A.
23c0ff68-87c8-4d0a-bacf-db41fa16f5cf,2026-07-03 02:12:35+00,17400.00,AD667DM,pasadas_2026-07-22_1947768.csv,UNIDAD EJECUTORA (SANTA FE)
23da7304-5712-43ad-b07a-f51938baea48,2026-07-03 20:39:09+00,1548.82,AF533SR,ConsumosResumen-202607-1.xlsx,RUTAS SUR ATLANTICO S.A.
23ee3659-188a-4f79-a105-8871c1b3cc33,2026-07-20 16:21:20+00,6000.00,AB456CQ,ConsumosResumen.xlsx,CORREDORES VIALES SA
23ee76e0-a80e-4ecb-ba82-4eacbb49fe81,2026-07-10 04:21:13+00,6000.00,AG676SP,ConsumosResumen-202607-1.xlsx,CORREDORES VIALES SA
23f754a1-b16e-4573-8be7-1792ea3e6b48,2026-07-13 09:34:25+00,4771.95,EXT374,pasadas_2026-07-16_493556.csv,AUSOL
2404f871-7e80-4209-980f-c0845d75bc82,2026-07-21 05:51:03+00,6044.83,AG507DK,pasadas_2026-07-23_5009A02044703.csv,AUSA
24417121-70a2-4a0e-b931-014e46505664,2026-07-07 02:35:10+00,26933.11,AH185KI,pasadas_2026-07-15_5364164.csv,AUBASA
2441d31c-2142-439c-ac00-f404454d3e8a,2026-07-01 18:02:55+00,9935.82,AF202UU,pasadas_2026-07-08_5009A02027769.csv,AUSA
2463505a-e897-4b4c-b1b0-51e4c0e9fcb9,2026-07-07 17:04:12+00,8935.49,AH185KI,ConsumosResumen.xlsx,RUTAS SUR ATLANTICO S.A.
24be2e5d-2287-4980-b08b-060bf339da46,2026-07-20 00:35:09+00,6044.83,AG893YR,pasadas_2026-07-23_5009A02044703.csv,AUSA
24c19ceb-bcc3-431f-b999-7356e91a4be1,2026-07-01 18:26:14+00,4771.95,AD625QA,pasadas_2026-07-16_343555.csv,AUTOPISTA DEL OESTE
24ebb945-9f71-4f06-8051-ae0e2d1282a6,2026-07-01 06:46:54+00,9935.82,AH351RT,pasadas_2026-07-08_5009A02027769.csv,AUSA
24f447ec-9f83-458c-817f-11a76480d688,2026-07-06 07:34:50+00,7500.00,AF533SR,ConsumosResumen-202607-1.xlsx,CORREDORES VIALES SA
24f8b1f0-8250-4d24-8815-5504ffd5c7bb,2026-07-14 10:14:28+00,4771.95,OWG130,pasadas_2026-07-16_343555.csv,AUTOPISTA DEL OESTE
25482380-7c7f-4af9-8899-ae8321a46039,2026-07-06 20:15:06+00,7500.00,AH729QW,ConsumosResumen-202607-1.xlsx,CORREDORES VIALES SA
2548d4c6-afaf-4fe4-bf25-220b107eddcd,2026-07-25 02:26:58+00,9935.82,AH729QW,pasadas_2026-07-29_5009A02060191.csv,AUSA
254da6f8-c208-4ddd-9bd1-aa37d0643b8c,2026-07-08 20:05:23+00,6044.83,AG939HR,pasadas_2026-07-15_5009A02037803.csv,AUSA
256b728c-25c9-4486-994b-90da708692e6,2026-07-24 15:08:13+00,7500.00,AH351RT,ConsumosResumen.xlsx,CORREDORES VIALES SA
258c9bf6-29b6-411c-9d04-ff24b210123a,2026-07-05 08:21:43+00,994.15,AG249HS,pasadas_2026-07-16_493556.csv,AUSOL
25bc7069-0f33-4209-a239-abe4b51b098b,2026-07-27 15:37:31+00,1500.00,AD584GR,ConsumosResumen.xlsx,CORREDORES VIALES SA
25db3a6b-3ed5-450d-8e25-58cba41638bf,2026-07-03 09:46:28+00,7500.00,AH185KI,ConsumosResumen-202607-1.xlsx,CORREDORES VIALES SA
25efdbf5-3470-40d5-8dfd-61046041d00d,2026-07-07 16:35:37+00,8935.49,AH554RP,ConsumosResumen.xlsx,CORREDOR VIAL 5 S.A.U.
25f3764f-898b-474c-a626-95f94807f1cd,2026-07-06 11:18:01+00,6000.00,AE952TH,ConsumosResumen-202607-1.xlsx,CORREDORES VIALES SA
26063948-7608-4e4d-a379-4c81b31cb8bc,2026-07-16 06:31:44+00,1500.00,AG249HS,ConsumosResumen.xlsx,CORREDORES VIALES SA
26154013-114c-411a-bba4-edd0bb58d0c6,2026-07-08 11:56:23+00,6044.83,OWG130,pasadas_2026-07-15_5009A02037803.csv,AUSA
261a5a1d-7cde-46fa-824f-024defc575ce,2026-07-12 12:26:59+00,6000.00,AG309CO,ConsumosResumen-202607-1.xlsx,CORREDORES VIALES SA
261b0577-789e-440a-8519-0d126523a47b,2026-07-16 12:23:43+00,1439.11,AI348TS,pasadas_2026-07-29_5009A02052902.csv,AUSA
263ec129-58f0-44f2-8d17-a26da57ee153,2026-07-10 12:45:31+00,33965.25,AG939HR,pasadas_2026-07-15_5009A02037803.csv,AUSA
26432546-bee7-4613-884c-9fa52bb38662,2026-07-02 20:23:07+00,6000.00,AG309CO,ConsumosResumen-202607-1.xlsx,CORREDORES VIALES SA
264c8b4a-1876-463d-ba77-793f9705b207,2026-06-26 13:38:12+00,6000.00,EXT374,ConsumosResumen-202607-1.xlsx,CORREDORES VIALES SA
2683c6d1-4a6b-4bf7-8def-5e7331b9f119,2026-07-01 23:58:37+00,6000.00,AF231PZ,ConsumosResumen-202607-1.xlsx,CORREDORES VIALES SA
269f565b-2e26-4027-a5cc-434a630b4efb,2026-07-20 07:24:08+00,8935.49,AD736OU,ConsumosResumen.xlsx,CORREDOR VIAL 5 S.A.U.
26d5f804-cba0-4751-b311-8d5e16f16eb4,2026-07-01 13:00:07+00,3976.59,AC561DQ,pasadas_2026-07-16_343555.csv,AUTOPISTA DEL OESTE
270883c7-b571-46cf-bfc6-7ba6919c8989,2026-07-14 18:20:43+00,6000.00,AG822HO,ConsumosResumen.xlsx,CORREDORES VIALES SA
27194759-d048-4ee7-a3db-14ebf95fedb7,2026-07-03 06:41:03+00,15255.79,AB456CQ,pasadas_2026-07-08_5009A02027769.csv,AUSA
27228883-552e-492a-8d32-0477f5422f4e,2026-07-11 20:54:36+00,1439.11,AG309CH,pasadas_2026-07-15_5009A02037803.csv,AUSA
2727e658-1364-46d5-8d1c-27fd318d3c30,2026-07-01 21:33:18+00,26933.11,AF202UU,pasadas_2026-07-15_5364164.csv,AUBASA
27421ca9-3e0f-461e-900e-908931ebb525,2026-07-03 15:01:35+00,15255.79,AC264UA,pasadas_2026-07-08_5009A02027769.csv,AUSA
27518db2-7e3c-4119-8219-659f7c18ddfa,2026-07-17 13:30:27+00,7500.00,AD736OU,ConsumosResumen.xlsx,CORREDORES VIALES SA
275de5fe-110f-4e90-8a36-6d075771a449,2026-07-01 12:53:49+00,3976.59,AD625QA,pasadas_2026-07-16_343555.csv,AUTOPISTA DEL OESTE
276726cb-85fd-474d-ad58-6ef23236a0e6,2026-07-23 15:39:47+00,6044.83,AD736OU,pasadas_2026-07-29_5009A02052902.csv,AUSA
27703da6-a00a-4e07-987a-a8455299b061,2026-07-25 02:27:15+00,9935.82,AG893YR,pasadas_2026-07-29_5009A02060191.csv,AUSA
27734412-58d3-463c-a042-3f7ab882b384,2026-07-03 12:48:23+00,4970.74,AH185KI,pasadas_2026-07-16_493556.csv,AUSOL
278557a4-a251-472b-a9b4-d6d70e863a2e,2026-07-06 15:48:52+00,3000.00,AC295IE,ConsumosResumen-202607-1.xlsx,CORREDORES VIALES SA
278b46b6-db23-41f1-96be-00152f005692,2026-07-06 16:37:34+00,4771.95,AF411UY,pasadas_2026-07-16_343555.csv,AUTOPISTA DEL OESTE
279e9e7b-6318-48df-a0c2-5b54755f5682,2026-07-03 18:29:16+00,7148.39,AD328WK,ConsumosResumen.xlsx,RUTAS SUR ATLANTICO S.A.
27b6d287-74dc-4640-a512-a56b94549524,2026-07-25 10:09:33+00,15255.79,AH185KI,pasadas_2026-07-29_5009A02060191.csv,AUSA
27d11710-53fe-4f39-921a-cde5ddba1d53,2026-07-23 12:41:20+00,6000.00,AB151SM,ConsumosResumen.xlsx,CORREDORES VIALES SA
27d274f5-3bbe-4fe9-871e-8806e5bbe68a,2026-07-02 12:06:31+00,7500.00,AH554RP,ConsumosResumen.xlsx,CORREDOR VIAL 5 S.A.U.
27d83487-eabc-46f7-ab59-55712a64f8d4,2026-06-30 17:36:49+00,6000.00,AG862VH,ConsumosResumen-202607-1.xlsx,CORREDORES VIALES SA
28005e62-87d0-4f1a-909a-1610f8d661d2,2026-07-15 05:34:52+00,3976.59,AC295IE,pasadas_2026-07-16_343555.csv,AUTOPISTA DEL OESTE
2827352f-b012-4dc9-aa0a-73d864e8811c,2026-06-26 12:15:53+00,5200.00,AE751PA,pasadas_2026-07-03_3313955.csv,CORREDORES VIALES SA
2828dd29-4db4-49f1-8af9-1cd871044381,2026-07-15 06:13:13+00,31427.15,AD625QA,pasadas_2026-07-15_5364164.csv,AUBASA
282b5190-8116-4cd1-9790-465161b21b5d,2026-07-04 08:58:11+00,7500.00,AH543IQ,ConsumosResumen-202607-1.xlsx,CORREDORES VIALES SA
282dfe42-3d52-4dae-93ef-883edc18829a,2026-07-04 16:20:11+00,7500.00,AH185KI,ConsumosResumen-202607-1.xlsx,CORREDORES VIALES SA
28591c36-52e4-4630-b2b1-723c75b81c16,2026-07-01 04:52:30+00,4970.74,AH800QT,pasadas_2026-07-16_343555.csv,AUTOPISTA DEL OESTE
2872435b-b412-4a7c-a4db-5f9c4c99d341,2026-07-02 06:20:52+00,7500.00,AH800QT,ConsumosResumen-202607-1.xlsx,CORREDORES VIALES SA
287298ad-8626-48ba-9eda-1ef0156d1efa,2026-07-02 15:44:40+00,9935.82,AG939HR,pasadas_2026-07-08_5009A02027769.csv,AUSA
287d7cd4-d3bd-48d1-bf9a-c52b4facda24,2026-07-04 14:09:54+00,1500.00,AG309CH,ConsumosResumen-202607-1.xlsx,CORREDORES VIALES SA
28826e04-4c15-4fdd-afad-65b9a11dc5a6,2026-07-21 21:34:50+00,7500.00,AF533SR,ConsumosResumen.xlsx,CORREDORES VIALES SA
288523fa-8d25-42d6-9c0a-b074344d85dc,2026-07-27 03:39:11+00,7500.00,AH351RT,ConsumosResumen.xlsx,CORREDORES VIALES SA
2888ea32-1dbc-42b7-b6ae-b5c8492756cd,2026-07-17 20:07:42+00,6195.30,AF202UU,ConsumosResumen.xlsx,RUTAS SUR ATLANTICO S.A.
288af592-dc57-4922-a8bc-298ea374173f,2026-07-07 12:33:10+00,3976.59,AD625QA,pasadas_2026-07-16_343555.csv,AUTOPISTA DEL OESTE
28acae6a-501f-495c-8d52-2d3257203a36,2026-06-30 11:54:07+00,6000.00,AG916MK,ConsumosResumen-202607-1.xlsx,CORREDORES VIALES SA
28bf7458-aafb-404c-ba20-a63cfca3d8a5,2026-07-06 12:37:52+00,7500.00,AD736OU,ConsumosResumen-202607-1.xlsx,CORREDORES VIALES SA
28c99060-24ef-4262-afc0-058f77840a73,2026-07-07 18:10:45+00,4771.95,AB247VR,pasadas_2026-07-16_343555.csv,AUTOPISTA DEL OESTE
28cb686a-d023-4bf2-a4de-81e3147f3b56,2026-06-29 12:31:39+00,6000.00,AD239PP,ConsumosResumen-202607-1.xlsx,CORREDORES VIALES SA
28d8f1ba-eb46-4d91-ab75-e8aa3e86ef27,2026-06-29 09:26:08+00,6000.00,AG507DK,ConsumosResumen-202607-1.xlsx,CORREDORES VIALES SA
28d9bef2-b4b7-4b07-b02c-6b378d8777c0,2026-07-17 12:39:40+00,6195.30,AG309CO,ConsumosResumen.xlsx,RUTAS SUR ATLANTICO S.A.
28db7116-478f-456f-b8e0-3a252efb3fdc,2026-07-08 14:24:50+00,3976.59,AE952TH,pasadas_2026-07-16_343555.csv,AUTOPISTA DEL OESTE
28de07f4-345d-43a2-aa30-aa2ac94ba753,2026-07-14 19:56:03+00,1500.00,AG309CH,ConsumosResumen.xlsx,CORREDORES VIALES SA
291eb9a9-3418-49db-b2a2-101b0c454112,2026-07-10 12:16:12+00,3976.59,EXT374,pasadas_2026-07-16_343555.csv,AUTOPISTA DEL OESTE
292157b8-65e4-4d10-b292-bf56c222a3a6,2026-07-07 18:37:23+00,6000.00,AF791ER,ConsumosResumen-202607-1.xlsx,CORREDORES VIALES SA
2925032d-70d2-49e9-ae52-73f16686838b,2026-07-23 07:07:29+00,7500.00,AG939HX,ConsumosResumen.xlsx,CORREDORES VIALES SA
2931d20f-c074-460c-9fe5-aace9df76e21,2026-07-07 20:33:46+00,6000.00,AE469PL,ConsumosResumen-202607-1.xlsx,CORREDORES VIALES SA
29329e92-fe1f-4f81-9209-13458fdfe821,2026-07-08 05:18:08+00,3976.59,AC264UA,pasadas_2026-07-16_343555.csv,AUTOPISTA DEL OESTE
2952dceb-d653-4d6b-8ccc-51439ccb826a,2026-07-04 02:26:59+00,15255.79,AG916MK,pasadas_2026-07-08_5009A02027769.csv,AUSA
296ad3f0-04b1-428a-b2f4-5e378a6c41de,2026-07-18 04:15:37+00,9935.82,AG916MK,pasadas_2026-07-23_5009A02044703.csv,AUSA
297c9be9-34c9-4113-a6cb-7739a56894fd,2026-07-15 09:55:40+00,6000.00,AF202UU,ConsumosResumen.xlsx,CORREDORES VIALES SA
29a72c6e-05a9-4896-9154-1ad98cee8d48,2026-07-05 19:57:41+00,1439.11,AG533MF,pasadas_2026-07-08_5009A02027769.csv,AUSA
29be0552-6ced-4b1a-a2f0-e11d4cfd5742,2026-07-03 11:32:36+00,6044.83,AF411UY,pasadas_2026-07-08_5009A02027769.csv,AUSA
29cdd9ab-291c-49b6-9283-09dbc2206234,2026-07-08 19:38:22+00,5964.94,AG893YR,pasadas_2026-07-16_343555.csv,AUTOPISTA DEL OESTE
29d24128-d6e9-4be5-9642-4fbc0bc05e85,2026-07-03 01:34:56+00,6000.00,AF231PZ,ConsumosResumen-202607-1.xlsx,CORREDORES VIALES SA
29dbdc0e-de64-4fe2-ac07-c312ed1e6195,2026-07-01 11:47:39+00,3976.59,AD667DM,pasadas_2026-07-16_493556.csv,AUSOL
2a19b3ae-43d0-4e50-bfa1-d7b3f37205f7,2026-07-09 00:58:51+00,6000.00,AF103ZL,ConsumosResumen-202607-1.xlsx,CORREDORES VIALES SA
2a49fee5-88b4-44a3-a3de-977974f2f2ab,2026-07-17 01:49:42+00,7148.39,AG822HO,ConsumosResumen.xlsx,CORREDOR VIAL 5 S.A.U.
2a4ce76d-030c-4d6a-be38-0c3a94d79915,2026-07-08 14:17:38+00,6000.00,AD328WK,ConsumosResumen-202607-1.xlsx,CORREDORES VIALES SA
2a50b31f-f994-4118-a4a4-887c8e4db04f,2026-07-03 22:31:36+00,3097.65,AG309CO,ConsumosResumen-202607-1.xlsx,RUTAS SUR ATLANTICO S.A.
2a586356-b357-4ba6-a8b0-2923ccb19d91,2026-07-05 22:28:34+00,7500.00,AH351RT,ConsumosResumen-202607-1.xlsx,CORREDORES VIALES SA
2a673c13-011d-4550-b013-a1b1378e3d98,2026-07-23 17:23:39+00,7148.39,AF791ER,ConsumosResumen.xlsx,RUTAS SUR ATLANTICO S.A.
2a806f92-c614-4490-91c2-645d2faa6d2c,2026-07-28 14:44:10+00,15255.79,AB633TY,pasadas_2026-07-29_5009A02060191.csv,AUSA
2a90af20-4972-41e6-bf56-205d263f0ca0,2026-07-03 06:06:25+00,6000.00,AD096FX,ConsumosResumen-202607-1.xlsx,CORREDORES VIALES SA
2a97fad4-35f8-48bc-a0f2-3175c3075a84,2026-07-21 22:02:00+00,7744.12,AH351RT,ConsumosResumen.xlsx,RUTAS SUR ATLANTICO S.A.
2aa08fab-e9b0-4231-a55a-ba0a322f5756,2026-07-14 18:38:24+00,4771.95,EXT374,pasadas_2026-07-16_343555.csv,AUTOPISTA DEL OESTE
2ab75e12-3a81-4d15-97b3-350d3eb3ff23,2026-06-30 14:53:07+00,7500.00,AG862VH,ConsumosResumen-202607-1.xlsx,CORREDORES VIALES SA
2ae24515-9b5d-4af5-ac1a-5d4d7078f16c,2026-07-03 11:43:44+00,3976.59,AB247VR,pasadas_2026-07-16_343555.csv,AUTOPISTA DEL OESTE
2ae35ebb-7d65-44d4-ab49-242753347ae3,2026-07-15 11:24:28+00,6000.00,AG939HR,ConsumosResumen.xlsx,CORREDORES VIALES SA
2ae76d6c-2790-4c31-a958-bd5e8d0cf47e,2026-07-04 13:35:30+00,6000.00,AD482MT,ConsumosResumen-202607-1.xlsx,CORREDORES VIALES SA
2afed664-40fd-4a2c-86b2-1c1b1e5a8454,2026-06-30 02:13:45+00,6000.00,AE454PH,ConsumosResumen-202607-1.xlsx,CORREDORES VIALES SA
2b147b08-3550-443c-97ab-4399c1836554,2026-07-04 06:53:59+00,6000.00,AD625QA,ConsumosResumen-202607-1.xlsx,CORREDORES VIALES SA
2b2aa7c2-c7ec-4911-a5b2-2d37bafe83c2,2026-07-18 08:43:28+00,6000.00,AD667DM,ConsumosResumen.xlsx,CORREDORES VIALES SA
2b2d6198-698b-473c-afa4-58b5793c32cf,2026-07-23 06:27:28+00,9935.82,AB247VR,pasadas_2026-07-29_5009A02060191.csv,AUSA
2b38f24e-4c9e-42cf-bcc6-5112763d6d58,2026-07-17 11:38:32+00,9935.82,AG893YR,pasadas_2026-07-23_5009A02044703.csv,AUSA
2b4ec89e-8664-4b0c-814c-6857f7d2f7f5,2026-07-02 11:17:17+00,3976.59,AA561YA,pasadas_2026-07-16_343555.csv,AUTOPISTA DEL OESTE
2b6bf12d-6c6f-462a-9207-a7128b7f3ba4,2026-07-13 15:27:07+00,6000.00,AF103ZL,ConsumosResumen.xlsx,CORREDORES VIALES SA
2b73773f-73a0-43e6-93bc-605576fb1d51,2026-07-22 10:09:00+00,6000.00,OWG130,ConsumosResumen.xlsx,CORREDORES VIALES SA
2b75362d-ee56-4c57-971f-b270c08ed09c,2026-07-14 15:27:48+00,7744.12,AH543IQ,ConsumosResumen.xlsx,RUTAS SUR ATLANTICO S.A.
2ba9c435-d728-4a63-8245-e156805e4bd9,2026-07-06 16:35:53+00,4771.95,AB633TY,pasadas_2026-07-16_493556.csv,AUSOL
2bc78a9d-a95c-43db-a1be-b9fa7ae4b26d,2026-07-13 20:59:44+00,4500.00,AF436WI,ConsumosResumen.xlsx,CORREDORES VIALES SA
2bcde8b2-993f-40ce-b210-72a7cf3aa196,2026-07-27 22:00:17+00,7500.00,AH185KI,ConsumosResumen.xlsx,CORREDORES VIALES SA
2bd7ae03-7dcc-47f2-812a-b2a0f8a1b087,2026-07-21 12:48:54+00,6044.83,AG507DK,pasadas_2026-07-23_5009A02044703.csv,AUSA
2be6a941-fd48-43b5-83d0-0082ed068916,2026-07-11 02:35:16+00,7148.39,AH351RS,ConsumosResumen.xlsx,CORREDOR VIAL 5 S.A.U.
2bff8215-5813-4e8d-8e79-2e681180199c,2026-07-01 14:54:22+00,7500.00,AH543IQ,ConsumosResumen-202607-1.xlsx,CORREDORES VIALES SA
2c0e5682-0c98-43f6-a0bc-123fb3e749b5,2026-07-22 06:36:04+00,1548.82,AF389UV,ConsumosResumen.xlsx,RUTAS SUR ATLANTICO S.A.
2c1e98d3-866b-401c-8f2b-4110bba72df9,2026-07-04 13:43:23+00,6000.00,AF136HN,ConsumosResumen-202607-1.xlsx,CORREDORES VIALES SA
2c4819a6-ace1-46d3-a9eb-3961f5d673cf,2026-07-04 22:16:21+00,9935.82,AF103ZL,pasadas_2026-07-08_5009A02027769.csv,AUSA
2c532bb7-bce0-409b-bf5d-be45814f175f,2026-07-06 19:36:43+00,4771.95,AB247VR,pasadas_2026-07-16_343555.csv,AUTOPISTA DEL OESTE
2c656e4a-754c-48a4-a600-7e78f7ff5464,2026-07-04 21:39:12+00,4970.74,AH543IQ,pasadas_2026-07-16_493556.csv,AUSOL
2cbc9b72-1123-4096-997c-4c06896522e8,2026-07-14 12:42:47+00,11975.15,AB456CU,pasadas_2026-07-15_5364164.csv,AUBASA
2cdb21ba-e8c8-40de-8691-cc9f48c22e29,2026-07-05 23:57:00+00,6000.00,AF103ZL,ConsumosResumen-202607-1.xlsx,CORREDORES VIALES SA
2cdb7680-0d07-4c6f-b46b-b5fa7ccb9788,2026-07-09 16:52:55+00,15255.79,AF202UU,pasadas_2026-07-15_5009A02037803.csv,AUSA
2ce8f7e8-4c71-43d3-b0bd-560a54aa3e74,2026-07-23 14:02:35+00,4500.00,AD625QB,ConsumosResumen.xlsx,CORREDORES VIALES SA
2d14fb5e-8e4f-40ba-a5ef-adebf68aff96,2026-06-30 21:04:46+00,7500.00,AG939HX,ConsumosResumen-202607-1.xlsx,CORREDORES VIALES SA
2d181dc5-3551-4956-b660-3b54f9f6373e,2026-07-04 09:38:14+00,994.15,AG249HS,pasadas_2026-07-16_493556.csv,AUSOL
2d2b9347-303e-4100-9b84-8ee6c8738eca,2026-07-13 23:57:52+00,6044.83,AF993HA,pasadas_2026-07-15_5009A02037760.csv,AUSA
2d2e1361-7720-4cbd-80bc-9aa105f3d7b3,2026-07-21 12:56:39+00,6000.00,AB456CQ,ConsumosResumen.xlsx,CORREDORES VIALES SA
2d41eb48-addd-4835-b42f-506477809312,2026-07-06 14:47:43+00,11222.12,AF231PZ,pasadas_2026-07-15_5364164.csv,AUBASA
2d572766-aa89-4d91-9b4b-824aced749e5,2026-07-14 14:50:02+00,9935.82,AB151SM,pasadas_2026-07-23_5009A02044703.csv,AUSA
2d60df25-b82a-4fe0-8b27-e262c51c1ba5,2026-07-15 06:36:03+00,1500.00,AG309CH,ConsumosResumen.xlsx,CORREDORES VIALES SA
2d656455-d6a2-43f0-8957-0b51d810b3fc,2026-07-13 17:20:47+00,4771.95,AD736OU,pasadas_2026-07-16_493556.csv,AUSOL
2d75f6ad-4aa2-4393-901d-da481deae42f,2026-07-25 01:28:28+00,6000.00,AC264UA,ConsumosResumen.xlsx,CORREDORES VIALES SA
2da6905c-2419-4c41-b786-fec604e2da3e,2026-07-13 11:18:25+00,4970.74,AF202UU,pasadas_2026-07-16_343555.csv,AUTOPISTA DEL OESTE
2da7ce13-c1c7-4abe-91de-74417b4e8b50,2026-06-30 22:12:55+00,9731.46,AH185KI,pasadas_2026-07-08_5009A02027769.csv,AUSA
2db28f2c-6d37-4f3e-ae0d-01c236871369,2026-07-01 06:51:03+00,13466.55,AH351RT,pasadas_2026-07-15_5364164.csv,AUBASA
2dc90573-dd08-44b6-b165-c957b9b59ece,2026-07-08 06:23:17+00,6044.83,OWG130,pasadas_2026-07-15_5009A02037803.csv,AUSA
2dca2d0d-6496-4200-af06-4cdac5772108,2026-07-20 06:54:48+00,9935.82,AC295IE,pasadas_2026-07-23_5009A02044703.csv,AUSA
2de26a84-53c4-4449-8132-c50e52ca169f,2026-07-08 05:44:08+00,3976.59,AC264UA,pasadas_2026-07-16_343555.csv,AUTOPISTA DEL OESTE
2e332dc5-a5e4-44da-8eb0-03a8ca546f7b,2026-07-02 03:04:18+00,994.15,AG533MF,pasadas_2026-07-16_493556.csv,AUSOL
2e333647-2666-4b87-b7c2-6bbe2172c0e8,2026-07-08 18:26:59+00,7500.00,AG939HX,ConsumosResumen-202607-1.xlsx,CORREDORES VIALES SA
2e6dd856-955e-40f7-bbb4-26fa1b6acc02,2026-07-02 22:30:16+00,6000.00,AF136HN,ConsumosResumen-202607-1.xlsx,CORREDORES VIALES SA
2e8f7f85-9dfe-4713-9a3c-2eaf75ee0d2d,2026-07-09 23:28:13+00,13466.55,AG893YR,pasadas_2026-07-15_5364164.csv,AUBASA
2e986c8d-5f7e-44c7-9844-5b0e8f9de5f9,2026-07-24 19:49:18+00,8935.49,AH554RQ,ConsumosResumen.xlsx,CORREDOR VIAL 5 S.A.U.
2ed1bb5a-9e48-433b-9fa7-906c8c50ff45,2026-07-12 21:26:12+00,6044.83,AG893YR,pasadas_2026-07-15_5009A02037803.csv,AUSA
2ede32b9-8d89-4ed7-bddf-b38c04e65887,2026-07-24 04:08:56+00,6000.00,AE469PL,ConsumosResumen.xlsx,CORREDORES VIALES SA
2ee28312-5c47-4f76-b324-5cb2764324b1,2026-07-24 11:03:12+00,6000.00,AD985XP,ConsumosResumen.xlsx,CORREDORES VIALES SA
2ef91ee0-c840-4091-a517-7ba27dfacfdd,2026-07-02 07:15:36+00,6000.00,AD328WK,ConsumosResumen-202607-1.xlsx,CORREDORES VIALES SA
2efc1fb7-d709-4d76-bf0b-4da70718aeb1,2026-07-02 22:14:34+00,4970.74,AF533SR,pasadas_2026-07-16_493556.csv,AUSOL
2f00ba9b-c277-4d4e-b1fd-63ada776d2f2,2026-07-16 05:45:22+00,6044.83,AI042WD,pasadas_2026-07-29_5009A02052902.csv,AUSA
2f0f8010-4ea2-4e1a-8df1-5e913c2b457e,2026-07-01 18:29:47+00,16833.20,AF202UU,pasadas_2026-07-15_5364164.csv,AUBASA
2f55f52c-9737-42a0-baf7-a2ef5aa192ba,2026-07-02 22:44:34+00,6000.00,AD667DM,ConsumosResumen-202607-1.xlsx,CORREDORES VIALES SA
2f568052-76ba-49d8-a394-9a68fbf18396,2026-06-28 05:51:40+00,6000.00,AG862VH,ConsumosResumen-202607-1.xlsx,CORREDORES VIALES SA
2f62063c-5a69-41ea-88fa-73674a5fc7ea,2026-07-28 13:43:53+00,6044.83,AF993HA,pasadas_2026-07-29_5009A02052902.csv,AUSA
2f68b5b9-c11b-424b-b4df-3d269bf6c8f3,2026-07-23 12:34:34+00,9935.82,AG309CO,pasadas_2026-07-29_5009A02060191.csv,AUSA
2f6b44fe-668f-46f8-95c4-a0a6943911c3,2026-07-24 22:41:56+00,6044.83,AH185KI,pasadas_2026-07-29_5009A02060191.csv,AUSA
2f8ec89d-dfef-4eb9-978e-a85e48acf314,2026-07-03 10:25:01+00,4771.95,EXT374,pasadas_2026-07-16_343555.csv,AUTOPISTA DEL OESTE
2fa08bb9-9a89-464f-9187-aa752916cfb8,2026-07-03 21:27:33+00,6000.00,AF136HN,ConsumosResumen-202607-1.xlsx,CORREDORES VIALES SA
2fab8c88-2f40-4984-86cc-cdfb098b24eb,2026-07-06 11:21:36+00,9935.82,AB456CQ,pasadas_2026-07-08_5009A02027769.csv,AUSA
2fc2b2f0-5c53-44b6-8e37-0525ec9691e7,2026-07-25 14:41:00+00,1439.11,AI348TS,pasadas_2026-07-29_5009A02052902.csv,AUSA
2ff15db6-6022-4920-8be4-e26932185f83,2026-07-22 21:07:42+00,7500.00,AH729QW,ConsumosResumen.xlsx,CORREDORES VIALES SA
30282fac-4a47-4845-9911-f3415d577a67,2026-07-09 02:38:42+00,6000.00,AF103ZL,ConsumosResumen-202607-1.xlsx,CORREDORES VIALES SA
303edd28-96bc-4659-8741-cff7bc68c4f4,2026-07-27 07:11:12+00,6000.00,AD096FX,ConsumosResumen.xlsx,CORREDORES VIALES SA
3052d67a-0ac2-4ba8-bea9-aabd49384d61,2026-07-17 10:27:42+00,33965.25,AE952TH,pasadas_2026-07-23_5009A02044703.csv,AUSA
30638427-2aef-4155-820c-349398397d57,2026-07-27 13:10:57+00,6000.00,AD482MT,ConsumosResumen.xlsx,CORREDORES VIALES SA
30866abb-84fb-4275-922d-af900a4d09b6,2026-07-20 19:05:32+00,33965.25,AG893YR,pasadas_2026-07-23_5009A02044703.csv,AUSA
308e5d65-51bf-4be1-adb4-879a3a8b55fb,2026-07-21 12:54:07+00,9935.82,AF791ER,pasadas_2026-07-23_5009A02044703.csv,AUSA
30aba959-ca71-45cc-a5a2-9219a4d2610e,2026-07-06 11:06:36+00,22444.27,AF103ZL,pasadas_2026-07-15_5364164.csv,AUBASA
30d1a8b8-8651-44d7-8971-064ce3c0ec36,2026-07-14 02:57:30+00,28740.39,AF993HA,pasadas_2026-07-15_5364165.csv,AUBASA
30e2c64f-767d-41c5-95a6-29bc0053be8a,2026-07-09 16:38:58+00,6000.00,AF993HK,ConsumosResumen-202607-1.xlsx,CORREDORES VIALES SA
30ef46a4-9bdb-42a8-871b-cdddcd821056,2026-07-21 11:57:47+00,7642.85,AB151SM,pasadas_2026-07-23_5009A02044703.csv,AUSA
30f7a425-2e9a-48a6-8a7b-8dbfcbcb2dad,2026-07-13 11:47:17+00,4970.74,AG893YR,pasadas_2026-07-16_343555.csv,AUTOPISTA DEL OESTE
30f7a975-82d4-4759-83a4-11ac9fd236e2,2026-06-26 17:34:30+00,7500.00,AF993HA,pasadas_2026-07-03_3305880.csv,CORREDORES VIALES SA
310459d1-f369-4f3a-883f-90e9b8eafdbe,2026-07-16 10:42:59+00,7500.00,AF389UV,ConsumosResumen.xlsx,CORREDORES VIALES SA
310ef258-e997-4639-83ac-98f955a3b533,2026-06-26 15:25:35+00,6500.00,AH543IQ,pasadas_2026-07-03_3313955.csv,CORREDORES VIALES SA
3130f364-7d87-4102-9341-a4da2ed6a89b,2026-07-14 07:18:27+00,6000.00,AB456CU,ConsumosResumen.xlsx,CORREDORES VIALES SA
31493f24-e1d9-47d1-98c6-67416964dd74,2026-07-15 16:16:07+00,3574.19,AF202UU,ConsumosResumen.xlsx,RUTAS SUR ATLANTICO S.A.
314adfbe-db1f-4470-80b9-498314efd2a5,2026-07-06 15:47:23+00,3976.59,EXT374,pasadas_2026-07-16_343555.csv,AUTOPISTA DEL OESTE
315a294f-510a-4074-a2e9-36a7b570b2d3,2026-07-02 20:45:22+00,6000.00,AD667DM,ConsumosResumen-202607-1.xlsx,CORREDORES VIALES SA
315ac581-f85f-4f1d-b3ec-5ff68ecfdf5d,2026-06-30 13:16:09+00,1500.00,AD255OC,ConsumosResumen-202607-1.xlsx,CORREDORES VIALES SA
31906f41-979d-45b2-806e-68b981e22d11,2026-07-16 13:27:57+00,7744.12,AF436WI,ConsumosResumen.xlsx,RUTAS SUR ATLANTICO S.A.
31a0c183-d356-41bf-89da-c0d0c4a14c43,2026-07-05 18:39:32+00,1192.99,AG309CH,pasadas_2026-07-16_493556.csv,AUSOL
31bb9869-ed1e-4d82-8151-4f6eb115617f,2026-07-15 00:34:47+00,6195.30,AG309CO,ConsumosResumen.xlsx,RUTAS SUR ATLANTICO S.A.
31bb9c23-fee0-4419-92f4-ccd3df4d657f,2026-07-04 00:27:50+00,4500.00,AD625QB,ConsumosResumen-202607-1.xlsx,CORREDORES VIALES SA
31cbc5b3-ca59-4a53-90c6-689e8420df63,2026-07-16 11:31:04+00,4646.47,AH033DL,ConsumosResumen.xlsx,RUTAS SUR ATLANTICO S.A.
31cd0b51-0cde-4fc9-a0c3-9de03efc7ea0,2026-07-26 22:07:44+00,6000.00,AC812DO,ConsumosResumen.xlsx,CORREDORES VIALES SA
31d31120-b1a8-4a46-8e60-36fb485af829,2026-07-03 04:28:42+00,17400.00,AD667DM,pasadas_2026-07-22_1947768.csv,UNIDAD EJECUTORA (SANTA FE)
31e186e1-230e-4df8-b73a-a55b2137c9e6,2026-07-20 16:43:22+00,6000.00,AD096FX,ConsumosResumen.xlsx,CORREDORES VIALES SA
32089f00-3657-4dea-a41d-06453c0b066a,2026-06-29 20:34:00+00,8400.00,AF993HA,pasadas_2026-07-22_1947769.csv,UNIDAD EJECUTORA (SANTA FE)
32245c55-98f8-4748-8b2f-f05d66386cf6,2026-07-22 20:23:57+00,8935.49,AH554RP,ConsumosResumen.xlsx,CORREDOR VIAL 5 S.A.U.
326b9eda-dad5-4330-a5e4-f23b5a5fc8fe,2026-07-20 14:55:14+00,6000.00,AB456CU,ConsumosResumen.xlsx,CORREDORES VIALES SA
328661ab-b1fc-4eaa-a965-cacb3c83940e,2026-07-08 08:57:41+00,1192.99,AI348TS,pasadas_2026-07-16_329454.csv,AUTOPISTA DEL OESTE
32cea834-dcb2-4455-9f68-7df80d1ea92c,2026-07-13 19:34:56+00,1500.00,AG309CH,ConsumosResumen.xlsx,CORREDORES VIALES SA
32cfff2e-e8e2-4801-b325-621c474857b6,2026-06-29 20:50:33+00,6000.00,AD328WK,ConsumosResumen-202607-1.xlsx,CORREDORES VIALES SA
32d817d2-0e81-4b3d-b76a-48ad6f6bcc9a,2026-07-14 10:56:42+00,8935.49,AH554RQ,ConsumosResumen.xlsx,CORREDOR VIAL 5 S.A.U.
32f664d3-3e40-40ec-b147-54b777a0d1cf,2026-07-08 18:29:53+00,5611.06,AI348TS,pasadas_2026-07-15_5364165.csv,AUBASA
32fb6f95-49dd-44f4-9a43-08136c7757ba,2026-07-15 14:15:49+00,23950.33,AB456CU,pasadas_2026-07-15_5364164.csv,AUBASA
330b21c1-0097-4e8a-b60e-76b8499dccd3,2026-07-14 17:00:44+00,5964.94,AF993HA,pasadas_2026-07-16_493557.csv,AUSOL
33212164-dab8-4c86-bd2a-7bea8c329213,2026-07-11 12:41:03+00,3976.59,AB633TZ,pasadas_2026-07-16_343555.csv,AUTOPISTA DEL OESTE
3328796a-6314-418f-ae06-22d5220492a2,2026-07-07 10:21:46+00,6000.00,AC812DO,ConsumosResumen-202607-1.xlsx,CORREDORES VIALES SA
332a4045-e649-40c7-b2d7-7b7069eb016a,2026-07-06 19:12:26+00,7500.00,AH285SP,ConsumosResumen-202607-1.xlsx,CORREDORES VIALES SA
332bef9a-6975-4b52-9849-3f00867836ed,2026-07-24 03:26:52+00,15255.79,AH729QW,pasadas_2026-07-29_5009A02060191.csv,AUSA
33338ca0-2c16-46a4-961c-a1afb013adb0,2026-07-20 15:28:18+00,15255.79,AH543IQ,pasadas_2026-07-23_5009A02044703.csv,AUSA
3340edee-8ce5-4133-90e0-447b6ba725e6,2026-07-25 01:01:21+00,7500.00,AH729QW,ConsumosResumen.xlsx,CORREDORES VIALES SA
3368e0b4-23b9-4758-aac1-e2c7f4fe2385,2026-07-24 06:42:40+00,9935.82,AB456CU,pasadas_2026-07-29_5009A02060191.csv,AUSA
3371997e-f9ff-4684-bf83-ef3f6b24221a,2026-07-10 20:01:58+00,3976.59,AB456CP,pasadas_2026-07-16_343555.csv,AUTOPISTA DEL OESTE
33767d4e-c1f6-492a-b1fe-d596578f1073,2026-07-06 15:30:16+00,1500.00,AG249HS,ConsumosResumen-202607-1.xlsx,CORREDORES VIALES SA
3379291b-29a7-444b-8e75-fb7456d2b306,2026-07-06 01:35:31+00,9935.82,AH729QW,pasadas_2026-07-08_5009A02027769.csv,AUSA
3392d129-c8f3-44c8-a599-ecb531e23694,2026-06-29 03:22:57+00,7500.00,AH185KI,ConsumosResumen-202607-1.xlsx,CORREDORES VIALES SA
3399006f-247f-4bcd-8d56-4e1d7d0d2e54,2026-07-14 06:32:08+00,1500.00,AG249HS,ConsumosResumen.xlsx,CORREDORES VIALES SA
33c71469-47f7-44cb-8f2e-af00d056b009,2026-06-29 18:57:48+00,7500.00,AF533SR,pasadas_2026-07-03_3313955.csv,CORREDORES VIALES SA
33fb7289-0e87-4346-b3db-ddbd808f5e62,2026-07-09 00:44:58+00,26933.11,AG893YR,pasadas_2026-07-15_5364164.csv,AUBASA
34110756-6f1f-4970-94ad-8a8b1612f0a9,2026-07-15 22:47:48+00,4500.00,AF436WI,ConsumosResumen.xlsx,CORREDORES VIALES SA
34160467-b027-4578-a31e-23a34dbe764b,2026-07-03 14:49:59+00,7500.00,AE469PH,ConsumosResumen-202607-1.xlsx,CORREDORES VIALES SA
342e6885-2e37-458d-8cee-aa6ac3382c93,2026-07-01 14:58:21+00,994.15,AE908YR,pasadas_2026-07-16_493556.csv,AUSOL
3436ab2c-b09d-4519-9c8a-69d8f1d2f5a3,2026-07-08 21:07:19+00,26933.11,AH185KI,pasadas_2026-07-15_5364164.csv,AUBASA
3447d84e-6eb8-4088-8cda-3c137ca67745,2026-06-30 11:03:13+00,6000.00,AC264UA,ConsumosResumen-202607-1.xlsx,CORREDORES VIALES SA
344d5064-3cd4-42c4-9980-92cebb07b9f5,2026-07-06 20:54:19+00,6000.00,AD482MT,ConsumosResumen-202607-1.xlsx,CORREDORES VIALES SA
34671282-5110-48b4-b1c4-d97cee694830,2026-07-14 04:57:06+00,7500.00,AE469PH,ConsumosResumen.xlsx,CORREDORES VIALES SA
3475c915-e48f-4ef2-97a9-a3224ffff3d5,2026-07-01 03:00:38+00,15255.79,AE284KH,pasadas_2026-07-08_5009A02027769.csv,AUSA
347a50b4-5ab6-4d1f-89c3-4a0d58b1904f,2026-07-02 13:48:33+00,4500.00,AF436WI,ConsumosResumen-202607-1.xlsx,CORREDORES VIALES SA
34810080-0ffb-4a49-8fd6-ddd19ac4a10d,2026-07-09 10:55:47+00,4771.95,AB247VR,pasadas_2026-07-16_343555.csv,AUTOPISTA DEL OESTE
348883e5-e115-4f8f-9cb0-6a232614bd9c,2026-07-24 16:29:07+00,6000.00,AF791ER,ConsumosResumen.xlsx,CORREDORES VIALES SA
34db33d4-8de9-414a-9796-1eb3688ca782,2026-07-21 05:43:36+00,9935.82,AF791ER,pasadas_2026-07-23_5009A02044703.csv,AUSA
34eef44e-d3f3-4c76-9471-4d5f55c71c54,2026-07-27 17:46:44+00,4500.00,AD625QB,ConsumosResumen.xlsx,CORREDORES VIALES SA
34ef539c-77ff-4cf2-a9df-511e936c281a,2026-07-17 12:31:21+00,1439.11,AI348TS,pasadas_2026-07-29_5009A02052902.csv,AUSA
35024f8c-f687-4e68-a8e5-628a3dec5460,2026-07-02 15:55:17+00,4970.74,AF993HA,pasadas_2026-07-16_493557.csv,AUSOL
3502f088-220b-4c2d-a84f-a4f8ff8a30c6,2026-07-06 18:18:47+00,9935.82,AH185KI,pasadas_2026-07-08_5009A02027769.csv,AUSA
35035276-5114-43d8-92f4-8060831c0d88,2026-07-02 04:24:52+00,13466.55,AG916MK,pasadas_2026-07-15_5364164.csv,AUBASA
351a9e1b-072e-46ac-9d28-2b9a1dfc58e1,2026-07-13 16:02:44+00,4771.95,AB456CQ,pasadas_2026-07-16_343555.csv,AUTOPISTA DEL OESTE
352048a5-d4d8-4ca3-84e0-6a44083e2461,2026-07-06 02:00:42+00,13466.55,AG893YR,pasadas_2026-07-15_5364164.csv,AUBASA
3532711d-66b5-41c2-bb9f-d50422e1aca1,2026-07-23 13:37:31+00,6000.00,AD096FX,ConsumosResumen.xlsx,CORREDORES VIALES SA
353bf0bc-76ad-4c6d-8d74-318953719140,2026-07-28 11:42:30+00,6044.83,AF436WI,pasadas_2026-07-29_5009A02060191.csv,AUSA
353fd3d8-5864-46dc-a95e-f2350fb231d8,2026-07-09 16:26:47+00,6195.30,AF202UU,ConsumosResumen-202607-1.xlsx,RUTAS SUR ATLANTICO S.A.
3546359e-2ee4-4640-81b3-cb47f1ccd538,2026-07-24 16:04:02+00,16982.69,AF436WI,pasadas_2026-07-29_5009A02060191.csv,AUSA
355d5d00-d267-45b6-a407-288b4589505f,2026-07-22 14:22:30+00,4646.47,AD625QB,ConsumosResumen.xlsx,RUTAS SUR ATLANTICO S.A.
356cb3fd-551a-4490-be72-684f615ae169,2026-07-01 11:51:04+00,3976.59,AB151SM,pasadas_2026-07-16_343555.csv,AUTOPISTA DEL OESTE
3579781e-ccd9-40ba-9410-df78dc769fc8,2026-07-03 12:47:26+00,13466.55,AG939HR,pasadas_2026-07-15_5364164.csv,AUBASA
359e8d86-7bb9-4684-9a28-e5b6990ba47a,2026-07-15 13:03:46+00,7500.00,AG893YR,ConsumosResumen.xlsx,CORREDORES VIALES SA
35c8242a-d23e-4e8e-9ea3-d30a3bd4affb,2026-07-02 14:59:10+00,3976.59,AB247VR,pasadas_2026-07-16_493556.csv,AUSOL
35d30e08-2a8a-479e-80fa-f78fba22e1f3,2026-07-09 19:44:31+00,1192.99,AG533MF,pasadas_2026-07-16_493556.csv,AUSOL
35db79aa-d394-4302-a37e-88f786753dbd,2026-06-26 16:07:18+00,6000.00,AF791ER,pasadas_2026-07-03_3313955.csv,CORREDORES VIALES SA
35dd83b4-e3ea-42c8-b9b2-a4768cf01600,2026-07-25 12:05:58+00,9935.82,AG309CO,pasadas_2026-07-29_5009A02060191.csv,AUSA
35e85582-db87-4f18-86ee-a28658308a39,2026-07-20 06:51:13+00,9935.82,AB247VR,pasadas_2026-07-23_5009A02044703.csv,AUSA
35eb0fd3-e074-4896-bd4c-77e309edb087,2026-07-27 11:08:47+00,6000.00,AF993HK,ConsumosResumen.xlsx,CORREDORES VIALES SA
35f30a0f-e941-4c07-b993-c946f5368178,2026-06-29 21:08:28+00,6000.00,AF103ZL,ConsumosResumen-202607-1.xlsx,CORREDORES VIALES SA
36111628-89d0-4082-990b-c6153d48a71f,2026-07-06 12:12:27+00,994.15,AI348TS,pasadas_2026-07-16_493557.csv,AUSOL
36159018-a638-4343-ba1c-29869d819c45,2026-07-06 17:27:17+00,6000.00,AF202UU,ConsumosResumen-202607-1.xlsx,CORREDORES VIALES SA
366f7289-da3d-4f36-b10a-d012e5e26bf5,2026-07-22 10:53:16+00,7148.39,AG939HR,ConsumosResumen.xlsx,RUTAS SUR ATLANTICO S.A.
367acca6-897c-4f5c-976d-1e744fb399bd,2026-07-09 20:57:30+00,6000.00,AG893YR,ConsumosResumen-202607-1.xlsx,CORREDORES VIALES SA
367cda79-d873-40e8-a58a-527648910159,2026-07-23 13:17:00+00,4646.47,AC812DO,ConsumosResumen.xlsx,RUTAS SUR ATLANTICO S.A.
368652fd-1fd7-4b53-a1c4-d229e19dfc87,2026-07-19 23:12:29+00,7500.00,AG893YR,ConsumosResumen.xlsx,CORREDORES VIALES SA
36889cbe-fb4c-4c64-babc-56175b164c3e,2026-07-14 15:23:47+00,6000.00,AG939HX,ConsumosResumen.xlsx,CORREDORES VIALES SA
36916739-cf83-4065-abd2-9cde21d1e261,2026-06-30 19:33:41+00,6000.00,AF993HK,pasadas_2026-07-03_3313955.csv,CORREDORES VIALES SA
369e6179-2f09-4dde-bb58-fa2dfdccb15f,2026-07-02 19:42:24+00,6000.00,AD482MT,ConsumosResumen-202607-1.xlsx,CORREDORES VIALES SA
36a3731e-29dd-4174-b405-17c9ff47d39b,2026-07-02 11:41:53+00,3976.59,AB456CQ,pasadas_2026-07-16_343555.csv,AUTOPISTA DEL OESTE
36c93d3e-3c67-48aa-a8f8-caae43a3208f,2026-07-25 05:19:12+00,7500.00,AG939HR,ConsumosResumen.xlsx,CORREDORES VIALES SA
36d0aeed-e06f-4bc3-bcaf-dcfbdc778233,2026-07-17 00:12:54+00,7500.00,AH251LE,ConsumosResumen.xlsx,CORREDORES VIALES SA
36f61e85-0bfd-427a-a041-0db64ff745bd,2026-07-21 13:29:17+00,7500.00,AH543IQ,ConsumosResumen.xlsx,CORREDORES VIALES SA
36fa598f-4155-43b4-811e-68591b59f206,2026-07-21 18:27:50+00,6000.00,AF202UU,ConsumosResumen.xlsx,CORREDORES VIALES SA
370bf4ce-2be2-4fb3-b04b-4ddd1981d284,2026-06-25 16:15:24+00,6000.00,AC295IE,pasadas_2026-07-03_3313955.csv,CORREDORES VIALES SA
3721f5d2-c9a1-4c76-8bd3-3e8adc6bddba,2026-07-23 11:12:06+00,15255.79,AG916MK,pasadas_2026-07-29_5009A02060191.csv,AUSA
372ca4d4-e4c0-453e-ac31-cf3987318c47,2026-06-30 10:14:51+00,16633.40,AD096FX,pasadas_2026-07-08_5009A02027769.csv,AUSA
372fc10d-8752-4ec0-91ea-3bcc80f7e5d7,2026-07-14 17:42:53+00,7500.00,AE751PA,ConsumosResumen.xlsx,CORREDORES VIALES SA
373a129f-d3a7-49d2-9ce7-bd72c83181a1,2026-07-14 02:32:14+00,994.15,AG533MF,pasadas_2026-07-16_343555.csv,AUTOPISTA DEL OESTE
373aab34-0c66-4315-ac72-085fb1da6802,2026-07-14 13:13:12+00,3000.00,AD933WS,ConsumosResumen.xlsx,CORREDORES VIALES SA
37589491-082d-4bc1-aac9-cedcd0d1a81e,2026-07-14 17:40:32+00,4771.95,AB247VR,pasadas_2026-07-16_343555.csv,AUTOPISTA DEL OESTE
376de8ef-4f26-4d2b-bb39-d4de1aba2630,2026-07-21 17:46:04+00,3000.00,AD985XP,ConsumosResumen.xlsx,CORREDORES VIALES SA
37835bfb-086e-47ee-8abd-d0341438b4fb,2026-07-21 14:58:02+00,15255.79,AD239PP,pasadas_2026-07-23_5009A02044703.csv,AUSA
378732cf-f4ef-4f40-a4f0-a89259cf4d07,2026-07-03 09:29:10+00,6000.00,AA561YA,ConsumosResumen-202607-1.xlsx,CORREDORES VIALES SA
379183f4-ed35-44c4-a2bd-fc382b0d1d55,2026-07-15 11:30:03+00,3976.59,AB247VR,pasadas_2026-07-16_343555.csv,AUTOPISTA DEL OESTE
37adfce3-8c76-4eb2-b0fd-a49475fc5538,2026-07-16 21:30:12+00,6000.00,AD239PP,ConsumosResumen.xlsx,CORREDORES VIALES SA
37ee02c5-aeea-4808-8d6d-dc7209d166a5,2026-07-12 23:45:37+00,4970.74,AG939HR,pasadas_2026-07-16_493556.csv,AUSOL
37f5765d-6cff-4795-957d-83ec9be3b2b5,2026-07-25 12:25:29+00,7500.00,AH351RT,ConsumosResumen.xlsx,CORREDORES VIALES SA
383910ff-e554-441d-9848-669bd4693a7e,2026-07-11 03:47:15+00,6000.00,AF103ZL,ConsumosResumen-202607-1.xlsx,CORREDORES VIALES SA
3843eeb5-ec7f-44b9-961a-4703e0945dad,2026-07-24 11:58:47+00,1548.82,OWG130,ConsumosResumen.xlsx,RUTAS SUR ATLANTICO S.A.
3848de07-8db2-412a-9858-65d538a70045,2026-07-11 18:39:24+00,7500.00,AH800QT,ConsumosResumen-202607-1.xlsx,CORREDORES VIALES SA
385870fa-13b6-43ee-a97e-1a23f08ff4f2,2026-07-01 16:08:57+00,4771.95,EXT374,pasadas_2026-07-16_343555.csv,AUTOPISTA DEL OESTE
389b0372-9501-4c96-a6d5-68a248e1530b,2026-06-29 12:34:16+00,17400.00,AG507DK,pasadas_2026-07-22_1947768.csv,UNIDAD EJECUTORA (SANTA FE)
38b0c904-78df-4d89-a1d1-7c0888f4ba53,2026-07-02 20:03:57+00,6044.83,AF103ZL,pasadas_2026-07-08_5009A02027769.csv,AUSA
38b2999f-7c58-4fb5-9919-39cae167ac53,2026-07-10 20:06:14+00,3976.59,AB247VR,pasadas_2026-07-16_343555.csv,AUTOPISTA DEL OESTE
38c0e317-30e1-4150-a44a-f29bd5b99628,2026-07-16 06:06:01+00,7500.00,AH729QW,ConsumosResumen.xlsx,CORREDORES VIALES SA
38e29dfe-783d-4902-9ad9-128385207717,2026-07-14 05:24:03+00,994.15,AG533MF,pasadas_2026-07-16_493556.csv,AUSOL
38f9208f-0dc8-4963-b296-9e3c7ce15661,2026-07-18 16:41:20+00,1500.00,AG533MF,ConsumosResumen.xlsx,CORREDORES VIALES SA
392627e8-8540-49e3-baff-39bfb905047d,2026-07-14 02:11:58+00,6195.30,AG939HR,ConsumosResumen.xlsx,RUTAS SUR ATLANTICO S.A.
397553ba-ed4a-483f-8474-1992d6551290,2026-07-04 13:44:19+00,6000.00,AF231PZ,ConsumosResumen-202607-1.xlsx,CORREDORES VIALES SA
39767cab-9934-44ea-bd0c-241ef926a644,2026-07-07 19:25:43+00,7148.39,AH351RS,ConsumosResumen.xlsx,CORREDOR VIAL 5 S.A.U.
397cfb96-8f9c-448e-8536-e715eacd0f3c,2026-07-14 03:50:17+00,7500.00,AH351RT,ConsumosResumen.xlsx,CORREDORES VIALES SA
3985a103-c37d-4e47-afa5-a8cdc01a3291,2026-07-06 19:12:53+00,893.55,AB456CU,ConsumosResumen-202607-1.xlsx,RUTAS SUR ATLANTICO S.A.
39a42c4f-dece-4075-a544-7747760eae00,2026-07-14 06:10:57+00,1500.00,AG249HS,ConsumosResumen.xlsx,CORREDORES VIALES SA
39ddc3a3-89c2-4cff-9743-aeaf6de625d3,2026-07-25 15:34:24+00,15255.79,AG893YR,pasadas_2026-07-29_5009A02060191.csv,AUSA
39f1e1db-fc87-46f7-93cb-b5868bb34082,2026-07-21 15:09:03+00,6195.30,AD239PP,ConsumosResumen.xlsx,RUTAS SUR ATLANTICO S.A.
3a2d2006-04d4-4308-af33-0c601c5ecd8a,2026-07-15 14:11:05+00,3976.59,EXT374,pasadas_2026-07-16_343555.csv,AUTOPISTA DEL OESTE
3a3c4dff-528f-48d6-8ada-34527cf8f0e4,2026-07-19 23:33:18+00,8935.49,AH554RP,ConsumosResumen.xlsx,CORREDOR VIAL 5 S.A.U.
3a3e8c9e-b08b-4bac-b3f7-7f7d3e324252,2026-07-15 18:53:41+00,4771.95,AC295IE,pasadas_2026-07-16_343555.csv,AUTOPISTA DEL OESTE
3a52dea4-e0a0-47ac-a2ff-34cee7c2c433,2026-07-15 05:14:12+00,11975.15,AD625QA,pasadas_2026-07-15_5364164.csv,AUBASA
3a8bce89-4b3c-48da-ab7d-0af451d2d9aa,2026-07-20 23:55:59+00,15255.79,AF231PZ,pasadas_2026-07-23_5009A02044703.csv,AUSA
3a8ff25d-74dc-4100-a067-26a578dc0df1,2026-07-25 12:31:51+00,6000.00,AD985XP,ConsumosResumen.xlsx,CORREDORES VIALES SA
3a94b2f0-70c3-476d-979e-8dcfcff7640b,2026-07-15 18:16:21+00,33965.25,AG916MK,pasadas_2026-07-23_5009A02044703.csv,AUSA
3a9a0d79-fee6-4337-b311-7bed996bc857,2026-07-02 13:11:20+00,4970.74,AH351RT,pasadas_2026-07-16_493556.csv,AUSOL
3ab09e94-476d-4953-9104-5af9ec4d0bdb,2026-07-15 22:53:52+00,1500.00,AG309CH,ConsumosResumen.xlsx,CORREDORES VIALES SA
3b05d491-eace-4dff-b1a8-1264121d924e,2026-07-10 11:27:47+00,33965.25,EXT374,pasadas_2026-07-15_5009A02037803.csv,AUSA
3b07dc06-af24-47ee-bd4d-6e4366351eb6,2026-07-09 15:46:00+00,6000.00,AB456CU,ConsumosResumen-202607-1.xlsx,CORREDORES VIALES SA
3b1b593c-49bc-4380-9126-a9334b5cb962,2026-07-24 07:06:55+00,6000.00,AF791ER,ConsumosResumen.xlsx,CORREDORES VIALES SA
3b2b32fc-ccf0-4c0f-a4f1-5cd4684885bb,2026-07-06 13:23:36+00,2244.43,AI348TS,pasadas_2026-07-15_5364165.csv,AUBASA
3b51ba5d-ad76-41b1-9a32-9341006210c9,2026-07-16 10:52:44+00,4500.00,AF436WI,ConsumosResumen.xlsx,CORREDORES VIALES SA
3b6184bb-6ac4-4df2-b1b1-bb438d5893d7,2026-07-17 19:44:06+00,1500.00,AG533MF,ConsumosResumen.xlsx,CORREDORES VIALES SA
3b7381fd-4d77-4786-9e58-ddf9ece74da2,2026-07-13 18:35:17+00,33965.25,AD625QA,pasadas_2026-07-15_5009A02037803.csv,AUSA
3b83f729-57ab-42b9-ad93-8329799c91c3,2026-07-07 19:18:21+00,5964.94,AG309CO,pasadas_2026-07-16_343555.csv,AUTOPISTA DEL OESTE
3b869789-3b11-4bda-9389-6fc0f5df197c,2026-07-02 14:47:43+00,6044.83,AG507DK,pasadas_2026-07-08_5009A02027769.csv,AUSA
3b881eee-b1aa-4abd-8697-655888765e97,2026-07-11 12:26:07+00,16982.69,AF436WI,pasadas_2026-07-15_5009A02037803.csv,AUSA
3bb4a90c-861c-44f7-86f7-0c1b335e39bb,2026-07-25 13:42:09+00,6195.30,AF202UU,ConsumosResumen.xlsx,RUTAS SUR ATLANTICO S.A.
3bd7dfad-7fd7-483c-a07c-fc8603cceb8b,2026-07-10 12:13:51+00,28740.39,AG939HR,pasadas_2026-07-15_5364164.csv,AUBASA
3bd7f100-02ff-4208-8eb5-79a95702ef75,2026-06-28 15:36:54+00,6000.00,AG893YR,ConsumosResumen-202607-1.xlsx,CORREDORES VIALES SA
3be428f3-c27b-405e-b2e2-7362204a8a3d,2026-07-07 19:30:33+00,6000.00,AF791ER,ConsumosResumen-202607-1.xlsx,CORREDORES VIALES SA
3bed5e59-8c83-4f45-a19d-8ca632be0833,2026-07-21 09:02:15+00,6000.00,AG862VH,ConsumosResumen.xlsx,CORREDORES VIALES SA
3bf5d6b9-ab7b-47f9-957c-d311f401ad8e,2026-07-06 05:22:11+00,6044.83,AF791ER,pasadas_2026-07-08_5009A02027769.csv,AUSA
3c0c7807-f981-42ff-8b9b-95c184e11db2,2026-07-09 20:03:18+00,6000.00,AF791ER,ConsumosResumen-202607-1.xlsx,CORREDORES VIALES SA
3c194a43-e5d9-499c-9bff-b9882e3b0184,2026-07-15 13:45:22+00,6000.00,AD482MT,ConsumosResumen.xlsx,CORREDORES VIALES SA
3c2699e4-1775-4c5d-a047-81f2caba6a94,2026-07-15 19:13:23+00,6000.00,AB456CQ,ConsumosResumen.xlsx,CORREDORES VIALES SA
3c4b98c3-af8f-4a1f-8ef6-4880a81fd6ba,2026-07-04 16:29:52+00,7148.39,AH351RS,ConsumosResumen.xlsx,CORREDOR VIAL 5 S.A.U.
3c5ee60f-4a48-45d8-972f-b0cf060ecd22,2026-07-08 13:55:12+00,3976.59,AB456CQ,pasadas_2026-07-16_493556.csv,AUSOL
3c640f03-ccd5-4cc1-afed-5323c446df9d,2026-07-28 06:47:10+00,15255.79,AB456CQ,pasadas_2026-07-29_5009A02060191.csv,AUSA
3c6996e6-f0d9-4b86-8746-339f532b0011,2026-07-06 18:01:19+00,1192.99,AG249HS,pasadas_2026-07-16_493556.csv,AUSOL
3c7bfc1d-8fc3-450b-a08e-373a0cd838a7,2026-07-07 09:31:01+00,6000.00,AF103ZL,ConsumosResumen-202607-1.xlsx,CORREDORES VIALES SA
3c83a138-f41e-4f57-a684-e044d9d47bd9,2026-07-16 08:58:17+00,6000.00,AF791ER,ConsumosResumen.xlsx,CORREDORES VIALES SA
3cec9f57-4303-4f88-a93e-23c608c5ba1c,2026-07-04 16:14:49+00,9935.82,AF136HN,pasadas_2026-07-08_5009A02027769.csv,AUSA
3d24549c-3f46-45aa-ace6-2e147d5f1800,2026-07-04 23:47:33+00,15255.79,AH185KI,pasadas_2026-07-08_5009A02027769.csv,AUSA
3d271ab0-bebe-49e5-8bd6-ba0c238a711b,2026-07-02 19:32:32+00,4771.95,AF103ZL,pasadas_2026-07-16_493556.csv,AUSOL
3d275524-13e5-4b65-a67a-19a29e615574,2026-07-21 11:56:17+00,6000.00,AF231PZ,ConsumosResumen.xlsx,CORREDORES VIALES SA
3d2896b3-528d-4ce0-820f-ed523ef88388,2026-07-17 19:56:54+00,7500.00,AF091AI,ConsumosResumen.xlsx,CORREDORES VIALES SA
3d32db60-f715-435c-893f-a1855c02b787,2026-07-22 20:38:08+00,15255.79,AG507DK,pasadas_2026-07-23_5009A02044703.csv,AUSA
3d51600a-d5f0-4996-936f-bbf1f95cba92,2026-07-08 16:29:52+00,33965.25,AC264UA,pasadas_2026-07-15_5009A02037803.csv,AUSA
3d558857-8f20-48e0-bff6-258a178cd8e2,2026-07-13 14:40:43+00,1548.82,PMK414,ConsumosResumen.xlsx,RUTAS SUR ATLANTICO S.A.
3d5c1b07-8b46-4037-bd30-4f01f2ac6f46,2026-07-06 10:39:00+00,26933.11,AG893YR,pasadas_2026-07-15_5364164.csv,AUBASA
3d5d96c3-196c-40ba-9d27-4bc8abb061e7,2026-07-11 14:13:51+00,7500.00,AF091AI,ConsumosResumen-202607-1.xlsx,CORREDORES VIALES SA
3d7255f4-937e-441d-a7ed-d8c75acba166,2026-07-11 15:17:38+00,1500.00,AG309CH,ConsumosResumen-202607-1.xlsx,CORREDORES VIALES SA
3d77317c-7b90-4994-8e36-a9b4d63047eb,2026-07-07 22:00:37+00,3000.00,AC295IE,ConsumosResumen-202607-1.xlsx,CORREDORES VIALES SA
3d82dfe4-4c7a-4320-8e07-b4a538d24551,2026-07-01 09:39:05+00,7500.00,AH554RQ,ConsumosResumen-202607-1.xlsx,CORREDORES VIALES SA
3d8e0432-5071-4558-937c-9cd9dd7705f1,2026-07-06 11:10:09+00,15255.79,AH729QW,pasadas_2026-07-08_5009A02027769.csv,AUSA
3dde897d-06ae-4af6-ac18-328d3bf400af,2026-07-17 13:50:52+00,6000.00,AD625QA,ConsumosResumen.xlsx,CORREDORES VIALES SA
3df156aa-b0c9-4aa3-a6a8-541ceced6806,2026-07-21 05:07:45+00,6195.30,AF791ER,ConsumosResumen.xlsx,RUTAS SUR ATLANTICO S.A.
3e17578b-957d-454a-9a7f-3da98de34d61,2026-07-22 11:33:04+00,6000.00,AE469PL,ConsumosResumen.xlsx,CORREDORES VIALES SA
3e27635c-8893-4651-a1be-9552dfbdee51,2026-07-13 09:46:30+00,4771.95,AE469PH,pasadas_2026-07-16_343555.csv,AUTOPISTA DEL OESTE
3e2d4f05-0b04-41a6-b5f0-d49b883b2463,2026-07-06 14:15:53+00,6000.00,AB151SM,ConsumosResumen-202607-1.xlsx,CORREDORES VIALES SA
3e4aadcc-d350-4fe9-852e-0d885ced4e0b,2026-07-21 21:45:57+00,6000.00,AD239PP,ConsumosResumen.xlsx,CORREDORES VIALES SA
3e5b4b7e-917a-4f40-a59b-b52e5bad13a7,2026-07-07 12:08:48+00,26933.11,AG916MK,pasadas_2026-07-15_5364164.csv,AUBASA
3e5fde09-ffc1-4313-9557-0298fd10d686,2026-07-04 21:52:18+00,15255.79,AH185KI,pasadas_2026-07-08_5009A02027769.csv,AUSA
3e6ce4bc-6e47-46c4-a8eb-55371851041d,2026-07-15 06:17:42+00,3000.00,AC295IE,ConsumosResumen.xlsx,CORREDORES VIALES SA
3e741b50-fcc3-4ecd-81dd-e9ff95a39abf,2026-07-01 08:14:22+00,6000.00,AF436WI,ConsumosResumen-202607-1.xlsx,CORREDORES VIALES SA
3e997808-bcf6-4ac1-8715-d7c8412933ff,2026-07-24 22:39:24+00,6000.00,AF136HN,ConsumosResumen.xlsx,CORREDORES VIALES SA
3ea69256-efcd-4da0-8db5-d5347dc80379,2026-07-17 19:28:09+00,6000.00,AG916MK,ConsumosResumen.xlsx,CORREDORES VIALES SA
3eabd240-02d4-4028-93ec-d27fed68d7e1,2026-07-01 06:20:37+00,3976.59,AD625QB,pasadas_2026-07-16_493556.csv,AUSOL
3eeefeb2-8c27-4432-a74f-fd5248102d40,2026-07-04 22:08:38+00,4970.74,AH185KI,pasadas_2026-07-16_343555.csv,AUTOPISTA DEL OESTE
3ef45f32-9fd6-45da-a86d-7e5eb53d4c37,2026-07-22 06:24:36+00,7500.00,AG862VH,ConsumosResumen.xlsx,CORREDORES VIALES SA
3f17339c-c38f-435e-96fa-3d5618f1ea58,2026-07-25 23:54:29+00,7500.00,AG916MK,ConsumosResumen.xlsx,CORREDORES VIALES SA
3f20245f-c75d-4a46-800f-9338fd8c1720,2026-07-02 15:34:07+00,6000.00,AF136HN,ConsumosResumen-202607-1.xlsx,CORREDORES VIALES SA
3f20f639-6673-4cd2-81d6-ab60b961c4ab,2026-07-16 21:29:14+00,7500.00,AH285SP,ConsumosResumen.xlsx,CORREDORES VIALES SA
3f38ebc4-94fd-4811-ac11-dcba0d9e9b7a,2026-07-27 10:50:49+00,3574.19,AC561DQ,ConsumosResumen.xlsx,RUTAS SUR ATLANTICO S.A.
3f3bc311-57e5-406e-aa4c-2b3ef2546c66,2026-07-19 15:50:03+00,8935.49,AH554RQ,ConsumosResumen.xlsx,CORREDOR VIAL 5 S.A.U.
3f3dc52c-f3f8-4ccb-9a27-f748633e575f,2026-07-13 02:44:19+00,3976.59,AC264UA,pasadas_2026-07-16_343555.csv,AUTOPISTA DEL OESTE
3f652b33-0da4-45d6-98e8-71026cf6a6d8,2026-07-01 00:21:52+00,9935.82,AG916MK,pasadas_2026-07-08_5009A02027769.csv,AUSA
3f84c65b-2718-485d-bd22-337a1ed6956b,2026-07-26 09:11:58+00,6000.00,AF202UU,ConsumosResumen.xlsx,CORREDORES VIALES SA
3f90f63b-781b-42d7-a16e-9477ae43d19f,2026-07-06 14:15:27+00,13466.55,AF993HA,pasadas_2026-07-15_5364165.csv,AUBASA
3f9c3b74-cf6a-4dea-abe5-cd501e9eeda2,2026-07-23 05:00:34+00,15255.79,AD625QB,pasadas_2026-07-29_5009A02060191.csv,AUSA
3f9e9c8d-ec2c-42a5-aff7-f70dd537ce44,2026-07-05 20:52:46+00,5964.94,AG916MK,pasadas_2026-07-16_343555.csv,AUTOPISTA DEL OESTE
3fb1ea13-c9b2-4e68-9e57-76131d77aeca,2026-07-26 12:28:30+00,6044.83,AE831SI,pasadas_2026-07-29_5009A02060191.csv,AUSA
3ff312ca-a41b-4dc5-8784-43a66cfa52eb,2026-07-22 23:19:07+00,15255.79,AH543IQ,pasadas_2026-07-23_5009A02044703.csv,AUSA
400c6188-eeb2-425c-95d8-1bdbacac1644,2026-06-30 06:39:34+00,6000.00,EXT374,ConsumosResumen-202607-1.xlsx,CORREDORES VIALES SA
40390e3d-67fc-4624-b0fb-3dcc4462e54a,2026-07-22 16:56:25+00,6000.00,AE469PL,ConsumosResumen.xlsx,CORREDORES VIALES SA
4058760e-5ecb-400f-ac42-7fd583b1cc10,2026-07-05 17:34:44+00,4500.00,AE284KH,ConsumosResumen-202607-1.xlsx,CORREDORES VIALES SA
4059c4c5-f1b6-40be-8756-bda53e003df0,2026-07-17 11:51:54+00,6000.00,AG862VH,ConsumosResumen.xlsx,CORREDORES VIALES SA
4070375c-451f-41fc-a2a3-fb57ecd7c24f,2026-07-01 05:08:07+00,26933.11,AG916MK,pasadas_2026-07-15_5364164.csv,AUBASA
4070b7c4-6d2f-4fd4-8237-90d12724836c,2026-07-17 19:28:40+00,7500.00,AG507DK,ConsumosResumen.xlsx,CORREDORES VIALES SA
40782619-ea03-420a-9556-ccdbca7dc559,2026-07-01 19:32:29+00,4771.95,AC561DQ,pasadas_2026-07-16_343555.csv,AUTOPISTA DEL OESTE
407d7f0c-5f50-468d-a312-04082ba5d854,2026-07-21 16:34:06+00,8935.49,AE751PA,ConsumosResumen.xlsx,RUTAS SUR ATLANTICO S.A.
4086bf21-9d9e-4db6-9a8f-e157a7687a98,2026-07-21 20:30:41+00,6044.83,AG309CO,pasadas_2026-07-23_5009A02044703.csv,AUSA
4087829a-5504-4625-97af-cc2598712414,2026-07-03 22:43:30+00,7500.00,AH285SP,ConsumosResumen-202607-1.xlsx,CORREDORES VIALES SA
40adc131-22b4-490f-824e-f7964392a5cd,2026-06-28 22:47:32+00,6000.00,AC812DO,ConsumosResumen-202607-1.xlsx,CORREDORES VIALES SA
40bbaa66-7d95-4d1e-bbe0-90583c69891d,2026-06-29 20:35:13+00,9731.46,AG893YR,pasadas_2026-07-08_5009A02027769.csv,AUSA
40d2a162-6080-4dfc-95d3-4fcb5a1a6dc0,2026-06-30 22:12:52+00,6000.00,AF509QF,ConsumosResumen-202607-1.xlsx,CORREDORES VIALES SA
4108721f-8686-4f9b-8129-76d3a746a23b,2026-07-03 15:21:35+00,3976.59,AB456CQ,pasadas_2026-07-16_343555.csv,AUTOPISTA DEL OESTE
412629c3-112f-4bb3-9c16-5f821b7c0f0f,2026-07-01 19:33:25+00,6000.00,AA561YA,ConsumosResumen-202607-1.xlsx,RUTAS SUR ATLANTICO S.A.
41298a54-303d-4b7a-a65d-f16b2e3dc928,2026-06-30 22:26:14+00,6600.00,AG939HX,pasadas_2026-07-22_1947768.csv,UNIDAD EJECUTORA (SANTA FE)
4131984f-ec91-4c63-85ff-baa5132bfe54,2026-07-21 07:13:15+00,7500.00,AH272KN,ConsumosResumen.xlsx,CORREDORES VIALES SA
4132011f-3cb1-4e3d-bcf1-1615b26c2976,2026-07-06 02:01:30+00,6044.83,AF103ZL,pasadas_2026-07-08_5009A02027769.csv,AUSA
4137b64c-206f-4fbc-b30a-8504ce29b5df,2026-07-01 06:55:07+00,15255.79,AB247VR,pasadas_2026-07-08_5009A02027769.csv,AUSA
414367e8-3b23-4f08-8d25-c87a30e33f51,2026-07-13 16:06:27+00,8935.49,AH554RP,ConsumosResumen.xlsx,CORREDOR VIAL 5 S.A.U.
41453c69-6205-4ac5-966a-28108c26902a,2026-07-06 16:37:36+00,6000.00,AC812DO,ConsumosResumen-202607-1.xlsx,CORREDORES VIALES SA
4164dfc7-2061-4262-9df4-f23b39119500,2026-07-10 05:59:37+00,3976.59,OWG130,pasadas_2026-07-16_343555.csv,AUTOPISTA DEL OESTE
416bb328-5120-4e3d-8ff5-30becad29c84,2026-07-05 15:49:44+00,3000.00,AC295IE,ConsumosResumen-202607-1.xlsx,CORREDORES VIALES SA
4182dca1-de87-4d7e-b51f-67415ac4c072,2026-07-14 01:53:17+00,4970.74,AH351RT,pasadas_2026-07-16_493556.csv,AUSOL
418de927-5788-45c5-ab31-e853892af916,2026-07-11 19:38:45+00,6000.00,AC295IE,ConsumosResumen-202607-1.xlsx,CORREDORES VIALES SA
419e1054-21ed-4eb2-86fc-d2daab9c98e6,2026-07-26 07:37:15+00,7148.39,AH351RS,ConsumosResumen.xlsx,CORREDOR VIAL 5 S.A.U.
41a725e3-57d5-4c49-aa63-928712d98587,2026-06-30 07:51:22+00,6000.00,AD328WK,ConsumosResumen-202607-1.xlsx,CORREDORES VIALES SA
41abef05-1ef3-4bcc-8473-0f78c055b92c,2026-07-03 19:53:54+00,9935.82,AG939HX,pasadas_2026-07-08_5009A02027769.csv,AUSA
41bb9239-29a9-4750-a6f1-de515b064128,2026-07-14 15:54:17+00,14370.19,AF993HA,pasadas_2026-07-15_5364165.csv,AUBASA
41cc6523-669e-4fbb-9483-089bb60bc168,2026-07-27 12:29:14+00,9935.82,AD625QB,pasadas_2026-07-29_5009A02060191.csv,AUSA
41ddf2cf-9cf8-41e5-bfd9-5bd78aa833e2,2026-07-07 21:24:34+00,3976.59,AB151SM,pasadas_2026-07-16_343555.csv,AUTOPISTA DEL OESTE
41e6f214-00b6-4761-8af1-08a6ae65187c,2026-07-08 09:57:31+00,2805.54,AI348TS,pasadas_2026-07-15_5364165.csv,AUBASA
41f84eb6-944f-4daa-b205-940e9b0aa627,2026-07-08 09:27:37+00,33965.25,AG939HR,pasadas_2026-07-15_5009A02037803.csv,AUSA
41fa1bf2-79dd-47b9-b967-1017dce47fa7,2026-07-23 04:29:48+00,9935.82,AH351RT,pasadas_2026-07-29_5009A02060191.csv,AUSA
42008ff3-6577-4024-ac3a-f180607b43f9,2026-07-01 18:20:11+00,7500.00,AH800QT,ConsumosResumen-202607-1.xlsx,CORREDORES VIALES SA
42070387-9134-46fa-958a-e1956be10cf6,2026-07-07 11:50:16+00,4970.74,AI178ER,pasadas_2026-07-16_329454.csv,AUTOPISTA DEL OESTE
421984ca-439f-4e13-ad18-c6186da2a4e3,2026-07-16 11:35:25+00,15255.79,AC295IE,pasadas_2026-07-23_5009A02044703.csv,AUSA
4234c236-7107-4120-a7c5-69e14fbd9ecc,2026-07-03 10:58:37+00,6000.00,AF231PZ,ConsumosResumen-202607-1.xlsx,CORREDORES VIALES SA
42512423-9031-411d-b985-f6d5e381423e,2026-07-15 08:31:13+00,7500.00,AH543IQ,ConsumosResumen.xlsx,CORREDORES VIALES SA
425eaac4-7b50-4330-a1c4-14dab1ed4fd1,2026-06-29 11:08:01+00,6000.00,EXT374,ConsumosResumen-202607-1.xlsx,CORREDORES VIALES SA
426cd987-3a54-47f6-b2fc-c1ab8abe9daa,2026-07-05 14:45:14+00,6000.00,AB151SM,ConsumosResumen-202607-1.xlsx,CORREDORES VIALES SA
4288a153-7975-4d66-a125-52779014be83,2026-07-17 04:55:22+00,15255.79,AG893YR,pasadas_2026-07-23_5009A02044703.csv,AUSA
429a9495-efe9-4900-8ce5-2b008bfab7db,2026-07-19 20:09:32+00,7500.00,AH543IQ,ConsumosResumen.xlsx,CORREDORES VIALES SA
429b8426-0d34-4e75-ab9c-6476d38328f4,2026-07-04 02:51:45+00,6044.83,AF436WI,pasadas_2026-07-08_5009A02027769.csv,AUSA
429b87d1-9b40-4939-9624-e3060c8d4e32,2026-07-07 12:20:28+00,17400.00,AF103ZL,pasadas_2026-07-22_1947768.csv,UNIDAD EJECUTORA (SANTA FE)
42b2f04b-4e60-413d-89a9-e75d06dac87b,2026-07-03 13:05:45+00,3976.59,AB633TZ,pasadas_2026-07-16_343555.csv,AUTOPISTA DEL OESTE
42b90e4b-c259-477f-ac19-720788163cf2,2026-07-04 21:38:33+00,6000.00,AG309CO,ConsumosResumen-202607-1.xlsx,CORREDORES VIALES SA
42bf77f1-4e8e-41f0-8f5c-486a27530d94,2026-07-16 12:28:18+00,7744.12,AF791ER,ConsumosResumen.xlsx,RUTAS SUR ATLANTICO S.A.
42c85361-33ac-4ff4-96f7-ae5fe19ac5db,2026-07-08 19:49:27+00,33965.25,AG309CO,pasadas_2026-07-15_5009A02037803.csv,AUSA
42d1fee0-11f2-4468-baab-a4e51dd9ca44,2026-07-20 12:56:29+00,1439.11,AG249HS,pasadas_2026-07-23_5009A02044703.csv,AUSA
42f46193-c67b-41d5-8c0f-8ac201b17f69,2026-07-02 15:04:57+00,994.15,AG309CH,pasadas_2026-07-16_343555.csv,AUTOPISTA DEL OESTE
42fc4c8b-ff6d-49a5-b268-2288553da987,2026-07-28 19:01:37+00,33965.25,AC264UA,pasadas_2026-07-29_5009A02060191.csv,AUSA
42fd623f-b585-44fd-822b-fc717d7b945d,2026-07-01 16:59:32+00,4771.95,AC561DQ,pasadas_2026-07-16_343555.csv,AUTOPISTA DEL OESTE
430399ba-803a-4703-b75f-f885bec2aae4,2026-07-14 11:55:41+00,14370.19,AF091AI,pasadas_2026-07-15_5364164.csv,AUBASA
4305c852-6f27-4f6e-b893-a46ffc07fb11,2026-07-06 14:03:22+00,6044.83,AF993HA,pasadas_2026-07-15_5009A02037760.csv,AUSA
4309d715-2d2e-496c-9833-47e61d5be3fe,2026-07-09 08:41:27+00,7500.00,AH554RQ,ConsumosResumen-202607-1.xlsx,CORREDORES VIALES SA
43224b9e-25e5-4b95-b769-1811c78f1bb0,2026-07-10 06:35:57+00,4500.00,AF389UV,ConsumosResumen-202607-1.xlsx,CORREDORES VIALES SA
4333acbe-b08f-46b0-ae28-9d5e9e4af515,2026-07-21 19:13:47+00,7500.00,AG110LK,ConsumosResumen.xlsx,CORREDORES VIALES SA
433f271b-c49a-42a5-82c0-6d661482f591,2026-07-01 08:43:39+00,6000.00,AD239PP,ConsumosResumen-202607-1.xlsx,CORREDORES VIALES SA
43444718-f6fc-43ad-8f3d-5f6d16a47ed2,2026-07-06 01:39:31+00,13466.55,AG893YR,pasadas_2026-07-15_5364164.csv,AUBASA
434daa27-c8b7-4414-9672-6cb90a517af9,2026-07-07 13:18:09+00,13466.55,AG893YR,pasadas_2026-07-15_5364164.csv,AUBASA
435113c7-69e7-4126-bc27-f9ac31366cc3,2026-07-25 02:20:30+00,6044.83,AG893YR,pasadas_2026-07-29_5009A02060191.csv,AUSA
43745887-fe38-45fb-b42b-5d84707adc40,2026-07-15 09:46:50+00,31427.15,AD625QA,pasadas_2026-07-15_5364164.csv,AUBASA
437835ca-1962-4511-8203-53a21c31c544,2026-07-08 12:44:36+00,7500.00,AH251LE,ConsumosResumen-202607-1.xlsx,CORREDORES VIALES SA
438babaa-b0e8-499c-accd-3c26e99e7876,2026-07-04 02:32:47+00,15255.79,AF436WI,pasadas_2026-07-08_5009A02027769.csv,AUSA
4396e73b-949c-499b-a1a0-5eceb194d26a,2026-07-14 06:05:15+00,7500.00,AH800QT,ConsumosResumen.xlsx,CORREDORES VIALES SA
43a6cb88-9f6b-4781-a785-52d7f7e39037,2026-07-04 22:10:19+00,6044.83,AH543IQ,pasadas_2026-07-08_5009A02027769.csv,AUSA
43c1f75a-766d-4230-a2d0-c772ee753c9d,2026-07-23 15:38:58+00,9935.82,AF993HA,pasadas_2026-07-29_5009A02052902.csv,AUSA
43da546d-c9a0-4c7f-add7-3406e09bbf24,2026-07-01 20:33:03+00,7500.00,AG862VH,ConsumosResumen-202607-1.xlsx,CORREDORES VIALES SA
43f50ffc-99db-48a8-b2f6-103c70517903,2026-07-25 15:34:03+00,15255.79,AH729QW,pasadas_2026-07-29_5009A02060191.csv,AUSA
4404b002-9077-493f-8813-d78d8b029249,2026-06-26 10:51:04+00,8400.00,AF136HN,pasadas_2026-07-22_1947768.csv,UNIDAD EJECUTORA (SANTA FE)
440643d0-a48c-4c59-96de-a2d6bb13922f,2026-07-23 04:36:53+00,7500.00,AH543IQ,ConsumosResumen.xlsx,CORREDORES VIALES SA
44133dcd-ea1e-4168-9d3f-b32a4a180024,2026-07-05 07:50:13+00,6000.00,AG939HR,ConsumosResumen-202607-1.xlsx,CORREDORES VIALES SA
4420a155-d576-496f-b2ba-07faeaea90ee,2026-06-29 21:29:46+00,7500.00,AH800QR,ConsumosResumen-202607-1.xlsx,CORREDORES VIALES SA
44584408-5a93-461f-bbb5-ee30d3d9863d,2026-07-07 19:20:09+00,5964.94,AH729QW,pasadas_2026-07-16_343555.csv,AUTOPISTA DEL OESTE
44656f2f-0d35-407a-80a6-e1c1138c0ef5,2026-07-03 10:07:18+00,7500.00,AG862VH,ConsumosResumen-202607-1.xlsx,CORREDORES VIALES SA
446ab049-673c-497d-9c14-790927efd964,2026-07-04 22:25:43+00,13466.55,AF993HA,pasadas_2026-07-15_5364165.csv,AUBASA
44776fa3-e618-413a-8f65-5605c46893d9,2026-07-04 13:24:45+00,6000.00,AA561YA,ConsumosResumen-202607-1.xlsx,CORREDORES VIALES SA
4485a187-32ec-4a4a-affa-bd59b525f18a,2026-07-15 22:10:00+00,1500.00,AG309CH,ConsumosResumen.xlsx,CORREDORES VIALES SA
448a188d-d273-4d85-a580-d619e502495b,2026-07-20 11:16:55+00,15255.79,AI178ER,pasadas_2026-07-29_5009A02052902.csv,AUSA
449c4a64-9a4c-44af-a01f-b89be8763b15,2026-07-04 23:26:40+00,4970.74,AH185KI,pasadas_2026-07-16_343555.csv,AUTOPISTA DEL OESTE
44b0d92c-9499-4c9a-865a-85c0ac7cb7da,2026-07-27 14:28:53+00,6000.00,AE469PL,ConsumosResumen.xlsx,CORREDORES VIALES SA
44b5f351-de6e-4db0-a7dc-442ad734ddd1,2026-07-18 06:04:26+00,7500.00,AH543IQ,ConsumosResumen.xlsx,CORREDORES VIALES SA
44bacb8e-f5c4-486b-a69b-cd174c3fd8cf,2026-07-17 17:30:05+00,7500.00,AE952TH,ConsumosResumen.xlsx,CORREDORES VIALES SA
44dd4398-e9b2-4cfb-bd55-a89e29105361,2026-07-21 17:17:57+00,16982.69,AG507DK,pasadas_2026-07-23_5009A02044703.csv,AUSA
44e3d5cb-b4dc-4d28-a7c5-5952c7906a28,2026-07-10 14:47:14+00,1500.00,AG533MF,ConsumosResumen-202607-1.xlsx,CORREDORES VIALES SA
44e695dc-7d09-4be6-b299-35f7749ade39,2026-07-15 09:43:11+00,6000.00,AD482MT,ConsumosResumen.xlsx,CORREDORES VIALES SA
45137bcd-4a23-4858-8dfa-ea0a0a84e1d9,2026-07-03 13:43:48+00,3976.59,EXT374,pasadas_2026-07-16_343555.csv,AUTOPISTA DEL OESTE
45339fe1-c728-4564-a909-d86c64a32b1d,2026-07-14 13:46:52+00,3976.59,AE469PH,pasadas_2026-07-16_343555.csv,AUTOPISTA DEL OESTE
4535fdc6-83c8-4647-825b-9953b67bc586,2026-07-05 22:04:33+00,11222.12,AG507DK,pasadas_2026-07-15_5364164.csv,AUBASA
45443f7b-8176-45ff-9a3b-3d3aaaa341e6,2026-07-06 16:19:47+00,4771.95,AB456CQ,pasadas_2026-07-16_343555.csv,AUTOPISTA DEL OESTE
45623ce0-c17c-4c9e-b4b6-0dc6654b2156,2026-07-03 14:26:46+00,6000.00,AB456CU,ConsumosResumen-202607-1.xlsx,CORREDORES VIALES SA
458af475-b408-4383-8a67-8d06516063e8,2026-07-01 10:55:11+00,4771.95,AB456CP,pasadas_2026-07-16_493556.csv,AUSOL
45b0858d-ed90-408b-b40d-44c8b438421a,2026-07-07 19:27:28+00,7148.39,AG822HO,ConsumosResumen.xlsx,CORREDOR VIAL 5 S.A.U.
45b94ae1-fe2b-487d-a9a1-3f829cf01916,2026-07-24 11:30:01+00,7500.00,AG939HX,ConsumosResumen.xlsx,CORREDORES VIALES SA
45c74d89-bc80-4673-8469-28f93483b1f5,2026-06-29 13:47:53+00,6000.00,AE469PL,ConsumosResumen-202607-1.xlsx,CORREDORES VIALES SA
45ca07ef-5d32-40c4-96e5-747c0ede5f18,2026-06-29 13:28:40+00,1500.00,AG249HS,ConsumosResumen-202607-1.xlsx,CORREDORES VIALES SA
45cafe5d-f739-4c39-9f8b-1977e95f93d5,2026-07-14 22:55:47+00,1500.00,AG309CH,ConsumosResumen.xlsx,CORREDORES VIALES SA
45ce0b55-f073-42d8-a076-9a9148ea09f6,2026-07-06 05:59:13+00,13466.55,AH351RT,pasadas_2026-07-15_5364164.csv,AUBASA
45e240f3-4797-42dd-92da-51a08feca5d1,2026-07-27 05:25:32+00,6044.83,AD625QB,pasadas_2026-07-29_5009A02060191.csv,AUSA
45e3fb32-cc92-49b1-ab57-1ed10cfc31c3,2026-07-02 10:02:59+00,6000.00,AD328WK,ConsumosResumen-202607-1.xlsx,CORREDORES VIALES SA
45f501ac-43e8-4dd3-a25d-dbea1822fb87,2026-07-03 15:44:29+00,6000.00,AF509QF,ConsumosResumen-202607-1.xlsx,CORREDORES VIALES SA
4612b12e-8da1-4363-9d15-cd5001cd7d0a,2026-07-07 12:35:36+00,3976.59,AB151SM,pasadas_2026-07-16_343555.csv,AUTOPISTA DEL OESTE
465f6843-6bab-4361-a91c-6ec146c22014,2026-07-10 16:34:26+00,6000.00,AF136HN,ConsumosResumen-202607-1.xlsx,CORREDORES VIALES SA
4664d23b-8ca1-4cc3-a666-bf03dc19536d,2026-07-24 11:04:26+00,7500.00,AH729QW,ConsumosResumen.xlsx,CORREDORES VIALES SA
46650828-6683-462f-8ecf-8ce8fd7d4bb0,2026-07-03 20:50:34+00,6044.83,AG916MK,pasadas_2026-07-08_5009A02027769.csv,AUSA
4692f270-c7cc-4fc7-a9b7-fe52ed8c5fcc,2026-07-14 18:03:52+00,7500.00,AG507DK,ConsumosResumen.xlsx,CORREDORES VIALES SA
46b0d14e-4038-4e89-9672-ac00a4839adc,2026-07-18 07:01:17+00,9935.82,AF103ZL,pasadas_2026-07-23_5009A02044703.csv,AUSA
46c60edb-4ed5-4e93-9008-3d7594ababe6,2026-07-19 09:27:01+00,7500.00,AH351RT,ConsumosResumen.xlsx,CORREDORES VIALES SA
46cd71b5-7321-46e2-9bd8-469e8878909b,2026-07-22 21:24:42+00,15255.79,AF202UU,pasadas_2026-07-23_5009A02044703.csv,AUSA
46d01354-a637-4159-9090-37daaec28251,2026-07-27 05:59:16+00,6044.83,AB151SM,pasadas_2026-07-29_5009A02060191.csv,AUSA
46e4fdfa-3cf2-44fd-8d2d-9aa611906012,2026-07-20 08:27:12+00,7500.00,AH351RT,ConsumosResumen.xlsx,CORREDORES VIALES SA
46e843ba-8ccb-494a-ac95-f7ca72d8a079,2026-06-30 12:30:06+00,6000.00,AF411UY,ConsumosResumen-202607-1.xlsx,CORREDORES VIALES SA
46ee0f21-24cb-4b85-9813-84a293d327cd,2026-07-21 04:47:15+00,6044.83,AC295IE,pasadas_2026-07-23_5009A02044703.csv,AUSA
46ef0194-d6b4-4c38-a081-7321cb51d3f5,2026-07-20 06:24:35+00,9935.82,AI178ER,pasadas_2026-07-29_5009A02052902.csv,AUSA
46f0c1a3-81e2-492a-8214-63cb1d910305,2026-07-03 14:01:41+00,13466.55,AF436WI,pasadas_2026-07-15_5364164.csv,AUBASA
4714b40a-dfda-43c8-a31a-72c28a75bdad,2026-07-10 15:26:24+00,3976.59,EXT374,pasadas_2026-07-16_343555.csv,AUTOPISTA DEL OESTE
471d91a4-a280-4d98-aaaa-8b52076038ae,2026-07-03 13:41:19+00,13466.55,AF436WI,pasadas_2026-07-15_5364164.csv,AUBASA
4768cf24-1207-4853-a69c-fae7f7e6c6ac,2026-07-06 07:42:24+00,4771.95,AE469PH,pasadas_2026-07-16_343555.csv,AUTOPISTA DEL OESTE
4772ac9f-f924-420f-b302-f18b011eb97d,2026-07-03 05:49:56+00,3976.59,AC264UA,pasadas_2026-07-16_343555.csv,AUTOPISTA DEL OESTE
47753e7f-6f70-4f51-bd57-000b31387a02,2026-07-02 19:28:27+00,4771.95,AB247VR,pasadas_2026-07-16_343555.csv,AUTOPISTA DEL OESTE
47a600b1-1cbe-41c6-b8a5-f234359d2b35,2026-07-02 17:22:54+00,4771.95,AB633TZ,pasadas_2026-07-16_343555.csv,AUTOPISTA DEL OESTE
47a9d95e-3146-4e44-96c5-0c3555da29f2,2026-07-04 13:46:11+00,5964.94,AH351RT,pasadas_2026-07-16_343555.csv,AUTOPISTA DEL OESTE
47b2b08f-fea8-411c-aa76-556ef7c2b6d7,2026-07-17 10:45:22+00,8935.49,AH554RQ,ConsumosResumen.xlsx,CORREDOR VIAL 5 S.A.U.
47b3c57e-776e-4b24-a8f7-f45b6e99e91c,2026-07-20 15:15:22+00,6000.00,AG862VH,ConsumosResumen.xlsx,CORREDORES VIALES SA
47bfab3f-6c70-4c23-b3af-a899dddd8661,2026-07-06 12:52:49+00,9935.82,AB456CP,pasadas_2026-07-08_5009A02027769.csv,AUSA
47e8a2a5-96e6-4b09-abee-64ff931c0231,2026-07-14 17:20:06+00,6000.00,AG939HX,ConsumosResumen.xlsx,CORREDORES VIALES SA
4814d129-2620-4628-b239-8958a1060f97,2026-07-24 21:03:57+00,6000.00,AB151SM,ConsumosResumen.xlsx,CORREDORES VIALES SA
48411bbc-e4c7-4c6a-bd79-919fa7b2d27b,2026-07-05 21:30:10+00,6195.30,AG916MK,ConsumosResumen.xlsx,RUTAS SUR ATLANTICO S.A.
4855ab03-8661-4339-81cc-5bd758d7c793,2026-07-04 04:42:24+00,7500.00,AH543IQ,ConsumosResumen-202607-1.xlsx,CORREDORES VIALES SA
48a318f5-3221-4cc2-b224-08da82ab6083,2026-07-27 06:09:07+00,9935.82,AC264UA,pasadas_2026-07-29_5009A02060191.csv,AUSA
48ac95de-e1b9-408a-a8e3-790993bbd28e,2026-07-25 10:02:43+00,6000.00,AG939HR,ConsumosResumen.xlsx,CORREDORES VIALES SA
48c925b0-11f5-4186-aa6a-251d8c775ca3,2026-07-07 13:51:20+00,13466.55,AG309CO,pasadas_2026-07-15_5364164.csv,AUBASA
48fd8966-b060-4f28-a62d-73ed436675a1,2026-07-13 11:29:52+00,7500.00,AH543IQ,ConsumosResumen.xlsx,CORREDORES VIALES SA
49038b26-88ef-446f-ac1d-03d41f759120,2026-07-11 20:51:40+00,7148.39,AG822HO,ConsumosResumen.xlsx,CORREDOR VIAL 5 S.A.U.
491fb889-313d-4912-83ee-6eb7fa568dc0,2026-06-29 19:42:47+00,6000.00,AH033DL,ConsumosResumen-202607-1.xlsx,CORREDORES VIALES SA
4949fd49-4a46-4e28-8eaf-72989684bb5b,2026-07-18 06:50:53+00,15255.79,AF103ZL,pasadas_2026-07-23_5009A02044703.csv,AUSA
4959f6ba-1c2f-4032-8a37-9d4ae65fbbca,2026-07-03 09:52:01+00,7500.00,AE831SI,ConsumosResumen-202607-1.xlsx,CORREDORES VIALES SA
4979ca59-02d1-4668-9873-7d54c454c4de,2026-07-25 10:23:05+00,6000.00,AF136HN,ConsumosResumen.xlsx,CORREDORES VIALES SA
4982f4d3-e866-4382-8e57-597e945a485c,2026-07-21 13:57:56+00,3000.00,AC295IE,ConsumosResumen.xlsx,CORREDORES VIALES SA
49bd0be9-9bdc-4b10-a007-4198d7cb850e,2026-06-30 10:26:58+00,6000.00,AG309CO,ConsumosResumen-202607-1.xlsx,CORREDORES VIALES SA
49e1ab0e-6c37-4b1c-b4bf-05feee00c483,2026-07-18 18:37:02+00,7500.00,AE831SI,ConsumosResumen.xlsx,CORREDORES VIALES SA
49e60625-dc52-4372-836f-ab0522bbbc0b,2026-07-07 14:59:49+00,7500.00,AE469PH,ConsumosResumen-202607-1.xlsx,CORREDORES VIALES SA
49f0dcb0-3fcf-4d91-8513-b3dc38155067,2026-07-17 10:37:38+00,3574.19,AE952TH,ConsumosResumen.xlsx,RUTAS SUR ATLANTICO S.A.
4a09f950-30b0-4035-b813-49b47759059b,2026-07-16 15:14:19+00,1500.00,AD255OC,ConsumosResumen.xlsx,CORREDORES VIALES SA
4a1cfff3-99f4-4f7a-bb44-64d27e9fa8a4,2026-07-25 11:35:51+00,9935.82,AF103ZL,pasadas_2026-07-29_5009A02060191.csv,AUSA
4a1da9b8-d9c9-4bc2-a50f-76ac1c0cb006,2026-07-08 22:56:21+00,994.15,AI348TS,pasadas_2026-07-16_493557.csv,AUSOL
4a2266bb-767b-473b-9d55-0c29c0415cd0,2026-07-20 14:04:33+00,1500.00,AG533MF,ConsumosResumen.xlsx,CORREDORES VIALES SA
4a26014f-b027-487c-9555-fc934accd060,2026-07-02 06:00:09+00,21000.00,AH800QT,pasadas_2026-07-22_1947768.csv,UNIDAD EJECUTORA (SANTA FE)
4a35ce6f-c895-4b1a-b6fb-c7950bab3190,2026-07-20 17:21:53+00,6000.00,AF202UU,ConsumosResumen.xlsx,CORREDORES VIALES SA
4a4372ec-ad22-4c46-bc9a-87b4252eb293,2026-07-06 13:41:14+00,3976.59,AF411UY,pasadas_2026-07-16_343555.csv,AUTOPISTA DEL OESTE
4a4a6a82-55e6-45b8-98c8-0d3e92b5106a,2026-07-08 12:21:26+00,3976.59,EXT374,pasadas_2026-07-16_343555.csv,AUTOPISTA DEL OESTE
4a4f2fe6-a832-48b0-b0b0-4d9fffe6f159,2026-06-26 08:33:42+00,1500.00,AG309CH,ConsumosResumen-202607-1.xlsx,CORREDORES VIALES SA
4a5f3591-ee23-4317-88d7-bf484ec78a9d,2026-07-13 04:48:55+00,6000.00,AE454PH,ConsumosResumen.xlsx,CORREDORES VIALES SA
4a726668-7af6-4175-b042-08536ae58456,2026-07-01 20:48:56+00,26933.11,AH543IQ,pasadas_2026-07-15_5364164.csv,AUBASA
4a77d70d-7c98-449b-8344-393a71b90a95,2026-07-03 15:22:16+00,3976.59,AF103ZL,pasadas_2026-07-16_343555.csv,AUTOPISTA DEL OESTE
4a792a40-2055-4d3d-a088-eedae11699b1,2026-07-21 05:28:36+00,6000.00,OWG130,ConsumosResumen.xlsx,CORREDORES VIALES SA
4a9443fe-b9c1-454e-9dd6-38327eeb5def,2026-07-10 06:51:48+00,15255.79,AB633TZ,pasadas_2026-07-15_5009A02037803.csv,AUSA
4a955c52-9f6a-4a3b-ade5-ae02c6302507,2026-07-09 19:51:20+00,6000.00,AD328WK,ConsumosResumen-202607-1.xlsx,CORREDORES VIALES SA
4ab9e6fe-add2-4285-a2cc-41b934cd0385,2026-07-09 05:30:52+00,994.15,AG249HS,pasadas_2026-07-16_493556.csv,AUSOL
4ac018d4-5aa1-43e1-8df6-d0d3261bb8f6,2026-07-13 11:47:31+00,4970.74,AG916MK,pasadas_2026-07-16_343555.csv,AUTOPISTA DEL OESTE
4ac331c1-3546-41dc-81ae-12f68f087e1e,2026-07-21 02:36:43+00,6000.00,AG893YR,ConsumosResumen.xlsx,CORREDORES VIALES SA
4aea33f7-69b2-4e55-8f07-564dc9d0d20d,2026-07-27 13:59:25+00,6044.83,AG309CO,pasadas_2026-07-29_5009A02060191.csv,AUSA
4af75cdf-4230-4a17-a3a8-82eb8ee9d9cd,2026-07-27 03:23:05+00,6000.00,AB456CU,ConsumosResumen.xlsx,CORREDORES VIALES SA
4b0de890-feb5-4450-9e41-d7e228a3ae35,2026-07-22 15:08:31+00,6000.00,AD985XP,ConsumosResumen.xlsx,CORREDORES VIALES SA
4b1fefef-4a6b-4e78-90f6-51beaa18cedd,2026-07-01 11:12:40+00,6000.00,AG862VH,ConsumosResumen-202607-1.xlsx,CORREDORES VIALES SA
4b2527b3-7a93-4b76-8041-c1b60f526f52,2026-07-06 04:38:36+00,1500.00,AG533MF,ConsumosResumen-202607-1.xlsx,CORREDORES VIALES SA
4b2a2349-3d93-4b79-9463-85374dce8507,2026-07-01 00:14:53+00,6044.83,AG916MK,pasadas_2026-07-08_5009A02027769.csv,AUSA
4b3624a5-e2a6-4a03-afaf-606472780ddb,2026-07-10 13:21:03+00,6000.00,AD096FX,ConsumosResumen-202607-1.xlsx,CORREDORES VIALES SA
4b420f1c-a0cd-4e47-9f70-db6544b1e4db,2026-07-26 21:35:07+00,6044.83,AG507DK,pasadas_2026-07-29_5009A02060191.csv,AUSA
4b4b47ec-6a36-4efd-9d08-22ac9e6ddb7c,2026-07-14 14:45:35+00,7500.00,AE469PH,ConsumosResumen.xlsx,CORREDORES VIALES SA
4b5284e3-2917-4202-92d5-0bd0700e3e35,2026-06-29 17:36:38+00,6000.00,AG939HR,ConsumosResumen-202607-1.xlsx,CORREDORES VIALES SA
4b72098a-98ec-4865-ad2d-667ae893e6af,2026-06-29 05:12:26+00,5200.00,AD985XP,pasadas_2026-07-03_3313955.csv,CORREDORES VIALES SA
4b874d6d-18b4-42ba-a84a-72bd99646f35,2026-07-23 18:41:24+00,9935.82,AG893YR,pasadas_2026-07-29_5009A02060191.csv,AUSA
4b96a1df-0495-4094-aeec-0ca26afa2744,2026-07-01 16:48:56+00,4771.95,AB633TY,pasadas_2026-07-16_343555.csv,AUTOPISTA DEL OESTE
4ba57e02-904e-4f69-ac65-ccafdc9a9342,2026-07-06 12:59:08+00,9935.82,AI348TS,pasadas_2026-07-15_5009A02037760.csv,AUSA
4ba8ae7e-bab6-40d8-b930-4be96e60a457,2026-07-13 15:20:36+00,7500.00,AF533SR,ConsumosResumen.xlsx,CORREDORES VIALES SA
4bac7101-acc5-49ce-ad38-a6d6e7096131,2026-07-14 01:02:22+00,1548.82,AH351RT,ConsumosResumen.xlsx,RUTAS SUR ATLANTICO S.A.
4bb36918-3df7-4c70-8a5a-3ed063a59d49,2026-07-07 10:19:50+00,8935.49,AG507DK,ConsumosResumen.xlsx,RUTAS SUR ATLANTICO S.A.
4bb9943a-7409-4bd9-b148-0cd49577e801,2026-07-13 22:44:29+00,6000.00,AE469PL,ConsumosResumen.xlsx,CORREDORES VIALES SA
4bcd5ef8-89f8-4686-a3d9-f47df56a78cf,2026-06-29 16:06:48+00,9731.46,AD985XP,pasadas_2026-07-08_5009A02027769.csv,AUSA
4be69404-f03c-4807-b1c4-3cea801b0d7d,2026-07-10 13:28:15+00,3976.59,AB247VR,pasadas_2026-07-16_343555.csv,AUTOPISTA DEL OESTE
4bef4493-53be-4461-8b82-a7a6eb09b62d,2026-07-04 09:47:13+00,6000.00,AF791ER,ConsumosResumen-202607-1.xlsx,CORREDORES VIALES SA
4bf2c56c-e9c5-4f54-aca1-772e0cb1520c,2026-07-16 04:38:21+00,1500.00,AG309CH,ConsumosResumen.xlsx,CORREDORES VIALES SA
4c29ffd7-8bdc-4ef1-a4c5-678b8dc1edde,2026-07-15 06:01:04+00,3976.59,AC295IE,pasadas_2026-07-16_343555.csv,AUTOPISTA DEL OESTE
4c556990-e396-4ba8-8727-f9d646786795,2026-07-01 20:31:48+00,6000.00,AG939HR,ConsumosResumen-202607-1.xlsx,CORREDORES VIALES SA
4c595a3e-fd3d-42db-8186-c996a77a7704,2026-07-02 23:39:26+00,7500.00,AF533SR,ConsumosResumen-202607-1.xlsx,CORREDORES VIALES SA
4c5cc49b-6509-4a9a-9f15-e38b4e4bc889,2026-07-22 04:33:44+00,7744.12,AH351RT,ConsumosResumen.xlsx,RUTAS SUR ATLANTICO S.A.
4c6ea747-cc68-462c-a1e2-5a7b01bbdd8e,2026-07-02 18:53:39+00,33666.39,AG916MK,pasadas_2026-07-15_5364164.csv,AUBASA
4caf1ce8-75d6-4b73-9108-2f66abb8e454,2026-07-23 18:30:09+00,8935.49,AG507DK,ConsumosResumen.xlsx,RUTAS SUR ATLANTICO S.A.
4cd23337-af8e-45d5-84fc-69f1c87672be,2026-07-01 17:00:58+00,4771.95,AB247VR,pasadas_2026-07-16_343555.csv,AUTOPISTA DEL OESTE
4cd3d8d2-2d8d-404f-a493-76fc657dda14,2026-07-13 12:28:33+00,6195.30,AG916MK,ConsumosResumen.xlsx,RUTAS SUR ATLANTICO S.A.
4cd55677-c98d-4992-aa02-ab815e89f02d,2026-07-08 12:33:04+00,7500.00,AH185KI,ConsumosResumen-202607-1.xlsx,CORREDORES VIALES SA
4cfa3e6c-e298-4428-9599-0ee3f1a310f3,2026-07-03 10:32:42+00,4771.95,AE952TH,pasadas_2026-07-16_343555.csv,AUTOPISTA DEL OESTE
4d0b15c6-9832-49e9-b941-b34adc236545,2026-07-21 17:12:07+00,6000.00,AG309CO,ConsumosResumen.xlsx,CORREDORES VIALES SA
4d2b6fb9-b3c8-41bb-a84e-caf1a257d242,2026-07-01 17:52:00+00,16833.20,AH543IQ,pasadas_2026-07-15_5364164.csv,AUBASA
4d37c82d-378b-46b1-9d5b-623b8102e0ad,2026-07-27 23:28:33+00,6195.30,AF202UU,ConsumosResumen.xlsx,RUTAS SUR ATLANTICO S.A.
4d3a6e63-aafd-4d5e-91fe-a1c1e39f4bd8,2026-07-15 08:40:41+00,1192.99,AI042WA,pasadas_2026-07-16_329454.csv,AUTOPISTA DEL OESTE
4d41fd25-2c70-4dc3-b00b-729b68ee5351,2026-06-28 19:19:53+00,5200.00,AG507DK,pasadas_2026-07-03_3313955.csv,CORREDORES VIALES SA
4d56dc9a-bc07-4c0f-8b59-b14b8c87dbdb,2026-07-09 17:11:19+00,6044.83,AF202UU,pasadas_2026-07-15_5009A02037803.csv,AUSA
4d6be31d-11eb-4186-b3a2-175cb0bfb3dd,2026-07-24 14:21:44+00,15255.79,AG939HR,pasadas_2026-07-29_5009A02060191.csv,AUSA
4d8139c7-395b-4371-bc99-34e41411fdf0,2026-07-20 19:15:07+00,3574.19,AG893YR,ConsumosResumen.xlsx,RUTAS SUR ATLANTICO S.A.
4d82742b-e0c5-4c52-8c7e-8c111a9dd941,2026-07-17 06:12:25+00,1500.00,AG249HS,ConsumosResumen.xlsx,CORREDORES VIALES SA
4d89ff70-4b84-4d63-a005-97228203c907,2026-06-30 17:09:45+00,1500.00,AD584GR,ConsumosResumen-202607-1.xlsx,CORREDORES VIALES SA
4d922e8c-336f-4eb4-8e11-6bfabdafb775,2026-07-23 00:00:55+00,1548.82,AG916MK,ConsumosResumen.xlsx,RUTAS SUR ATLANTICO S.A.
4d925931-9940-43b6-affa-701ad7c9465d,2026-07-10 11:59:59+00,994.15,AI348TS,pasadas_2026-07-16_493557.csv,AUSOL
4daba881-f432-4a57-ba64-c07f099dbede,2026-07-27 13:25:02+00,1500.00,AG249HS,ConsumosResumen.xlsx,CORREDORES VIALES SA
4dd463f3-c422-487d-aad4-e094d2a33c41,2026-07-07 09:54:54+00,4771.95,AB247VR,pasadas_2026-07-16_343555.csv,AUTOPISTA DEL OESTE
4dda6b79-0dba-42f0-8dbd-21d06cfb87b1,2026-07-01 17:36:00+00,14027.67,AE751PA,pasadas_2026-07-15_5364164.csv,AUBASA
4e34b38a-34c0-4ba8-bfb9-b87b73994ded,2026-07-14 16:26:24+00,14370.19,AF091AI,pasadas_2026-07-15_5364164.csv,AUBASA
4e700441-a898-4f4e-ba65-aeafdd315f1b,2026-07-10 05:31:56+00,7500.00,AE469PH,ConsumosResumen-202607-1.xlsx,CORREDORES VIALES SA
4e73a634-0c6e-4517-ab65-76b2e492e49d,2026-07-02 05:39:53+00,6000.00,AD239PP,ConsumosResumen-202607-1.xlsx,CORREDORES VIALES SA
4e7766dd-bf0d-4af4-871f-0a5254266baf,2026-07-22 04:50:15+00,3097.65,AH351RT,ConsumosResumen.xlsx,RUTAS SUR ATLANTICO S.A.
4e90bc30-c60e-4673-91b8-5f2020e81652,2026-07-09 23:29:21+00,7148.39,AH351RS,ConsumosResumen.xlsx,CORREDOR VIAL 5 S.A.U.
4ea368cb-7612-44e0-8691-e2a0f6215ef6,2026-07-18 08:37:46+00,6000.00,AB151SM,ConsumosResumen.xlsx,CORREDORES VIALES SA
4eab0629-3f80-4e23-a316-35de57bf4889,2026-07-21 04:35:02+00,15255.79,AD625QB,pasadas_2026-07-23_5009A02044703.csv,AUSA
4eb08863-36b6-4e53-abf7-f5be68cea341,2026-07-27 14:46:31+00,1548.82,AB151SM,ConsumosResumen.xlsx,RUTAS SUR ATLANTICO S.A.
4eb533bf-0ce6-463f-bfc9-b70a54d6fb65,2026-07-04 16:36:21+00,8935.49,AH554RQ,ConsumosResumen.xlsx,CORREDOR VIAL 5 S.A.U.
4ed60a02-5d08-4e25-894a-24cd4a1adc0c,2026-07-03 06:58:43+00,6044.83,AB456CQ,pasadas_2026-07-08_5009A02027769.csv,AUSA
4edb2188-1a09-4704-8a7f-be177fc0247d,2026-07-05 10:10:38+00,4970.74,AH543IQ,pasadas_2026-07-16_343555.csv,AUTOPISTA DEL OESTE
4eedc9fc-0b21-4baa-b082-72378798efbe,2026-07-01 12:18:17+00,26933.11,AF993HA,pasadas_2026-07-15_5364165.csv,AUBASA
4efa082a-07d2-4ad5-92fc-33ec32e5e0fa,2026-07-09 17:03:58+00,9935.82,AF202UU,pasadas_2026-07-15_5009A02037803.csv,AUSA
4f328fd5-1d65-4bdb-8a38-8536b734c0de,2026-07-06 00:36:32+00,994.15,AG533MF,pasadas_2026-07-16_493556.csv,AUSOL
4f3faba2-7fdf-4ff6-8ddf-1e5f535d218d,2026-07-24 00:15:39+00,6000.00,AF136HN,ConsumosResumen.xlsx,CORREDORES VIALES SA
4fa236e0-7521-4bff-b037-2aebc7a0f0db,2026-07-06 01:35:00+00,9935.82,AG893YR,pasadas_2026-07-08_5009A02027769.csv,AUSA
4fb32845-155d-4660-9640-d1e8bec6bc83,2026-07-20 17:35:50+00,6000.00,AF103ZL,ConsumosResumen.xlsx,CORREDORES VIALES SA
4fc04719-66f1-4b91-8af9-58d3f2c7a21e,2026-07-02 11:13:49+00,3976.59,AB633TY,pasadas_2026-07-16_493556.csv,AUSOL
4fc939f0-3a4b-4ecb-bbaf-bccd6c5f56c5,2026-07-25 14:23:37+00,7148.39,AH351RS,ConsumosResumen.xlsx,CORREDOR VIAL 5 S.A.U.
4fec0884-19f0-45a4-b1b0-e910187a116a,2026-07-21 04:28:03+00,15255.79,AC295IE,pasadas_2026-07-23_5009A02044703.csv,AUSA
4ff25e7e-0bdf-43c9-b603-b57b756415b4,2026-07-23 22:04:44+00,6000.00,AG916MK,ConsumosResumen.xlsx,CORREDORES VIALES SA
5009cafb-6fd9-4b4b-99df-8e2f7e1e61b2,2026-07-06 21:37:25+00,15255.79,AA561YA,pasadas_2026-07-08_5009A02027769.csv,AUSA
50181d37-e55d-4ea8-a18b-41bd4adbf342,2026-07-13 22:05:07+00,7500.00,AG110LK,ConsumosResumen.xlsx,CORREDORES VIALES SA
50281b43-049a-4cd9-ba7b-be9d16b47310,2026-07-02 01:05:05+00,6000.00,AB456CU,ConsumosResumen-202607-1.xlsx,CORREDORES VIALES SA
50425de4-884a-46c7-8389-9c6b87d2d63a,2026-07-02 16:30:57+00,6000.00,AD482MT,ConsumosResumen-202607-1.xlsx,CORREDORES VIALES SA
5070447e-79f3-4955-b2c4-1be047e8ec64,2026-07-02 14:29:07+00,7500.00,AH554RQ,ConsumosResumen.xlsx,CORREDOR VIAL 5 S.A.U.
50800c13-58ee-40ab-a8d4-dd71609b8744,2026-07-01 00:26:34+00,13466.55,AG916MK,pasadas_2026-07-15_5364164.csv,AUBASA
50886eb7-0ae6-4b4d-b589-9479bcc922d5,2026-07-05 20:23:43+00,6000.00,AG939HX,ConsumosResumen-202607-1.xlsx,CORREDORES VIALES SA
508adc86-0f4e-436c-808d-caefe84e9ddf,2026-07-08 14:49:23+00,6044.83,AH185KI,pasadas_2026-07-15_5009A02037803.csv,AUSA
50e882ce-a4d5-420f-8f2f-81d9a9fccb2c,2026-07-02 14:54:57+00,7500.00,AF436WI,ConsumosResumen-202607-1.xlsx,CORREDORES VIALES SA
50f9de74-adb0-4968-a6dd-b7f06274d2a4,2026-07-20 14:09:50+00,6000.00,AG822HO,ConsumosResumen.xlsx,CORREDORES VIALES SA
51194242-ef49-440b-9df6-ba716fc77b13,2026-07-03 14:09:09+00,6000.00,AC561DQ,ConsumosResumen-202607-1.xlsx,CORREDORES VIALES SA
512a7a24-f201-4663-bcb3-e104b835ce19,2026-07-08 22:22:41+00,3976.59,AE952TH,pasadas_2026-07-16_343555.csv,AUTOPISTA DEL OESTE
51308c1e-14b6-4b85-b19a-47f7558738fd,2026-07-08 09:32:32+00,4895.18,AI348TS,pasadas_2026-07-15_5009A02037760.csv,AUSA
513d6956-1e52-40ff-b158-19c491493aa5,2026-07-27 18:42:24+00,6000.00,AF791ER,ConsumosResumen.xlsx,CORREDORES VIALES SA
51485a25-03d2-4d6a-9f3f-f8228ba0dea5,2026-07-06 21:11:20+00,4488.85,AI348TS,pasadas_2026-07-15_5364165.csv,AUBASA
51601aef-5f16-434c-8c3a-ff3904d2def2,2026-07-23 14:28:42+00,6044.83,AC561DQ,pasadas_2026-07-29_5009A02060191.csv,AUSA
5164461e-4f96-4cdb-af9f-1edb47439c72,2026-07-07 10:16:23+00,4771.95,AB247VR,pasadas_2026-07-16_343555.csv,AUTOPISTA DEL OESTE
516e787b-dfbe-46a2-92fb-e8b945e506e5,2026-07-18 20:30:09+00,8935.49,AH554RP,ConsumosResumen.xlsx,CORREDOR VIAL 5 S.A.U.
516f4373-4352-44d9-bf45-39f895a5ee48,2026-07-13 01:50:48+00,7500.00,AH185KI,ConsumosResumen.xlsx,CORREDORES VIALES SA
51821e68-6a51-4019-bd90-b3789d07210e,2026-07-06 16:26:06+00,9935.82,AE751PA,pasadas_2026-07-08_5009A02027769.csv,AUSA
5189c5aa-459b-430c-9949-d19bf2d133b7,2026-07-03 10:04:38+00,6000.00,AF411UY,ConsumosResumen-202607-1.xlsx,CORREDORES VIALES SA
51d4924f-886b-4d75-b171-04a9000f193f,2026-07-23 12:02:57+00,6000.00,AD625QA,ConsumosResumen.xlsx,CORREDORES VIALES SA
51d56629-171e-4a20-800f-7f25848c4044,2026-07-20 23:48:58+00,6195.30,AF231PZ,ConsumosResumen.xlsx,RUTAS SUR ATLANTICO S.A.
51fcae1d-fd5a-4bad-97ea-8e965ef43178,2026-06-28 02:30:31+00,6000.00,AG893YR,ConsumosResumen-202607-1.xlsx,CORREDORES VIALES SA
51fd2b86-00dc-49e3-989f-4ef29c0b594a,2026-07-13 21:11:26+00,6000.00,AD667DM,ConsumosResumen.xlsx,CORREDORES VIALES SA
521cd697-239c-4e9d-b20a-2cbfe54cc3b2,2026-07-17 16:20:11+00,4500.00,AF734UP,ConsumosResumen.xlsx,CORREDORES VIALES SA
522112ad-63b1-442b-8e73-470153053060,2026-07-06 16:32:43+00,16982.69,AE751PA,pasadas_2026-07-08_5009A02027769.csv,AUSA
52313a65-8214-4b31-9f05-57dc46ad2d60,2026-07-06 00:10:51+00,7500.00,AH729QW,ConsumosResumen-202607-1.xlsx,CORREDORES VIALES SA
5247d57d-e18e-442a-b62e-2c7832a25359,2026-07-10 16:31:44+00,7148.39,AG822HO,ConsumosResumen.xlsx,CORREDOR VIAL 5 S.A.U.
524d2293-89fa-41af-8859-4777091dd79f,2026-06-30 15:31:25+00,6000.00,AH033DL,ConsumosResumen-202607-1.xlsx,CORREDORES VIALES SA
525b6ea8-d9b9-418a-b872-b088b76f0d33,2026-07-23 18:43:48+00,7500.00,AE952TH,ConsumosResumen.xlsx,CORREDORES VIALES SA
5295213a-a647-4941-812f-329bb848eab9,2026-07-27 11:33:55+00,9935.82,AE952TH,pasadas_2026-07-29_5009A02060191.csv,AUSA
52ab5a1e-bf44-4437-b916-a185b54bae5d,2026-07-21 10:49:25+00,33965.25,AE751PA,pasadas_2026-07-23_5009A02044703.csv,AUSA
52c9d857-fa45-4fd3-a6c1-cd58730145ca,2026-07-03 21:34:31+00,15255.79,AG507DK,pasadas_2026-07-08_5009A02027769.csv,AUSA
52cceed8-0ff8-4174-bbb8-33e95b08a720,2026-07-02 13:07:49+00,5200.00,AG893YR,ConsumosResumen.xlsx,RUTAS SUR ATLANTICO S.A.
52f014e8-e38a-4410-8478-935ba8871b29,2026-07-04 22:09:05+00,6044.83,AF103ZL,pasadas_2026-07-08_5009A02027769.csv,AUSA
52fbf440-6e04-45ed-8078-29a0012daf12,2026-07-02 11:58:57+00,6000.00,AC812DO,ConsumosResumen-202607-1.xlsx,CORREDORES VIALES SA
53029b82-003e-4af5-98ee-5cb7342aac6d,2026-07-14 15:32:04+00,4500.00,AF436WI,ConsumosResumen.xlsx,CORREDORES VIALES SA
530fbf98-210b-498a-aaff-64b146e3609f,2026-06-23 21:19:01+00,17400.00,AC295IE,pasadas_2026-07-22_1947768.csv,UNIDAD EJECUTORA (SANTA FE)
5316b28c-4451-4518-b179-7187c04ac179,2026-07-22 16:11:51+00,16982.69,AG309CO,pasadas_2026-07-23_5009A02044703.csv,AUSA
532a4165-1cfa-4e0e-aa99-0a6639fd174b,2026-07-17 23:23:51+00,7148.39,AH351RS,ConsumosResumen.xlsx,CORREDOR VIAL 5 S.A.U.
533a307b-9092-4b8e-b67f-16e8ffc01498,2026-07-03 11:37:01+00,7500.00,AG507DK,ConsumosResumen-202607-1.xlsx,CORREDORES VIALES SA
533b03f6-66f7-4495-9f9d-cbd9ace253f7,2026-07-03 11:25:32+00,4500.00,AF436WI,ConsumosResumen-202607-1.xlsx,CORREDORES VIALES SA
53531a3b-df4a-452a-bbc1-5f8f5145b638,2026-07-08 21:36:03+00,6044.83,AH185KI,pasadas_2026-07-15_5009A02037803.csv,AUSA
53554439-0dba-4793-9fb0-f7c2aea2d350,2026-07-02 14:35:53+00,4500.00,AD625QB,ConsumosResumen-202607-1.xlsx,CORREDORES VIALES SA
535ef0a3-dcbb-47de-a6a3-1139b5372af3,2026-07-16 12:30:44+00,9935.82,AI348TS,pasadas_2026-07-29_5009A02052902.csv,AUSA
5386ef4d-bd10-46be-b02f-e3209c125c9f,2026-07-01 14:29:42+00,3976.59,AB247VR,pasadas_2026-07-16_343555.csv,AUTOPISTA DEL OESTE
5391b51f-ed97-4db1-a487-8150aacdb63d,2026-07-15 11:39:09+00,3976.59,EXT374,pasadas_2026-07-16_343555.csv,AUTOPISTA DEL OESTE
53aa70d3-de60-4827-9d4d-29883e5fea57,2026-07-12 21:05:38+00,14370.19,AG309CO,pasadas_2026-07-15_5364164.csv,AUBASA
53c43487-0560-49d6-9b25-ecfa0295475c,2026-07-11 18:02:07+00,7500.00,AF091AI,ConsumosResumen-202607-1.xlsx,CORREDORES VIALES SA
5407b53a-e632-4df7-9709-808858c459aa,2026-07-02 16:11:00+00,6000.00,AA561YA,ConsumosResumen-202607-1.xlsx,CORREDORES VIALES SA
541650e3-47b5-4d7d-8950-0ea44c4e4f4a,2026-07-21 13:11:52+00,5219.58,AH272KN,ConsumosResumen.xlsx,CONEXION ALTO DELTA S.A.
541dfcf1-ce27-4ee9-9c91-96dbe0c2516d,2026-07-02 09:13:40+00,7500.00,AH554RP,ConsumosResumen.xlsx,CORREDOR VIAL 5 S.A.U.
542a19b9-d581-4c74-bb84-71cf1282be78,2026-07-05 16:37:55+00,6000.00,AG939HX,ConsumosResumen-202607-1.xlsx,CORREDORES VIALES SA
54459944-3e6c-4e12-bece-49ea2b80d538,2026-07-06 15:33:17+00,6195.30,AG939HR,ConsumosResumen.xlsx,RUTAS SUR ATLANTICO S.A.
5446da41-fa1e-44cd-9b53-5b23b5259b73,2026-07-07 18:32:42+00,33666.39,AG893YR,pasadas_2026-07-15_5364164.csv,AUBASA
5486a215-7aee-49e7-bd88-d67bd1fbe370,2026-07-13 17:10:11+00,4771.95,AB151SM,pasadas_2026-07-16_343555.csv,AUTOPISTA DEL OESTE
54946f99-9456-46ef-b10c-c36ecc77f682,2026-07-13 05:15:07+00,9935.82,AI042WD,pasadas_2026-07-15_5009A02037760.csv,AUSA
549604c7-cf39-453b-b4d9-79ddc1969f52,2026-07-03 11:44:05+00,4970.74,AG939HR,pasadas_2026-07-16_493556.csv,AUSOL
54a00c41-dc31-4821-9cd9-7009807b323b,2026-07-16 11:22:40+00,15255.79,AB247VR,pasadas_2026-07-23_5009A02044703.csv,AUSA
54a21b10-814f-4a00-b1b3-38e7dbfe7a95,2026-06-29 17:15:05+00,7500.00,AF091AI,pasadas_2026-07-03_3313955.csv,CORREDORES VIALES SA
54a7651a-1f30-4e04-aa90-79a948d3950a,2026-06-30 09:49:00+00,7500.00,AF533SR,ConsumosResumen-202607-1.xlsx,CORREDORES VIALES SA
54a995c0-5bb4-45b2-b56c-8940b02c0e1d,2026-07-08 19:58:51+00,9935.82,AG939HR,pasadas_2026-07-15_5009A02037803.csv,AUSA
54ae2b46-3f40-44b8-9f8e-080c13e120a8,2026-07-22 16:53:40+00,6000.00,AF202UU,ConsumosResumen.xlsx,CORREDORES VIALES SA
54c73f19-7c89-4c4b-a425-60b9dcd3cb23,2026-07-10 11:13:35+00,11975.15,EXT374,pasadas_2026-07-15_5364164.csv,AUBASA
54cad53c-c5eb-4595-b183-2a9729d25f5f,2026-07-20 07:49:28+00,2035.11,AE908YR,pasadas_2026-07-23_5009A02044703.csv,AUSA
54da43d6-3bc0-40bd-b328-76e339a0cfa6,2026-07-12 23:08:11+00,7500.00,AH800QT,ConsumosResumen-202607-1.xlsx,CORREDORES VIALES SA
54e54d04-8e93-4200-b40c-11831955977f,2026-07-25 01:04:52+00,6000.00,AF103ZL,ConsumosResumen.xlsx,CORREDORES VIALES SA
55069e29-789a-40af-839f-5a0177cdfd64,2026-07-09 17:41:57+00,5964.94,AF202UU,pasadas_2026-07-16_493556.csv,AUSOL
55249889-0146-4b96-80bf-8d55d68c802d,2026-07-14 11:47:55+00,7500.00,AE751PA,ConsumosResumen.xlsx,CORREDORES VIALES SA
5537ee49-9aa3-4ce5-8ba9-e02d8ee42ffa,2026-06-28 17:22:08+00,6000.00,AG822HO,ConsumosResumen-202607-1.xlsx,CORREDORES VIALES SA
554e0d5c-6a51-4246-b4e0-a25868944228,2026-07-08 11:10:02+00,6000.00,AA561YA,ConsumosResumen-202607-1.xlsx,CORREDORES VIALES SA
55571266-2c06-4700-9ba3-15d8bf31453f,2026-07-02 11:34:37+00,7500.00,AH351RT,ConsumosResumen-202607-1.xlsx,CORREDORES VIALES SA
556c0527-c23f-47e8-9584-0e0b91dbb04a,2026-07-24 04:03:37+00,7148.39,AG822HO,ConsumosResumen.xlsx,CORREDOR VIAL 5 S.A.U.
5596ac77-7e0c-493f-bb50-699835942ed7,2026-07-01 13:58:32+00,15255.79,AH351RT,pasadas_2026-07-08_5009A02027769.csv,AUSA
559c5344-90f7-4616-b4c5-66552658ed7f,2026-07-13 17:08:09+00,5964.94,AF202UU,pasadas_2026-07-16_343555.csv,AUTOPISTA DEL OESTE
559eb275-0a10-4a3b-ad41-3a12064d1099,2026-07-14 10:28:20+00,4771.95,AB247VR,pasadas_2026-07-16_343555.csv,AUTOPISTA DEL OESTE
55aa35d0-e46b-44e7-9747-8576cb7a127d,2026-06-29 17:40:17+00,6000.00,AD625QA,ConsumosResumen-202607-1.xlsx,CORREDORES VIALES SA
55ab1035-084d-49af-8549-614438d22a04,2026-06-29 12:20:19+00,21000.00,AF993HA,pasadas_2026-07-22_1947769.csv,UNIDAD EJECUTORA (SANTA FE)
55bf98a2-2121-4be6-b38f-ca3a2d272281,2026-07-22 07:08:06+00,7500.00,AH351RT,ConsumosResumen.xlsx,CORREDORES VIALES SA
55c41cc8-3b61-4324-bd63-361118e2402a,2026-07-07 08:06:33+00,14027.67,AA561YA,pasadas_2026-07-15_5364164.csv,AUBASA
55c64973-c849-4e89-a9f2-e5f1d3b37f11,2026-07-15 13:46:18+00,6000.00,AD328WK,ConsumosResumen.xlsx,CORREDORES VIALES SA
55d300ce-8438-4834-bc13-949ca60ca85f,2026-07-06 16:14:55+00,4771.95,AF411UY,pasadas_2026-07-16_343555.csv,AUTOPISTA DEL OESTE
56167eaa-ea3c-43cc-a807-53e643cff0b0,2026-07-06 11:40:47+00,15255.79,AF103ZL,pasadas_2026-07-08_5009A02027769.csv,AUSA
561e00fa-2a4b-4495-9945-254174bd9046,2026-07-18 07:08:16+00,6044.83,AF103ZL,pasadas_2026-07-23_5009A02044703.csv,AUSA
5621512b-3642-4267-9b52-7b6df4ae87ab,2026-07-23 18:52:00+00,6000.00,AH033DL,ConsumosResumen.xlsx,CORREDORES VIALES SA
56273a0a-18f7-4b42-ba28-2adc296282f2,2026-07-23 07:56:46+00,33965.25,AF993HA,pasadas_2026-07-29_5009A02052902.csv,AUSA
565686bc-c81c-43a1-971d-6af797ad3cd4,2026-07-06 22:50:59+00,6000.00,AF136HN,ConsumosResumen-202607-1.xlsx,CORREDORES VIALES SA
5656e81c-7749-41d7-a3e7-eeaa74e94c4a,2026-07-17 04:47:59+00,3097.65,AG893YR,ConsumosResumen.xlsx,RUTAS SUR ATLANTICO S.A.
56721a63-ad1f-4ace-9ba1-d6ab76a31a16,2026-07-27 17:09:32+00,7500.00,AE952TH,ConsumosResumen.xlsx,CORREDORES VIALES SA
568ab075-63ed-48c6-95df-2e3c211cc94f,2026-07-23 09:45:01+00,7500.00,AE952TH,ConsumosResumen.xlsx,CORREDORES VIALES SA
56c71c86-7715-482a-9f43-fab653f25ddb,2026-07-03 05:22:38+00,3976.59,AC264UA,pasadas_2026-07-16_343555.csv,AUTOPISTA DEL OESTE
56d2da05-58f7-4b03-aaf9-4c0292cfe0b9,2026-07-02 20:54:09+00,4500.00,AF436WI,ConsumosResumen-202607-1.xlsx,CORREDORES VIALES SA
56d79ae6-c52e-41de-a55e-7bb924b2adb7,2026-07-04 00:06:39+00,9935.82,AH351RT,pasadas_2026-07-08_5009A02027769.csv,AUSA
56e8e0eb-0459-4522-a24e-42c877fb1a09,2026-07-15 14:15:21+00,3976.59,AB247VR,pasadas_2026-07-16_343555.csv,AUTOPISTA DEL OESTE
56f7248f-fad5-4c1f-b84f-e27fdf6d414a,2026-07-01 01:13:44+00,17400.00,AG939HX,pasadas_2026-07-22_1947768.csv,UNIDAD EJECUTORA (SANTA FE)
56fc782c-ba85-4aea-9765-ad369c64c34d,2026-07-11 08:08:44+00,994.15,AG309CH,pasadas_2026-07-16_493556.csv,AUSOL
5723678f-927d-4258-8ff2-cfc9bb9d644f,2026-07-21 00:22:28+00,7500.00,AH351RT,ConsumosResumen.xlsx,CORREDORES VIALES SA
5729be72-fb30-4a17-9c35-9fc9ee74c8ed,2026-07-20 07:27:59+00,7500.00,AF091AI,ConsumosResumen.xlsx,CORREDORES VIALES SA
572b9f12-eea2-41c1-a15d-116baaaa21c8,2026-07-22 20:40:39+00,9935.82,AF993HA,pasadas_2026-07-29_5009A02052902.csv,AUSA
57363d48-f80a-49d6-979f-09e4550ccbc6,2026-07-01 22:05:58+00,1500.00,AG533MF,ConsumosResumen-202607-1.xlsx,CORREDORES VIALES SA
5743a3c0-319e-4dbf-8515-0add6d4e3ab3,2026-06-26 18:00:22+00,7500.00,AF993HA,pasadas_2026-07-03_3305880.csv,CORREDORES VIALES SA
5755463c-ddfd-4682-98b4-3f4814f53cad,2026-07-02 15:03:43+00,3976.59,AD625QB,pasadas_2026-07-16_493556.csv,AUSOL
57586d42-744b-4148-8f8a-468ce1773d9b,2026-07-13 07:33:47+00,4771.95,AF993HK,pasadas_2026-07-16_343555.csv,AUTOPISTA DEL OESTE
5764330f-20f9-4a51-aeba-42729eb87ab7,2026-07-14 14:29:04+00,8935.49,AD736OU,ConsumosResumen.xlsx,CORREDOR VIAL 5 S.A.U.
578a8caf-3742-4e29-af26-24407ebd64b4,2026-07-06 10:57:40+00,5964.94,AG939HR,pasadas_2026-07-16_343555.csv,AUTOPISTA DEL OESTE
57974d64-e5b1-4c03-9ac8-dfc31b1b7a49,2026-07-01 10:15:25+00,26933.11,AH351RT,pasadas_2026-07-15_5364164.csv,AUBASA
5798560c-903f-4e33-8092-ade24ea7b047,2026-06-28 07:26:39+00,7500.00,AH185KI,ConsumosResumen-202607-1.xlsx,CORREDORES VIALES SA
579e10a6-5c99-4ab3-a31b-5784ef965c05,2026-07-12 21:06:11+00,14370.19,AG916MK,pasadas_2026-07-15_5364164.csv,AUBASA
57a0d480-3282-4877-95f4-59bd0b12da1f,2026-07-06 11:46:04+00,6000.00,AC812DO,ConsumosResumen-202607-1.xlsx,CORREDORES VIALES SA
57bf32f8-60ed-48d9-8ac8-c63eb36728ea,2026-07-27 06:50:42+00,15255.79,AB633TZ,pasadas_2026-07-29_5009A02060191.csv,AUSA
57cf3f6d-c05b-412a-be8a-c0a154b982b8,2026-07-02 18:12:41+00,4500.00,AD625QB,ConsumosResumen-202607-1.xlsx,CORREDORES VIALES SA
57daa197-8303-4d5c-ab6a-cf53f5608713,2026-07-13 19:56:22+00,4771.95,AB151SM,pasadas_2026-07-16_343555.csv,AUTOPISTA DEL OESTE
57f5aceb-afb9-453f-aeef-c01f72545efe,2026-07-12 20:05:14+00,7500.00,AE952TH,ConsumosResumen-202607-1.xlsx,CORREDORES VIALES SA
58006347-ca4a-437b-b8a7-5e443fe3400d,2026-07-16 02:02:59+00,6044.83,AE751PA,pasadas_2026-07-23_5009A02044703.csv,AUSA
58060cbe-3d83-4feb-98b0-b0bd11435a21,2026-07-07 13:51:38+00,7148.39,AH351RS,ConsumosResumen.xlsx,CORREDOR VIAL 5 S.A.U.
58315e98-d77c-4d7a-aabe-2de0b1e7f69b,2026-07-02 09:22:57+00,7500.00,AE469PH,ConsumosResumen-202607-1.xlsx,CORREDORES VIALES SA
584b43d8-ce18-40c3-9e2d-b387744d69d1,2026-07-15 17:53:41+00,3000.00,AC295IE,ConsumosResumen.xlsx,CORREDORES VIALES SA
585296ee-22ce-4e7b-84f4-bb26c34391e6,2026-07-10 15:13:33+00,1500.00,AG533MF,ConsumosResumen-202607-1.xlsx,CORREDORES VIALES SA
5852a901-9e4f-4044-880d-078b7eb39ed5,2026-07-06 16:41:05+00,4771.95,AB633TZ,pasadas_2026-07-16_343555.csv,AUTOPISTA DEL OESTE
5855adfb-f335-4020-9e3b-f32d306b327a,2026-07-11 10:13:28+00,6000.00,AA561YA,ConsumosResumen-202607-1.xlsx,CORREDORES VIALES SA
586b6761-329b-494d-bfd7-dc3440dcd15f,2026-07-03 11:32:15+00,13466.55,AH543IQ,pasadas_2026-07-15_5364164.csv,AUBASA
5870f547-0303-43f2-99b0-9917415236fd,2026-07-02 13:18:54+00,3976.59,AB633TZ,pasadas_2026-07-16_343555.csv,AUTOPISTA DEL OESTE
5874f7df-0a21-4d26-a4fa-90b044a3e1aa,2026-07-21 16:53:48+00,7500.00,AH543IQ,ConsumosResumen.xlsx,CORREDORES VIALES SA
588cef0e-b7a3-4dc8-8cdc-83e964ff2c28,2026-07-08 21:27:50+00,6000.00,AG939HX,ConsumosResumen-202607-1.xlsx,CORREDORES VIALES SA
588e64a0-4e63-4c65-8020-70b6f06c1278,2026-07-06 07:03:41+00,4771.95,AD625QA,pasadas_2026-07-16_343555.csv,AUTOPISTA DEL OESTE
588e6d22-fb89-4aab-8ff2-3c2449266cf6,2026-07-15 09:44:12+00,6000.00,AB151SM,ConsumosResumen.xlsx,CORREDORES VIALES SA
58aeb0d7-241e-4a4c-acd6-61e7342fdd59,2026-07-08 17:08:48+00,4771.95,AC264UA,pasadas_2026-07-16_343555.csv,AUTOPISTA DEL OESTE
58bcb6d7-65ed-48b7-8036-5ab78761bf1a,2026-07-13 01:35:30+00,28740.39,AG893YR,pasadas_2026-07-15_5364164.csv,AUBASA
58c7d3fd-1b7e-4a8d-8227-6130f7a01e06,2026-07-06 12:21:40+00,7500.00,AE284KH,ConsumosResumen-202607-1.xlsx,CORREDORES VIALES SA
58cfde97-497a-4774-83eb-24ff8d07e9c0,2026-07-03 21:45:05+00,7500.00,AH729QW,ConsumosResumen-202607-1.xlsx,CORREDORES VIALES SA
58d61905-4ab9-4a4b-9b77-22df5c6e395b,2026-07-07 11:56:34+00,6000.00,AB456CQ,ConsumosResumen-202607-1.xlsx,CORREDORES VIALES SA
58f4bb67-8407-40c5-bd43-82f3ed01fb33,2026-06-30 06:55:17+00,6000.00,AD328WK,ConsumosResumen-202607-1.xlsx,CORREDORES VIALES SA
59060c59-4f91-4cf3-a5d9-1994872ba454,2026-07-07 06:50:26+00,15255.79,AB456CQ,pasadas_2026-07-08_5009A02027769.csv,AUSA
590c536b-c083-483c-a305-a21e3ae79f0b,2026-07-07 09:36:35+00,6000.00,AB151SM,ConsumosResumen-202607-1.xlsx,CORREDORES VIALES SA
59209956-aeaf-47bd-9863-3c71f44bd673,2026-07-24 20:14:50+00,9935.82,AF993HA,pasadas_2026-07-29_5009A02052902.csv,AUSA
592aceb9-e290-406f-a66e-ca9dff98e77a,2026-07-23 11:04:45+00,3097.65,AF103ZL,ConsumosResumen.xlsx,RUTAS SUR ATLANTICO S.A.
596efa45-d666-4f63-87e6-b015f60d5414,2026-07-25 21:33:14+00,3454.21,AI348TS,pasadas_2026-07-29_5009A02052902.csv,AUSA
59871eae-0984-43a8-8694-e2caab133672,2026-07-01 14:11:20+00,7500.00,AE469PH,ConsumosResumen-202607-1.xlsx,CORREDORES VIALES SA
59cc870d-f7be-4b8b-9a02-f6ceea88aa88,2026-06-29 16:55:38+00,7500.00,AF091AI,pasadas_2026-07-03_3313955.csv,CORREDORES VIALES SA
59d7933a-9c61-4678-8b94-b1e5d4cda930,2026-07-06 14:10:41+00,9935.82,AF993HA,pasadas_2026-07-15_5009A02037760.csv,AUSA
59da91c9-28b7-407a-a62f-2d8436488957,2026-07-08 21:56:10+00,3976.59,AE952TH,pasadas_2026-07-16_343555.csv,AUTOPISTA DEL OESTE
59edef64-bcc6-4895-9baf-1a6818f9d2d4,2026-07-27 00:08:09+00,6044.83,AG893YR,pasadas_2026-07-29_5009A02060191.csv,AUSA
59ffe69c-c08a-4c97-8acb-84e3b195d752,2026-07-18 01:04:10+00,15255.79,AH543IQ,pasadas_2026-07-23_5009A02044703.csv,AUSA
5a04d866-8d72-4183-8e21-5137f69c731d,2026-07-13 16:55:33+00,14370.19,AH351RT,pasadas_2026-07-15_5364164.csv,AUBASA
5a09b569-21fe-4994-9be6-9e47b2714da4,2026-07-10 19:08:17+00,4771.95,OWG130,pasadas_2026-07-16_343555.csv,AUTOPISTA DEL OESTE
5a254787-59e4-4bb1-976d-81192afed4e1,2026-07-02 04:59:14+00,3976.59,AE469PL,pasadas_2026-07-16_343555.csv,AUTOPISTA DEL OESTE
5a300d30-abc2-4aac-9877-1a1170c3df6a,2026-07-03 01:47:16+00,4970.74,AH351RT,pasadas_2026-07-16_343555.csv,AUTOPISTA DEL OESTE
5a40cc96-5ce9-43dc-a0a0-1b035d53f918,2026-07-02 22:40:16+00,9935.82,AE469PH,pasadas_2026-07-08_5009A02027769.csv,AUSA
5a44b185-cffa-403c-883a-901de879d550,2026-07-27 12:14:33+00,15255.79,AG507DK,pasadas_2026-07-29_5009A02060191.csv,AUSA
5a4fca19-6271-4ffa-b9de-cf58e2befce3,2026-07-07 14:51:26+00,13466.55,AH729QW,pasadas_2026-07-15_5364164.csv,AUBASA
5a552f72-5355-4adf-b2a1-f32d4081c85e,2026-07-03 19:45:46+00,5964.94,AF533SR,pasadas_2026-07-16_493556.csv,AUSOL
5a7485c4-0acf-4d7d-8e05-e5164747ecea,2026-07-03 12:01:44+00,13466.55,AG309CO,pasadas_2026-07-15_5364164.csv,AUBASA
5a75126c-1e00-45d7-acdc-7b23fa9ec8f9,2026-07-06 02:46:08+00,9935.82,AB456CU,pasadas_2026-07-08_5009A02027769.csv,AUSA
5a822eb3-bd46-4375-8a6f-26204e114b07,2026-07-05 22:41:24+00,13466.55,AG309CO,pasadas_2026-07-15_5364164.csv,AUBASA
5a83c7dc-326d-4408-8dde-763ac35655e4,2026-07-06 13:35:23+00,7500.00,AH285SP,ConsumosResumen-202607-1.xlsx,CORREDORES VIALES SA
5a9efd67-e6bd-41e4-8874-8acaa882d130,2026-07-07 13:37:22+00,13466.55,AG893YR,pasadas_2026-07-15_5364164.csv,AUBASA
5abc9492-9461-425a-b6c4-eb8c78ec67a0,2026-07-11 13:29:03+00,1787.10,AG249HS,ConsumosResumen.xlsx,CORREDOR VIAL 5 S.A.U.
5accb38b-2304-4904-825b-ecae04215b7e,2026-07-02 20:41:51+00,3000.00,AD933WS,ConsumosResumen-202607-1.xlsx,CORREDORES VIALES SA
5ada8089-4b05-4b4d-8868-5321af8e041c,2026-07-22 18:21:45+00,6000.00,AB633TY,ConsumosResumen.xlsx,CORREDORES VIALES SA
5aef0d65-8429-43d1-a27c-3bd920e12cad,2026-07-02 16:31:59+00,6000.00,AG676SP,ConsumosResumen-202607-1.xlsx,CORREDORES VIALES SA
5b03f1e2-1624-4e12-9680-676d089f8760,2026-07-10 00:45:16+00,14370.19,AG309CO,pasadas_2026-07-15_5364164.csv,AUBASA
5b2e3036-6613-4026-91b7-2de72ce7b51a,2026-07-01 11:20:19+00,7500.00,AE952TH,ConsumosResumen-202607-1.xlsx,CORREDORES VIALES SA
5b37bdfc-24d6-42b8-a2fc-dfd917c8cd11,2026-07-01 16:50:22+00,6000.00,AF791ER,ConsumosResumen-202607-1.xlsx,CORREDORES VIALES SA
5b3aa65d-fd8b-4e1a-979e-3da85c09a215,2026-07-03 14:22:18+00,3976.59,AB633TZ,pasadas_2026-07-16_343555.csv,AUTOPISTA DEL OESTE
5b3b2d81-edc8-4f23-839e-e2ea7ca0aeed,2026-07-13 18:56:37+00,1500.00,AG309CH,ConsumosResumen.xlsx,CORREDORES VIALES SA
5b440526-c382-43cd-98b4-de523d5a8850,2026-07-16 04:48:04+00,6000.00,AD625QA,ConsumosResumen.xlsx,CORREDORES VIALES SA
5b4b11e9-970d-4a33-abed-d80e8653c6bd,2026-07-02 16:43:40+00,4771.95,AB633TY,pasadas_2026-07-16_343555.csv,AUTOPISTA DEL OESTE
5b7caf55-85df-48e3-a1f2-f9ed91bf0fbc,2026-07-25 10:43:58+00,8935.49,AH554RQ,ConsumosResumen.xlsx,CORREDOR VIAL 5 S.A.U.
5bc884da-dbc0-4d98-8ac1-dc2f472e26aa,2026-07-18 10:43:00+00,6195.30,AF202UU,ConsumosResumen.xlsx,RUTAS SUR ATLANTICO S.A.
5bd5b973-4d29-4774-afe5-2b3e088e8b9d,2026-07-21 10:15:48+00,3000.00,AD985XP,ConsumosResumen.xlsx,CORREDORES VIALES SA
5bd5fe9f-b96f-4086-9efc-7ab258121708,2026-07-21 22:36:19+00,7500.00,AH729QW,ConsumosResumen.xlsx,CORREDORES VIALES SA
5be89d86-5329-414d-a277-bd9616b6c73c,2026-06-28 19:02:38+00,5200.00,AG507DK,pasadas_2026-07-03_3313955.csv,CORREDORES VIALES SA
5c03c4f9-d10a-4da1-a5f3-caa7facca808,2026-07-02 00:13:37+00,13466.55,AG309CO,pasadas_2026-07-15_5364164.csv,AUBASA
5c33613c-c415-4f05-beff-49ed360cb429,2026-06-29 18:54:09+00,3000.00,AC295IE,ConsumosResumen-202607-1.xlsx,CORREDORES VIALES SA
5c6b91ba-b02c-4a72-a13b-732996a6178a,2026-07-20 15:42:07+00,3097.65,AH543IQ,ConsumosResumen.xlsx,RUTAS SUR ATLANTICO S.A.
5c70bf4a-d352-4fe1-a039-855d9e91f04b,2026-07-23 23:59:30+00,3097.65,AG309CO,ConsumosResumen.xlsx,RUTAS SUR ATLANTICO S.A.
5c7ddc40-7375-4a3f-ba92-76caf24b0415,2026-07-28 09:57:33+00,9935.82,AD482MT,pasadas_2026-07-29_5009A02060191.csv,AUSA
5c87912a-ec00-4d58-bc95-197aecabdd7d,2026-07-13 12:11:22+00,11975.15,AB456CP,pasadas_2026-07-15_5364164.csv,AUBASA
5c9c3d18-f23f-425f-a43c-dd131058a024,2026-07-01 22:20:25+00,4970.74,AF202UU,pasadas_2026-07-16_343555.csv,AUTOPISTA DEL OESTE
5ca3f597-dda0-4781-9efa-ebec1e45d660,2026-07-01 11:48:38+00,7500.00,AH272KN,ConsumosResumen-202607-1.xlsx,CORREDORES VIALES SA
5cb6af31-8fb5-4ebd-acfd-2180e238c814,2026-07-03 08:40:05+00,6000.00,AD482MT,ConsumosResumen-202607-1.xlsx,CORREDORES VIALES SA
5cbe7afc-ca0d-4a7b-aa1a-a08822eb594f,2026-07-02 12:23:13+00,3976.59,AB633TY,pasadas_2026-07-16_343555.csv,AUTOPISTA DEL OESTE
5cd64d84-f2c3-4090-ad3b-1e2b5c2615f4,2026-07-07 12:13:50+00,3976.59,AD239PP,pasadas_2026-07-16_343555.csv,AUTOPISTA DEL OESTE
5cdb6a26-3014-4ad1-9805-475d0cc20e8f,2026-07-02 19:55:19+00,4771.95,AB247VR,pasadas_2026-07-16_343555.csv,AUTOPISTA DEL OESTE
5d073eb2-8826-4d6d-bb31-e7ccb2f8921f,2026-07-02 15:44:44+00,9935.82,AG309CO,pasadas_2026-07-08_5009A02027769.csv,AUSA
5d0e24f4-211a-4934-9497-75cb1c1fae2f,2026-07-23 11:38:03+00,6000.00,AG939HX,ConsumosResumen.xlsx,CORREDORES VIALES SA
5d236dff-7c0d-4160-9a9a-7ed872a2a90d,2026-07-10 07:11:07+00,6044.83,AB633TZ,pasadas_2026-07-15_5009A02037803.csv,AUSA
5d65821a-7938-43b9-973d-5c44165203ba,2026-07-04 16:35:42+00,6195.30,AF136HN,ConsumosResumen-202607-1.xlsx,RUTAS SUR ATLANTICO S.A.
5d6b1d8c-ce9b-44b2-8944-291ecec484c7,2026-07-23 11:57:34+00,1439.11,AG249HS,pasadas_2026-07-29_5009A02060191.csv,AUSA
5d878ca8-1780-4032-a9d2-438fca23005b,2026-07-06 11:57:07+00,7500.00,AH800QT,ConsumosResumen-202607-1.xlsx,CORREDORES VIALES SA
5d988211-be8b-4ec7-ab8f-adc54badbd01,2026-07-20 20:18:25+00,15255.79,AD239PP,pasadas_2026-07-23_5009A02044703.csv,AUSA
5db3fbb2-ccef-46a0-bf11-8419139ca666,2026-07-13 13:05:06+00,3976.59,AA561YA,pasadas_2026-07-16_343555.csv,AUTOPISTA DEL OESTE
5dba1430-31a7-4969-94c2-2d806f68c8fc,2026-07-13 04:08:14+00,3976.59,AD667DM,pasadas_2026-07-16_343555.csv,AUTOPISTA DEL OESTE
5dbb7ddf-1aec-4c1b-be7e-08d4a5faf51e,2026-07-06 15:13:59+00,7500.00,AH800QT,ConsumosResumen-202607-1.xlsx,CORREDORES VIALES SA
5ddfbebf-a29d-4f26-be4b-ce90eab9028f,2026-07-20 12:03:20+00,21000.00,AF993HA,pasadas_2026-07-22_1947769.csv,UNIDAD EJECUTORA (SANTA FE)
5dee3715-d0ef-40db-b764-e2ba5657cc1c,2026-07-24 11:46:31+00,15255.79,OWG130,pasadas_2026-07-29_5009A02060191.csv,AUSA
5e054ae5-42ce-4d91-9472-6fad0a0231da,2026-07-02 13:53:42+00,9935.82,AH351RT,pasadas_2026-07-08_5009A02027769.csv,AUSA
5e0fa535-d12b-4ddb-83fe-efbaa982467e,2026-07-09 02:26:06+00,6000.00,AG893YR,ConsumosResumen-202607-1.xlsx,CORREDORES VIALES SA
5e1729ed-795c-4398-bb23-babd6538bb5c,2026-07-07 11:01:20+00,6000.00,AG309CO,ConsumosResumen-202607-1.xlsx,CORREDORES VIALES SA
5ea04721-4b75-4da3-bfc3-ba0afb58960c,2026-07-08 23:06:23+00,1787.10,AG533MF,ConsumosResumen.xlsx,CORREDOR VIAL 5 S.A.U.
5ee8d786-547d-46d9-a662-ba4da3c6acf2,2026-07-17 05:34:38+00,4646.47,AF791ER,ConsumosResumen.xlsx,RUTAS SUR ATLANTICO S.A.
5ee9adb0-95db-4417-854c-730b745755c8,2026-07-05 00:46:09+00,1787.10,AG533MF,ConsumosResumen.xlsx,CORREDOR VIAL 5 S.A.U.
5eea5fd1-91a5-4a51-97d7-9b5dd5595296,2026-07-22 21:34:08+00,3097.65,AF202UU,ConsumosResumen.xlsx,RUTAS SUR ATLANTICO S.A.
5eeb8ea5-8c2a-440b-92dd-72e93e57baa6,2026-07-23 16:26:42+00,6000.00,AD239PP,ConsumosResumen.xlsx,CORREDORES VIALES SA
5efda0f8-4998-4745-a656-a9004d8f3356,2026-06-28 19:50:18+00,6000.00,AG939HR,ConsumosResumen-202607-1.xlsx,CORREDORES VIALES SA
5f006e8e-70eb-45e7-aaf9-29090f8eb6e2,2026-07-03 20:30:47+00,15255.79,AF533SR,pasadas_2026-07-08_5009A02027769.csv,AUSA
5f007bb9-2b2e-44ce-ac02-bc9f12336fb2,2026-07-15 13:21:25+00,3976.59,AB633TY,pasadas_2026-07-16_343555.csv,AUTOPISTA DEL OESTE
5f024247-343b-4667-8024-ceb2a1faf7bd,2026-07-05 22:33:58+00,9935.82,AG309CO,pasadas_2026-07-08_5009A02027769.csv,AUSA
5f044810-6758-4e7a-81b6-2227986fd9d2,2026-07-13 20:29:59+00,11975.15,AB151SM,pasadas_2026-07-15_5364164.csv,AUBASA
5f06be3b-e047-40b1-b06f-c6d440e96f1b,2026-07-02 20:34:19+00,4970.74,AF202UU,pasadas_2026-07-16_493556.csv,AUSOL
5f1d9b06-89c7-4507-9f53-854abd7b810e,2026-07-02 04:23:13+00,3976.59,AE469PL,pasadas_2026-07-16_343555.csv,AUTOPISTA DEL OESTE
5f2a67e5-af3b-4ff0-ba6c-ec427055ccdd,2026-07-13 02:23:30+00,4970.74,AG916MK,pasadas_2026-07-16_343555.csv,AUTOPISTA DEL OESTE
5f3fcef8-61f3-4d4a-a118-efd89f02f779,2026-07-08 06:08:39+00,6000.00,AG939HR,ConsumosResumen-202607-1.xlsx,CORREDORES VIALES SA
5f56bb54-b159-4fad-9b4c-df26bcbfebed,2026-07-24 06:39:34+00,6044.83,OWG130,pasadas_2026-07-29_5009A02060191.csv,AUSA
5f5c9cf9-441f-4efd-a1fb-b7b4151904b2,2026-07-01 18:59:44+00,16982.69,AA561YA,pasadas_2026-07-08_5009A02027769.csv,AUSA
5f6d80f2-2702-42a2-942a-4f49ef3206c6,2026-07-24 10:15:22+00,6000.00,AF136HN,ConsumosResumen.xlsx,CORREDORES VIALES SA
5f78387c-b364-4e3b-a138-ef46ef30da9e,2026-07-05 11:20:45+00,4771.95,AF103ZL,pasadas_2026-07-16_343555.csv,AUTOPISTA DEL OESTE
5f7f8a20-36c2-446f-9814-a59dac505fbb,2026-07-17 22:46:13+00,1500.00,AG309CH,ConsumosResumen.xlsx,CORREDORES VIALES SA
5f903474-8739-47c0-b681-db368b954511,2026-07-04 19:30:46+00,1192.99,AG533MF,pasadas_2026-07-16_493556.csv,AUSOL
5f95da15-ce04-4a55-98e2-1fa40672d786,2026-07-03 13:24:47+00,6000.00,AD667DM,ConsumosResumen-202607-1.xlsx,CORREDORES VIALES SA
5fb4f3be-d430-413d-88fa-f7f2865815d2,2026-07-08 10:54:41+00,16982.69,AB247VR,pasadas_2026-07-15_5009A02037803.csv,AUSA
5fba8566-6d10-4038-b7ae-6ae671f40b21,2026-07-07 13:13:51+00,4970.74,AG916MK,pasadas_2026-07-16_343555.csv,AUTOPISTA DEL OESTE
5fd2df9c-3607-4c7c-a5ee-1f785948b131,2026-07-26 21:11:04+00,1439.11,AG533MF,pasadas_2026-07-29_5009A02060191.csv,AUSA
5fd3af89-e641-4928-bb86-82a8129d9833,2026-07-08 20:08:29+00,15255.79,AH729QW,pasadas_2026-07-15_5009A02037803.csv,AUSA
602733fc-5921-49f0-9937-0807d3d47a7f,2026-07-08 15:12:58+00,3976.59,AB456CQ,pasadas_2026-07-16_343555.csv,AUTOPISTA DEL OESTE
60353bab-746f-4b06-9552-2b02bbe755cd,2026-07-16 17:26:16+00,6000.00,OWG130,ConsumosResumen.xlsx,CORREDORES VIALES SA
603956f9-e70d-4035-96dd-006a1d4ef291,2026-07-23 08:15:13+00,7500.00,AH251LE,ConsumosResumen.xlsx,CORREDORES VIALES SA
604d3e44-b44f-4e47-878b-d9c23a06fd73,2026-07-12 17:45:10+00,1192.99,AG309CH,pasadas_2026-07-16_493556.csv,AUSOL
606ba730-101b-4862-9bf9-952a11b6f761,2026-07-14 11:10:50+00,6000.00,AG862VH,ConsumosResumen.xlsx,CORREDORES VIALES SA
608727a7-b174-43e7-a166-e5f6096fcb9d,2026-07-16 10:24:01+00,3574.19,AE751PA,ConsumosResumen.xlsx,RUTAS SUR ATLANTICO S.A.
609f5138-841b-40ff-b782-891211045b68,2026-07-24 11:54:48+00,6000.00,AG916MK,ConsumosResumen.xlsx,CORREDORES VIALES SA
609f82a3-1003-453b-8ad0-965e5a6e29a2,2026-07-13 11:02:21+00,15255.79,AF202UU,pasadas_2026-07-15_5009A02037803.csv,AUSA
60adcad0-6ff2-43e6-994f-529e21383dbe,2026-07-18 06:40:55+00,7500.00,AE831SI,ConsumosResumen.xlsx,CORREDORES VIALES SA
60adf768-30df-4f74-9a4f-193e695e43ca,2026-07-16 13:19:25+00,6044.83,AE952TH,pasadas_2026-07-23_5009A02044703.csv,AUSA
60b399f8-4b58-43ab-80e8-68ce4891e149,2026-07-22 18:57:14+00,7500.00,AH185KI,ConsumosResumen.xlsx,CORREDORES VIALES SA
60b757df-55e9-4b6d-888f-f7d8f3448fd7,2026-07-10 08:16:59+00,8935.49,AH554RP,ConsumosResumen.xlsx,CORREDOR VIAL 5 S.A.U.
60c9227d-28a2-4769-927d-9155d387aed0,2026-07-10 20:32:11+00,3976.59,AB456CP,pasadas_2026-07-16_343555.csv,AUTOPISTA DEL OESTE
60ce191c-878d-4b9d-be9e-ac5f1d1ab85b,2026-07-14 14:55:29+00,3976.59,EXT374,pasadas_2026-07-16_343555.csv,AUTOPISTA DEL OESTE
60dc19b5-9799-4437-8c80-7da43124f806,2026-06-30 01:47:25+00,1500.00,AG533MF,ConsumosResumen-202607-1.xlsx,CORREDORES VIALES SA
60f0aec5-cb26-4d4e-9a1d-bec75739002b,2026-07-03 21:51:05+00,6044.83,AG507DK,pasadas_2026-07-08_5009A02027769.csv,AUSA
60f78594-2117-4587-be83-71396c436638,2026-07-22 02:31:52+00,6000.00,AD239PP,ConsumosResumen.xlsx,CORREDORES VIALES SA
611f3754-4e27-4bec-a65c-47d9d16e8680,2026-07-08 12:44:28+00,3976.59,EXT374,pasadas_2026-07-16_343555.csv,AUTOPISTA DEL OESTE
6139bcf9-330e-407f-8744-b979772f3ab3,2026-07-25 14:33:12+00,6000.00,AG862VH,ConsumosResumen.xlsx,CORREDORES VIALES SA
6184b4ee-d2c7-4043-ae88-187b2aa1da43,2026-07-02 04:06:02+00,13466.55,AG916MK,pasadas_2026-07-15_5364164.csv,AUBASA
61a66439-f318-41b7-bd52-910a9d43cb97,2026-07-01 11:23:29+00,3976.59,AB151SM,pasadas_2026-07-16_343555.csv,AUTOPISTA DEL OESTE
61a763c0-b03b-4d86-a1e2-a11152ae9b0b,2026-07-07 09:45:30+00,33965.25,AG507DK,pasadas_2026-07-08_5009A02027769.csv,AUSA
61ac32b6-8287-4c62-aec6-e4f81d55a4ba,2026-07-09 22:56:48+00,6044.83,AG893YR,pasadas_2026-07-15_5009A02037803.csv,AUSA
61b0a851-0b2a-4874-95e6-62c94738ccd7,2026-07-14 14:58:30+00,3976.59,AC264UA,pasadas_2026-07-16_343555.csv,AUTOPISTA DEL OESTE
61b71f4a-8a1c-4813-9c71-935e9d6d8bf5,2026-07-10 02:14:34+00,14370.19,AH351RT,pasadas_2026-07-15_5364164.csv,AUBASA
61d670fd-c695-4f24-9647-5828ec0750b8,2026-07-14 12:19:58+00,6044.83,AB456CP,pasadas_2026-07-15_5009A02037803.csv,AUSA
61e02e03-d5e4-4f95-b89c-c36975d4276b,2026-07-16 01:41:33+00,6000.00,AF136HN,ConsumosResumen.xlsx,CORREDORES VIALES SA
61ee4f67-5721-4e63-b0b9-a8890614ecd0,2026-07-14 06:38:03+00,1500.00,AG309CH,ConsumosResumen.xlsx,CORREDORES VIALES SA
62016d82-7f90-48c9-8d0f-025060788296,2026-07-16 13:13:06+00,15255.79,AF436WI,pasadas_2026-07-23_5009A02044703.csv,AUSA
620eb2a3-54b3-4c74-a682-8941f0b5b3df,2026-07-08 18:04:26+00,7500.00,AH285SP,ConsumosResumen-202607-1.xlsx,CORREDORES VIALES SA
62327973-c9c4-45a9-be49-bd50fc94c95f,2026-07-14 00:05:50+00,994.15,AI348TS,pasadas_2026-07-16_329454.csv,AUTOPISTA DEL OESTE
6240640e-8277-43ac-9d07-e3ca66a35664,2026-07-18 11:16:20+00,9935.82,AG507DK,pasadas_2026-07-23_5009A02044703.csv,AUSA
6265ac30-bb44-4f7c-8889-9cd17ecb8e25,2026-07-21 00:06:12+00,9935.82,AF231PZ,pasadas_2026-07-23_5009A02044703.csv,AUSA
62694e5f-7100-42c0-8af1-b8691247583a,2026-06-30 09:42:56+00,6000.00,AG939HR,ConsumosResumen-202607-1.xlsx,CORREDORES VIALES SA
626e2ed9-3071-47e1-b976-33cd78783fc5,2026-07-08 11:26:05+00,6195.30,AF202UU,ConsumosResumen.xlsx,RUTAS SUR ATLANTICO S.A.
627889c0-96f1-4b6a-aace-804eb9e7a5d9,2026-07-13 18:26:52+00,6000.00,AF411UY,ConsumosResumen.xlsx,CORREDORES VIALES SA
6281eee3-7221-4f9e-94a6-fff31f7e6c7f,2026-07-21 21:29:24+00,9935.82,AF993HA,pasadas_2026-07-29_5009A02052902.csv,AUSA
628768e8-4b45-4c04-b7aa-218632fc0f4a,2026-07-06 10:40:32+00,33965.25,AG939HR,pasadas_2026-07-08_5009A02027769.csv,AUSA
628b992f-5f84-4d9d-b49d-d764eb268703,2026-07-09 17:15:57+00,8935.49,AH554RP,ConsumosResumen.xlsx,CORREDOR VIAL 5 S.A.U.
62a194f8-c329-4aa8-a70a-c6c9606672d9,2026-07-22 16:04:02+00,9935.82,AG309CO,pasadas_2026-07-23_5009A02044703.csv,AUSA
62bdd091-3b21-4dd6-b253-04b48ad82607,2026-07-01 13:43:46+00,13466.55,AH351RT,pasadas_2026-07-15_5364164.csv,AUBASA
62cf38ce-7e1e-49be-9e22-69691c301f50,2026-07-27 10:22:23+00,7500.00,AG110LK,ConsumosResumen.xlsx,CORREDORES VIALES SA
62dd06a4-22c2-4055-bb2c-260162cb58b5,2026-07-10 06:25:49+00,17400.00,AE469PH,pasadas_2026-07-22_1947768.csv,UNIDAD EJECUTORA (SANTA FE)
630a4b40-14fb-4bfd-9754-f9c69e2ff658,2026-07-21 16:16:09+00,7148.39,AE469PL,ConsumosResumen.xlsx,CORREDOR VIAL 5 S.A.U.
63160dfc-391d-409b-a5a4-fbefa2c56ba2,2026-06-26 18:18:45+00,7500.00,AG309CO,pasadas_2026-07-03_3313955.csv,CORREDORES VIALES SA
635f0304-efac-4d5b-b7dc-955b6eafe1e8,2026-07-14 09:29:56+00,4771.95,AB633TZ,pasadas_2026-07-16_343555.csv,AUTOPISTA DEL OESTE
6370f178-6824-4466-94d5-1e87149aff06,2026-07-07 05:04:31+00,7500.00,AH351RT,ConsumosResumen-202607-1.xlsx,CORREDORES VIALES SA
63891b37-1040-4f3c-8275-4be7b6be6bd7,2026-07-23 11:46:17+00,15255.79,AB633TY,pasadas_2026-07-29_5009A02060191.csv,AUSA
63ac0a91-7fd0-48ad-8c52-886f117afee9,2026-07-23 22:04:25+00,6000.00,AD667DM,ConsumosResumen.xlsx,CORREDORES VIALES SA
63adc165-fc90-4fe0-a880-1a4dc8228155,2026-07-03 15:53:14+00,3976.59,AD985XP,pasadas_2026-07-16_343555.csv,AUTOPISTA DEL OESTE
63baca1a-934d-4bec-b913-eae9d8cf6e0b,2026-07-03 16:54:18+00,6000.00,AG916MK,ConsumosResumen-202607-1.xlsx,CORREDORES VIALES SA
63c40341-e581-49ef-ab49-261aae742b8a,2026-07-07 09:11:40+00,1192.99,AI348TS,pasadas_2026-07-16_329454.csv,AUTOPISTA DEL OESTE
63c98e3b-724c-4095-a866-5b9ebeea3465,2026-07-02 15:24:26+00,3976.59,AF411UY,pasadas_2026-07-16_343555.csv,AUTOPISTA DEL OESTE
63e09f59-e834-48ad-816f-9d24a6134138,2026-07-09 05:10:23+00,1500.00,AG533MF,ConsumosResumen-202607-1.xlsx,CORREDORES VIALES SA
63ec7c5d-8fae-4233-87a4-bd7a3e39b034,2026-07-04 00:22:33+00,7500.00,AH800QT,ConsumosResumen-202607-1.xlsx,CORREDORES VIALES SA
63f9caf3-e372-4c0c-97e2-00efe38afd6c,2026-07-08 18:58:15+00,7500.00,AH800QR,ConsumosResumen-202607-1.xlsx,CORREDORES VIALES SA
640088f7-5554-4aa3-9272-e4bff0838550,2026-07-06 15:51:40+00,3976.59,AB456CQ,pasadas_2026-07-16_343555.csv,AUTOPISTA DEL OESTE
64061f9c-a82e-4ab7-a042-62f0154f435b,2026-07-16 14:41:49+00,15255.79,AB633TZ,pasadas_2026-07-23_5009A02044703.csv,AUSA
6429e172-3a10-418e-9600-fc37d5b65018,2026-07-21 06:19:01+00,7500.00,AH543IQ,ConsumosResumen.xlsx,CORREDORES VIALES SA
64489d0b-9352-40ed-b07f-8eaa7f7f69ac,2026-07-03 16:51:18+00,4771.95,AC561DQ,pasadas_2026-07-16_343555.csv,AUTOPISTA DEL OESTE
6452bf77-59c6-4dab-b0f6-6374cdf08de7,2026-07-04 22:17:40+00,9935.82,AH543IQ,pasadas_2026-07-08_5009A02027769.csv,AUSA
6471fa52-128e-44ba-8315-b66febc13a60,2026-07-04 15:37:24+00,4970.74,AF136HN,pasadas_2026-07-16_493556.csv,AUSOL
64734e22-b856-42c5-8249-b74c7c7c4d3c,2026-07-15 04:16:41+00,7744.12,AG916MK,ConsumosResumen.xlsx,RUTAS SUR ATLANTICO S.A.
647db05a-1c5f-4c1a-a1a0-ab2ccf8f0860,2026-07-13 05:25:26+00,3976.59,AG110LK,pasadas_2026-07-16_343555.csv,AUTOPISTA DEL OESTE
6487b5ea-11c0-4c28-9136-ad535754093f,2026-07-27 14:06:46+00,9935.82,AG309CO,pasadas_2026-07-29_5009A02060191.csv,AUSA
648fa7e5-e103-489e-9218-b1c53461907e,2026-07-04 22:42:55+00,11222.12,AF103ZL,pasadas_2026-07-15_5364164.csv,AUBASA
64965134-e7a2-43ea-872b-1d545cc3373b,2026-07-03 10:07:39+00,4771.95,AE952TH,pasadas_2026-07-16_343555.csv,AUTOPISTA DEL OESTE
64971a0e-ce37-466c-947f-0ba98d67cf4a,2026-07-26 19:52:25+00,3000.00,AC295IE,ConsumosResumen.xlsx,CORREDORES VIALES SA
649a264d-0a24-4bd8-9d7d-e372d1a542b7,2026-07-22 14:57:22+00,15255.79,AC295IE,pasadas_2026-07-23_5009A02044703.csv,AUSA
64a206a8-7547-4c76-8dfc-ad62e1795866,2026-07-06 13:16:04+00,5219.58,AE284KH,ConsumosResumen-202607-1.xlsx,CONEXION ALTO DELTA S.A.
64a4319c-d557-49d2-900e-a8b46ca18a02,2026-07-09 08:46:14+00,6000.00,AG939HX,ConsumosResumen-202607-1.xlsx,CORREDORES VIALES SA
64cbac24-8f13-488b-bd19-c3f2b0205ffc,2026-07-26 05:23:18+00,6000.00,AF136HN,ConsumosResumen.xlsx,CORREDORES VIALES SA
64f57bd8-bce0-410c-be76-b9ec321dd78f,2026-07-24 20:00:54+00,6195.30,AF993HK,ConsumosResumen.xlsx,RUTAS SUR ATLANTICO S.A.
6521b12d-59d9-4413-be7d-b925f5817822,2026-07-01 19:45:58+00,1192.99,AG533MF,pasadas_2026-07-16_493556.csv,AUSOL
65287448-fdad-40dc-a701-a95bd4158586,2026-07-08 11:13:14+00,6000.00,AF103ZL,ConsumosResumen-202607-1.xlsx,CORREDORES VIALES SA
6529116d-042d-40ee-af73-9a2d0681bb0a,2026-07-08 20:50:24+00,13466.55,AH729QW,pasadas_2026-07-15_5364164.csv,AUBASA
653401ba-925b-4e92-a4d6-d6e24667cb37,2026-07-14 14:44:30+00,11975.15,AD625QB,pasadas_2026-07-15_5364164.csv,AUBASA
653e33b3-2404-436d-8e48-a0da51ff5364,2026-07-15 04:47:08+00,9935.82,AE469PH,pasadas_2026-07-23_5009A02044703.csv,AUSA
65476d73-95b5-4553-823e-0156c953fc73,2026-07-01 08:32:01+00,33965.25,AH729QW,pasadas_2026-07-08_5009A02027769.csv,AUSA
65614421-13aa-4db3-b1d1-ec726ae69c38,2026-07-27 23:45:57+00,5361.29,AD625QB,ConsumosResumen.xlsx,CORREDOR VIAL 5 S.A.U.
6579c30f-2c53-4c0e-b252-eba6f81f6828,2026-07-15 09:07:32+00,7500.00,AH185KI,ConsumosResumen.xlsx,CORREDORES VIALES SA
657f8d0e-eacd-4d47-9822-b73903930175,2026-07-28 06:52:31+00,6044.83,AG916MK,pasadas_2026-07-29_5009A02060191.csv,AUSA
6582e585-719b-47fa-b114-479aa2a12a9d,2026-07-17 11:51:41+00,6044.83,AG916MK,pasadas_2026-07-23_5009A02044703.csv,AUSA
65835548-0501-43cc-aed2-abc0880cef36,2026-07-27 11:02:34+00,15255.79,AC561DQ,pasadas_2026-07-29_5009A02060191.csv,AUSA
658f2ef6-fedf-461b-946e-22e1851f123e,2026-07-09 23:57:57+00,7500.00,AH351RT,ConsumosResumen-202607-1.xlsx,CORREDORES VIALES SA
6590b1b4-6bf5-45c6-ae1d-b0dfa0ea5f87,2026-07-01 16:33:12+00,11222.12,AI042WD,pasadas_2026-07-15_5364165.csv,AUBASA
6594b236-2d59-4fb4-865b-cdfc5b7838dc,2026-07-25 01:01:38+00,6000.00,AG893YR,ConsumosResumen.xlsx,CORREDORES VIALES SA
65970fe7-5b85-42b5-819c-1fa1fe8b08cd,2026-07-24 11:05:46+00,7500.00,AE751PA,ConsumosResumen.xlsx,CORREDORES VIALES SA
65a3d3f6-951c-471a-bb1a-d49565203862,2026-07-16 13:02:05+00,6000.00,AF136HN,ConsumosResumen.xlsx,CORREDORES VIALES SA
65afe651-4ea0-44fb-8dbf-aa25dc3ece42,2026-07-17 20:18:35+00,6000.00,AG862VH,ConsumosResumen.xlsx,CORREDORES VIALES SA
65c924bf-6464-4665-b470-8c5985f4365c,2026-07-08 09:30:00+00,6000.00,AG862VH,ConsumosResumen-202607-1.xlsx,CORREDORES VIALES SA
65c97483-0369-4742-9f35-ab2d2d871eed,2026-07-04 08:48:38+00,6000.00,AD667DM,ConsumosResumen-202607-1.xlsx,CORREDORES VIALES SA
65e225bb-d7b7-4819-baa2-779e475ae05a,2026-07-04 10:33:19+00,3976.59,AB633TY,pasadas_2026-07-16_343555.csv,AUTOPISTA DEL OESTE
65e4accd-f041-40c8-8fe5-d363f274476e,2026-07-13 17:36:44+00,6000.00,AD482MT,ConsumosResumen.xlsx,CORREDORES VIALES SA
65f06f27-639c-4d37-833d-f6d26b2112b6,2026-07-13 15:27:44+00,7500.00,AE469PH,ConsumosResumen.xlsx,CORREDORES VIALES SA
65f2cf64-ce8b-4228-96fd-79ba2d4abe74,2026-07-20 11:16:13+00,9935.82,AG916MK,pasadas_2026-07-23_5009A02044703.csv,AUSA
65f34104-1a37-4e3b-a19c-4f5f0b5b7609,2026-07-10 08:27:23+00,17400.00,AE469PH,pasadas_2026-07-22_1947768.csv,UNIDAD EJECUTORA (SANTA FE)
65f3e794-b001-4e3b-bcdb-7970215fbc89,2026-07-21 21:19:50+00,15255.79,AE751PA,pasadas_2026-07-23_5009A02044703.csv,AUSA
66260720-7fc0-4b06-ac27-71d8476945c3,2026-07-20 13:08:56+00,6195.30,AC264UA,ConsumosResumen.xlsx,RUTAS SUR ATLANTICO S.A.
662fc319-9bce-4437-b414-c992e03e9994,2026-07-07 11:58:30+00,6000.00,AB456CP,ConsumosResumen-202607-1.xlsx,CORREDORES VIALES SA
6644414c-cc76-4fc0-8dc9-7846a8f0aa7d,2026-06-30 18:42:29+00,9731.46,AH543IQ,pasadas_2026-07-08_5009A02027769.csv,AUSA
6647c061-49b6-4cc5-a051-56f6e5d7c020,2026-07-13 18:11:50+00,4771.95,EXT374,pasadas_2026-07-16_343555.csv,AUTOPISTA DEL OESTE
66543702-fab8-4c1c-ab89-0a930bbdd6b8,2026-07-13 12:54:32+00,3976.59,AD667DM,pasadas_2026-07-16_343555.csv,AUTOPISTA DEL OESTE
665aba3e-6ef9-48b5-b291-d46b50944210,2026-07-20 04:21:05+00,15255.79,AH729QW,pasadas_2026-07-23_5009A02044703.csv,AUSA
668a7cb8-abbc-4d47-91cb-e7b0973ead5b,2026-06-30 01:24:05+00,6000.00,AG916MK,ConsumosResumen-202607-1.xlsx,CORREDORES VIALES SA
668b6090-56b7-41b3-bce9-401eca6e3c7e,2026-07-01 02:21:13+00,7500.00,AG939HX,ConsumosResumen-202607-1.xlsx,CORREDORES VIALES SA
66b24485-c51d-4539-9204-023993630577,2026-07-02 14:59:58+00,3976.59,AF411UY,pasadas_2026-07-16_343555.csv,AUTOPISTA DEL OESTE
66d64371-0269-4c81-9daa-2c1c117faf7b,2026-07-16 13:10:58+00,15255.79,AC264UA,pasadas_2026-07-23_5009A02044703.csv,AUSA
66ef24b9-3166-4073-abd6-46bae7abf96a,2026-07-16 17:18:52+00,7500.00,AH285SP,ConsumosResumen.xlsx,CORREDORES VIALES SA
66fe94d3-fa96-4d23-a30b-02d230701a84,2026-07-25 03:49:50+00,6000.00,AG939HX,ConsumosResumen.xlsx,CORREDORES VIALES SA
670597f0-d8b6-41d0-be43-78e3c8409cb7,2026-07-13 04:31:06+00,6044.83,AH351RT,pasadas_2026-07-15_5009A02037803.csv,AUSA
67291401-aeda-451c-ba49-e738aa62a8b8,2026-07-23 12:42:04+00,1439.11,AG249HS,pasadas_2026-07-29_5009A02060191.csv,AUSA
673d98fd-8452-4d0d-8645-b284bf99be32,2026-07-01 08:41:50+00,7500.00,AF533SR,ConsumosResumen-202607-1.xlsx,CORREDORES VIALES SA
6772e587-96ab-4dd2-ae56-fdb577010b94,2026-07-23 22:50:56+00,15255.79,AF791ER,pasadas_2026-07-29_5009A02060191.csv,AUSA
67a69bc4-f589-45e6-a515-a94148f636ec,2026-07-16 22:27:03+00,3000.00,AD985XP,ConsumosResumen.xlsx,CORREDORES VIALES SA
67daec3f-f24b-40b6-a2fe-072194a37084,2026-06-28 03:00:30+00,7500.00,AF533SR,ConsumosResumen-202607-1.xlsx,CORREDORES VIALES SA
67f093e9-deeb-4370-9bc1-bbce92e457af,2026-07-13 13:30:18+00,994.15,AI348TS,pasadas_2026-07-16_493557.csv,AUSOL
681128ee-5423-4a7e-b519-4fa0fe2f6f78,2026-07-13 16:31:45+00,4771.95,AB456CQ,pasadas_2026-07-16_343555.csv,AUTOPISTA DEL OESTE
68175acc-227a-4a38-9756-06c2d8878c00,2026-07-21 04:39:16+00,9935.82,AC295IE,pasadas_2026-07-23_5009A02044703.csv,AUSA
682ca00e-f5dd-4abe-9b3e-68216fb83c62,2026-06-29 01:06:21+00,6500.00,AF993HA,pasadas_2026-07-03_3305880.csv,CORREDORES VIALES SA
683d2747-8c79-44b5-967b-5b5a8a06ea97,2026-06-30 20:27:22+00,4500.00,AF734UP,ConsumosResumen-202607-1.xlsx,CORREDORES VIALES SA
68588be0-e912-4b2c-8abf-f1c715c93b3e,2026-07-01 15:52:57+00,1500.00,AG309CH,ConsumosResumen-202607-1.xlsx,CORREDORES VIALES SA
6871d203-75a3-4d7f-a373-6c59cfee92c3,2026-07-06 13:35:44+00,4646.47,AF436WI,ConsumosResumen.xlsx,RUTAS SUR ATLANTICO S.A.
6876fbee-c1bd-4679-afbc-ab925d05d8b8,2026-07-16 11:15:28+00,15255.79,AG916MK,pasadas_2026-07-23_5009A02044703.csv,AUSA
6877a003-12c0-410c-9ce6-75aba702b3e3,2026-07-24 12:45:33+00,6000.00,AC264UA,ConsumosResumen.xlsx,CORREDORES VIALES SA
6879511d-88dc-482c-9444-40f64009b6f4,2026-07-24 11:24:38+00,7500.00,AH285SP,ConsumosResumen.xlsx,CORREDORES VIALES SA
6889f73b-a3e9-448e-97eb-77eb290369a9,2026-07-24 17:01:14+00,4500.00,AD625QB,ConsumosResumen.xlsx,CORREDORES VIALES SA
689a73c8-ef50-482d-89b1-6f93a7329e6d,2026-07-03 22:59:14+00,6044.83,AG309CO,pasadas_2026-07-08_5009A02027769.csv,AUSA
689e5908-3ed7-493a-b11e-ae125403dc13,2026-07-23 11:36:18+00,6044.83,AF103ZL,pasadas_2026-07-29_5009A02060191.csv,AUSA
68ac836a-e565-4eac-a004-3ea197ed37dc,2026-07-12 21:37:18+00,14370.19,AG893YR,pasadas_2026-07-15_5364164.csv,AUBASA
68ad173e-8726-4fd4-b658-659efd0995c7,2026-06-26 04:36:41+00,6500.00,AF436WI,pasadas_2026-07-03_3313955.csv,CORREDORES VIALES SA
68b5ff7b-8e3c-41d9-801e-317d5a55d091,2026-07-02 14:02:42+00,4970.74,AF533SR,pasadas_2026-07-16_343555.csv,AUTOPISTA DEL OESTE
68cb856e-19aa-4edb-a9ac-95a4600c020b,2026-07-14 06:56:31+00,3976.59,AB247VR,pasadas_2026-07-16_343555.csv,AUTOPISTA DEL OESTE
68f51517-9a74-4791-8712-c9da81a9422b,2026-07-07 23:34:51+00,6000.00,AF231PZ,ConsumosResumen-202607-1.xlsx,CORREDORES VIALES SA
69026d26-dbda-4b67-b578-495cc7ad30a4,2026-07-07 14:03:53+00,3976.59,AE469PH,pasadas_2026-07-16_343555.csv,AUTOPISTA DEL OESTE
6910f693-487a-46d8-8bc7-87ce5f334543,2026-07-28 16:28:08+00,16982.69,AH543IQ,pasadas_2026-07-29_5009A02060191.csv,AUSA
6934a181-ef3f-41cb-bf95-a2e8ba082603,2026-07-15 22:52:47+00,1500.00,AG533MF,ConsumosResumen.xlsx,CORREDORES VIALES SA
6937e016-3378-4507-8f26-c2d0c5a0ead7,2026-07-22 23:12:59+00,7500.00,AF533SR,ConsumosResumen.xlsx,CORREDORES VIALES SA
6946770b-f51f-470a-b21f-98a89232ba42,2026-07-10 18:40:31+00,7148.39,AG822HO,ConsumosResumen.xlsx,CORREDOR VIAL 5 S.A.U.
6969ddb9-76c0-4a59-ac73-0608778bd63a,2026-07-27 08:20:38+00,33965.25,AF993HA,pasadas_2026-07-29_5009A02052902.csv,AUSA
6986d7db-6da1-4679-8d1a-d61ea94687e9,2026-07-27 00:08:15+00,1439.11,AI348TS,pasadas_2026-07-29_5009A02052902.csv,AUSA
699355f4-0ee3-45f4-a9ad-ba0fee142280,2026-07-06 14:44:49+00,3976.59,AB247VR,pasadas_2026-07-16_343555.csv,AUTOPISTA DEL OESTE
699982ee-d90b-4762-b0cf-7e44c6fbfab7,2026-07-16 06:26:46+00,7500.00,AH285SP,ConsumosResumen.xlsx,CORREDORES VIALES SA
69e73cf5-7e1f-4491-bc42-5016402eedf6,2026-07-28 07:05:46+00,16982.69,AB456CQ,pasadas_2026-07-29_5009A02060191.csv,AUSA
69ee91e3-3f31-40dc-a232-75b0215b65b8,2026-07-17 19:16:59+00,1500.00,AG533MF,ConsumosResumen.xlsx,CORREDORES VIALES SA
69fb2dfa-a27a-4371-8bfa-04b68e578c42,2026-06-24 13:54:41+00,6000.00,AC812DO,ConsumosResumen-202607-1.xlsx,CORREDORES VIALES SA
69fc52f9-dbe8-4738-ad3a-2f797de3e4b1,2026-07-15 06:09:57+00,1500.00,AG249HS,ConsumosResumen.xlsx,CORREDORES VIALES SA
6a02685b-dd9c-4edb-89b7-a26343ebc346,2026-07-08 20:05:32+00,13466.55,AG309CO,pasadas_2026-07-15_5364164.csv,AUBASA
6a20cd0b-d6fe-4115-a045-0670ad4a030d,2026-07-07 00:58:48+00,9935.82,AG916MK,pasadas_2026-07-08_5009A02027769.csv,AUSA
6a216a01-7a19-4199-82c4-b6c4a42ee721,2026-07-07 05:52:51+00,4970.74,AI178ER,pasadas_2026-07-16_329454.csv,AUTOPISTA DEL OESTE
6a258559-4498-44f6-a77e-13a42a5a4158,2026-07-17 10:03:55+00,6000.00,AG309CO,ConsumosResumen.xlsx,CORREDORES VIALES SA
6a3d36ec-3429-422f-b596-f26d8449ffe2,2026-07-21 22:52:09+00,6000.00,AF231PZ,ConsumosResumen.xlsx,CORREDORES VIALES SA
6a4727f1-ddd7-4fa6-8195-aa63f45e45af,2026-06-30 08:23:52+00,6000.00,AF103ZL,ConsumosResumen-202607-1.xlsx,CORREDORES VIALES SA
6a49cba1-8eee-496c-b181-196fdc8f8c97,2026-07-01 09:29:01+00,4771.95,AE284KH,pasadas_2026-07-16_343555.csv,AUTOPISTA DEL OESTE
6ab0a1e6-08fd-41df-bde0-625d888fcc47,2026-07-13 17:59:10+00,6000.00,AD096FX,ConsumosResumen.xlsx,CORREDORES VIALES SA
6ac6e2bb-4f0e-4d29-856d-b45881f1a73d,2026-06-26 15:44:02+00,7500.00,AH185KI,ConsumosResumen-202607-1.xlsx,CORREDORES VIALES SA
6ad0c268-34a8-4d77-a91d-18510be09acb,2026-07-20 14:58:06+00,6000.00,AF791ER,ConsumosResumen.xlsx,CORREDORES VIALES SA
6aefd5b3-8e52-4cf5-b64f-492610342a9c,2026-07-08 05:52:00+00,3976.59,OWG130,pasadas_2026-07-16_493556.csv,AUSOL
6af42a0d-f180-4e82-8792-b8449bfe8af4,2026-07-09 17:36:32+00,1192.99,AG249HS,pasadas_2026-07-16_493556.csv,AUSOL
6b071b8e-6ef5-404a-9659-c1dcb5b4707d,2026-07-23 01:32:49+00,1439.11,AI348TS,pasadas_2026-07-29_5009A02052902.csv,AUSA
6b0afa53-47b3-49b4-9007-1ca646f3db14,2026-07-14 09:56:19+00,1192.99,AA946VU,pasadas_2026-07-16_343555.csv,AUTOPISTA DEL OESTE
6b713488-c010-4d56-8b94-5a00dce96a46,2026-06-30 03:03:12+00,1500.00,AG533MF,ConsumosResumen-202607-1.xlsx,CORREDORES VIALES SA
6b74f05a-3ed6-4818-8184-83c86edd16ff,2026-07-17 10:25:16+00,16982.69,AD625QA,pasadas_2026-07-23_5009A02044703.csv,AUSA
6b8b987a-8f9e-4f05-8d72-e11a9e84eff1,2026-07-01 08:47:47+00,4771.95,AD625QA,pasadas_2026-07-16_343555.csv,AUTOPISTA DEL OESTE
6b8bb5a2-2f9c-4e4e-b3a9-ab25531ea5a0,2026-07-01 09:06:47+00,33965.25,AD096FX,pasadas_2026-07-08_5009A02027769.csv,AUSA
6bae295d-0242-4ac5-96b3-f252675c18e8,2026-07-03 13:35:57+00,9935.82,AF436WI,pasadas_2026-07-08_5009A02027769.csv,AUSA
6baf1623-6873-488f-8442-a0142c672f86,2026-07-12 21:33:01+00,9935.82,AG893YR,pasadas_2026-07-15_5009A02037803.csv,AUSA
6bc1d1f4-fa87-40e9-a111-6398bb11abe0,2026-07-07 13:40:29+00,6044.83,AG309CO,pasadas_2026-07-08_5009A02027769.csv,AUSA
6bca99b0-130a-463a-afad-53691e74f790,2026-07-15 11:04:21+00,4970.74,AF202UU,pasadas_2026-07-16_343555.csv,AUTOPISTA DEL OESTE
6bdd3355-3aaa-4cb3-8787-2ccf8c585e5d,2026-07-24 15:42:40+00,7500.00,AH554RQ,ConsumosResumen.xlsx,CORREDORES VIALES SA
6be81199-91a5-484a-aada-e291f05b097b,2026-07-01 18:40:00+00,7500.00,AE751PA,ConsumosResumen.xlsx,RUTAS SUR ATLANTICO S.A.
6beaea2d-cf0b-4cbd-a80e-f04611b8438e,2026-07-16 10:59:47+00,16982.69,AH033DL,pasadas_2026-07-23_5009A02044703.csv,AUSA
6c148981-19dc-4358-841f-f39895d85ed3,2026-06-25 18:16:13+00,6000.00,AC561DQ,pasadas_2026-07-03_3313955.csv,CORREDORES VIALES SA
6c24e20c-7f09-47f5-a89f-9232d242bb51,2026-07-16 16:51:27+00,9935.82,AC295IE,pasadas_2026-07-23_5009A02044703.csv,AUSA
6c490662-83b1-4a6e-b9a5-3b33d74608a9,2026-07-24 14:11:40+00,3000.00,AD933WS,ConsumosResumen.xlsx,CORREDORES VIALES SA
6c5e36c9-fa10-4c7e-bd06-1b42fc15a705,2026-07-08 06:29:50+00,9935.82,OWG130,pasadas_2026-07-15_5009A02037803.csv,AUSA
6caeb4a5-bf6d-4bc2-a06c-ad43940307cc,2026-07-21 19:28:31+00,6000.00,AC812DO,ConsumosResumen.xlsx,CORREDORES VIALES SA
6cd1fbfb-178e-416f-8283-8261487af14b,2026-07-14 21:51:40+00,6000.00,AH351RS,ConsumosResumen.xlsx,CORREDORES VIALES SA
6d0afc0f-e8a8-4370-b6b8-8ff917d5fa10,2026-07-23 01:50:24+00,6000.00,AF231PZ,ConsumosResumen.xlsx,CORREDORES VIALES SA
6d2218c6-f0f7-4bcf-b4e9-9013b2ba4d2c,2026-07-07 06:48:33+00,3976.59,AC295IE,pasadas_2026-07-16_343555.csv,AUTOPISTA DEL OESTE
6d48dfea-5ad7-4d36-93bb-1721ac2e12ff,2026-07-13 11:23:24+00,6000.00,AB456CU,ConsumosResumen.xlsx,CORREDORES VIALES SA
6d51fe54-4351-4e08-a51d-79198c42ffc4,2026-07-17 00:59:35+00,1439.11,AF740MG,pasadas_2026-07-23_5009A02044703.csv,AUSA
6d95f44b-5f4f-49f6-88c0-1a40db456e52,2026-07-21 15:16:35+00,1548.82,AH185KI,ConsumosResumen.xlsx,RUTAS SUR ATLANTICO S.A.
6da25c60-ac5f-4138-a052-27eca053ac61,2026-07-22 11:11:06+00,7500.00,AE469PH,ConsumosResumen.xlsx,CORREDORES VIALES SA
6da4835d-5958-44be-8bd4-786b94ed7aed,2026-07-03 06:07:38+00,15255.79,AC264UA,pasadas_2026-07-08_5009A02027769.csv,AUSA
6db9f2da-b1c5-4478-a24e-d5e314ddd347,2026-07-08 13:26:40+00,3976.59,AF231PZ,pasadas_2026-07-16_343555.csv,AUTOPISTA DEL OESTE
6dce2586-a740-419a-b5d4-5b6eea451b8e,2026-07-06 13:28:17+00,3976.59,AB633TZ,pasadas_2026-07-16_343555.csv,AUTOPISTA DEL OESTE
6de1ba54-e5b4-4a0c-b1d0-55b8a53d9273,2026-07-13 17:15:16+00,6000.00,AF509QF,ConsumosResumen.xlsx,CORREDORES VIALES SA
6de3c7da-adfb-431c-bbc2-66a89ec3494f,2026-07-22 23:45:21+00,6000.00,AC264UA,ConsumosResumen.xlsx,CORREDORES VIALES SA
6deeb351-a22d-455f-aa7a-c91011d24922,2026-07-06 13:17:54+00,3976.59,AF411UY,pasadas_2026-07-16_343555.csv,AUTOPISTA DEL OESTE
6e18eb6b-7fb3-43a9-b08c-defb34d6afca,2026-07-17 06:40:43+00,3454.21,AI348TS,pasadas_2026-07-29_5009A02052902.csv,AUSA
6e26fe34-63ef-41f9-9da8-519ab3616b9c,2026-07-04 19:29:37+00,4970.74,AH351RT,pasadas_2026-07-16_343555.csv,AUTOPISTA DEL OESTE
6e411016-f3dc-41ba-8e1c-24373c877459,2026-07-08 19:35:18+00,33666.39,AG939HR,pasadas_2026-07-15_5364164.csv,AUBASA
6e5cf14b-a32e-44dd-ab95-8b3f05a718e2,2026-07-05 13:14:46+00,6000.00,AF103ZL,ConsumosResumen-202607-1.xlsx,CORREDORES VIALES SA
6e844b1c-e925-4c82-acc7-4515866f55cc,2026-07-23 11:36:20+00,7500.00,AE751PA,ConsumosResumen.xlsx,CORREDORES VIALES SA
6e87fcf9-3953-436e-8f16-8764368bd750,2026-07-14 13:56:49+00,6000.00,AF411UY,ConsumosResumen.xlsx,CORREDORES VIALES SA
6e908367-85a9-40a9-9ff9-9703fa5bbfc4,2026-07-07 09:32:36+00,4771.95,AB247VR,pasadas_2026-07-16_493556.csv,AUSOL
6e9d67d6-6832-4ba9-a7e3-6bda8e7db05b,2026-07-17 11:35:49+00,9935.82,AF791ER,pasadas_2026-07-23_5009A02044703.csv,AUSA
6ea71100-f77e-4edc-bcb2-db9d1a45e9b0,2026-07-21 20:08:01+00,6195.30,AG916MK,ConsumosResumen.xlsx,RUTAS SUR ATLANTICO S.A.
6eadb95a-9076-4f91-bf37-699be2d46af7,2026-07-02 10:02:30+00,4500.00,AF389UV,ConsumosResumen-202607-1.xlsx,CORREDORES VIALES SA
6eb836b3-c415-4162-8c77-61c7f530118a,2026-07-02 10:15:21+00,7500.00,AG507DK,ConsumosResumen-202607-1.xlsx,RUTAS SUR ATLANTICO S.A.
6eb904e6-ef23-444e-9773-e77561aa7de5,2026-07-08 14:40:43+00,3976.59,AB456CQ,pasadas_2026-07-16_493556.csv,AUSOL
6edf5221-5b25-4c36-b900-4a67706161b9,2026-07-02 11:42:37+00,3976.59,AA561YA,pasadas_2026-07-16_343555.csv,AUTOPISTA DEL OESTE
6efcff9d-618f-4ffc-922b-1e47327c2590,2026-07-26 12:55:00+00,7148.39,AH351RS,ConsumosResumen.xlsx,CORREDOR VIAL 5 S.A.U.
6f29c281-3018-4546-8f47-5f1cb365562a,2026-07-02 18:59:53+00,7500.00,AG507DK,ConsumosResumen-202607-1.xlsx,CORREDORES VIALES SA
6f2d6e58-b864-4157-97fa-6c5710aa5748,2026-07-27 11:03:02+00,9935.82,AD625QA,pasadas_2026-07-29_5009A02060191.csv,AUSA
6f45f6d7-8958-4232-bbc7-8fcdc70d9f54,2026-07-07 09:32:53+00,6000.00,AC264UA,ConsumosResumen-202607-1.xlsx,CORREDORES VIALES SA
6f515704-db98-4dac-8014-04ebfd6437b1,2026-07-17 12:14:01+00,6000.00,AG939HR,ConsumosResumen.xlsx,CORREDORES VIALES SA
6f5eccee-fa4f-4ac3-8688-3a703e1f272f,2026-07-15 15:41:22+00,7148.39,AG822HO,ConsumosResumen.xlsx,CORREDOR VIAL 5 S.A.U.
6f607582-f56a-4603-9230-a8b351965e28,2026-07-08 22:43:20+00,15255.79,AH351RT,pasadas_2026-07-15_5009A02037803.csv,AUSA
6f6843c7-deae-4dcd-a0bc-f26bcdc6c212,2026-07-13 14:35:30+00,3976.59,AB151SM,pasadas_2026-07-16_343555.csv,AUTOPISTA DEL OESTE
6f69035e-7aa1-4446-89f9-c63c3a5f03ce,2026-07-10 11:26:06+00,3976.59,AC561DQ,pasadas_2026-07-16_343555.csv,AUTOPISTA DEL OESTE
6f940aaf-4cf1-4a57-a3a7-d3cb556933c2,2026-07-06 15:32:51+00,4970.74,AG309CO,pasadas_2026-07-16_343555.csv,AUTOPISTA DEL OESTE
6f9f59ed-67e7-4db0-9ab7-ae1de87f15a9,2026-06-30 10:55:52+00,4500.00,AF734UP,ConsumosResumen-202607-1.xlsx,CORREDORES VIALES SA
6fa3cfcd-65a0-4c46-b840-14a2c4998b49,2026-07-27 11:38:24+00,9935.82,AG939HR,pasadas_2026-07-29_5009A02060191.csv,AUSA
6facd284-2ab7-495c-9a55-e4f4dcd6c65f,2026-07-23 05:16:52+00,6044.83,AD625QB,pasadas_2026-07-29_5009A02060191.csv,AUSA
6fba3fab-12ce-47cf-b38f-152930548b9f,2026-07-15 10:38:59+00,6000.00,AG822HO,ConsumosResumen.xlsx,CORREDORES VIALES SA
6fe7f3b3-3dda-4e25-8f72-f197ad307089,2026-06-25 11:43:21+00,5200.00,AE469PL,pasadas_2026-07-03_3313955.csv,CORREDORES VIALES SA
700cb9f4-3989-4bdb-bec2-973ee2a31f49,2026-07-04 02:07:44+00,4646.47,AF436WI,ConsumosResumen.xlsx,RUTAS SUR ATLANTICO S.A.
70245561-8a11-4ebe-9759-f4828c17a163,2026-07-06 11:31:53+00,15255.79,AB456CQ,pasadas_2026-07-08_5009A02027769.csv,AUSA
702e0bb9-d093-4153-bcde-c27562969e7a,2026-07-05 22:27:01+00,6044.83,AG309CO,pasadas_2026-07-08_5009A02027769.csv,AUSA
7030ad6e-a149-4b07-9cc6-141f9e18f828,2026-07-02 23:31:35+00,6000.00,AF136HN,ConsumosResumen-202607-1.xlsx,CORREDORES VIALES SA
7046afa8-8a3f-450e-9c66-e775689a4f73,2026-07-04 01:51:13+00,26933.11,AG916MK,pasadas_2026-07-15_5364164.csv,AUBASA
7065b31d-95be-4e91-a17c-21eef1f8aee9,2026-07-13 11:37:22+00,9935.82,AI042WD,pasadas_2026-07-15_5009A02037760.csv,AUSA
706bd9cf-32bc-4359-898c-ad5bc90edc19,2026-07-21 09:41:51+00,1500.00,AG249HS,ConsumosResumen.xlsx,CORREDORES VIALES SA
707b0f82-74eb-4243-a08b-e6e0ac34eccf,2026-07-27 01:09:40+00,6000.00,AC812DO,ConsumosResumen.xlsx,CORREDORES VIALES SA
70985aeb-8b4e-42c3-a859-6cf1c0c1f40f,2026-07-01 19:37:21+00,7500.00,AH800QT,ConsumosResumen-202607-1.xlsx,CORREDORES VIALES SA
70ecf2c7-3c3a-42e1-b260-0d2adddcf63f,2026-07-03 04:57:11+00,6000.00,AD667DM,ConsumosResumen-202607-1.xlsx,CORREDORES VIALES SA
70f8f982-1483-443f-8711-30c347bc6372,2026-07-18 20:46:04+00,1439.11,AG309CH,pasadas_2026-07-23_5009A02044703.csv,AUSA
71067f49-61b2-49ed-b7d7-89eb4674fb87,2026-07-01 10:43:45+00,17400.00,AD985XP,pasadas_2026-07-22_1947768.csv,UNIDAD EJECUTORA (SANTA FE)
7106f44a-506f-422c-ae12-32e9c425aa28,2026-07-20 15:04:17+00,15255.79,AF533SR,pasadas_2026-07-23_5009A02044703.csv,AUSA
713ea303-f97a-4fd7-9c6f-0276ed419396,2026-07-07 11:42:20+00,6000.00,AG893YR,ConsumosResumen-202607-1.xlsx,CORREDORES VIALES SA
713ebe3d-5e38-44f3-b3e4-184c6c48ff0b,2026-07-27 18:46:59+00,6000.00,AF993HK,ConsumosResumen.xlsx,CORREDORES VIALES SA
7142bc2a-14e7-4326-b020-4612891130ea,2026-07-03 23:59:08+00,6044.83,AH351RT,pasadas_2026-07-08_5009A02027769.csv,AUSA
715d650f-da2a-4c6b-bfb9-7cb55b28bdba,2026-07-22 13:15:00+00,6000.00,AF231PZ,ConsumosResumen.xlsx,CORREDORES VIALES SA
7166a7b5-0a24-4f55-8d4a-c07321fa6b54,2026-07-12 20:24:24+00,5964.94,AG309CO,pasadas_2026-07-16_493556.csv,AUSOL
719b7517-3000-43a9-939f-a65ad7b9aa50,2026-07-07 19:03:30+00,33965.25,AG893YR,pasadas_2026-07-08_5009A02027769.csv,AUSA
71da4c14-9d76-42ee-9099-0b982b12b925,2026-07-02 15:51:37+00,6044.83,AG939HR,pasadas_2026-07-08_5009A02027769.csv,AUSA
71e1a9a4-0c94-479d-9517-aad61e1d996f,2026-07-10 00:49:59+00,6000.00,AF231PZ,ConsumosResumen-202607-1.xlsx,CORREDORES VIALES SA
71eefef1-36d2-49b0-a43a-8e4f2e074f91,2026-07-06 13:00:01+00,6044.83,AB456CP,pasadas_2026-07-08_5009A02027769.csv,AUSA
71f22230-8652-4daf-a6de-2dd0c7b90882,2026-07-10 14:09:55+00,3976.59,AB456CP,pasadas_2026-07-16_343555.csv,AUTOPISTA DEL OESTE
71f64ffe-4149-4ac6-b43a-67550d5876b8,2026-07-03 18:12:40+00,16833.20,AF436WI,pasadas_2026-07-15_5364164.csv,AUBASA
71f9d6a2-4104-49cf-9e6a-3acdbfcc201b,2026-07-10 10:54:13+00,4790.06,AI348TS,pasadas_2026-07-15_5364165.csv,AUBASA
72032b60-5af0-4be0-9cef-a3c249c252ee,2026-07-22 04:00:46+00,6000.00,AC561DQ,ConsumosResumen.xlsx,CORREDORES VIALES SA
72074629-3ef0-42fc-b70d-071e71f3195d,2026-07-07 18:31:05+00,33666.39,AG309CO,pasadas_2026-07-15_5364164.csv,AUBASA
720ac5eb-4714-47a0-bc43-94815f8fb499,2026-07-14 15:58:52+00,9935.82,AH185KI,pasadas_2026-07-23_5009A02044703.csv,AUSA
7211b9c6-a4e0-42f1-beda-06e8824ae067,2026-07-15 04:50:17+00,11975.15,AE469PH,pasadas_2026-07-15_5364164.csv,AUBASA
721a2dce-1fe2-44e1-bbc5-d0392706156b,2026-07-03 18:53:36+00,7500.00,AH800QT,ConsumosResumen-202607-1.xlsx,CORREDORES VIALES SA
7260c154-6cf6-41ee-82a1-34aa774c8e44,2026-07-12 21:32:05+00,7500.00,AH351RT,ConsumosResumen-202607-1.xlsx,CORREDORES VIALES SA
726606a3-6834-4211-a836-be8f7f622a26,2026-07-07 23:15:30+00,9935.82,AH351RT,pasadas_2026-07-15_5009A02037803.csv,AUSA
726af88a-129d-4113-9219-d4a4914c1f5f,2026-07-17 00:46:26+00,6000.00,AB456CU,ConsumosResumen.xlsx,CORREDORES VIALES SA
726b1c3b-d152-4d8b-ac47-e00eeabe1274,2026-07-16 19:02:15+00,4895.18,AI348TS,pasadas_2026-07-29_5009A02052902.csv,AUSA
72713670-729c-4292-a5a8-6b746feb6be7,2026-07-24 15:26:54+00,6000.00,AF202UU,ConsumosResumen.xlsx,CORREDORES VIALES SA
7274b5ee-4305-4db8-bcb4-b66802d09d34,2026-07-16 09:43:40+00,1787.10,AG249HS,ConsumosResumen.xlsx,RUTAS SUR ATLANTICO S.A.
7289dbb5-a489-4d24-972a-3e9820926fd5,2026-07-01 18:38:54+00,6000.00,AF136HN,ConsumosResumen-202607-1.xlsx,CORREDORES VIALES SA
728c477a-90f8-49db-920c-7c8858897b48,2026-07-13 12:51:27+00,3976.59,AB633TY,pasadas_2026-07-16_343555.csv,AUTOPISTA DEL OESTE
729a096c-4521-4a21-8411-e4a41b9738b8,2026-07-23 01:16:43+00,3454.21,AI348TS,pasadas_2026-07-29_5009A02052902.csv,AUSA
7303f759-3ab8-44bb-9b28-f1dea2115f0d,2026-07-15 10:11:46+00,6000.00,AD328WK,ConsumosResumen.xlsx,CORREDORES VIALES SA
730feaad-8ad7-4346-93dd-af6fa61775f7,2026-07-16 12:12:48+00,9935.82,AE469PH,pasadas_2026-07-23_5009A02044703.csv,AUSA
733f05b3-96df-415b-9f69-1dca0d53e369,2026-07-13 05:31:54+00,6044.83,AI178ER,pasadas_2026-07-15_5009A02037760.csv,AUSA
734ad569-e3d2-4f06-b75c-83e03c5f9b68,2026-07-15 08:00:06+00,1192.99,AI042WA,pasadas_2026-07-16_329454.csv,AUTOPISTA DEL OESTE
7360516f-1859-4c32-9ebb-eefde53e253d,2026-07-23 08:36:50+00,6000.00,AG893YR,ConsumosResumen.xlsx,CORREDORES VIALES SA
739a991f-889d-404a-b5ab-8646db845ad6,2026-07-08 16:51:18+00,4771.95,EXT374,pasadas_2026-07-16_343555.csv,AUTOPISTA DEL OESTE
73a2148d-6a54-4131-b73e-9e95311c9c44,2026-07-11 12:51:59+00,5964.94,AG309CO,pasadas_2026-07-16_493556.csv,AUSOL
740b05d9-50b3-43b1-a8d1-0fad577fab6e,2026-07-14 13:07:21+00,6000.00,AG822HO,ConsumosResumen.xlsx,CORREDORES VIALES SA
7416b998-8cdb-4b76-8823-6c65d715d930,2026-07-10 08:31:22+00,7148.39,AG822HO,ConsumosResumen.xlsx,CORREDOR VIAL 5 S.A.U.
746aa363-c1f6-4383-9e50-068711ee5c81,2026-07-23 23:19:31+00,6000.00,AF136HN,ConsumosResumen.xlsx,CORREDORES VIALES SA
7470617f-f008-44c0-aee5-702083e919b0,2026-07-07 06:22:58+00,3976.59,AC295IE,pasadas_2026-07-16_343555.csv,AUTOPISTA DEL OESTE
74ab18b0-4e48-4868-a666-00780f2c5c42,2026-07-13 02:38:17+00,4970.74,AG309CO,pasadas_2026-07-16_343555.csv,AUTOPISTA DEL OESTE
74b6a3aa-4de6-46b3-b0cb-30f5fe28513f,2026-07-04 21:22:09+00,7500.00,AH351RT,ConsumosResumen-202607-1.xlsx,CORREDORES VIALES SA
74e38ff5-9098-49d7-9173-c811b245eb3e,2026-07-02 20:52:49+00,6000.00,AD239PP,ConsumosResumen-202607-1.xlsx,CORREDORES VIALES SA
74ee1dd9-4742-4d73-b4e2-fcad97d9f8eb,2026-06-30 13:33:40+00,1500.00,AG309CH,ConsumosResumen-202607-1.xlsx,CORREDORES VIALES SA
74ef3699-7c97-402b-8915-e4696a3aa659,2026-07-01 16:40:43+00,4771.95,EXT374,pasadas_2026-07-16_343555.csv,AUTOPISTA DEL OESTE
74fb0bd5-d2d6-4358-8010-e3486ab2d63b,2026-07-02 16:51:28+00,4771.95,AB456CQ,pasadas_2026-07-16_343555.csv,AUTOPISTA DEL OESTE
751082b7-a74f-4bcf-890c-15e0dcff4280,2026-07-27 00:15:29+00,7642.85,AI348TS,pasadas_2026-07-29_5009A02052902.csv,AUSA
75212840-8ecb-4164-b1a8-b433cc261133,2026-07-20 09:03:37+00,8935.49,AH554RP,ConsumosResumen.xlsx,CORREDOR VIAL 5 S.A.U.
7565a648-3d25-4539-8407-f07642b27f94,2026-07-06 01:40:15+00,13466.55,AH729QW,pasadas_2026-07-15_5364164.csv,AUBASA
75676ea6-91e1-432e-a2c6-a64972c8d2a6,2026-07-01 07:49:50+00,6000.00,AF136HN,ConsumosResumen-202607-1.xlsx,CORREDORES VIALES SA
758deaf6-4ea1-4c4c-b09b-f86c8cb6f4d2,2026-07-24 06:19:13+00,3097.65,AB456CU,ConsumosResumen.xlsx,RUTAS SUR ATLANTICO S.A.
75e0cff5-d4ae-4d61-b18c-aaa24e097b18,2026-07-23 12:16:12+00,6000.00,AG916MK,ConsumosResumen.xlsx,CORREDORES VIALES SA
75eb3f13-f211-423a-8b88-e86048a95293,2026-07-03 13:57:16+00,6000.00,AG862VH,ConsumosResumen-202607-1.xlsx,CORREDORES VIALES SA
7606fd10-7320-4d93-a0bf-7d9e1e262580,2026-07-15 17:30:21+00,7500.00,AH185KI,ConsumosResumen.xlsx,CORREDORES VIALES SA
76113dcd-fe3d-4ea7-a464-d306ed2196fe,2026-07-17 13:46:26+00,8935.49,AH554RQ,ConsumosResumen.xlsx,CORREDOR VIAL 5 S.A.U.
763aeb64-64a7-468e-b8b2-e02e22238f3a,2026-06-28 00:36:44+00,7500.00,AH185KI,ConsumosResumen-202607-1.xlsx,CORREDORES VIALES SA
7652c2c8-6ad7-444d-a6be-a7e2d83ffc42,2026-07-20 18:51:06+00,6000.00,AD096FX,ConsumosResumen.xlsx,CORREDORES VIALES SA
76717a22-04c1-473e-b6d8-241d1124920a,2026-07-03 14:45:13+00,15255.79,AF103ZL,pasadas_2026-07-08_5009A02027769.csv,AUSA
76755d5e-b2c1-4395-9cef-6108e482b5f3,2026-07-07 21:36:59+00,6000.00,AD239PP,ConsumosResumen-202607-1.xlsx,CORREDORES VIALES SA
7676b0d5-5c4c-471e-afca-591fc981cf67,2026-07-25 11:28:48+00,6044.83,AF103ZL,pasadas_2026-07-29_5009A02060191.csv,AUSA
767c7ca8-753e-4316-bd66-495f3b234e8f,2026-07-22 17:44:14+00,6000.00,AD096FX,ConsumosResumen.xlsx,CORREDORES VIALES SA
76ab5425-b3b3-4b57-801f-d06356d13340,2026-07-15 15:59:36+00,31427.15,AD625QA,pasadas_2026-07-15_5364164.csv,AUBASA
76b93e1a-9cc4-4536-b581-789963e2b2c0,2026-06-29 10:49:47+00,6000.00,AD985XP,pasadas_2026-07-03_3313955.csv,CORREDORES VIALES SA
76c79fca-293d-470d-8906-1f6ee182895c,2026-07-21 14:37:08+00,7744.12,AF436WI,ConsumosResumen.xlsx,RUTAS SUR ATLANTICO S.A.
76cbbed0-fa96-4654-a46f-1f2f3688531b,2026-07-06 10:15:31+00,4771.95,AA561YA,pasadas_2026-07-16_343555.csv,AUTOPISTA DEL OESTE
76dbbd16-bfd4-4f80-9737-7ce482eab7f3,2026-06-29 04:24:21+00,1500.00,AG533MF,ConsumosResumen-202607-1.xlsx,CORREDORES VIALES SA
76f0b807-ef69-4643-a0e7-a0a246d17291,2026-07-14 09:39:36+00,4771.95,AC295IE,pasadas_2026-07-16_343555.csv,AUTOPISTA DEL OESTE
76fca76c-9608-421b-bc11-b7173884d8de,2026-07-02 00:09:37+00,9935.82,AG309CO,pasadas_2026-07-08_5009A02027769.csv,AUSA
7701d3b3-b9df-4572-865e-ae7b48c37530,2026-07-12 20:52:46+00,1192.99,AI348TS,pasadas_2026-07-16_493557.csv,AUSOL
770f7264-094e-4ab3-be9a-4c7a46fa038f,2026-07-19 14:35:50+00,7148.39,AE469PL,ConsumosResumen.xlsx,CORREDOR VIAL 5 S.A.U.
772ad0c5-d89f-4bec-a71e-a29a63b76a6d,2026-07-07 13:07:14+00,6044.83,AG893YR,pasadas_2026-07-08_5009A02027769.csv,AUSA
77309bfd-9b3d-4568-9f70-c49a2263aff6,2026-07-02 15:51:41+00,6044.83,AG309CO,pasadas_2026-07-08_5009A02027769.csv,AUSA
778dcfad-4193-4e3c-a369-30eaf9488742,2026-07-15 16:08:38+00,7500.00,AE751PA,ConsumosResumen.xlsx,CORREDORES VIALES SA
77a1338e-83f2-4feb-8724-d07f1db847b2,2026-07-08 07:55:59+00,6000.00,AB456CU,ConsumosResumen-202607-1.xlsx,CORREDORES VIALES SA
77af6974-8dfb-4efe-ba3d-96bebccd2b2e,2026-07-04 21:45:29+00,4970.74,AF993HA,pasadas_2026-07-16_493557.csv,AUSOL
77be535d-c264-4587-b65c-2ce2fd44450b,2026-07-25 14:47:30+00,7642.85,AI348TS,pasadas_2026-07-29_5009A02052902.csv,AUSA
77c96f2e-67a0-4b33-8b92-f6e2e85d3e25,2026-07-02 18:49:18+00,6000.00,AG822HO,ConsumosResumen.xlsx,CORREDOR VIAL 5 S.A.U.
77ce6e7a-d95d-44ef-a020-44085d90d984,2026-07-12 20:29:42+00,14370.19,AF202UU,pasadas_2026-07-15_5364164.csv,AUBASA
77f112a4-95c8-45b3-a742-30db38a66ed8,2026-07-17 10:48:14+00,6000.00,AB151SM,ConsumosResumen.xlsx,CORREDORES VIALES SA
77f9e0ef-1a6f-4277-a821-2647c262181d,2026-07-05 16:06:13+00,994.15,AI042WA,pasadas_2026-07-16_329454.csv,AUTOPISTA DEL OESTE
78077ed3-02d2-44ea-be78-476621ff4f4a,2026-07-09 23:09:11+00,2244.43,AI348TS,pasadas_2026-07-15_5364165.csv,AUBASA
781423f6-8283-457a-a48a-e200126ab34d,2026-07-16 23:07:15+00,6000.00,AB456CU,ConsumosResumen.xlsx,CORREDORES VIALES SA
784d4dec-4e72-4734-80d6-3e3780a17694,2026-07-20 12:34:41+00,9935.82,AF436WI,pasadas_2026-07-23_5009A02044703.csv,AUSA
7859e6b8-2d9b-4a39-81c3-6cd176d386aa,2026-06-26 11:27:45+00,6500.00,AI178ER,pasadas_2026-07-03_3305880.csv,CORREDORES VIALES SA
789f07e0-705d-4c89-924e-afe807c26206,2026-07-16 06:48:07+00,6000.00,AF202UU,ConsumosResumen.xlsx,CORREDORES VIALES SA
78a341d3-5b18-4226-98d2-06e6c8423d96,2026-07-02 23:50:35+00,6044.83,AI178EY,pasadas_2026-07-15_5009A02037760.csv,AUSA
78abfc76-47d9-479d-9959-35163c60a0f3,2026-07-14 04:13:33+00,1500.00,AG533MF,ConsumosResumen.xlsx,CORREDORES VIALES SA
78b6e575-dcbc-49ee-baa0-66f5d4f34a40,2026-07-17 11:38:59+00,9935.82,AH185KI,pasadas_2026-07-23_5009A02044703.csv,AUSA
78c25e10-7a8d-4137-8c64-628badfef7b9,2026-07-13 05:59:42+00,6000.00,OWG130,ConsumosResumen.xlsx,CORREDORES VIALES SA
78f49cba-0f86-480b-8f55-7eedab071e5e,2026-07-22 12:29:44+00,4500.00,AF734UP,ConsumosResumen.xlsx,CORREDORES VIALES SA
79002d3d-fed0-4404-b3df-5a59aa6c25fd,2026-07-01 16:23:50+00,4771.95,AB633TY,pasadas_2026-07-16_343555.csv,AUTOPISTA DEL OESTE
791d1af0-f15a-4efc-9afb-94a1ee48e141,2026-07-13 17:37:56+00,7500.00,AH251LE,ConsumosResumen.xlsx,CORREDORES VIALES SA
793d1208-d18f-49da-b7ad-26869c5bdfdb,2026-07-01 22:42:22+00,21000.00,AH800QT,pasadas_2026-07-22_1947768.csv,UNIDAD EJECUTORA (SANTA FE)
79459030-0d60-478e-9f85-9cca25377df9,2026-07-21 00:44:20+00,7500.00,AG939HR,ConsumosResumen.xlsx,CORREDORES VIALES SA
794cbe3f-2fcb-4d26-bbd2-785c638557f7,2026-06-28 12:51:17+00,6000.00,AG862VH,ConsumosResumen-202607-1.xlsx,CORREDORES VIALES SA
795d6ac2-0bc3-495d-8d66-07d5abaf076b,2026-07-13 04:34:34+00,3976.59,AD667DM,pasadas_2026-07-16_343555.csv,AUTOPISTA DEL OESTE
795e0982-d3a8-469d-b8df-8ecdb64b4f57,2026-06-28 01:17:08+00,7500.00,AH285SP,ConsumosResumen-202607-1.xlsx,CORREDORES VIALES SA
799337ef-3cf4-4eb8-b02c-f124007c12c0,2026-07-07 14:11:37+00,4970.74,AH729QW,pasadas_2026-07-16_493556.csv,AUSOL
7993d5bc-9914-44fe-b81d-d2cc259b61ac,2026-07-23 05:32:38+00,15255.79,AC561DQ,pasadas_2026-07-29_5009A02060191.csv,AUSA
79a381fa-0416-409f-9580-44cc12ddfd76,2026-06-26 15:57:25+00,8400.00,AF136HN,pasadas_2026-07-22_1947768.csv,UNIDAD EJECUTORA (SANTA FE)
79b5c2cb-aa62-4311-b4c5-dc3b7f0c9979,2026-07-25 22:52:34+00,9935.82,AF993HA,pasadas_2026-07-29_5009A02052902.csv,AUSA
79c0f711-e2e7-48e4-a68a-93acc9cba3e0,2026-07-24 11:05:25+00,6000.00,AD239PP,ConsumosResumen.xlsx,CORREDORES VIALES SA
79c43df9-f37b-43c7-917e-46735aeb7022,2026-07-07 13:11:18+00,4970.74,AG309CO,pasadas_2026-07-16_493556.csv,AUSOL
79cf1803-8d42-4939-9318-baa724e97d15,2026-07-24 16:16:35+00,6000.00,AD096FX,ConsumosResumen.xlsx,CORREDORES VIALES SA
7a0295c2-f972-43bc-8e94-6203537e7ffd,2026-07-18 10:09:58+00,7500.00,AH800QT,ConsumosResumen.xlsx,CORREDORES VIALES SA
7a1bbc1f-b0c1-45ff-8b86-83b82c0ca0d1,2026-07-02 21:51:17+00,4500.00,AD625QB,ConsumosResumen-202607-1.xlsx,CORREDORES VIALES SA
7a21ec53-9ede-4714-a9a1-54fbd3e0b8e5,2026-07-03 13:50:23+00,13466.55,AH185KI,pasadas_2026-07-15_5364164.csv,AUBASA
7a2b62ec-808d-4254-bd8c-ab7aa2016d39,2026-06-30 14:09:35+00,7500.00,AH251LE,ConsumosResumen-202607-1.xlsx,CORREDORES VIALES SA
7a3db7c2-a3a0-4c39-bebb-a8ec1955fea2,2026-07-01 02:38:00+00,994.15,AG533MF,pasadas_2026-07-16_493556.csv,AUSOL
7a3ffa5a-7eec-4e28-bea6-fde46410bdde,2026-07-02 13:39:31+00,6000.00,AA561YA,ConsumosResumen-202607-1.xlsx,CORREDORES VIALES SA
7a44e1e1-06f0-470a-92b6-4cb9e631be6a,2026-07-13 15:52:51+00,6195.30,AB456CP,ConsumosResumen.xlsx,RUTAS SUR ATLANTICO S.A.
7a4f0c09-cd4d-4a74-af5c-3cf938322682,2026-07-21 15:34:42+00,7744.12,AH185KI,ConsumosResumen.xlsx,RUTAS SUR ATLANTICO S.A.
7a6a30ab-d8b9-41da-9c56-e39cf78bb126,2026-07-27 03:11:08+00,7500.00,AH185KI,ConsumosResumen.xlsx,CORREDORES VIALES SA
7a75eeea-db59-4542-b7d5-dc7e73072a89,2026-07-13 04:43:34+00,14370.19,AH351RT,pasadas_2026-07-15_5364164.csv,AUBASA
7a7ec151-5da8-4133-b9b3-a3cd0210993b,2026-07-11 20:44:22+00,1787.10,PMK414,ConsumosResumen-202607-1.xlsx,RUTAS SUR ATLANTICO S.A.
7a92d2f8-fe81-4b6d-80ae-996d4e757b95,2026-07-06 02:09:48+00,3976.59,AB456CU,pasadas_2026-07-16_493556.csv,AUSOL
7a9aa8cf-4f5b-484c-8b8c-5a784043a788,2026-07-13 23:26:28+00,4970.74,AF993HA,pasadas_2026-07-16_493557.csv,AUSOL
7aae9a72-5623-4671-9c90-7df76c75bc87,2026-07-10 10:23:15+00,15255.79,AE831SI,pasadas_2026-07-15_5009A02037803.csv,AUSA
7abc1f3e-57e3-43ac-bc4e-d6e9ab512d14,2026-07-07 01:26:37+00,13466.55,AG916MK,pasadas_2026-07-15_5364164.csv,AUBASA
7ac6f69f-a4be-49c2-9a12-686bfe83f48e,2026-07-09 08:39:51+00,13466.55,AG309CO,pasadas_2026-07-15_5364164.csv,AUBASA
7aeb727a-180a-4afe-bd58-36887a549d7e,2026-07-03 03:58:19+00,5361.29,AE284KH,ConsumosResumen-202607-1.xlsx,RUTAS SUR ATLANTICO S.A.
7af03298-3190-45f7-95d7-04fe697973e6,2026-07-12 18:46:29+00,8935.49,AH554RQ,ConsumosResumen.xlsx,CORREDOR VIAL 5 S.A.U.
7afb508d-3f29-4591-b78a-6291e289bd39,2026-07-26 12:35:23+00,9935.82,AE831SI,pasadas_2026-07-29_5009A02060191.csv,AUSA
7b1da3a7-6b63-4178-8e4e-09fb768e302a,2026-07-03 21:06:14+00,7744.12,AG507DK,ConsumosResumen.xlsx,RUTAS SUR ATLANTICO S.A.
7b2489f0-3941-4e50-9ca8-18a501fcc9e4,2026-07-15 03:23:05+00,9935.82,AH351RT,pasadas_2026-07-23_5009A02044703.csv,AUSA
7b2945db-558b-4ab1-8bef-169b9270e887,2026-07-17 12:09:07+00,7500.00,AH729QW,ConsumosResumen.xlsx,CORREDORES VIALES SA
7b3f5b05-0dd3-4c6e-ae11-04094628d44b,2026-07-27 02:56:50+00,6044.83,AF103ZL,pasadas_2026-07-29_5009A02060191.csv,AUSA
7b47fb7c-8369-45f7-a2fc-7f3616fcd542,2026-07-07 17:31:26+00,6000.00,AF411UY,ConsumosResumen-202607-1.xlsx,CORREDORES VIALES SA
7b4ea1f8-8666-4326-9601-5fb227bf12a5,2026-06-29 22:06:12+00,1500.00,AG533MF,ConsumosResumen-202607-1.xlsx,CORREDORES VIALES SA
7b5e6400-4882-4b30-ac23-beb2e9d3dc59,2026-07-05 02:14:17+00,15255.79,AF103ZL,pasadas_2026-07-08_5009A02027769.csv,AUSA
7b6238da-1585-445a-8de9-4e3c7865ad32,2026-07-01 22:00:10+00,4970.74,AF993HA,pasadas_2026-07-16_329454.csv,AUTOPISTA DEL OESTE
7b6d950c-3155-4edd-9fc9-044c53d4289f,2026-07-08 23:44:50+00,4970.74,AH351RT,pasadas_2026-07-16_493556.csv,AUSOL
7b707fab-ba01-4b40-ae55-ca01a08a57bf,2026-07-10 11:49:10+00,3976.59,EXT374,pasadas_2026-07-16_343555.csv,AUTOPISTA DEL OESTE
7b834f97-8102-410d-8e35-0643961f8344,2026-07-04 23:57:47+00,9935.82,AH185KI,pasadas_2026-07-08_5009A02027769.csv,AUSA
7b853a76-5461-4375-af9d-a6a1d6618aa7,2026-07-13 14:15:30+00,6000.00,AD625QB,ConsumosResumen.xlsx,CORREDORES VIALES SA
7bb28462-3d77-41ff-a708-1832eef8fe48,2026-07-07 06:27:49+00,7500.00,AH543IQ,ConsumosResumen-202607-1.xlsx,CORREDORES VIALES SA
7bb9a307-1b14-48e3-8ccd-f80daf80b030,2026-07-06 21:03:57+00,8935.49,AH554RQ,ConsumosResumen.xlsx,CORREDOR VIAL 5 S.A.U.
7c410318-b45a-48aa-ba32-956ce258732c,2026-07-20 13:44:07+00,8935.49,AD736OU,ConsumosResumen.xlsx,CORREDOR VIAL 5 S.A.U.
7c48ca08-2a6b-434b-b223-3175a922a98d,2026-07-01 10:13:50+00,6000.00,AF202UU,ConsumosResumen-202607-1.xlsx,CORREDORES VIALES SA
7c907f36-eb7c-478b-818b-1137168ae9c1,2026-07-10 05:36:33+00,14370.19,AF436WI,pasadas_2026-07-15_5364164.csv,AUBASA
7cab13da-b302-43b4-9726-48c1e89cd685,2026-07-17 16:57:20+00,6000.00,AB151SM,ConsumosResumen.xlsx,CORREDORES VIALES SA
7cceb68d-a9d8-4a81-bc6e-cacae41dc68f,2026-07-22 20:33:24+00,6044.83,AF993HA,pasadas_2026-07-29_5009A02052902.csv,AUSA
7cee76ee-2b5a-443f-9a4b-c5cdf5268e97,2026-07-02 20:11:03+00,9935.82,AF103ZL,pasadas_2026-07-08_5009A02027769.csv,AUSA
7cfeb5f4-59fc-413f-a2e8-40bd856dd97f,2026-07-07 13:47:08+00,9935.82,AG309CO,pasadas_2026-07-08_5009A02027769.csv,AUSA
7d0d99de-ee06-4c95-aa52-65e17cf87eb4,2026-07-01 10:34:41+00,11222.12,AB247VR,pasadas_2026-07-15_5364164.csv,AUBASA
7d1a866d-bbd4-454c-8217-42c35b5e5ba8,2026-07-07 09:11:16+00,7500.00,AH543IQ,ConsumosResumen-202607-1.xlsx,CORREDORES VIALES SA
7d22bf14-660a-46e0-8483-de65441f674d,2026-07-03 19:10:08+00,16833.20,AH185KI,pasadas_2026-07-15_5364164.csv,AUBASA
7d3dcc76-1a6e-4ae3-824f-08170be07464,2026-07-06 11:57:48+00,3976.59,AF103ZL,pasadas_2026-07-16_343555.csv,AUTOPISTA DEL OESTE
7d417552-d791-422a-811a-765407e34035,2026-07-06 17:35:19+00,4771.95,AE751PA,pasadas_2026-07-16_493556.csv,AUSOL
7d474aa9-c1a0-4a2a-8e99-40eb8de92bb2,2026-07-20 16:07:57+00,5361.29,AD625QB,ConsumosResumen.xlsx,RUTAS SUR ATLANTICO S.A.
7d95b7d4-6b85-4fc6-b8d8-974428708ee5,2026-07-22 23:33:15+00,6044.83,AG916MK,pasadas_2026-07-23_5009A02044703.csv,AUSA
7dae5ec4-c348-4046-a769-dbaaa4cc6dd6,2026-07-18 21:09:18+00,6195.30,AG916MK,ConsumosResumen.xlsx,RUTAS SUR ATLANTICO S.A.
7dc54085-c33a-4530-bce6-4e21060dfda4,2026-07-13 00:53:26+00,14370.19,AG939HR,pasadas_2026-07-15_5364164.csv,AUBASA
7dc72148-1fc9-44dd-aedd-3c0963573b15,2026-07-23 21:19:25+00,8935.49,AH554RQ,ConsumosResumen.xlsx,CORREDOR VIAL 5 S.A.U.
7dc9a367-970d-44e9-a887-146fa2639c53,2026-07-26 22:52:16+00,8935.49,AH554RP,ConsumosResumen.xlsx,CORREDOR VIAL 5 S.A.U.
7dfe5b80-8f9a-40a3-9e07-74714906abd7,2026-07-24 20:02:02+00,6000.00,AH033DL,ConsumosResumen.xlsx,CORREDORES VIALES SA
7e123878-a048-40a0-b94d-870343396da8,2026-07-28 12:14:45+00,6044.83,AF231PZ,pasadas_2026-07-29_5009A02060191.csv,AUSA
7e237254-34f6-4e6f-94b1-83b939cead08,2026-07-06 05:56:28+00,11222.12,AF791ER,pasadas_2026-07-15_5364164.csv,AUBASA
7e29993f-d9ce-4be8-9657-4cc6f34893f0,2026-07-01 16:33:56+00,4771.95,AB247VR,pasadas_2026-07-16_343555.csv,AUTOPISTA DEL OESTE
7e4466a7-982d-4d79-bded-d22caac66f89,2026-07-03 11:39:20+00,9935.82,AF411UY,pasadas_2026-07-08_5009A02027769.csv,AUSA
7e48ea8a-04c5-4859-88f8-8a374d3b2069,2026-07-13 07:19:54+00,6000.00,AG862VH,ConsumosResumen.xlsx,CORREDORES VIALES SA
7e50abe3-8598-4de4-bf63-5fda54dd740d,2026-07-11 07:57:12+00,6000.00,AG893YR,ConsumosResumen-202607-1.xlsx,CORREDORES VIALES SA
7e6e9a2f-3db6-4feb-9f04-5c64879bce9b,2026-07-17 21:13:45+00,6000.00,AD239PP,ConsumosResumen.xlsx,CORREDORES VIALES SA
7e8d7a62-3f5a-4ffc-a48c-e75feab81f70,2026-07-03 15:26:28+00,3976.59,AD985XP,pasadas_2026-07-16_343555.csv,AUTOPISTA DEL OESTE
7ebf0cfd-bf65-4b64-947c-6143607e059d,2026-07-03 13:27:11+00,9935.82,AH185KI,pasadas_2026-07-08_5009A02027769.csv,AUSA
7ebfe9ea-e28c-4c62-960c-7b931df04c49,2026-07-07 18:39:21+00,4771.95,EXT374,pasadas_2026-07-16_343555.csv,AUTOPISTA DEL OESTE
7edcf303-ed0c-4a28-9a61-090d8d4c54a7,2026-07-14 19:50:27+00,7500.00,AH185KI,ConsumosResumen.xlsx,CORREDORES VIALES SA
7eece5ce-79ea-4829-8f66-05abf3ad0cd0,2026-07-08 10:57:10+00,7500.00,AE831SI,ConsumosResumen-202607-1.xlsx,CORREDORES VIALES SA
7eefc17f-1122-49f8-b59f-6823fce4cfef,2026-07-05 21:56:05+00,4970.74,AG309CO,pasadas_2026-07-16_493556.csv,AUSOL
7f1807e0-e155-4f69-a952-35677f2b2c8b,2026-07-08 18:50:55+00,21000.00,AH285SP,pasadas_2026-07-22_1947768.csv,UNIDAD EJECUTORA (SANTA FE)
7f48ace2-d981-4fce-9375-0fc18f5b5b34,2026-07-24 21:43:59+00,3000.00,AD985XP,ConsumosResumen.xlsx,CORREDORES VIALES SA
7f4b73ba-7d05-4fe4-a53c-ee18095fbb84,2026-07-10 13:45:49+00,7148.39,AH351RS,ConsumosResumen.xlsx,CORREDOR VIAL 5 S.A.U.
7f583c11-078c-4769-bf5c-3fe0e705152a,2026-07-06 22:43:07+00,6000.00,AG916MK,ConsumosResumen-202607-1.xlsx,CORREDORES VIALES SA
7f636342-9d45-48c5-b8f5-9ef5cf497c51,2026-07-07 11:23:42+00,26933.11,AF993HA,pasadas_2026-07-15_5364165.csv,AUBASA
7f6daa05-17c5-4726-b31a-a1cbcd553034,2026-07-21 08:46:58+00,6000.00,AD625QA,ConsumosResumen.xlsx,CORREDORES VIALES SA
7f9b6ab7-a691-4037-89cd-3774ea769ac0,2026-07-01 22:04:16+00,15255.79,AF202UU,pasadas_2026-07-08_5009A02027769.csv,AUSA
7fc28f1c-0ccb-4e3f-a2e3-bb78a6ca3a87,2026-07-14 13:29:44+00,6000.00,AH351RS,ConsumosResumen.xlsx,CORREDORES VIALES SA
7fcb7de2-377f-49c0-9c05-0dcd6b148df4,2026-07-14 13:58:40+00,3976.59,AD625QB,pasadas_2026-07-16_493556.csv,AUSOL
7fd22d9b-2f05-4e93-9fa6-ab2ffa0bd54b,2026-07-03 10:47:24+00,4771.95,EXT374,pasadas_2026-07-16_343555.csv,AUTOPISTA DEL OESTE
7fd99fa4-bf93-4df5-8815-f316d512b6e6,2026-07-17 16:11:14+00,6000.00,AD096FX,ConsumosResumen.xlsx,CORREDORES VIALES SA
7fea8769-7389-414e-b0f3-dd071b70a40f,2026-06-25 23:15:26+00,6600.00,AG939HX,pasadas_2026-07-22_1947768.csv,UNIDAD EJECUTORA (SANTA FE)
800e65a4-45ac-4fd3-9c42-19dd0ef1cfc0,2026-07-08 15:00:12+00,13466.55,AH185KI,pasadas_2026-07-15_5364164.csv,AUBASA
8026d56a-5e8c-4833-b365-1a7c1423bb37,2026-06-29 14:10:34+00,7500.00,AE284KH,ConsumosResumen-202607-1.xlsx,CORREDORES VIALES SA
8064b128-a9a2-4419-9d19-4ba761f62ba2,2026-07-09 00:14:42+00,3000.00,AD933WS,ConsumosResumen-202607-1.xlsx,CORREDORES VIALES SA
808271b1-5ecf-4870-95b9-c8f3d94509d1,2026-07-20 05:21:18+00,8935.49,AD736OU,ConsumosResumen.xlsx,CORREDOR VIAL 5 S.A.U.
808c7114-70ad-49a1-b4de-e632cbf6dc74,2026-07-03 17:14:58+00,4771.95,AC561DQ,pasadas_2026-07-16_343555.csv,AUTOPISTA DEL OESTE
8093fb3f-6f76-4508-bc23-dc55b4b3b02d,2026-07-14 20:43:12+00,6000.00,AG676SP,ConsumosResumen.xlsx,CORREDORES VIALES SA
8098bd2f-0fa9-40b9-99b0-3c2872e5f095,2026-07-04 18:14:59+00,6000.00,AG862VH,ConsumosResumen-202607-1.xlsx,CORREDORES VIALES SA
809f379a-b27c-4621-ab81-6b50faade8f5,2026-06-30 15:12:28+00,7500.00,AF533SR,ConsumosResumen-202607-1.xlsx,CORREDORES VIALES SA
80af5939-3468-489c-a1b5-af8d2aa33aa5,2026-07-08 19:44:25+00,5964.94,AH729QW,pasadas_2026-07-16_343555.csv,AUTOPISTA DEL OESTE
80b6b6ee-d007-4261-b82b-32e40b47a08f,2026-07-08 23:14:10+00,7744.12,AH351RT,ConsumosResumen-202607-1.xlsx,RUTAS SUR ATLANTICO S.A.
80d48de8-a404-442f-8623-4599410e60df,2026-07-03 16:27:00+00,6000.00,OWG130,ConsumosResumen-202607-1.xlsx,CORREDORES VIALES SA
80d9020f-60c0-4636-80ca-ac1aeac40984,2026-07-13 19:26:37+00,4771.95,AD625QA,pasadas_2026-07-16_343555.csv,AUTOPISTA DEL OESTE
810d1083-c63f-44c3-ab35-935607872cc1,2026-07-11 08:35:58+00,1439.11,AG309CH,pasadas_2026-07-15_5009A02037803.csv,AUSA
811afda6-60ca-49b5-8c9c-b9b67ecc2da6,2026-07-04 05:04:39+00,6000.00,AD667DM,ConsumosResumen-202607-1.xlsx,CORREDORES VIALES SA
811e0eb0-1f47-43aa-929e-22356cc42050,2026-07-06 18:04:16+00,3000.00,AC295IE,ConsumosResumen-202607-1.xlsx,CORREDORES VIALES SA
811fb9dc-b0c6-436d-a292-16a8fcb315ae,2026-07-03 01:12:01+00,4970.74,AH351RT,pasadas_2026-07-16_343555.csv,AUTOPISTA DEL OESTE
81336aa9-89a5-446b-b404-79f7f8eb7f7b,2026-07-10 15:57:07+00,6000.00,AF202UU,ConsumosResumen-202607-1.xlsx,CORREDORES VIALES SA
81556edf-18bc-4e62-8568-131530e871d4,2026-07-13 12:43:10+00,994.15,AI348TS,pasadas_2026-07-16_493557.csv,AUSOL
81675157-118b-4c74-b8b3-d737507b2bd5,2026-07-22 14:40:36+00,7500.00,AE952TH,ConsumosResumen.xlsx,CORREDORES VIALES SA
81828fc0-7e96-43b9-9130-31830b217217,2026-07-05 19:31:54+00,7500.00,AE952TH,ConsumosResumen-202607-1.xlsx,CORREDORES VIALES SA
81930ef6-5d1f-4c44-9ef5-8a771d69ace6,2026-07-04 16:25:14+00,15255.79,AF136HN,pasadas_2026-07-08_5009A02027769.csv,AUSA
81c473d9-10f4-4da1-bac6-ba2f9b853a82,2026-07-23 16:48:02+00,1500.00,AD584GR,ConsumosResumen.xlsx,CORREDORES VIALES SA
81e6bcc5-c469-4a0d-814c-0ddfbb993d1a,2026-07-01 17:39:47+00,16982.69,AH543IQ,pasadas_2026-07-08_5009A02027769.csv,AUSA
820846f7-337b-49a5-961f-429dbe7a86e7,2026-07-02 15:39:48+00,13466.55,AG939HR,pasadas_2026-07-15_5364164.csv,AUBASA
820fe1f5-8810-4a6d-964f-0077fe4986da,2026-07-13 13:41:42+00,7500.00,AH185KI,ConsumosResumen.xlsx,CORREDORES VIALES SA
8210c09c-93f1-4658-9fe5-09415857095c,2026-07-02 15:39:54+00,13466.55,AG309CO,pasadas_2026-07-15_5364164.csv,AUBASA
821b71ea-275d-4221-b28c-408e5d2bac2f,2026-07-22 07:25:50+00,7148.39,AE469PL,ConsumosResumen.xlsx,CORREDOR VIAL 5 S.A.U.
823791de-2b0f-4185-8369-222808d19625,2026-07-15 20:36:20+00,6000.00,AG309CO,ConsumosResumen.xlsx,CORREDORES VIALES SA
8255373e-ff13-4710-aa8e-52169aff9df5,2026-07-13 03:00:46+00,7500.00,AH251LE,ConsumosResumen.xlsx,CORREDORES VIALES SA
82a1ad05-ff8f-48c6-aef9-f919ec17bfcf,2026-07-05 20:01:17+00,6000.00,AB151SM,ConsumosResumen-202607-1.xlsx,CORREDORES VIALES SA
82ae8f4c-8c07-4b09-a3de-deafe43fc397,2026-06-30 14:01:35+00,7500.00,AH285SP,ConsumosResumen-202607-1.xlsx,CORREDORES VIALES SA
82b03d4b-914a-4762-b367-6d4bd1817a30,2026-07-14 21:20:00+00,7744.12,AF091AI,ConsumosResumen.xlsx,RUTAS SUR ATLANTICO S.A.
82bf0e42-087e-4b9a-8785-28d04ac6a28b,2026-07-12 13:32:11+00,7500.00,AE952TH,ConsumosResumen-202607-1.xlsx,CORREDORES VIALES SA
82bf98ef-bcaa-4976-af99-5332dcb69cda,2026-07-20 14:46:42+00,6044.83,AF533SR,pasadas_2026-07-23_5009A02044703.csv,AUSA
82de2216-c9b5-414b-aeb1-6f8c872fbf65,2026-07-14 09:11:36+00,1192.99,AA946VU,pasadas_2026-07-16_343555.csv,AUTOPISTA DEL OESTE
82f02687-7411-45a7-85e3-38b875108dd4,2026-06-29 10:47:06+00,6000.00,AC812DO,ConsumosResumen-202607-1.xlsx,CORREDORES VIALES SA
832c8afd-3253-4994-b602-128da77ba6b6,2026-06-28 13:01:05+00,6000.00,AG939HR,ConsumosResumen-202607-1.xlsx,CORREDORES VIALES SA
837138a3-97c5-4df1-a84f-3981ea85b262,2026-07-02 21:42:28+00,4970.74,AF533SR,pasadas_2026-07-16_343555.csv,AUTOPISTA DEL OESTE
8388fe98-0f9c-4b4c-87eb-65a696989f43,2026-07-21 22:43:30+00,7500.00,AG507DK,ConsumosResumen.xlsx,CORREDORES VIALES SA
83a67b46-a836-44a9-8bb7-a617fbfb8432,2026-06-30 23:09:28+00,17400.00,AG939HX,pasadas_2026-07-22_1947768.csv,UNIDAD EJECUTORA (SANTA FE)
83b9b481-04c3-4350-aec1-d0af10bfb497,2026-07-14 00:29:33+00,14370.19,AF993HA,pasadas_2026-07-15_5364165.csv,AUBASA
83c4b343-1931-46ca-a330-873d32d80879,2026-07-03 06:51:41+00,9935.82,AB456CQ,pasadas_2026-07-08_5009A02027769.csv,AUSA
83c5ad8d-c205-4c75-9a64-e8a3c0f422ff,2026-07-21 02:37:23+00,7500.00,AH729QW,ConsumosResumen.xlsx,CORREDORES VIALES SA
83c5e4de-75c6-4b0e-9b76-3a4fa61fcd57,2026-07-17 12:25:45+00,9935.82,AF436WI,pasadas_2026-07-23_5009A02044703.csv,AUSA
83cb0484-e65e-458d-86fd-63f03d2986b2,2026-07-21 12:47:38+00,6044.83,AF791ER,pasadas_2026-07-23_5009A02044703.csv,AUSA
83e9ffff-606f-45d8-ab28-d9802efd77d7,2026-07-17 06:33:37+00,6000.00,AB151SM,ConsumosResumen.xlsx,CORREDORES VIALES SA
83f4c2ed-904c-44a2-8c04-f91a61760f48,2026-07-22 08:11:37+00,6000.00,AE469PL,ConsumosResumen.xlsx,CORREDORES VIALES SA
840aabdc-4f94-450f-aa67-29ecff5620dd,2026-07-06 06:45:27+00,15255.79,AB456CQ,pasadas_2026-07-08_5009A02027769.csv,AUSA
840bfc76-cb60-4d7d-8b65-880915cc7a6c,2026-07-25 11:12:18+00,6000.00,AD667DM,ConsumosResumen.xlsx,CORREDORES VIALES SA
841887b8-20b4-48a1-905e-db7a39804264,2026-07-04 02:44:09+00,9935.82,AF436WI,pasadas_2026-07-08_5009A02027769.csv,AUSA
8435af32-b9f0-40f4-8288-d0db6ad7ec88,2026-06-28 16:27:30+00,1500.00,AG309CH,ConsumosResumen-202607-1.xlsx,CORREDORES VIALES SA
8437d46a-708b-4d52-bd52-ced46613282d,2026-06-29 14:41:38+00,7500.00,AH800QT,ConsumosResumen-202607-1.xlsx,CORREDORES VIALES SA
843f157e-9585-4c1f-bf2c-7968aaa584fa,2026-07-21 04:27:42+00,6195.30,AD625QB,ConsumosResumen.xlsx,RUTAS SUR ATLANTICO S.A.
845d1126-8a5a-4578-89b3-b4631e1da6f4,2026-07-14 15:24:09+00,15255.79,AB151SM,pasadas_2026-07-15_5009A02037803.csv,AUSA
8480d1e3-286c-45cd-9ddd-25641d12f780,2026-07-22 23:46:24+00,7744.12,AH543IQ,ConsumosResumen.xlsx,RUTAS SUR ATLANTICO S.A.
8486b638-8117-4068-b4e6-de9d90f6d826,2026-07-02 10:46:19+00,4771.95,AE469PH,pasadas_2026-07-16_343555.csv,AUTOPISTA DEL OESTE
84890b61-c9e4-40cc-bc1d-7d7b8699b3a9,2026-07-15 10:40:08+00,7500.00,AH285SP,ConsumosResumen.xlsx,CORREDORES VIALES SA
8490d34c-f8c3-4a39-867f-e343e24a1c41,2026-07-16 07:36:03+00,6000.00,AG893YR,ConsumosResumen.xlsx,CORREDORES VIALES SA
84a8f69a-1092-4481-ac04-756fbe98158f,2026-07-03 16:38:56+00,6000.00,AG676SP,ConsumosResumen-202607-1.xlsx,CORREDORES VIALES SA
84b1ecb0-3e08-471e-90c3-42565cf246a3,2026-07-25 11:07:46+00,7500.00,AE469PH,ConsumosResumen.xlsx,CORREDORES VIALES SA
84e4690f-7f99-427f-a122-5a4aa6ca1a0d,2026-07-14 11:23:52+00,3976.59,AB633TZ,pasadas_2026-07-16_343555.csv,AUTOPISTA DEL OESTE
84eaf1d3-1063-4c44-adea-0fcc4c4fca48,2026-07-21 13:13:39+00,6000.00,AC264UA,ConsumosResumen.xlsx,CORREDORES VIALES SA
84f98dec-6dda-4aeb-8d4e-74205b011712,2026-07-08 12:48:54+00,3976.59,AD985XP,pasadas_2026-07-16_343555.csv,AUTOPISTA DEL OESTE
851ca05b-d84b-4b70-abc0-28379f639577,2026-07-23 02:25:43+00,7500.00,AG507DK,ConsumosResumen.xlsx,CORREDORES VIALES SA
85293559-d904-4379-ad14-75231a3e1dd5,2026-07-14 04:40:08+00,6000.00,AF136HN,ConsumosResumen.xlsx,CORREDORES VIALES SA
857144d9-e154-4a7b-b950-e1ab6c1b71c0,2026-06-24 22:02:26+00,17400.00,AG507DK,pasadas_2026-07-22_1947768.csv,UNIDAD EJECUTORA (SANTA FE)
85914058-8df6-4ff3-9817-e986ba563b56,2026-07-23 22:21:37+00,7500.00,AG862VH,ConsumosResumen.xlsx,CORREDORES VIALES SA
85a3009d-c7a6-4466-b328-7cd1bb147261,2026-07-22 18:12:56+00,8935.49,AH554RP,ConsumosResumen.xlsx,CORREDOR VIAL 5 S.A.U.
85b67431-bf90-4422-b452-1707ab4cf388,2026-07-03 01:23:30+00,6000.00,AD667DM,ConsumosResumen-202607-1.xlsx,CORREDORES VIALES SA
85bf37e8-43c7-449c-aeae-97056f167889,2026-07-13 16:22:12+00,6000.00,AF103ZL,ConsumosResumen.xlsx,CORREDORES VIALES SA
8603fab2-eb6a-4072-aba3-91bd2275a40f,2026-07-13 17:20:19+00,4771.95,AG110LK,pasadas_2026-07-16_343555.csv,AUTOPISTA DEL OESTE
861376c3-a4e7-49b5-9a8e-16b6fa8e8aa7,2026-07-18 23:35:04+00,8935.49,AH554RP,ConsumosResumen.xlsx,CORREDOR VIAL 5 S.A.U.
8623f966-d4b2-4866-82da-dc2436114bf1,2026-07-12 20:38:43+00,7500.00,AH543IQ,ConsumosResumen.xlsx,CORREDORES VIALES SA
866c6c40-3052-4310-aa4c-f706fa1c77c0,2026-07-14 13:26:31+00,6000.00,AF411UY,ConsumosResumen.xlsx,CORREDORES VIALES SA
8676bedd-db97-4b7c-bf21-d1a5d1089449,2026-07-22 16:13:53+00,7500.00,AE469PH,ConsumosResumen.xlsx,CORREDORES VIALES SA
8681e1ab-5bf9-4d68-b8bb-3cea63766850,2026-07-06 18:08:29+00,7500.00,AH285SP,ConsumosResumen-202607-1.xlsx,CORREDORES VIALES SA
869a66f8-398b-43bb-bbdc-5643d404b73c,2026-07-24 11:14:17+00,6000.00,AB151SM,ConsumosResumen.xlsx,CORREDORES VIALES SA
86b7e1ed-96f9-4c07-bb46-f7972af53169,2026-07-14 19:05:48+00,6000.00,AD667DM,ConsumosResumen.xlsx,CORREDORES VIALES SA
86c17117-5678-46df-ae54-8e14ea60fd6e,2026-07-14 05:48:08+00,6000.00,AF103ZL,ConsumosResumen.xlsx,CORREDORES VIALES SA
86c55a98-0dcd-4f1b-a40a-0a907efdc976,2026-06-30 16:06:45+00,7500.00,AH800QT,pasadas_2026-07-03_3313955.csv,CORREDORES VIALES SA
86e77bec-40b9-4437-aecb-904795df70f2,2026-07-08 12:22:40+00,13466.55,AH351RT,pasadas_2026-07-15_5364164.csv,AUBASA
86fa5382-adfb-41f1-ad6c-f7befec50a72,2026-07-06 02:36:15+00,11222.12,AF103ZL,pasadas_2026-07-15_5364164.csv,AUBASA
8720496c-4ee3-486b-b651-60615e393b57,2026-07-23 23:48:08+00,15255.79,AF791ER,pasadas_2026-07-29_5009A02060191.csv,AUSA
87248b59-5fce-4333-8cb8-7b8bff814247,2026-07-13 14:12:02+00,3976.59,EXT374,pasadas_2026-07-16_343555.csv,AUTOPISTA DEL OESTE
8726ae0d-6c96-427d-b2d1-a76b515ad3eb,2026-07-03 12:30:10+00,15255.79,AE284KH,pasadas_2026-07-08_5009A02027769.csv,AUSA
8739cc97-56ed-4d56-8e35-a49a6a325807,2026-07-19 11:15:31+00,8935.49,AH554RQ,ConsumosResumen.xlsx,CORREDOR VIAL 5 S.A.U.
873d360b-566a-4a89-a127-b92f113ae2b6,2026-07-08 17:22:25+00,4771.95,EXT374,pasadas_2026-07-16_343555.csv,AUTOPISTA DEL OESTE
87519e5a-3740-4b07-ad0e-e7cfd4022aa3,2026-07-15 00:29:04+00,7500.00,AH285SP,ConsumosResumen.xlsx,CORREDORES VIALES SA
8766311f-aec9-44c6-8563-e4e49f0eff0f,2026-06-28 23:35:15+00,6000.00,AG676SP,ConsumosResumen-202607-1.xlsx,CORREDORES VIALES SA
87675bf9-5e82-4242-95d3-4aee410d2cf7,2026-07-20 20:06:44+00,1500.00,AG249HS,ConsumosResumen.xlsx,CORREDORES VIALES SA
878ba51a-0b11-4483-ad82-c832b5d827e3,2026-07-10 00:25:51+00,14370.19,AG309CO,pasadas_2026-07-15_5364164.csv,AUBASA
8797f3ed-bfcb-4453-81c8-3026ab53a1cd,2026-07-13 04:07:43+00,4970.74,AG507DK,pasadas_2026-07-16_343555.csv,AUTOPISTA DEL OESTE
879fcf0f-1233-4c19-8d57-bcf283ed0d63,2026-07-10 11:17:54+00,9935.82,AI348TS,pasadas_2026-07-15_5009A02037760.csv,AUSA
87b6c12b-c8eb-48d3-ae77-def7145a9ad2,2026-07-16 12:03:17+00,6000.00,AF136HN,ConsumosResumen.xlsx,CORREDORES VIALES SA
87fac209-ab4a-402a-9481-2ca5befd6a78,2026-07-17 12:23:21+00,9935.82,AI348TS,pasadas_2026-07-29_5009A02052902.csv,AUSA
88287a57-bf04-4e8c-9e6b-282edaaa739d,2026-07-24 20:18:04+00,1439.11,AI348TS,pasadas_2026-07-29_5009A02052902.csv,AUSA
882989ce-2b47-4a00-bf36-426f2eaeaef7,2026-07-11 14:51:34+00,1500.00,AG309CH,ConsumosResumen-202607-1.xlsx,CORREDORES VIALES SA
8841e05a-e141-44f6-9a90-21884d674d7a,2026-07-06 14:50:00+00,15255.79,AG309CO,pasadas_2026-07-08_5009A02027769.csv,AUSA
884b9181-f4ed-4331-b8cb-efe69a0fb8e9,2026-07-22 14:01:57+00,4646.47,AD625QB,ConsumosResumen.xlsx,RUTAS SUR ATLANTICO S.A.
88670995-994a-48d9-8452-9d4879f941e8,2026-07-07 17:09:11+00,3000.00,AD933WS,ConsumosResumen-202607-1.xlsx,CORREDORES VIALES SA
88824891-27c7-455e-8315-166aa85898bb,2026-06-25 03:36:53+00,6500.00,AF436WI,pasadas_2026-07-03_3313955.csv,CORREDORES VIALES SA
88a6cead-943c-4082-a902-c7c351daf8e7,2026-07-17 05:01:05+00,7148.39,AG822HO,ConsumosResumen.xlsx,CORREDOR VIAL 5 S.A.U.
88c02e3a-d0e8-41a8-804a-b9b02871f33d,2026-07-16 17:48:19+00,33965.25,AH185KI,pasadas_2026-07-23_5009A02044703.csv,AUSA
88c8f3c0-3384-4bdd-aa0d-a6287c3aaaca,2026-07-21 21:29:55+00,9935.82,AE751PA,pasadas_2026-07-23_5009A02044703.csv,AUSA
88caa100-d944-4477-91b1-99a7350eb933,2026-07-12 21:55:55+00,14370.19,AG893YR,pasadas_2026-07-15_5364164.csv,AUBASA
88caa5ae-56db-4397-92b6-b3da5eea3365,2026-07-24 13:16:52+00,1548.82,AF993HK,ConsumosResumen.xlsx,RUTAS SUR ATLANTICO S.A.
88da26cb-7273-4b89-a1d1-7d76be36d20b,2026-07-24 22:12:16+00,7148.39,AG822HO,ConsumosResumen.xlsx,CORREDOR VIAL 5 S.A.U.
88fcc38f-1ef9-4c3a-a7d0-7b6002131e59,2026-07-01 11:06:58+00,6000.00,AD239PP,ConsumosResumen-202607-1.xlsx,CORREDORES VIALES SA
88fcde4d-f8c5-4788-86be-250bd562c999,2026-07-22 04:52:40+00,7500.00,AG507DK,ConsumosResumen.xlsx,CORREDORES VIALES SA
890dd465-1e1d-490b-b983-3d329f3c56b9,2026-07-21 06:37:09+00,15255.79,AB151SM,pasadas_2026-07-23_5009A02044703.csv,AUSA
89100394-7481-4273-b669-5854749c29be,2026-06-30 17:51:42+00,7500.00,AH185KI,ConsumosResumen-202607-1.xlsx,CORREDORES VIALES SA
895cbe78-ca99-4480-b73a-c7aa4700a748,2026-07-03 20:01:00+00,6044.83,AG939HX,pasadas_2026-07-08_5009A02027769.csv,AUSA
896be2eb-9607-40d1-a3b9-c54b0bb28b42,2026-07-06 10:05:54+00,26933.11,AG939HR,pasadas_2026-07-15_5364164.csv,AUBASA
897d86c8-0500-44c5-841d-93b53444b9ea,2026-07-03 02:44:18+00,994.15,AG533MF,pasadas_2026-07-16_493556.csv,AUSOL
898bf72f-81d2-4f7d-991f-cad1cb3a622c,2026-07-16 20:30:11+00,15255.79,AG916MK,pasadas_2026-07-23_5009A02044703.csv,AUSA
899aa9f0-cc2f-4b25-a6aa-3399b412dea0,2026-06-30 13:14:00+00,7500.00,AH351RT,ConsumosResumen-202607-1.xlsx,CORREDORES VIALES SA
89c3eeb4-2344-4f31-b6a9-afe862a5f998,2026-06-29 06:26:21+00,5200.00,AB456CQ,pasadas_2026-07-03_3313955.csv,CORREDORES VIALES SA
89c4d733-8062-4a81-90c1-8b4c24fe8d5d,2026-07-06 04:58:01+00,1500.00,AG309CH,ConsumosResumen-202607-1.xlsx,CORREDORES VIALES SA
8a209bdf-6146-4178-b6fb-381cf1732686,2026-07-24 06:12:39+00,1548.82,AH351RT,ConsumosResumen.xlsx,RUTAS SUR ATLANTICO S.A.
8a30a82a-f4f1-4898-9d4d-5b249b43ec91,2026-07-17 15:29:46+00,7500.00,AH351RT,ConsumosResumen.xlsx,CORREDORES VIALES SA
8a4179e7-35f3-4177-98e6-e38bef98323e,2026-07-17 11:40:56+00,9935.82,AG507DK,pasadas_2026-07-23_5009A02044703.csv,AUSA
8a477996-63ca-4432-9f01-1d4ac3d16dac,2026-07-09 22:30:13+00,8935.49,AH554RQ,ConsumosResumen.xlsx,CORREDOR VIAL 5 S.A.U.
8a50e843-2fb5-47d7-a1cc-d7f848d1da13,2026-07-22 09:00:52+00,6000.00,AD096FX,ConsumosResumen.xlsx,CORREDORES VIALES SA
8a80ae79-c77a-4b7a-ba16-ff126da52c9d,2026-07-11 18:41:59+00,3000.00,AC295IE,ConsumosResumen-202607-1.xlsx,CORREDORES VIALES SA
8a874adc-4f56-4900-be07-18645bf0aa93,2026-06-29 12:10:51+00,7500.00,AH543IQ,ConsumosResumen-202607-1.xlsx,CORREDORES VIALES SA
8a898198-f702-4795-b5cd-2514990dd02e,2026-07-14 14:39:18+00,9935.82,AD625QB,pasadas_2026-07-15_5009A02037803.csv,AUSA
8a8df6ae-973c-40a0-bcb6-ac8eab56a469,2026-07-05 21:34:30+00,6044.83,AG507DK,pasadas_2026-07-08_5009A02027769.csv,AUSA
8a950908-ece6-4d60-9cbd-cbe4b80a1ae1,2026-07-23 10:44:27+00,7500.00,AG939HX,ConsumosResumen.xlsx,CORREDORES VIALES SA
8a9a033b-9169-4d61-80cc-84c096c60438,2026-07-16 06:29:51+00,7500.00,AH543IQ,ConsumosResumen.xlsx,CORREDORES VIALES SA
8a9fc3a1-eb43-474b-b136-b4b25b08a761,2026-07-16 12:15:20+00,15255.79,AF791ER,pasadas_2026-07-23_5009A02044703.csv,AUSA
8aa0a344-5975-4be3-b875-e1822a371edf,2026-07-20 19:20:35+00,7500.00,AH185KI,ConsumosResumen.xlsx,CORREDORES VIALES SA
8abfaed3-230d-4a68-8fab-a7353fdbf48e,2026-07-09 22:29:44+00,6000.00,AG309CO,ConsumosResumen-202607-1.xlsx,CORREDORES VIALES SA
8ac8e0d4-9c91-47ff-aa99-378b5df4b42c,2026-07-24 16:40:08+00,7500.00,AH351RT,ConsumosResumen.xlsx,CORREDORES VIALES SA
8acf6924-66b3-42f5-bab4-f6727b69abe8,2026-07-22 10:34:36+00,3574.19,AG939HR,ConsumosResumen.xlsx,RUTAS SUR ATLANTICO S.A.
8aead1a0-04b4-4f74-bcee-fb1b7d3f0adb,2026-07-06 08:43:17+00,33666.39,AG309CO,pasadas_2026-07-15_5364164.csv,AUBASA
8b0dc0ee-c8c3-4d49-9299-8cb2f264ab45,2026-07-22 19:52:40+00,7500.00,AH351RT,ConsumosResumen.xlsx,CORREDORES VIALES SA
8b492a6b-ef3f-47dc-bf42-e5263012c7e6,2026-07-13 03:00:44+00,994.15,AI348TS,pasadas_2026-07-16_329454.csv,AUTOPISTA DEL OESTE
8b4f4877-4209-44c8-b8ed-5452aeab8a52,2026-07-13 17:43:40+00,7500.00,AG110LK,ConsumosResumen.xlsx,CORREDORES VIALES SA
8b5dff6e-0a58-400f-b19c-5b15dbb7e9e5,2026-07-02 16:44:18+00,5964.94,AG939HR,pasadas_2026-07-16_493556.csv,AUSOL
8b7c3038-eae3-4770-8735-a7b1c86815cb,2026-07-13 06:11:51+00,3976.59,EXT374,pasadas_2026-07-16_343555.csv,AUTOPISTA DEL OESTE
8b819b2e-3178-492c-9cb2-b91adc7caf56,2026-07-14 11:59:21+00,4970.74,AF993HA,pasadas_2026-07-16_329454.csv,AUTOPISTA DEL OESTE
8b8a5051-b3bb-4834-80a8-c799e088f9e2,2026-06-30 11:00:37+00,7500.00,AH251LE,ConsumosResumen-202607-1.xlsx,CORREDORES VIALES SA
8b90340b-4e3f-498a-9daa-052cb690ffcf,2026-07-10 12:42:54+00,3976.59,AB247VR,pasadas_2026-07-16_493556.csv,AUSOL
8b96fad9-99a2-4672-b350-6999d2efc49e,2026-07-27 06:01:39+00,6044.83,AC264UA,pasadas_2026-07-29_5009A02060191.csv,AUSA
8b9c56f1-cf52-464b-9f08-60761728dd89,2026-07-05 22:46:22+00,9935.82,AG939HR,pasadas_2026-07-08_5009A02027769.csv,AUSA
8bce82cb-a495-4c5d-8898-95ed96395d1b,2026-07-15 19:16:09+00,6000.00,AD239PP,ConsumosResumen.xlsx,CORREDORES VIALES SA
8bd50b2b-a05d-4081-92d8-c47dc3703a7c,2026-07-18 20:08:03+00,2035.11,AG309CH,pasadas_2026-07-23_5009A02044703.csv,AUSA
8bd5eaaa-792d-432e-89e6-5ea93a674d7e,2026-07-10 19:18:14+00,6000.00,AH351RS,ConsumosResumen-202607-1.xlsx,CORREDORES VIALES SA
8bd89af3-acec-4d44-8554-85b76c8f337a,2026-07-11 00:18:51+00,7500.00,AH554RP,ConsumosResumen-202607-1.xlsx,CORREDORES VIALES SA
8bdfe7bc-ef2e-4870-878e-c8bad324c63e,2026-07-06 13:11:42+00,15255.79,AH351RT,pasadas_2026-07-08_5009A02027769.csv,AUSA
8c2b972a-00a7-4dbb-829c-979217f9864f,2026-06-29 16:21:30+00,7500.00,AF202UU,pasadas_2026-07-03_3313955.csv,CORREDORES VIALES SA
8c2bdbdd-63f0-4158-98f6-027532fd0b23,2026-07-15 18:28:34+00,4771.95,AC295IE,pasadas_2026-07-16_343555.csv,AUTOPISTA DEL OESTE
8c2eb792-7695-42f7-bf47-4892dd3b753c,2026-07-20 11:48:32+00,6000.00,AD625QA,ConsumosResumen.xlsx,CORREDORES VIALES SA
8c397a45-3822-40ff-9831-0751476ad832,2026-07-09 07:36:05+00,4771.95,AB247VR,pasadas_2026-07-16_343555.csv,AUTOPISTA DEL OESTE
8c3eec1c-1a30-49eb-b717-2a3265d33277,2026-07-05 21:03:54+00,15255.79,AG916MK,pasadas_2026-07-08_5009A02027769.csv,AUSA
8c4070a8-e049-481b-9f08-32ff950957b8,2026-07-03 19:43:34+00,33965.25,AG939HX,pasadas_2026-07-08_5009A02027769.csv,AUSA
8cb694af-49cf-4afa-a304-5a66259b283b,2026-07-16 18:10:16+00,6000.00,AG862VH,ConsumosResumen.xlsx,CORREDORES VIALES SA
8cbf8e27-13f5-41e4-b188-25ca480bfded,2026-07-24 19:42:37+00,7148.39,AF136HN,ConsumosResumen.xlsx,RUTAS SUR ATLANTICO S.A.
8cd6aeea-01f6-48d3-a38e-915d65c954c1,2026-06-29 23:50:52+00,7500.00,AH185KI,ConsumosResumen-202607-1.xlsx,CORREDORES VIALES SA
8cff49e4-3edb-41d5-a684-d73be916ce28,2026-07-10 09:51:40+00,4500.00,AF734UP,ConsumosResumen-202607-1.xlsx,CORREDORES VIALES SA
8d015d00-4da6-4277-8bbc-ef1abaa10fd4,2026-07-20 11:31:35+00,9935.82,AB456CQ,pasadas_2026-07-23_5009A02044703.csv,AUSA
8d1f946a-85c6-48e6-ab27-caa007f0a362,2026-07-13 00:17:16+00,6044.83,AG939HR,pasadas_2026-07-15_5009A02037803.csv,AUSA
8d2e4006-fd18-4a41-99d0-ca20e4e13110,2026-07-14 11:55:03+00,9935.82,AH185KI,pasadas_2026-07-23_5009A02044703.csv,AUSA
8d3c69cd-4cec-4cd9-a7ef-e180d604b99c,2026-07-04 10:19:01+00,6000.00,AE469PL,ConsumosResumen-202607-1.xlsx,CORREDORES VIALES SA
8d534fb2-f7bb-41c9-bd92-7ae6460a2d30,2026-07-07 19:01:53+00,33965.25,AG309CO,pasadas_2026-07-08_5009A02027769.csv,AUSA
8d5ebdb7-dc20-4922-a075-b4c5ca5c6bbf,2026-07-18 15:36:29+00,4500.00,AF436WI,ConsumosResumen.xlsx,CORREDORES VIALES SA
8d68a21a-0fbf-45ba-9ed2-627153d4016b,2026-07-22 11:12:54+00,6000.00,AG916MK,ConsumosResumen.xlsx,CORREDORES VIALES SA
8d73214e-f3a9-4eee-a255-279c0e0ba629,2026-07-13 14:15:51+00,6000.00,AC295IE,ConsumosResumen.xlsx,CORREDORES VIALES SA
8d922b63-077f-4594-aa88-a130745dc997,2026-07-03 09:26:43+00,8935.49,AH554RP,ConsumosResumen.xlsx,CORREDOR VIAL 5 S.A.U.
8d9a1317-9507-44ab-9d9f-39441638b4c8,2026-07-25 21:19:57+00,6000.00,AB456CU,ConsumosResumen.xlsx,CORREDORES VIALES SA
8db702bc-7033-421c-802a-bdf14eceeeab,2026-07-17 00:14:45+00,7500.00,AD736OU,ConsumosResumen.xlsx,CORREDORES VIALES SA
8dc3c4dd-6d4f-45ec-9bf4-97a820b5a93e,2026-07-09 01:40:26+00,4970.74,AG893YR,pasadas_2026-07-16_493556.csv,AUSOL
8dc88a54-0b15-4c2a-a99c-4e25a997cb5c,2026-07-14 16:44:31+00,6000.00,AG822HO,ConsumosResumen.xlsx,CORREDORES VIALES SA
8dd15798-0a83-431b-ab61-26ab991c2fe5,2026-07-07 19:05:15+00,33965.25,AH729QW,pasadas_2026-07-08_5009A02027769.csv,AUSA
8ddc160c-bb27-42ac-bf7b-5bd022fc4201,2026-07-04 22:22:32+00,13466.55,AH543IQ,pasadas_2026-07-15_5364164.csv,AUBASA
8ddcb8c6-3516-4c52-bfc8-e39d83674873,2026-07-16 02:09:46+00,9935.82,AE751PA,pasadas_2026-07-23_5009A02044703.csv,AUSA
8de6ea55-ff4d-4ddb-8887-d23b60d4ac4f,2026-07-19 21:24:21+00,6000.00,AF103ZL,ConsumosResumen.xlsx,CORREDORES VIALES SA
8deb8268-b729-457e-b628-0c60d54e2cca,2026-07-02 22:26:35+00,6000.00,AG893YR,ConsumosResumen-202607-1.xlsx,CORREDORES VIALES SA
8df0580c-c930-4ead-9802-4a7b6dbdf6c2,2026-07-07 10:51:16+00,9935.82,AB633TZ,pasadas_2026-07-08_5009A02027769.csv,AUSA
8dfdb5a0-3a89-4a6a-a369-2eae6a76d973,2026-07-02 04:01:06+00,9935.82,AG916MK,pasadas_2026-07-08_5009A02027769.csv,AUSA
8e0d1c94-ec54-4ee9-84b7-3d6f9d533a60,2026-07-13 22:00:35+00,6000.00,AG309CO,ConsumosResumen.xlsx,CORREDORES VIALES SA
8e20b0fa-7f89-4e5c-a44f-200c2f7bb1fd,2026-07-20 08:26:12+00,7500.00,AH543IQ,ConsumosResumen.xlsx,CORREDORES VIALES SA
8e28d641-a1a4-4a4e-b4bc-c79d1eb26935,2026-06-29 21:29:29+00,7500.00,AD933WS,ConsumosResumen-202607-1.xlsx,CORREDORES VIALES SA
8e2cdfb5-51e6-43d8-8d7c-84650189843d,2026-07-11 14:51:53+00,7148.39,AG822HO,ConsumosResumen.xlsx,CORREDOR VIAL 5 S.A.U.
8e311560-49ff-48b3-9886-25fa46bed501,2026-07-22 18:24:32+00,6000.00,AF993HK,ConsumosResumen.xlsx,CORREDORES VIALES SA
8e3c400c-648e-4e3a-89ce-6af4c1b80940,2026-06-29 10:51:59+00,17400.00,AG507DK,pasadas_2026-07-22_1947768.csv,UNIDAD EJECUTORA (SANTA FE)
8e4f5050-b2bd-4c0f-8882-89b151326ce0,2026-07-14 13:56:59+00,11975.15,AB456CU,pasadas_2026-07-15_5364164.csv,AUBASA
8e77eae6-c427-48de-bbb8-e854fd25fd32,2026-06-30 12:14:39+00,6600.00,AG939HX,pasadas_2026-07-22_1947768.csv,UNIDAD EJECUTORA (SANTA FE)
8e94d044-5ac3-4f8e-9c02-72e6e105616d,2026-07-10 13:57:42+00,17400.00,AE469PH,pasadas_2026-07-22_1947768.csv,UNIDAD EJECUTORA (SANTA FE)
8e97a283-4dcd-4abf-bad9-e1c9a7e32aeb,2026-07-18 14:49:33+00,6000.00,AD985XP,ConsumosResumen.xlsx,CORREDORES VIALES SA
8eac9618-5a30-43c5-af69-b786c90c534c,2026-06-30 12:44:46+00,7500.00,AF533SR,ConsumosResumen-202607-1.xlsx,CORREDORES VIALES SA
8ee84431-dda5-4e7b-95dc-a82c8e28fe12,2026-07-04 20:23:52+00,994.15,AG533MF,pasadas_2026-07-16_493556.csv,AUSOL
8f08e546-b365-46a5-82d9-dddef67b3aae,2026-07-10 09:48:25+00,6000.00,AD667DM,ConsumosResumen-202607-1.xlsx,CORREDORES VIALES SA
8f148ccb-95ce-43c3-b40d-8990d1106916,2026-07-19 22:24:56+00,8935.49,AE952TH,ConsumosResumen.xlsx,CORREDOR VIAL 5 S.A.U.
8f1cbe6b-f0ca-4fc4-aec6-ad304fb11ca6,2026-06-30 10:21:10+00,7500.00,AH800QT,ConsumosResumen-202607-1.xlsx,CORREDORES VIALES SA
8f33161e-e260-4ba5-a327-c5f529b64efd,2026-07-01 19:02:32+00,7500.00,AH285SP,ConsumosResumen-202607-1.xlsx,CORREDORES VIALES SA
8f3fdcf4-c3dd-4d1a-af5a-5fb1b9f50b19,2026-07-06 13:40:33+00,22444.27,AG507DK,pasadas_2026-07-15_5364164.csv,AUBASA
8f42d6ec-05e9-429e-bc92-48c1dbfb5dbc,2026-07-14 12:39:23+00,3976.59,AB456CQ,pasadas_2026-07-16_343555.csv,AUTOPISTA DEL OESTE
8f6dbbd3-375c-4dc2-994f-90e2673bac36,2026-07-22 11:14:09+00,9935.82,AF436WI,pasadas_2026-07-23_5009A02044703.csv,AUSA
8f6f6ff7-1b7b-4441-8c57-009f91611c6a,2026-07-01 21:29:10+00,6500.00,AH543IQ,ConsumosResumen-202607-1.xlsx,RUTAS SUR ATLANTICO S.A.
8faaa474-2786-4e9c-91a3-14160e049c51,2026-07-25 08:01:55+00,8935.49,AH554RQ,ConsumosResumen.xlsx,CORREDOR VIAL 5 S.A.U.
8fb2dd5e-879f-474a-a053-f6a8f2feebca,2026-06-30 14:15:22+00,1500.00,AD584GR,ConsumosResumen-202607-1.xlsx,CORREDORES VIALES SA
8fbdcd19-388b-4a9f-9d61-795fc1a1cd22,2026-07-03 11:53:28+00,13466.55,AH543IQ,pasadas_2026-07-15_5364164.csv,AUBASA
8fd4e0bd-7512-423b-a3c6-4cf3aff6021d,2026-07-13 19:00:07+00,4771.95,AD625QA,pasadas_2026-07-16_343555.csv,AUTOPISTA DEL OESTE
8fdc165d-a6d7-4d9f-bf31-4b81dd3b10c3,2026-07-01 06:39:35+00,6044.83,AH351RT,pasadas_2026-07-08_5009A02027769.csv,AUSA
8fe3a9d4-4358-4ddf-801b-3160da943a37,2026-07-08 07:46:40+00,1192.99,AI348TS,pasadas_2026-07-16_329454.csv,AUTOPISTA DEL OESTE
8fecf04a-ad29-4663-9521-028c447639a9,2026-07-14 10:24:35+00,6000.00,AG309CO,ConsumosResumen.xlsx,CORREDORES VIALES SA
900c27bf-e72e-4fa5-acd8-93fcbaf649dd,2026-07-20 21:23:47+00,6000.00,AG309CO,ConsumosResumen.xlsx,CORREDORES VIALES SA
900ce62a-8e12-4637-8889-e37940d9f2fe,2026-07-13 19:43:03+00,7500.00,AH543IQ,ConsumosResumen.xlsx,CORREDORES VIALES SA
90132e49-ba47-4d1d-97ae-2beafa377bdd,2026-07-02 17:25:56+00,16833.20,AF993HA,pasadas_2026-07-15_5364165.csv,AUBASA
901ba2c3-caad-44dd-8775-57588439c9a9,2026-07-01 18:06:49+00,7500.00,AH285SP,ConsumosResumen-202607-1.xlsx,CORREDORES VIALES SA
90372009-5f5b-4b8e-8a92-0e273d5be7cb,2026-06-30 14:13:37+00,3000.00,AC295IE,ConsumosResumen-202607-1.xlsx,CORREDORES VIALES SA
9046615c-da06-430f-ac8e-11fa104635bb,2026-07-21 21:36:58+00,6044.83,AF993HA,pasadas_2026-07-29_5009A02052902.csv,AUSA
90671187-2fdb-4aca-852d-80d8b286d61d,2026-06-28 22:27:49+00,1500.00,AG309CH,ConsumosResumen-202607-1.xlsx,CORREDORES VIALES SA
9079b7ec-db12-43ad-88fd-4ce5df0e09d1,2026-07-02 13:39:03+00,13466.55,AF202UU,pasadas_2026-07-15_5364164.csv,AUBASA
9081b4e8-7cf0-4a3f-ade7-bf44d5696291,2026-07-14 14:46:13+00,6000.00,AB456CP,ConsumosResumen.xlsx,CORREDORES VIALES SA
909b4eb4-34fe-43a4-9b95-10872f78b7bd,2026-06-29 23:02:29+00,6000.00,AG916MK,ConsumosResumen-202607-1.xlsx,CORREDORES VIALES SA
90ada872-e23e-4fd0-ac59-0407cf45c0a3,2026-07-15 15:58:15+00,7500.00,AE831SI,ConsumosResumen.xlsx,CORREDORES VIALES SA
90b92408-494a-4d39-abd1-81eae7aec367,2026-07-05 13:56:33+00,7500.00,AH554RQ,ConsumosResumen-202607-1.xlsx,CORREDORES VIALES SA
90d1f439-564c-4097-99d4-9b729fd5ca50,2026-07-08 10:35:47+00,6000.00,AF136HN,ConsumosResumen-202607-1.xlsx,CORREDORES VIALES SA
90ee4ea7-ec9c-490c-b35c-d20d87bb31fd,2026-07-24 14:11:28+00,6000.00,AG862VH,ConsumosResumen.xlsx,CORREDORES VIALES SA
90ffd1b8-5342-4e3a-a534-89906b65f7a3,2026-07-16 17:37:22+00,6000.00,EXT374,ConsumosResumen.xlsx,CORREDORES VIALES SA
910130f6-9617-4687-bdf8-c4439e1643f6,2026-07-24 11:19:06+00,6044.83,AB247VR,pasadas_2026-07-29_5009A02060191.csv,AUSA
910bf04d-2d3a-4a9d-b5db-1d939105c9e5,2026-07-21 12:31:00+00,7148.39,AG916MK,ConsumosResumen.xlsx,RUTAS SUR ATLANTICO S.A.
910efa7d-2b5d-4bc9-b1ff-011aa41af455,2026-07-10 11:26:45+00,7148.39,AH351RS,ConsumosResumen.xlsx,CORREDOR VIAL 5 S.A.U.
911a20e5-33cf-4fe8-8506-8e90f93ab6f7,2026-07-03 21:11:14+00,6000.00,AF103ZL,ConsumosResumen-202607-1.xlsx,CORREDORES VIALES SA
912704bb-6a7f-4873-a25d-b0a769196f3c,2026-07-05 08:12:48+00,7148.39,AG822HO,ConsumosResumen.xlsx,CORREDOR VIAL 5 S.A.U.
912bd6e7-cb95-4de1-8d97-b93c9de46f07,2026-07-08 00:43:12+00,3976.59,AF231PZ,pasadas_2026-07-16_343555.csv,AUTOPISTA DEL OESTE
915df51c-8b80-4a8c-9507-03c470502563,2026-07-06 01:28:17+00,6044.83,AG893YR,pasadas_2026-07-08_5009A02027769.csv,AUSA
91752d8b-65e8-4c6d-b529-9f851d033f31,2026-07-13 02:23:20+00,4970.74,AG893YR,pasadas_2026-07-16_343555.csv,AUTOPISTA DEL OESTE
91aadd54-9005-44e8-8a4c-4e6408defddc,2026-07-24 10:26:42+00,6000.00,AF791ER,ConsumosResumen.xlsx,CORREDORES VIALES SA
91c06c64-8707-48ea-90aa-70c8c9540b8d,2026-07-04 08:30:09+00,7500.00,AH185KI,ConsumosResumen-202607-1.xlsx,CORREDORES VIALES SA
91c87446-f1bd-4119-b338-312aa787dfaa,2026-07-14 05:58:25+00,3976.59,AE469PH,pasadas_2026-07-16_343555.csv,AUTOPISTA DEL OESTE
91dfe1ab-23f5-4616-a226-aa51eb99e992,2026-07-02 17:22:11+00,4771.95,AB456CQ,pasadas_2026-07-16_343555.csv,AUTOPISTA DEL OESTE
91ea4947-7826-4eca-9292-51ca12adb21e,2026-07-14 16:41:50+00,8935.49,AD736OU,ConsumosResumen.xlsx,CORREDOR VIAL 5 S.A.U.
91f82654-e716-4a01-9bf1-4b743fb96cdc,2026-07-21 12:05:22+00,6044.83,AB151SM,pasadas_2026-07-23_5009A02044703.csv,AUSA
920bb0c8-b52d-43b8-8bc1-8346ad86b4d8,2026-07-28 03:15:57+00,15255.79,AF136HN,pasadas_2026-07-29_5009A02060191.csv,AUSA
920cd209-3b3b-4f7d-900b-90c73a9e1dbd,2026-07-01 22:36:38+00,4970.74,AF993HA,pasadas_2026-07-16_329454.csv,AUTOPISTA DEL OESTE
920e9472-72a0-4588-a283-c560635ce328,2026-06-29 18:36:38+00,7500.00,AH554RP,ConsumosResumen-202607-1.xlsx,CORREDORES VIALES SA
920ef1aa-6848-4539-83a5-3d60c10251d3,2026-07-17 17:53:06+00,6000.00,AG676SP,ConsumosResumen.xlsx,CORREDORES VIALES SA
9213b715-af63-440f-b25b-30c80656556d,2026-07-13 20:17:57+00,6000.00,AD625QA,ConsumosResumen.xlsx,CORREDORES VIALES SA
922b8319-df91-4798-bc1e-4678cd14a7d7,2026-07-13 02:16:31+00,4790.06,AI348TS,pasadas_2026-07-15_5364165.csv,AUBASA
9244bc11-ab20-4fcc-b8d5-de697722dc3b,2026-07-21 20:20:00+00,7148.39,AH554RQ,ConsumosResumen.xlsx,CORREDOR VIAL 5 S.A.U.
92664f67-5d46-48eb-8f5e-36d8cc0362f9,2026-07-10 12:24:04+00,17400.00,AE469PH,pasadas_2026-07-22_1947768.csv,UNIDAD EJECUTORA (SANTA FE)
9278bdea-a2de-4a84-bcb7-30d9fcb18e9a,2026-07-20 06:49:15+00,15255.79,AB633TZ,pasadas_2026-07-23_5009A02044703.csv,AUSA
928ec165-9321-47c1-ac5f-d0b8defcd78b,2026-07-16 10:43:08+00,8935.49,AE751PA,ConsumosResumen.xlsx,RUTAS SUR ATLANTICO S.A.
92cff324-abf7-45b0-9a82-42966d2d2d59,2026-07-02 16:29:30+00,6000.00,AG822HO,ConsumosResumen.xlsx,CORREDOR VIAL 5 S.A.U.
92f12b26-f8a2-4fa0-b103-fe5cca3d0bc7,2026-07-06 13:43:35+00,3976.59,AB456CP,pasadas_2026-07-16_493556.csv,AUSOL
93327261-f78b-4778-a7ca-5ee25b579d94,2026-07-03 11:54:04+00,3976.59,AD328WK,pasadas_2026-07-16_343555.csv,AUTOPISTA DEL OESTE
9343f22e-4a85-41a4-b35c-91b9fa07105d,2026-07-05 03:58:08+00,7500.00,AG507DK,ConsumosResumen-202607-1.xlsx,CORREDORES VIALES SA
9346fae6-8fba-45ce-a73b-33a571063d7c,2026-07-03 10:01:40+00,4771.95,EXT374,pasadas_2026-07-16_493556.csv,AUSOL
93580db1-f93d-48b3-b5e4-2764ef2930aa,2026-07-27 01:50:09+00,7500.00,AH285SP,ConsumosResumen.xlsx,CORREDORES VIALES SA
935f0ca9-220b-4eaa-a180-89f6ebbf645e,2026-07-24 18:41:18+00,8935.49,AH554RP,ConsumosResumen.xlsx,CORREDOR VIAL 5 S.A.U.
93710262-2e12-4ada-adca-9c962082f214,2026-07-04 18:57:59+00,8935.49,AH554RQ,ConsumosResumen.xlsx,CORREDOR VIAL 5 S.A.U.
93724d0a-49e5-4e32-b1fe-322fe75d3ffc,2026-07-14 14:20:07+00,3454.21,AG249HS,pasadas_2026-07-15_5009A02037803.csv,AUSA
9391a296-4cad-44de-9f10-351f258d4b56,2026-07-08 11:49:55+00,9935.82,OWG130,pasadas_2026-07-15_5009A02037803.csv,AUSA
939ab2c6-01ce-461f-a7ee-338cd6425d23,2026-07-12 21:24:06+00,14370.19,AG309CO,pasadas_2026-07-15_5364164.csv,AUBASA
93b471d4-da07-47ed-97d6-3e8d1d5cb46a,2026-07-23 06:06:32+00,6000.00,AE469PL,ConsumosResumen.xlsx,CORREDORES VIALES SA
93b82418-6bd1-49ee-87d5-aad716a8c172,2026-07-15 19:00:52+00,8935.49,AH351RT,ConsumosResumen.xlsx,RUTAS SUR ATLANTICO S.A.
93cbe85d-9e45-4ae4-98d7-bd394a70628b,2026-07-08 15:18:22+00,13466.55,AH185KI,pasadas_2026-07-15_5364164.csv,AUBASA
93cfcd95-f4ba-46ec-8558-0568c81ad29a,2026-07-13 21:09:07+00,11975.15,AB151SM,pasadas_2026-07-15_5364164.csv,AUBASA
93f75787-6556-418e-807d-a7fa2d259097,2026-07-28 11:15:55+00,15255.79,AG916MK,pasadas_2026-07-29_5009A02060191.csv,AUSA
9402f79a-10cf-4d47-9e00-d5c3a4af62e1,2026-07-27 01:52:49+00,7500.00,AH543IQ,ConsumosResumen.xlsx,CORREDORES VIALES SA
943f651f-7721-4f51-a330-bad70424651c,2026-07-20 11:27:36+00,6000.00,AC264UA,ConsumosResumen.xlsx,CORREDORES VIALES SA
9443297e-d4ad-438b-9655-47b09ea4f09f,2026-07-07 07:12:37+00,9935.82,AF411UY,pasadas_2026-07-15_5009A02037803.csv,AUSA
9462ac16-fdf7-4871-92ae-79db2341b5fa,2026-07-05 00:33:53+00,4970.74,AH185KI,pasadas_2026-07-16_493556.csv,AUSOL
94721a62-b559-4c13-88ad-66c64445fd70,2026-06-29 22:27:16+00,1500.00,AG533MF,ConsumosResumen-202607-1.xlsx,CORREDORES VIALES SA
94815efe-9974-4944-8011-dc2da13c0e95,2026-07-02 17:04:07+00,6000.00,AF411UY,ConsumosResumen-202607-1.xlsx,CORREDORES VIALES SA
948288e8-9bdf-47ed-b40d-2ac4e9dde1f7,2026-07-24 05:06:06+00,7500.00,AG939HR,ConsumosResumen.xlsx,CORREDORES VIALES SA
94946546-44fc-4d9e-9652-a8e3e51d055d,2026-07-01 13:07:17+00,3976.59,AD736OU,pasadas_2026-07-16_493556.csv,AUSOL
94a826dd-54c6-428a-8bf7-be54c46d8c57,2026-07-13 11:27:01+00,15255.79,AI042WD,pasadas_2026-07-15_5009A02037760.csv,AUSA
94ac1019-b6b6-4d3a-8888-53d49e728040,2026-07-10 15:50:57+00,14370.19,AH351RT,pasadas_2026-07-15_5364164.csv,AUBASA
94b5670f-8b17-42e3-9f36-8c09156e986e,2026-07-15 01:28:07+00,4500.00,AF734UP,ConsumosResumen.xlsx,CORREDORES VIALES SA
94bb882c-2e63-4bb8-ab66-af2e8250917a,2026-07-22 10:49:27+00,16982.69,AH543IQ,pasadas_2026-07-23_5009A02044703.csv,AUSA
94fd81fc-c0b7-498b-9ca1-5478b2b43e08,2026-07-16 15:23:38+00,6000.00,AF136HN,ConsumosResumen.xlsx,CORREDORES VIALES SA
95304ed5-2a6d-4ee3-8c51-6788f122087c,2026-07-02 16:05:35+00,4771.95,EXT374,pasadas_2026-07-16_343555.csv,AUTOPISTA DEL OESTE
954812d0-aae3-460c-9dce-544c83ed83ea,2026-07-06 00:59:38+00,4970.74,AH729QW,pasadas_2026-07-16_493556.csv,AUSOL
954afea1-8ff2-4e1c-9018-fe665bc5c65d,2026-07-02 16:37:14+00,4771.95,EXT374,pasadas_2026-07-16_343555.csv,AUTOPISTA DEL OESTE
954b3494-2f37-440a-8eb4-850d0efc6e52,2026-07-01 19:15:13+00,7500.00,AH729QW,ConsumosResumen-202607-1.xlsx,CORREDORES VIALES SA
957e8525-49c5-46ef-bb61-678ea39ec4c3,2026-07-05 17:03:29+00,7500.00,AH554RQ,ConsumosResumen-202607-1.xlsx,CORREDORES VIALES SA
957efd8c-858d-4956-8db1-691ad86d1807,2026-07-08 15:16:13+00,1500.00,AG249HS,ConsumosResumen-202607-1.xlsx,CORREDORES VIALES SA
9592ac04-6ea5-42c5-9488-22687dfdd556,2026-07-01 17:46:53+00,9935.82,AH543IQ,pasadas_2026-07-08_5009A02027769.csv,AUSA
9597a6f2-803c-4c02-af01-dd05d9362a41,2026-07-02 19:08:45+00,6000.00,AD625QB,ConsumosResumen-202607-1.xlsx,CORREDORES VIALES SA
959d15d4-541f-4795-9310-05e6225dbe3e,2026-07-24 02:53:27+00,1500.00,AG533MF,ConsumosResumen.xlsx,CORREDORES VIALES SA
959f4d62-1663-47ec-91ad-49f5fd7d12be,2026-06-29 21:35:28+00,7500.00,AH554RP,ConsumosResumen-202607-1.xlsx,CORREDORES VIALES SA
95d018ae-cd16-49b2-9a11-4a1c09b23b7f,2026-07-16 14:40:43+00,5468.98,AD985XP,pasadas_2026-07-23_5009A02044703.csv,AUSA
95d3b1c0-9cc2-49fa-9469-6f6134d9ccb2,2026-07-22 04:57:02+00,15255.79,AH351RT,pasadas_2026-07-23_5009A02044703.csv,AUSA
95e8312b-87e5-42be-adae-2da6f392ecbb,2026-07-14 06:13:31+00,994.15,AG533MF,pasadas_2026-07-16_493556.csv,AUSOL
95ed99e8-ead8-47b3-bd61-384db2736159,2026-07-03 21:21:39+00,13466.55,AG916MK,pasadas_2026-07-15_5364164.csv,AUBASA
95edf664-534a-4e4d-b730-635ec0d7c3d7,2026-07-25 15:51:51+00,6044.83,AF993HA,pasadas_2026-07-29_5009A02052902.csv,AUSA
95f94331-3f70-4142-bedf-b6441377d6bc,2026-07-14 17:55:40+00,6000.00,AC812DO,ConsumosResumen.xlsx,CORREDORES VIALES SA
960a1549-529a-4878-9275-eb8cdc788b0d,2026-07-07 15:17:23+00,3976.59,AB151SM,pasadas_2026-07-16_343555.csv,AUTOPISTA DEL OESTE
96166ccc-ef8b-4d47-a8e0-7a5cf2909320,2026-07-13 08:45:08+00,7500.00,AH543IQ,ConsumosResumen.xlsx,CORREDORES VIALES SA
96212f74-cf93-488d-9cf1-c21ee7e77120,2026-07-09 18:27:19+00,1439.11,AG249HS,pasadas_2026-07-15_5009A02037803.csv,AUSA
962528c7-74b3-4c28-b0dd-5a49c75bee9b,2026-07-25 13:22:07+00,6000.00,AG939HX,ConsumosResumen.xlsx,CORREDORES VIALES SA
96291bb0-c5a5-476d-a0c8-030a51a6ddbb,2026-07-23 23:30:09+00,6044.83,AF791ER,pasadas_2026-07-29_5009A02060191.csv,AUSA
96632ef9-5b58-4d8f-8f9a-6f93d931e941,2026-07-08 12:25:30+00,3976.59,OWG130,pasadas_2026-07-16_493556.csv,AUSOL
967414e7-7323-4f90-8bc7-5829e86eb259,2026-07-03 23:30:40+00,4970.74,AH351RT,pasadas_2026-07-16_493556.csv,AUSOL
9683e6df-4944-4899-b7d8-2795515dab14,2026-07-14 10:06:52+00,6000.00,AF103ZL,ConsumosResumen.xlsx,CORREDORES VIALES SA
96953091-5392-4895-a95e-45955408edd6,2026-07-09 21:12:27+00,6000.00,AG676SP,ConsumosResumen-202607-1.xlsx,CORREDORES VIALES SA
969ab023-5fdc-4afb-b99b-ce57066150b0,2026-07-25 01:14:10+00,7500.00,AG507DK,ConsumosResumen.xlsx,CORREDORES VIALES SA
96a48bc4-c28d-45a3-bd22-ae92a2578b34,2026-07-16 19:49:41+00,2035.11,AF740MG,pasadas_2026-07-23_5009A02044703.csv,AUSA
96ac8d89-0fae-4132-b822-5289bf8d4154,2026-07-06 20:39:56+00,3976.59,AA561YA,pasadas_2026-07-16_343555.csv,AUTOPISTA DEL OESTE
96acbebf-4f9d-46c2-b78a-115e1e2f3114,2026-07-03 21:43:44+00,9935.82,AG507DK,pasadas_2026-07-08_5009A02027769.csv,AUSA
96af197f-3a59-4880-867f-14f01a7edb7f,2026-07-03 11:42:54+00,13466.55,AG309CO,pasadas_2026-07-15_5364164.csv,AUBASA
96be6c55-3fea-4503-95b8-2fa53b5a3b8f,2026-07-26 03:43:26+00,7500.00,AG507DK,ConsumosResumen.xlsx,CORREDORES VIALES SA
96c62d6a-ceb4-4e84-ba87-dbc503ba00d6,2026-07-08 11:19:24+00,6000.00,AC561DQ,ConsumosResumen-202607-1.xlsx,CORREDORES VIALES SA
96c95c16-9633-444c-9e4a-1248718d2d08,2026-07-16 11:11:31+00,7500.00,AH543IQ,ConsumosResumen.xlsx,CORREDORES VIALES SA
96f01379-b7f5-4e9e-8bb7-a468345e31b0,2026-07-21 15:22:14+00,8935.49,AH554RQ,ConsumosResumen.xlsx,CORREDOR VIAL 5 S.A.U.
96f157c4-b2f4-4e39-bcc3-2cfbbb6a5361,2026-07-07 12:36:35+00,6000.00,OWG130,ConsumosResumen-202607-1.xlsx,CORREDORES VIALES SA
96fe1de7-644e-460b-a2a9-887f53258813,2026-07-18 01:13:08+00,7744.12,AH543IQ,ConsumosResumen.xlsx,RUTAS SUR ATLANTICO S.A.
97145d5c-5c09-43ad-9b08-2b3db8d1db70,2026-07-22 17:25:17+00,6000.00,AG862VH,ConsumosResumen.xlsx,CORREDORES VIALES SA
97220c57-41ff-4dea-98dd-4637c1c351c2,2026-06-26 12:15:45+00,5200.00,AF993HK,pasadas_2026-07-03_3313955.csv,CORREDORES VIALES SA
972cdef6-4c5b-4b34-9cff-3fccec8090d6,2026-07-14 20:10:18+00,7500.00,AH285SP,ConsumosResumen.xlsx,CORREDORES VIALES SA
973198c1-4b4f-42aa-ad52-8d9fdc1ebb34,2026-07-05 11:41:34+00,5964.94,AH543IQ,pasadas_2026-07-16_343555.csv,AUTOPISTA DEL OESTE
973383df-17ae-4af4-8e69-611deee3c242,2026-07-07 11:03:45+00,3976.59,AB633TY,pasadas_2026-07-16_493556.csv,AUSOL
97625bfc-8ed7-4cb9-873f-9295ce13089b,2026-07-04 16:08:08+00,6044.83,AF136HN,pasadas_2026-07-08_5009A02027769.csv,AUSA
976cd423-87e7-40a6-bb8f-4c0be38bdfbc,2026-07-17 22:20:09+00,1500.00,AG533MF,ConsumosResumen.xlsx,CORREDORES VIALES SA
97872689-422b-4329-827e-d72262b643f1,2026-06-26 20:11:10+00,5200.00,AD239PP,pasadas_2026-07-03_3313955.csv,CORREDORES VIALES SA
97a85e54-832c-4eb6-be62-336a183c8db6,2026-07-27 22:50:34+00,8935.49,AE952TH,ConsumosResumen.xlsx,CORREDOR VIAL 5 S.A.U.
97ac1d7b-8960-4ff9-b238-c8557b59de0e,2026-07-01 18:07:50+00,16833.20,AF202UU,pasadas_2026-07-15_5364164.csv,AUBASA
97b8f785-66f7-4182-87eb-dad01874c3ed,2026-07-09 01:12:56+00,6044.83,AG893YR,pasadas_2026-07-15_5009A02037803.csv,AUSA
97c82e37-8689-443f-bc79-ce0dde829c6e,2026-07-21 05:25:16+00,7744.12,AF791ER,ConsumosResumen.xlsx,RUTAS SUR ATLANTICO S.A.
97f644c6-09d4-4974-a47f-ba5641038be2,2026-07-21 21:21:45+00,15255.79,AG939HR,pasadas_2026-07-23_5009A02044703.csv,AUSA
97f9953b-398d-499e-9780-fc7781102ef6,2026-07-13 00:24:37+00,9935.82,AG939HR,pasadas_2026-07-15_5009A02037803.csv,AUSA
980411c9-7161-4dfe-b812-83840e379dc9,2026-06-29 14:57:30+00,6000.00,AA561YA,ConsumosResumen-202607-1.xlsx,CORREDORES VIALES SA
98050a75-12c2-4130-b8ae-ed3f70208a9c,2026-06-30 20:10:38+00,7500.00,AH251LE,ConsumosResumen-202607-1.xlsx,CORREDORES VIALES SA
980994d4-edf6-488b-a9a6-692cedf0a5b4,2026-07-27 12:59:20+00,9935.82,AF993HA,pasadas_2026-07-29_5009A02052902.csv,AUSA
9820e49a-a6be-42c8-ac9f-357f728a51eb,2026-07-18 05:22:19+00,6195.30,AG309CO,ConsumosResumen.xlsx,RUTAS SUR ATLANTICO S.A.
982dc666-1b61-482b-8022-4df86271d4a5,2026-07-14 17:29:19+00,7500.00,AG110LK,ConsumosResumen.xlsx,CORREDORES VIALES SA
985a6f69-2d1f-4790-a321-07320940d2d6,2026-07-25 15:20:39+00,6044.83,AG507DK,pasadas_2026-07-29_5009A02060191.csv,AUSA
985b7480-f2c1-49e8-9ad0-14877cb9f9ac,2026-07-06 00:10:35+00,7500.00,AG893YR,ConsumosResumen-202607-1.xlsx,CORREDORES VIALES SA
9870237a-44a7-4b31-8c7f-89cb024823d3,2026-06-25 11:24:16+00,5200.00,AF791ER,pasadas_2026-07-03_3313955.csv,CORREDORES VIALES SA
989c2990-d62d-406c-8268-cb1418280faf,2026-07-15 14:40:56+00,3976.59,AB247VR,pasadas_2026-07-16_343555.csv,AUTOPISTA DEL OESTE
98a0d59d-c9af-4f69-b0c6-335e7a646f08,2026-07-13 13:51:25+00,14370.19,AG939HR,pasadas_2026-07-15_5364164.csv,AUBASA
98aa998c-d964-48a1-9f61-f2d3652a5fd6,2026-07-22 20:57:18+00,6000.00,AG309CO,ConsumosResumen.xlsx,CORREDORES VIALES SA
98d216fe-f74c-4047-a3e9-b847adfd1d69,2026-07-02 00:41:16+00,5200.00,AG893YR,ConsumosResumen.xlsx,RUTAS SUR ATLANTICO S.A.
98e916b9-c1c9-49d1-ae1d-2fb2095c76b7,2026-07-23 00:05:23+00,9935.82,AG507DK,pasadas_2026-07-29_5009A02060191.csv,AUSA
98fc8679-c98b-4cdb-97f2-6ecd56c700d0,2026-07-20 13:47:34+00,8400.00,AF993HA,pasadas_2026-07-22_1947769.csv,UNIDAD EJECUTORA (SANTA FE)
98fff204-239e-463f-a59a-ff3d5a93340c,2026-07-02 13:33:48+00,4970.74,AF533SR,pasadas_2026-07-16_343555.csv,AUTOPISTA DEL OESTE
990c4840-609e-4a0d-ad03-5fb92c1741c3,2026-07-24 23:49:59+00,7500.00,AE751PA,ConsumosResumen.xlsx,CORREDORES VIALES SA
9931f181-69e7-43d5-b07b-437e4fc65521,2026-06-30 08:38:37+00,6000.00,AF791ER,ConsumosResumen-202607-1.xlsx,CORREDORES VIALES SA
9933d425-15a4-48ab-8e49-96ccb7b883dd,2026-07-04 00:11:27+00,13466.55,AH351RT,pasadas_2026-07-15_5364164.csv,AUBASA
994cac08-d8b6-45db-9fbb-eb577d1d973b,2026-07-21 19:59:08+00,7500.00,AH543IQ,ConsumosResumen.xlsx,CORREDORES VIALES SA
99604a06-1ea6-4153-96ae-97e58d97bb9f,2026-07-13 22:57:16+00,1500.00,AG309CH,ConsumosResumen.xlsx,CORREDORES VIALES SA
9982c2f6-423c-4743-84d0-09b332521a7a,2026-07-01 13:11:15+00,17400.00,AE952TH,pasadas_2026-07-22_1947768.csv,UNIDAD EJECUTORA (SANTA FE)
99897eb5-d3bb-4658-a73f-2850e3f9435f,2026-07-12 06:56:38+00,994.15,AG309CH,pasadas_2026-07-16_493556.csv,AUSOL
99904818-f54d-4201-9e33-ac6927967e8c,2026-07-08 11:44:57+00,11222.12,OWG130,pasadas_2026-07-15_5364164.csv,AUBASA
99bbed9b-1bee-4537-b8f3-f1c03119ba93,2026-07-27 13:58:25+00,15255.79,AF436WI,pasadas_2026-07-29_5009A02060191.csv,AUSA
99eec2d9-cac0-42c0-ad24-01814d8ce9be,2026-07-11 05:49:00+00,3976.59,AB633TZ,pasadas_2026-07-16_493556.csv,AUSOL
99f66b84-71f0-48ef-b3c6-51309b2b2c00,2026-07-15 22:39:43+00,4500.00,AF389UV,ConsumosResumen.xlsx,CORREDORES VIALES SA
99f776fe-1282-4436-bb7e-e3655c73e32e,2026-07-13 11:59:31+00,15255.79,AG916MK,pasadas_2026-07-15_5009A02037803.csv,AUSA
99f90321-1481-4bf8-8e58-258acc335087,2026-07-20 13:49:19+00,6000.00,AH351RT,ConsumosResumen.xlsx,CORREDORES VIALES SA
99ffad64-8265-4e2d-a7ba-235f4c5351fd,2026-07-23 20:51:49+00,6000.00,OWG130,ConsumosResumen.xlsx,CORREDORES VIALES SA
9a04654a-e35e-42fd-bed0-67c640dbef79,2026-07-22 23:43:17+00,7500.00,AG893YR,ConsumosResumen.xlsx,CORREDORES VIALES SA
9a212462-bf63-4c75-a9a0-fb87e5e73bb3,2026-07-27 06:37:11+00,15255.79,AB247VR,pasadas_2026-07-29_5009A02060191.csv,AUSA
9a4b4ea7-3751-4c84-9c53-cd137d65443d,2026-07-06 02:49:47+00,11222.12,AE751PA,pasadas_2026-07-15_5364164.csv,AUBASA
9a503297-6abb-4c3b-8cb7-ee72097a031b,2026-07-14 15:22:43+00,6000.00,AG676SP,ConsumosResumen.xlsx,CORREDORES VIALES SA
9a543881-a827-417a-a74b-d4678e622776,2026-07-08 11:46:58+00,6000.00,AB456CQ,ConsumosResumen-202607-1.xlsx,CORREDORES VIALES SA
9a676d69-9721-4e7f-a138-c9212b3d9af1,2026-07-04 10:47:59+00,6000.00,AG939HR,ConsumosResumen-202607-1.xlsx,CORREDORES VIALES SA
9a7d29b8-21ea-41e0-be3c-095f6d715148,2026-07-23 23:37:07+00,9935.82,AF791ER,pasadas_2026-07-29_5009A02060191.csv,AUSA
9a878682-d38c-4317-9e19-84662f5bb71c,2026-07-22 10:58:55+00,6000.00,AG676SP,ConsumosResumen.xlsx,CORREDORES VIALES SA
9a89b5b1-c78a-4385-beb6-bacf16eb84fa,2026-07-04 17:39:41+00,16982.69,AH185KI,pasadas_2026-07-08_5009A02027769.csv,AUSA
9a928ed0-749e-479b-a1c5-d36aa1f0017f,2026-07-17 11:44:45+00,9935.82,AG916MK,pasadas_2026-07-23_5009A02044703.csv,AUSA
9a9aea1b-9aa4-4449-988f-171c0ca9809e,2026-07-04 11:28:41+00,7500.00,AG110LK,ConsumosResumen-202607-1.xlsx,CORREDORES VIALES SA
9adc3de8-6d4a-48fb-b8cf-6765773b0ac9,2026-06-29 04:07:54+00,7500.00,AG507DK,ConsumosResumen-202607-1.xlsx,CORREDORES VIALES SA
9aecd3f0-9716-4a63-9506-23fc8cf2632d,2026-06-30 14:29:39+00,6000.00,AG939HX,ConsumosResumen-202607-1.xlsx,CORREDORES VIALES SA
9b03d49b-66b2-4032-a20b-b122284b5b7c,2026-07-06 17:17:34+00,5964.94,AH729QW,pasadas_2026-07-16_343555.csv,AUTOPISTA DEL OESTE
9b100fde-83b5-432a-980d-1a633c79560a,2026-07-05 04:56:51+00,994.15,AG533MF,pasadas_2026-07-16_343555.csv,AUTOPISTA DEL OESTE
9b2bad3f-14cc-410f-acf5-451049e7ce84,2026-07-17 20:16:03+00,7148.39,AH351RS,ConsumosResumen.xlsx,CORREDOR VIAL 5 S.A.U.
9b6ad9e4-296e-459b-85c8-b3455bc9c160,2026-07-16 19:40:04+00,8935.49,AD736OU,ConsumosResumen.xlsx,CORREDOR VIAL 5 S.A.U.
9b7bcbc3-ed02-46fd-b305-0e70ab6aba77,2026-07-14 20:55:52+00,7500.00,AE952TH,ConsumosResumen.xlsx,CORREDORES VIALES SA
9b86f05f-57e6-4a97-879b-582fcaa61d04,2026-07-24 17:08:15+00,16982.69,AD736OU,pasadas_2026-07-29_5009A02052902.csv,AUSA
9b883a42-4d09-431f-98fc-46c68cd90789,2026-07-22 04:00:05+00,1439.11,AI348TS,pasadas_2026-07-29_5009A02052902.csv,AUSA
9b8dde11-c621-404e-8132-62aa767d2057,2026-07-24 18:59:17+00,6000.00,AE469PL,ConsumosResumen.xlsx,CORREDORES VIALES SA
9ba17e93-a954-4c3f-8ec1-48770710baa1,2026-07-03 13:15:50+00,7148.39,AH351RS,ConsumosResumen.xlsx,CORREDOR VIAL 5 S.A.U.
9bb0f93d-09c1-4e78-a3a0-f88a886a4ce1,2026-07-01 09:44:12+00,4500.00,AD625QB,ConsumosResumen-202607-1.xlsx,CORREDORES VIALES SA
9bd25f46-c8ae-4822-9b47-ca824cf21e76,2026-07-08 23:17:48+00,4970.74,AH185KI,pasadas_2026-07-16_493556.csv,AUSOL
9be5b8ac-f060-47bc-a39d-bfaab414a46b,2026-07-11 13:28:59+00,7500.00,AF091AI,ConsumosResumen-202607-1.xlsx,CORREDORES VIALES SA
9bf1ef17-65dd-402d-b2bb-f5914a9e9cdf,2026-07-12 20:54:24+00,16982.69,AG916MK,pasadas_2026-07-15_5009A02037803.csv,AUSA
9bf3326b-da36-4599-b099-caf41ea75b63,2026-07-21 04:10:25+00,4646.47,AD625QB,ConsumosResumen.xlsx,RUTAS SUR ATLANTICO S.A.
9c16cd6c-2bd8-4fc0-bc8e-a32af7593154,2026-07-13 08:49:16+00,6000.00,AD482MT,ConsumosResumen.xlsx,CORREDORES VIALES SA
9c31b712-2106-497c-8c51-fc857a1b86e8,2026-06-28 08:03:06+00,6000.00,AF136HN,ConsumosResumen-202607-1.xlsx,CORREDORES VIALES SA
9c886ee6-5db8-4e8c-ac16-e10e0eba20f7,2026-07-03 21:02:44+00,13466.55,AG916MK,pasadas_2026-07-15_5364164.csv,AUBASA
9ca82794-8860-48b5-8c06-bb4a2d76a6a2,2026-07-10 16:41:54+00,4771.95,AB633TY,pasadas_2026-07-16_343555.csv,AUTOPISTA DEL OESTE
9cbc81d8-ba6b-4b2f-a454-6311cccf34b9,2026-07-03 21:44:19+00,6000.00,AH285SP,ConsumosResumen-202607-1.xlsx,CORREDORES VIALES SA
9cc9ea40-26ae-49f5-aa58-7e225b4aee8b,2026-07-01 18:08:02+00,4771.95,AB456CQ,pasadas_2026-07-16_343555.csv,AUTOPISTA DEL OESTE
9cea5747-87b7-4657-9f56-c5378aecba38,2026-07-21 23:52:18+00,9935.82,AG893YR,pasadas_2026-07-23_5009A02044703.csv,AUSA
9d00aec5-56ca-4dad-9fe6-e294ed68fc1d,2026-07-21 15:48:53+00,15255.79,AD625QB,pasadas_2026-07-23_5009A02044703.csv,AUSA
9d032491-dc20-41b5-ab48-8e1cb04628a8,2026-07-17 11:45:17+00,6044.83,AG893YR,pasadas_2026-07-23_5009A02044703.csv,AUSA
9d29e990-6fa1-4fd9-a4a8-8b9d3ea1a15b,2026-07-02 10:28:11+00,33965.25,AG507DK,pasadas_2026-07-08_5009A02027769.csv,AUSA
9d313b23-66c9-4a0b-98de-64fa293e4373,2026-07-14 01:47:34+00,7744.12,AH185KI,ConsumosResumen.xlsx,RUTAS SUR ATLANTICO S.A.
9d3e98e1-306e-4b4d-8775-d2d21461244e,2026-07-15 01:30:37+00,7500.00,AH351RT,ConsumosResumen.xlsx,CORREDORES VIALES SA
9d861d55-6c6f-483f-94a1-a709dc6d14b1,2026-07-09 10:25:57+00,4771.95,AB247VR,pasadas_2026-07-16_343555.csv,AUTOPISTA DEL OESTE
9dac2392-a7bd-4ae8-998d-d19306b4171d,2026-07-03 14:10:56+00,15255.79,AB456CP,pasadas_2026-07-08_5009A02027769.csv,AUSA
9dd195a6-48d0-4703-887c-f69fc0bc98af,2026-07-16 10:44:18+00,33965.25,AI042WD,pasadas_2026-07-29_5009A02052902.csv,AUSA
9dd5f5a3-48fc-49ec-8255-27c793a59704,2026-07-17 20:49:24+00,6000.00,AC264UA,ConsumosResumen.xlsx,CORREDORES VIALES SA
9ddd71bc-abbf-4bea-9f0a-c4fdcbfa6ead,2026-07-13 05:40:07+00,9935.82,AH033DL,pasadas_2026-07-15_5009A02037803.csv,AUSA
9de084fc-4cdc-4bb0-a2e5-cff26b28d176,2026-07-03 12:45:20+00,7744.12,AE284KH,ConsumosResumen-202607-1.xlsx,RUTAS SUR ATLANTICO S.A.
9df107bb-4a3a-4264-85a1-80a36d97f696,2026-07-13 02:47:17+00,3454.21,AI348TS,pasadas_2026-07-15_5009A02037760.csv,AUSA
9df73f9e-3209-4bba-87a2-55e5161448a0,2026-07-08 22:20:52+00,6000.00,AG939HX,ConsumosResumen-202607-1.xlsx,CORREDORES VIALES SA
9df9f3f0-28f4-4126-a92c-0c2c0af53c2e,2026-06-30 09:05:11+00,7500.00,AE952TH,ConsumosResumen-202607-1.xlsx,CORREDORES VIALES SA
9e10c395-b98c-47c8-b702-373bbaef32c1,2026-07-08 06:24:25+00,3000.00,AC295IE,ConsumosResumen-202607-1.xlsx,CORREDORES VIALES SA
9e161184-ba5a-45a4-8b76-b99f0b6cfa63,2026-07-23 10:37:46+00,6000.00,AG893YR,ConsumosResumen.xlsx,CORREDORES VIALES SA
9e2331ae-8dae-4d87-bccf-215d682bd15d,2026-07-01 05:12:31+00,9935.82,AI042WD,pasadas_2026-07-15_5009A02037760.csv,AUSA
9e30e11d-4054-48ed-b05b-b402c067583e,2026-07-23 04:22:17+00,6044.83,AH351RT,pasadas_2026-07-29_5009A02060191.csv,AUSA
9e46b88f-f99d-4bc1-ab19-e47c53cd4509,2026-07-14 10:41:48+00,6000.00,AD239PP,ConsumosResumen.xlsx,CORREDORES VIALES SA
9e6816de-a0cf-40e5-b298-da3f9c869866,2026-07-01 22:21:38+00,13466.55,AG939HR,pasadas_2026-07-15_5364164.csv,AUBASA
9e7f9b63-0eae-44d7-bd0b-d3866f53b700,2026-07-24 11:26:18+00,7500.00,AG893YR,ConsumosResumen.xlsx,CORREDORES VIALES SA
9e8aec82-443d-4a6f-ab47-c1774db62f32,2026-07-17 19:08:21+00,7148.39,AF103ZL,ConsumosResumen.xlsx,RUTAS SUR ATLANTICO S.A.
9e927cee-7e76-4d78-89f1-359a2d1bf488,2026-07-23 09:35:16+00,33965.25,AF993HA,pasadas_2026-07-29_5009A02052902.csv,AUSA
9e93e471-c9cc-4bfa-ab25-9ab0b5cee666,2026-07-14 18:11:53+00,1500.00,AE908YR,ConsumosResumen.xlsx,CORREDORES VIALES SA
9ea514c8-502c-4f3a-ad49-0ac3b874ab44,2026-07-01 10:32:26+00,4771.95,EXT374,pasadas_2026-07-16_343555.csv,AUTOPISTA DEL OESTE
9eb4d9b5-d993-4828-9cf1-283f7b72d295,2026-07-10 07:47:26+00,9935.82,EXT374,pasadas_2026-07-15_5009A02037803.csv,AUSA
9ee62f98-a756-4f75-a7ff-021f6b47ae87,2026-07-07 08:51:38+00,6000.00,AD239PP,ConsumosResumen-202607-1.xlsx,CORREDORES VIALES SA
9ef58d1c-95be-4117-ab35-065b7f9b6c7d,2026-07-23 06:37:39+00,6000.00,AF136HN,ConsumosResumen.xlsx,CORREDORES VIALES SA
9f0b51f2-4f47-4dfa-b342-4a215d622ce8,2026-07-06 14:52:57+00,1500.00,AG309CH,ConsumosResumen-202607-1.xlsx,CORREDORES VIALES SA
9f26c158-f0c1-492f-be27-bcabe55c9695,2026-07-02 18:26:06+00,1500.00,AG533MF,ConsumosResumen.xlsx,CORREDOR VIAL 5 S.A.U.
9f48a45e-7f5a-4c9c-808d-a622c477c2c3,2026-07-01 15:27:36+00,3000.00,AC295IE,ConsumosResumen-202607-1.xlsx,CORREDORES VIALES SA
9f4cb5b8-d18a-4582-9d80-b1fd170b5bf2,2026-07-14 07:38:20+00,7500.00,AG309CO,ConsumosResumen.xlsx,CORREDORES VIALES SA
9f4cd69e-ced1-49fb-874b-f08b4d915a1c,2026-07-22 01:11:42+00,15255.79,AG309CO,pasadas_2026-07-23_5009A02044703.csv,AUSA
9f5f9010-30b1-4967-aa5c-38d0483f63d5,2026-07-27 12:04:14+00,6000.00,AG309CO,ConsumosResumen.xlsx,CORREDORES VIALES SA
9f7061cb-ba3d-4d20-8721-00a8ba9aa067,2026-07-13 22:03:52+00,8935.49,AH554RP,ConsumosResumen.xlsx,CORREDOR VIAL 5 S.A.U.
9f7e8025-051c-4ec7-80fc-cd16ed50ffef,2026-07-02 07:03:00+00,16982.69,AB456CQ,pasadas_2026-07-08_5009A02027769.csv,AUSA
9f8043bf-f223-47ac-bd49-4b6afe7f39dd,2026-06-30 19:44:41+00,9731.46,AF993HA,pasadas_2026-07-15_5009A02037760.csv,AUSA
9f84ba10-a61c-4593-a470-b4786cc25cdb,2026-07-14 20:55:26+00,21000.00,AI178EY,pasadas_2026-07-22_1947769.csv,UNIDAD EJECUTORA (SANTA FE)
9f8c8b9b-b74c-4e09-9a94-afcc4c26ef5f,2026-07-05 02:32:49+00,3976.59,AF103ZL,pasadas_2026-07-16_343555.csv,AUTOPISTA DEL OESTE
9faa4121-6a1f-46b7-9c9c-0663d7193733,2026-07-01 11:04:19+00,3976.59,AF411UY,pasadas_2026-07-16_493556.csv,AUSOL
9fc1d998-5d05-4295-98ee-8b2ba9d50a50,2026-07-09 11:44:25+00,6000.00,AD096FX,ConsumosResumen-202607-1.xlsx,CORREDORES VIALES SA
9fd116d3-26d5-4b70-a4a4-406a42ee82b8,2026-07-05 06:39:27+00,994.15,AG249HS,pasadas_2026-07-16_493556.csv,AUSOL
9fd3bef8-d751-45f2-a23d-db22510f79d9,2026-07-22 04:06:49+00,9935.82,AI348TS,pasadas_2026-07-29_5009A02052902.csv,AUSA
9fe17adb-ec52-4c01-9c7c-c44f23a52440,2026-07-08 17:29:26+00,4771.95,OWG130,pasadas_2026-07-16_343555.csv,AUTOPISTA DEL OESTE
9fe5c033-c4fb-46fe-bffc-fdf61d2c4b3a,2026-07-07 07:12:36+00,4500.00,AF389UV,ConsumosResumen-202607-1.xlsx,CORREDORES VIALES SA
a00306da-a6bb-4269-a16b-f70c73c3590c,2026-07-15 16:16:24+00,6000.00,AC264UA,ConsumosResumen.xlsx,CORREDORES VIALES SA
a00b6eb9-8854-410d-8b3f-37374a569c0c,2026-07-02 22:29:44+00,15255.79,AE469PH,pasadas_2026-07-08_5009A02027769.csv,AUSA
a0356f7f-1c60-4c0c-aa31-80b2cd46d989,2026-07-10 00:14:52+00,6044.83,AG309CO,pasadas_2026-07-15_5009A02037803.csv,AUSA
a03d40db-eaa0-4125-907e-755db96d5586,2026-07-13 06:18:03+00,6000.00,AD096FX,ConsumosResumen.xlsx,CORREDORES VIALES SA
a057db14-ebbe-4bd8-b27e-6b838fdd0f52,2026-07-08 09:52:55+00,16833.20,AG939HR,pasadas_2026-07-15_5364164.csv,AUBASA
a0af0f01-d66e-4abe-9fb6-086343ae0217,2026-07-17 15:19:22+00,6000.00,AF231PZ,ConsumosResumen.xlsx,CORREDORES VIALES SA
a0c63bb9-597f-44c9-8474-cc7c5eeba641,2026-06-30 06:24:51+00,7500.00,AE952TH,ConsumosResumen-202607-1.xlsx,CORREDORES VIALES SA
a0de6b32-249a-432a-b1ac-b470566d55cd,2026-07-05 22:51:30+00,13466.55,AG939HR,pasadas_2026-07-15_5364164.csv,AUBASA
a0ebd3cd-ccc2-4830-af43-a6124ca3896b,2026-06-24 16:07:02+00,17400.00,AC295IE,pasadas_2026-07-22_1947768.csv,UNIDAD EJECUTORA (SANTA FE)
a0ec8205-0c07-48a1-a1a8-a4197c9fda84,2026-07-03 09:18:11+00,7148.39,AB633TY,ConsumosResumen-202607-1.xlsx,RUTAS SUR ATLANTICO S.A.
a0f0bf4b-564d-4aa8-b546-8b84824d0448,2026-07-22 18:47:26+00,4895.18,AI348TS,pasadas_2026-07-29_5009A02052902.csv,AUSA
a102d887-f524-4412-8ecf-9b03301d098d,2026-07-23 13:57:27+00,6044.83,AH729QW,pasadas_2026-07-29_5009A02060191.csv,AUSA
a1205d28-aa39-4145-a3f7-3f50188433e9,2026-07-03 06:07:35+00,5468.98,AD985XP,pasadas_2026-07-08_5009A02027769.csv,AUSA
a1385a40-27a0-403d-812a-4b182a9e2ce4,2026-07-21 06:37:08+00,1500.00,AG249HS,ConsumosResumen.xlsx,CORREDORES VIALES SA
a153230f-0e83-464f-a116-54497c0fa82a,2026-07-01 12:04:04+00,7500.00,AE831SI,ConsumosResumen-202607-1.xlsx,CORREDORES VIALES SA
a164a4e1-3871-4b92-ae3a-12046ad65993,2026-07-13 12:07:31+00,6000.00,AE454PH,ConsumosResumen.xlsx,CORREDORES VIALES SA
a16b86f7-0605-4568-92d6-2f7693717f25,2026-07-01 03:11:45+00,3976.59,AE284KH,pasadas_2026-07-16_343555.csv,AUTOPISTA DEL OESTE
a18acbbc-b518-4866-afb2-156f7d02c074,2026-07-01 07:55:29+00,6000.00,AG309CO,ConsumosResumen-202607-1.xlsx,CORREDORES VIALES SA
a1ab616d-2c73-4d17-8495-6798d7c541ae,2026-07-11 14:57:14+00,6000.00,AD933WS,ConsumosResumen-202607-1.xlsx,CORREDORES VIALES SA
a1c92876-ba18-4baf-8017-2d70085aa013,2026-07-06 21:44:25+00,3454.21,AI348TS,pasadas_2026-07-15_5009A02037760.csv,AUSA
a1d3ba82-051f-4d31-8355-a9882975ec0a,2026-07-19 21:40:10+00,15255.79,AG507DK,pasadas_2026-07-23_5009A02044703.csv,AUSA
a1e03b78-ec5e-4abd-8ba6-5a5f5d98ccb6,2026-07-01 09:41:10+00,7500.00,AG507DK,ConsumosResumen-202607-1.xlsx,CORREDORES VIALES SA
a1f4227f-4556-43ab-872e-47b4ed786ff5,2026-07-06 05:29:35+00,9935.82,AF791ER,pasadas_2026-07-08_5009A02027769.csv,AUSA
a244b21d-2460-4f95-a767-a215ae95b18c,2026-07-02 20:28:00+00,6000.00,AD328WK,ConsumosResumen-202607-1.xlsx,CORREDORES VIALES SA
a2556497-5f70-4b07-881e-50750895cb07,2026-07-03 23:31:15+00,4970.74,AG309CO,pasadas_2026-07-16_493556.csv,AUSOL
a25d8552-90f6-4569-ac41-12a1942de9d5,2026-07-13 02:08:21+00,15255.79,AG916MK,pasadas_2026-07-15_5009A02037803.csv,AUSA
a26f0b71-af04-44c9-81e6-b6f2f5cc4750,2026-07-13 12:10:18+00,994.15,AI348TS,pasadas_2026-07-16_329454.csv,AUTOPISTA DEL OESTE
a27ecffd-d4f1-4afd-bc63-1d2e89ea73c7,2026-07-01 05:12:48+00,4970.74,AH800QT,pasadas_2026-07-16_343555.csv,AUTOPISTA DEL OESTE
a2abbfe7-d855-4f63-86a3-f7a9edb36ed4,2026-07-21 12:05:15+00,4500.00,AF436WI,ConsumosResumen.xlsx,CORREDORES VIALES SA
a2b4664f-4c56-43f9-90d0-abbdae68b304,2026-07-13 12:29:00+00,6195.30,AG893YR,ConsumosResumen.xlsx,RUTAS SUR ATLANTICO S.A.
a2b6c5ad-f677-4660-b294-ef44962ceb5a,2026-06-29 00:49:36+00,6500.00,AF993HA,pasadas_2026-07-03_3305880.csv,CORREDORES VIALES SA
a3078d80-66c4-4df8-967f-5d09d01ac10d,2026-07-13 17:42:48+00,6000.00,AG862VH,ConsumosResumen.xlsx,CORREDORES VIALES SA
a3204bd6-bd86-4a01-9b1e-0efbf0ceceff,2026-07-14 11:42:44+00,6044.83,AF091AI,pasadas_2026-07-15_5009A02037803.csv,AUSA
a3210569-3bc2-4311-a46a-21dc140c202e,2026-07-20 17:19:53+00,7500.00,AF091AI,ConsumosResumen.xlsx,CORREDORES VIALES SA
a327c077-38a2-4190-b9e7-ef2e093a3d5a,2026-06-29 03:22:01+00,1500.00,AG533MF,ConsumosResumen-202607-1.xlsx,CORREDORES VIALES SA
a339f13b-bd36-4923-863b-0ed6babc8b49,2026-07-10 07:03:22+00,9935.82,AB633TZ,pasadas_2026-07-15_5009A02037803.csv,AUSA
a33d11bd-7751-45b4-bad1-3226c14ce102,2026-07-06 18:08:39+00,5964.94,AG309CO,pasadas_2026-07-16_343555.csv,AUTOPISTA DEL OESTE
a35736e4-2c5e-40b0-b136-0f5deae6a26d,2026-07-20 10:51:34+00,16982.69,AF533SR,pasadas_2026-07-23_5009A02044703.csv,AUSA
a391e8b2-7053-4086-aee2-21d1e2948f2f,2026-07-08 18:26:24+00,4771.95,AE469PH,pasadas_2026-07-16_343555.csv,AUTOPISTA DEL OESTE
a3d7ab6b-6951-4e30-9371-94f6c9e19270,2026-07-17 13:40:52+00,6000.00,AE469PL,ConsumosResumen.xlsx,CORREDORES VIALES SA
a3f0c039-a5e2-430d-8732-966078bec4d6,2026-07-03 16:57:37+00,3000.00,AD985XP,ConsumosResumen-202607-1.xlsx,CORREDORES VIALES SA
a3f7d091-a151-4ed2-9e68-bc771ee2d187,2026-07-15 11:53:34+00,3976.59,AB247VR,pasadas_2026-07-16_343555.csv,AUTOPISTA DEL OESTE
a4087510-3105-4e9a-8d79-3027aa673991,2026-07-10 11:24:17+00,2035.11,AI348TS,pasadas_2026-07-15_5009A02037760.csv,AUSA
a41e14f3-162e-4cdb-82a4-9c0768d3a504,2026-07-07 09:44:55+00,7500.00,AH251LE,ConsumosResumen-202607-1.xlsx,CORREDORES VIALES SA
a42a98f6-08f9-4b93-a5ba-17184bc9610f,2026-07-07 00:51:02+00,6044.83,AG916MK,pasadas_2026-07-08_5009A02027769.csv,AUSA
a4317114-5408-4cac-95ee-976add3df058,2026-07-17 04:34:08+00,6195.30,AG893YR,ConsumosResumen.xlsx,RUTAS SUR ATLANTICO S.A.
a43240a4-3926-4d13-9b5e-3698a58435f4,2026-07-16 00:50:56+00,6044.83,AH185KI,pasadas_2026-07-23_5009A02044703.csv,AUSA
a4647cc6-add0-4461-8f3e-63b79a7e2d45,2026-07-08 14:50:18+00,3976.59,AB633TZ,pasadas_2026-07-16_343555.csv,AUTOPISTA DEL OESTE
a4669e1c-9e03-4d3c-8e12-c1c7879c746e,2026-07-11 20:15:46+00,7642.85,AG309CH,pasadas_2026-07-15_5009A02037803.csv,AUSA
a46d3104-b3cf-4602-b1aa-5c30b051859f,2026-07-14 09:04:11+00,4771.95,EXT374,pasadas_2026-07-16_343555.csv,AUTOPISTA DEL OESTE
a48e6649-93f9-4bc7-b92c-05697db8de77,2026-07-06 02:39:02+00,6044.83,AE751PA,pasadas_2026-07-08_5009A02027769.csv,AUSA
a48e75b2-b127-4c5b-a9a6-b0a4634c02a1,2026-07-23 11:47:05+00,6000.00,AF411UY,ConsumosResumen.xlsx,CORREDORES VIALES SA
a48ed44d-153a-4eef-90b9-fefe79025a83,2026-07-15 20:11:48+00,11975.15,AG507DK,pasadas_2026-07-15_5364164.csv,AUBASA
a48fcbb7-1eb6-48bd-ab68-bcb088c99893,2026-07-11 00:58:58+00,4500.00,AF734UP,ConsumosResumen-202607-1.xlsx,CORREDORES VIALES SA
a4ed3940-5b6f-4f0e-90a8-422713a2585b,2026-07-12 16:49:01+00,7500.00,AE952TH,ConsumosResumen-202607-1.xlsx,CORREDORES VIALES SA
a4fcd87f-afb8-4b5d-a956-25d22f5042e3,2026-06-30 12:52:12+00,9731.46,AG309CO,pasadas_2026-07-08_5009A02027769.csv,AUSA
a5202560-a20a-46c1-afa7-2915601c606f,2026-07-08 12:41:16+00,3976.59,AE469PH,pasadas_2026-07-16_343555.csv,AUTOPISTA DEL OESTE
a523431c-0efd-4733-883f-47b5869c596f,2026-07-13 14:42:01+00,3976.59,AE469PH,pasadas_2026-07-16_343555.csv,AUTOPISTA DEL OESTE
a5306184-4656-4243-97bf-1d2c822fad32,2026-07-15 00:31:15+00,7500.00,AH185KI,ConsumosResumen.xlsx,CORREDORES VIALES SA
a53cb2a8-87dd-4d77-9da3-499d578de6f9,2026-07-05 16:39:40+00,994.15,AI042WA,pasadas_2026-07-16_493557.csv,AUSOL
a55da858-2b1a-4967-a992-1a674a0135ab,2026-07-08 13:04:07+00,3976.59,AF231PZ,pasadas_2026-07-16_343555.csv,AUTOPISTA DEL OESTE
a59e9e8d-5945-4186-b6df-f5ea911b0b49,2026-07-27 12:38:24+00,6044.83,AD625QB,pasadas_2026-07-29_5009A02060191.csv,AUSA
a5ac9531-c4bc-4deb-aa88-f123ed11ff6b,2026-06-30 13:31:07+00,17400.00,AE469PH,pasadas_2026-07-22_1947768.csv,UNIDAD EJECUTORA (SANTA FE)
a5cde093-165a-4c8b-bbcf-0d2ae2489b38,2026-07-17 22:52:40+00,1500.00,AG533MF,ConsumosResumen.xlsx,CORREDORES VIALES SA
a5d48fab-e4aa-4659-a38b-2cf7595742e3,2026-07-04 14:58:47+00,3976.59,AA561YA,pasadas_2026-07-16_343555.csv,AUTOPISTA DEL OESTE
a5da776c-adc6-42d9-983f-bf1c16a85405,2026-07-03 15:27:40+00,3976.59,AC264UA,pasadas_2026-07-16_343555.csv,AUTOPISTA DEL OESTE
a5e7d0ed-6dae-41df-859b-1f40726d9380,2026-07-15 03:15:15+00,6044.83,AH351RT,pasadas_2026-07-23_5009A02044703.csv,AUSA
a604ab13-cdf1-44ea-bce2-458a7bfb0d7a,2026-07-02 14:16:12+00,13466.55,AH351RT,pasadas_2026-07-15_5364164.csv,AUBASA
a6187f3b-85aa-4143-be53-a5b42a04b89e,2026-07-03 10:31:02+00,7500.00,AG893YR,ConsumosResumen-202607-1.xlsx,CORREDORES VIALES SA
a61ad27c-8858-4fd2-83bd-1ee7df6ab423,2026-07-01 18:14:54+00,16833.20,AH543IQ,pasadas_2026-07-15_5364164.csv,AUBASA
a644a553-0ea0-4d55-9741-cbad3c48bea3,2026-06-28 16:54:13+00,5200.00,AG676SP,pasadas_2026-07-03_3305880.csv,CORREDORES VIALES SA
a64a2340-5754-44d6-bbc2-d0f3c7231a90,2026-07-15 04:54:34+00,11975.15,AD625QA,pasadas_2026-07-15_5364164.csv,AUBASA
a65880ae-5a94-4607-b59f-b5ca46f0ab20,2026-07-08 21:10:13+00,2244.43,AI348TS,pasadas_2026-07-15_5364165.csv,AUBASA
a663218d-c138-473f-b658-604f37eef68c,2026-07-13 02:07:57+00,15255.79,AG893YR,pasadas_2026-07-15_5009A02037803.csv,AUSA
a6639476-f5ee-42ba-9796-2e2f4f6b46b7,2026-07-28 15:20:04+00,9935.82,AG916MK,pasadas_2026-07-29_5009A02060191.csv,AUSA
a66b3f5e-94bc-418f-a613-ab2cf1da776a,2026-06-28 08:09:07+00,6000.00,AG862VH,ConsumosResumen-202607-1.xlsx,CORREDORES VIALES SA
a66bbbaa-9c95-422e-912c-1f6c58154e81,2026-07-01 10:46:54+00,5964.94,AF533SR,pasadas_2026-07-16_343555.csv,AUTOPISTA DEL OESTE
a6b0a0ce-c948-4e5c-8250-74bea2e10a56,2026-06-30 18:26:30+00,7500.00,AH285SP,ConsumosResumen-202607-1.xlsx,CORREDORES VIALES SA
a6b7d7e3-fbdc-4ef4-bae4-ca1591e8ca8e,2026-07-16 11:16:17+00,15255.79,AI178ER,pasadas_2026-07-29_5009A02052902.csv,AUSA
a6b84f20-3214-4534-aeaf-ed529ea71b4f,2026-07-04 07:13:00+00,3976.59,AB633TY,pasadas_2026-07-16_343555.csv,AUTOPISTA DEL OESTE
a6b86877-096d-4ccf-83a8-5a58eede501b,2026-07-26 21:42:56+00,9935.82,AG507DK,pasadas_2026-07-29_5009A02060191.csv,AUSA
a6facf59-a432-436b-8301-cf64106b9bc2,2026-07-01 07:47:28+00,6000.00,AD239PP,ConsumosResumen-202607-1.xlsx,CORREDORES VIALES SA
a7018ba0-a8e0-4503-9d60-c91321ee3966,2026-07-13 12:40:53+00,15255.79,AB456CQ,pasadas_2026-07-15_5009A02037803.csv,AUSA
a702da33-6751-4513-bd38-df2a1441ad46,2026-07-13 13:25:47+00,3976.59,AB456CQ,pasadas_2026-07-16_343555.csv,AUTOPISTA DEL OESTE
a7223037-1068-41fd-8591-bb524c88bf6f,2026-07-08 10:26:17+00,7500.00,AF091AI,ConsumosResumen-202607-1.xlsx,CORREDORES VIALES SA
a723cf00-1817-4f51-820a-515b681a933d,2026-07-23 13:12:33+00,6000.00,AD482MT,ConsumosResumen.xlsx,CORREDORES VIALES SA
a727c913-ecb1-4940-8f32-32616ac54942,2026-07-24 00:49:43+00,6000.00,AC264UA,ConsumosResumen.xlsx,CORREDORES VIALES SA
a754aaf8-89bd-4d81-9d16-c49735438b6e,2026-07-15 14:48:07+00,6000.00,AD667DM,ConsumosResumen.xlsx,CORREDORES VIALES SA
a755b320-cb28-43bc-a7af-e227ffff6760,2026-07-24 11:30:22+00,6000.00,AH033DL,ConsumosResumen.xlsx,CORREDORES VIALES SA
a764449d-cd0c-4a39-bacf-9a072f43c5ad,2026-07-20 11:23:07+00,6044.83,AG916MK,pasadas_2026-07-23_5009A02044703.csv,AUSA
a76c4bc2-d722-4c99-b95f-37b0320de4bc,2026-07-01 12:51:18+00,3976.59,AA561YA,pasadas_2026-07-16_493556.csv,AUSOL
a7823d5b-e429-4912-857b-298d2e5b1368,2026-07-13 13:41:33+00,6044.83,AH033DL,pasadas_2026-07-15_5009A02037803.csv,AUSA
a79e04fd-f544-448d-ae9a-b4fd0e5f91bd,2026-06-29 07:06:44+00,7500.00,AH800QR,ConsumosResumen-202607-1.xlsx,CORREDORES VIALES SA
a7a005e3-a4ff-4d72-a4b7-c6ab10a20c26,2026-07-16 11:50:55+00,6195.30,AH033DL,ConsumosResumen.xlsx,RUTAS SUR ATLANTICO S.A.
a7b34fc1-cef2-4313-b325-852ed396f969,2026-06-29 15:04:52+00,7500.00,AH554RP,ConsumosResumen-202607-1.xlsx,CORREDORES VIALES SA
a7d211c4-f81a-473a-bc3f-796de3655aa8,2026-07-06 18:43:48+00,6000.00,AC561DQ,ConsumosResumen-202607-1.xlsx,CORREDORES VIALES SA
a7e85bff-8dbf-4748-936c-ae61e994a866,2026-07-02 06:09:01+00,7500.00,AH543IQ,ConsumosResumen-202607-1.xlsx,CORREDORES VIALES SA
a7eb79f0-b22d-422a-86c0-0007181b9513,2026-07-03 12:16:12+00,6044.83,AG939HR,pasadas_2026-07-08_5009A02027769.csv,AUSA
a7fc3775-6656-47ca-b467-197a17cd1532,2026-07-24 11:23:39+00,6044.83,AF993HA,pasadas_2026-07-29_5009A02052902.csv,AUSA
a815f5e2-19ec-4567-b135-13b573f25cf6,2026-07-20 23:05:03+00,7500.00,AE469PH,ConsumosResumen.xlsx,CORREDORES VIALES SA
a83c2fa9-7452-4b2d-a3f9-65950fe5ec36,2026-07-01 17:47:24+00,5964.94,AF533SR,pasadas_2026-07-16_343555.csv,AUTOPISTA DEL OESTE
a841a3d9-4554-4d3a-b093-ae2d229a8879,2026-07-02 19:28:16+00,33965.25,AG916MK,pasadas_2026-07-08_5009A02027769.csv,AUSA
a846ded6-2341-4f03-a1c0-d10db4e3b7b5,2026-07-06 16:21:09+00,11222.12,AE751PA,pasadas_2026-07-15_5364164.csv,AUBASA
a88e4867-8232-48ff-83aa-71ae0e281eee,2026-07-27 06:15:28+00,6044.83,AE952TH,pasadas_2026-07-29_5009A02060191.csv,AUSA
a8b6b889-9123-46c9-9363-e43a7d21aefd,2026-07-23 01:25:32+00,9935.82,AI348TS,pasadas_2026-07-29_5009A02052902.csv,AUSA
a8c6b334-a68f-4338-bdd9-0cf7d93ddb65,2026-07-24 21:21:52+00,4500.00,AF436WI,ConsumosResumen.xlsx,CORREDORES VIALES SA
a8df93a8-b043-4cf7-8bd2-e0f62984696e,2026-07-24 14:18:22+00,7500.00,AF533SR,ConsumosResumen.xlsx,CORREDORES VIALES SA
a8e1c2a8-a32b-415a-8563-ad9a8c1e87b5,2026-07-22 11:21:53+00,6044.83,AF436WI,pasadas_2026-07-23_5009A02044703.csv,AUSA
a8ef2921-20ec-4dff-b6ba-9e68a0dfdbeb,2026-07-06 16:51:57+00,6000.00,AB151SM,ConsumosResumen-202607-1.xlsx,CORREDORES VIALES SA
a912e1f8-829a-47cc-b6f1-a7c270fec101,2026-07-16 05:50:41+00,7500.00,AH351RT,ConsumosResumen.xlsx,CORREDORES VIALES SA
a91cd0bd-8d96-404e-a2c5-1d9a50891357,2026-07-16 15:41:21+00,6000.00,AF103ZL,ConsumosResumen.xlsx,CORREDORES VIALES SA
a930c7e3-25d3-40ee-be9d-8b2477ecf56f,2026-06-30 13:02:13+00,7500.00,AH285SP,ConsumosResumen-202607-1.xlsx,CORREDORES VIALES SA
a9466bff-502b-41d9-b7cc-5708aec6e4f3,2026-07-01 02:48:20+00,3900.00,AE284KH,ConsumosResumen-202607-1.xlsx,RUTAS SUR ATLANTICO S.A.
a9494601-cf2e-476a-bdd4-04ef95d8b2a0,2026-07-02 19:59:43+00,16982.69,AF202UU,pasadas_2026-07-08_5009A02027769.csv,AUSA
a950c563-5b32-4ebb-87fc-1fb3c24b450b,2026-07-21 20:11:54+00,7500.00,AG110LK,ConsumosResumen.xlsx,CORREDORES VIALES SA
a9545515-7caa-4cfc-8a88-e1b82b28afb8,2026-07-20 07:06:14+00,6000.00,AF791ER,ConsumosResumen.xlsx,CORREDORES VIALES SA
a97fa106-5b0f-4ba3-95e1-987c82445b94,2026-07-14 17:15:06+00,4771.95,AD985XP,pasadas_2026-07-16_343555.csv,AUTOPISTA DEL OESTE
a98bac2c-1ee7-416e-975b-f23bc97276de,2026-07-01 15:02:41+00,994.15,AI348TS,pasadas_2026-07-16_493557.csv,AUSOL
a9d48f4b-9ff0-4516-b0ca-c27ad5ac24d9,2026-07-07 23:07:37+00,6044.83,AH351RT,pasadas_2026-07-08_5009A02027769.csv,AUSA
a9da86df-ae68-4432-8690-53c14448278d,2026-07-23 01:50:37+00,7500.00,AE751PA,ConsumosResumen.xlsx,CORREDORES VIALES SA
a9f18228-a78a-4369-9e3e-03a4339105a5,2026-07-04 11:40:23+00,7500.00,AE469PH,ConsumosResumen-202607-1.xlsx,CORREDORES VIALES SA
a9f3df85-6f47-46be-8892-a47d0a1e28db,2026-06-30 16:58:33+00,17400.00,AD985XP,pasadas_2026-07-22_1947768.csv,UNIDAD EJECUTORA (SANTA FE)
aa03f72c-3d8f-44e8-a5f7-d9d38edda904,2026-07-11 11:40:03+00,4771.95,AC561DQ,pasadas_2026-07-16_343555.csv,AUTOPISTA DEL OESTE
aa119dab-d533-4152-a610-99aa5bcb09da,2026-07-04 09:26:23+00,15255.79,AF533SR,pasadas_2026-07-08_5009A02027769.csv,AUSA
aa196f06-1fda-4162-bbcb-7834d058492e,2026-07-14 18:36:38+00,7500.00,AG309CO,ConsumosResumen.xlsx,CORREDORES VIALES SA
aa34563b-75ef-4f50-8238-9d7689e3da69,2026-06-26 07:55:18+00,1500.00,AG533MF,pasadas_2026-07-03_3313955.csv,CORREDORES VIALES SA
aa3a4c78-fa09-4326-b4a4-b5bce9bf7314,2026-07-01 14:20:53+00,4970.74,AH351RT,pasadas_2026-07-16_343555.csv,AUTOPISTA DEL OESTE
aa4182b5-2a60-435a-91e4-22dfff1f53ad,2026-07-12 20:17:59+00,16982.69,AF202UU,pasadas_2026-07-15_5009A02037803.csv,AUSA
aa47a674-eb83-42cf-9b9a-0c99202c2b36,2026-07-12 17:48:35+00,3000.00,AD985XP,ConsumosResumen-202607-1.xlsx,CORREDORES VIALES SA
aa4dc971-b3d3-4ebe-bc34-5e2a69a0aad3,2026-07-08 02:16:03+00,994.15,AG533MF,pasadas_2026-07-16_493556.csv,AUSOL
aa586811-4d6a-43b1-adb3-e082cef93763,2026-07-01 16:34:10+00,6000.00,AG862VH,ConsumosResumen-202607-1.xlsx,CORREDORES VIALES SA
aa5c799a-f5ba-4c41-beae-c147aa65a346,2026-07-06 13:03:41+00,2244.43,AI348TS,pasadas_2026-07-15_5364165.csv,AUBASA
aa5ddef6-8eed-4865-8721-0ffe1936c9f3,2026-07-04 10:16:41+00,15255.79,AC812DO,pasadas_2026-07-08_5009A02027769.csv,AUSA
aa6d4312-5d2e-4751-b2ad-670df3f91d0a,2026-07-10 20:26:37+00,3976.59,AF411UY,pasadas_2026-07-16_343555.csv,AUTOPISTA DEL OESTE
aa7ce5cc-cc70-4d74-a7a6-2c5d92a673f5,2026-06-22 12:43:52+00,6600.00,AB151SM,pasadas_2026-07-22_1947768.csv,UNIDAD EJECUTORA (SANTA FE)
aa807a11-08d9-47eb-8a11-624702a5602d,2026-07-09 05:29:48+00,6000.00,AF136HN,ConsumosResumen-202607-1.xlsx,CORREDORES VIALES SA
aa84d665-3520-4ec1-aa3b-6afb352e46d0,2026-07-01 19:08:38+00,5964.94,AH351RT,pasadas_2026-07-16_343555.csv,AUTOPISTA DEL OESTE
aa8fb93e-56c3-44d5-b1b4-59398571a7ff,2026-07-03 20:15:40+00,6044.83,AF533SR,pasadas_2026-07-08_5009A02027769.csv,AUSA
aac4ddc4-b128-4881-bd2f-1349336d1bcf,2026-06-30 22:28:02+00,7500.00,AH351RT,ConsumosResumen-202607-1.xlsx,CORREDORES VIALES SA
aaecf609-9e68-4e8e-8c7c-4410fbbaa473,2026-06-28 16:11:53+00,6500.00,AH185KI,pasadas_2026-07-03_3313955.csv,CORREDORES VIALES SA
ab12c0a0-3c14-41ea-913f-ee0c2c8753cf,2026-07-13 21:26:39+00,3976.59,OWG130,pasadas_2026-07-16_343555.csv,AUTOPISTA DEL OESTE
ab155c6d-ddf2-4076-bf0e-bc9e9d36596c,2026-07-13 14:06:15+00,4970.74,AG309CO,pasadas_2026-07-16_343555.csv,AUTOPISTA DEL OESTE
ab2a6808-9a53-42c8-8611-9fe8511bf679,2026-07-22 10:58:15+00,6000.00,AF136HN,ConsumosResumen.xlsx,CORREDORES VIALES SA
ab66cd4b-8b74-4f78-8f61-5c522a3506cb,2026-07-15 06:09:13+00,1500.00,AG309CH,ConsumosResumen.xlsx,CORREDORES VIALES SA
ab807da6-9bce-4df3-b925-821ac4235357,2026-06-30 23:55:46+00,7500.00,AF436WI,ConsumosResumen-202607-1.xlsx,CORREDORES VIALES SA
ab83395e-4a17-490d-80da-56e76962d66e,2026-07-08 13:08:03+00,17400.00,AF103ZL,pasadas_2026-07-22_1947768.csv,UNIDAD EJECUTORA (SANTA FE)
ab91266f-0aae-4bef-abaa-465eec3cbe51,2026-07-23 12:20:03+00,7500.00,AE469PH,ConsumosResumen.xlsx,CORREDORES VIALES SA
aba2dc44-f12a-4081-a9e6-6180eb628907,2026-07-01 10:53:40+00,4771.95,AD625QB,pasadas_2026-07-16_493556.csv,AUSOL
abaf2cfc-5fd0-4d8b-bfc1-8eb2b46e6fd3,2026-07-09 07:11:03+00,1192.99,AG249HS,pasadas_2026-07-16_493556.csv,AUSOL
abc904b1-e19a-4734-bece-a6f78180bf28,2026-07-10 13:19:36+00,7744.12,AG939HR,ConsumosResumen-202607-1.xlsx,RUTAS SUR ATLANTICO S.A.
abec416e-27bc-4da3-ac98-ac6412a541ee,2026-07-04 10:07:31+00,7148.39,AH351RS,ConsumosResumen.xlsx,CORREDOR VIAL 5 S.A.U.
ac048f4b-3c2a-49bb-a52c-1b64c7b027bb,2026-07-23 06:32:53+00,6000.00,AB456CU,ConsumosResumen.xlsx,CORREDORES VIALES SA
ac0780d3-3e09-464d-9630-9dc74d82bb52,2026-07-26 00:50:43+00,15255.79,AG507DK,pasadas_2026-07-29_5009A02060191.csv,AUSA
ac38a86e-e00e-4760-aa91-9be59ab96473,2026-07-15 03:43:09+00,7744.12,AH351RT,ConsumosResumen.xlsx,RUTAS SUR ATLANTICO S.A.
ac5784c5-a55b-454f-a0af-fd39b4dd92fb,2026-07-18 21:56:12+00,7500.00,AE831SI,ConsumosResumen.xlsx,CORREDORES VIALES SA
ac5cc554-6a3c-4ef9-a688-7adb28104da7,2026-07-01 19:39:21+00,7500.00,AF533SR,ConsumosResumen-202607-1.xlsx,CORREDORES VIALES SA
ac6388dd-3631-4ad3-9732-db42ef42d762,2026-07-21 00:13:04+00,6044.83,AF231PZ,pasadas_2026-07-23_5009A02044703.csv,AUSA
ac97479d-cc28-41cf-8977-7097c39455b1,2026-06-26 11:56:23+00,5200.00,AE751PA,pasadas_2026-07-03_3313955.csv,CORREDORES VIALES SA
ac9ed91d-871b-43c4-84cf-aaafb99c93b7,2026-07-14 11:30:17+00,3976.59,AB456CU,pasadas_2026-07-16_343555.csv,AUTOPISTA DEL OESTE
acb4e75b-2a84-4c3c-9332-15cf2334483b,2026-07-14 11:48:03+00,6044.83,AH185KI,pasadas_2026-07-15_5009A02037803.csv,AUSA
acc4dcf9-7305-431a-a971-39e1a872da2f,2026-07-15 18:05:49+00,6000.00,AG309CO,ConsumosResumen.xlsx,CORREDORES VIALES SA
acc6032f-c98a-4f44-b6c2-4ad13d927942,2026-07-16 10:15:29+00,7500.00,AH729QW,ConsumosResumen.xlsx,CORREDORES VIALES SA
acc66b9a-e679-4f78-9006-c82104940c39,2026-07-15 22:16:55+00,1500.00,AG533MF,ConsumosResumen.xlsx,CORREDORES VIALES SA
ace26edc-c341-4767-9970-2e5d409712d9,2026-07-07 14:46:39+00,9935.82,AH729QW,pasadas_2026-07-15_5009A02037803.csv,AUSA
ad544172-9e9c-4b74-acd3-5c18db1b22cf,2026-07-04 06:35:22+00,7500.00,AG939HR,ConsumosResumen-202607-1.xlsx,CORREDORES VIALES SA
ad673f16-34a3-46d6-8ea8-b0d55ebbe4a6,2026-07-14 19:50:26+00,1500.00,AE908YR,ConsumosResumen.xlsx,CORREDORES VIALES SA
ad7441b3-bab4-40ef-843b-016f04be9360,2026-07-07 15:31:11+00,7500.00,AE952TH,ConsumosResumen-202607-1.xlsx,CORREDORES VIALES SA
ad94dbe1-1124-465d-bfd5-4d4c757e1502,2026-07-13 05:42:45+00,14370.19,AI178ER,pasadas_2026-07-15_5364165.csv,AUBASA
ada61a26-4884-470a-8f74-6c0b1a23ec4c,2026-07-06 05:45:39+00,1500.00,AG249HS,ConsumosResumen-202607-1.xlsx,CORREDORES VIALES SA
adb48c47-cd33-4759-84b8-c539e6758bc9,2026-07-08 07:10:21+00,5964.94,AG939HR,pasadas_2026-07-16_343555.csv,AUTOPISTA DEL OESTE
adcfa4e4-3e8d-4f98-822c-633cc605e25f,2026-07-08 05:54:45+00,3976.59,AE952TH,pasadas_2026-07-16_493556.csv,AUSOL
add01e67-7b7e-4a9d-9e68-8fa7f27ff6c3,2026-07-02 04:13:26+00,15255.79,AE469PL,pasadas_2026-07-08_5009A02027769.csv,AUSA
adda317c-6438-4461-91eb-dff4c24ae572,2026-07-27 05:31:52+00,9935.82,AD625QB,pasadas_2026-07-29_5009A02060191.csv,AUSA
addabba0-684a-49a8-a5c9-04f300898925,2026-07-21 16:02:29+00,7500.00,AG110LK,ConsumosResumen.xlsx,CORREDORES VIALES SA
adec53ed-9e60-4553-8c2a-1c262d6fb20d,2026-07-10 02:33:12+00,14370.19,AH351RT,pasadas_2026-07-15_5364164.csv,AUBASA
adf8e3a1-e4ab-4f73-8776-b139e8a4a3f8,2026-07-06 12:47:18+00,11222.12,AF411UY,pasadas_2026-07-15_5364164.csv,AUBASA
ae05201d-6825-415a-ae53-adb3af7f6d99,2026-07-03 18:14:51+00,16833.20,AH543IQ,pasadas_2026-07-15_5364164.csv,AUBASA
ae0abe21-b8ea-4d2d-a38e-69c5bb235d4c,2026-07-14 18:56:47+00,21000.00,AI178EY,pasadas_2026-07-22_1947769.csv,UNIDAD EJECUTORA (SANTA FE)
ae15f6a4-ffff-44ec-bcff-3840013c5f02,2026-07-16 14:10:47+00,8935.49,AH554RQ,ConsumosResumen.xlsx,CORREDOR VIAL 5 S.A.U.
ae1c1730-a8d0-4690-b1be-87aee326a26c,2026-07-10 00:21:35+00,9935.82,AG309CO,pasadas_2026-07-15_5009A02037803.csv,AUSA
ae260408-6893-4334-993e-a66482af81a4,2026-07-18 06:43:20+00,3097.65,AF103ZL,ConsumosResumen.xlsx,RUTAS SUR ATLANTICO S.A.
ae5f7537-323a-44ea-837e-f4c3be2c3992,2026-07-23 10:56:39+00,3574.19,AG916MK,ConsumosResumen.xlsx,RUTAS SUR ATLANTICO S.A.
ae65fa92-7357-4a6c-88cc-86f9cc471f92,2026-07-07 13:24:48+00,6000.00,AG862VH,ConsumosResumen-202607-1.xlsx,CORREDORES VIALES SA
ae6b7009-f5aa-464f-ab34-1f4501bf48f2,2026-07-16 11:56:29+00,6044.83,AF791ER,pasadas_2026-07-23_5009A02044703.csv,AUSA
ae75ab5e-a3bb-46fe-b523-969cb808f956,2026-07-11 12:23:00+00,16982.69,AG309CO,pasadas_2026-07-15_5009A02037803.csv,AUSA
ae7b42e6-927a-4ed6-b590-0666eb08f964,2026-07-13 13:20:09+00,3976.59,AD667DM,pasadas_2026-07-16_343555.csv,AUTOPISTA DEL OESTE
ae88282b-8f8e-4c2a-afd9-d59b048b7399,2026-07-14 00:29:29+00,3000.00,AD933WS,ConsumosResumen.xlsx,CORREDORES VIALES SA
aea06151-037e-4db4-b16f-ed2cfe1554a7,2026-07-09 01:42:51+00,4970.74,AH729QW,pasadas_2026-07-16_493556.csv,AUSOL
aebf687f-2099-4462-aced-6d07b1a2f783,2026-07-06 02:02:17+00,13466.55,AH729QW,pasadas_2026-07-15_5364164.csv,AUBASA
aed0015f-964f-4a70-a863-d403e30913ec,2026-07-16 12:19:49+00,6044.83,AE469PH,pasadas_2026-07-23_5009A02044703.csv,AUSA
aed945d9-81be-470b-b0a8-f006a22ec732,2026-07-04 13:28:55+00,33965.25,AH351RT,pasadas_2026-07-08_5009A02027769.csv,AUSA
aef9caea-2d82-47ac-a5b0-e95762d8ac31,2026-07-13 12:12:20+00,3097.65,AG893YR,ConsumosResumen.xlsx,RUTAS SUR ATLANTICO S.A.
af18feed-5221-4cde-9090-15aedfaa2731,2026-07-09 18:49:30+00,1192.99,AG249HS,pasadas_2026-07-16_493556.csv,AUSOL
af4e9179-269b-49ff-a881-947a16ae6a96,2026-07-21 21:18:39+00,15255.79,AF993HA,pasadas_2026-07-29_5009A02052902.csv,AUSA
af831627-8254-4c84-933d-2238f91921bc,2026-07-10 01:15:00+00,6044.83,AG939HR,pasadas_2026-07-15_5009A02037803.csv,AUSA
af8cc94e-b052-490d-8f21-ce3a079e5eca,2026-07-06 14:15:35+00,15255.79,AG507DK,pasadas_2026-07-08_5009A02027769.csv,AUSA
afa01b4c-a5a7-4f74-bb8d-64a9d3338473,2026-07-07 12:16:35+00,15255.79,AF993HA,pasadas_2026-07-15_5009A02037760.csv,AUSA
afa0e767-3f31-4eac-aeb8-bb8b8cb8e6e7,2026-07-05 18:19:19+00,6000.00,AC295IE,ConsumosResumen-202607-1.xlsx,CORREDORES VIALES SA
afb7bc66-bf56-4b03-a52d-326264246f9d,2026-07-14 00:05:07+00,9935.82,AF993HA,pasadas_2026-07-15_5009A02037760.csv,AUSA
afc062a9-3d3a-4c2a-a532-7a2a6022c9a6,2026-07-10 14:21:17+00,6000.00,AF103ZL,ConsumosResumen-202607-1.xlsx,CORREDORES VIALES SA
afe6ae38-5fde-4709-b05b-1a5c1d547aeb,2026-07-01 20:37:37+00,6000.00,AD667DM,ConsumosResumen.xlsx,CORREDOR VIAL 5 S.A.U.
afea49af-53ac-477b-a13d-95a29a4f20e8,2026-07-06 19:12:24+00,4771.95,AB247VR,pasadas_2026-07-16_343555.csv,AUTOPISTA DEL OESTE
b001ece3-93aa-4e8c-9a8c-d0d79d6b56cd,2026-07-15 16:34:19+00,7148.39,AF202UU,ConsumosResumen.xlsx,RUTAS SUR ATLANTICO S.A.
b003d000-1e18-46b4-9e51-56277193bc17,2026-07-02 11:37:05+00,7500.00,AH554RQ,ConsumosResumen.xlsx,CORREDOR VIAL 5 S.A.U.
b00c012b-0041-4646-a62d-6139b980264f,2026-07-23 11:06:59+00,15255.79,AH185KI,pasadas_2026-07-29_5009A02060191.csv,AUSA
b01431de-3408-45a8-b278-910cb1f1d79d,2026-07-25 14:29:43+00,9935.82,AH351RT,pasadas_2026-07-29_5009A02060191.csv,AUSA
b0234d64-e3ba-4419-9cef-c4c633509ec5,2026-07-10 13:47:28+00,33965.25,AB456CP,pasadas_2026-07-15_5009A02037803.csv,AUSA
b0244786-732b-4f39-80b7-575f535f0bda,2026-07-14 06:16:19+00,3976.59,AB456CQ,pasadas_2026-07-16_343555.csv,AUTOPISTA DEL OESTE
b02be128-6f4a-4f4e-90cc-411a690ead72,2026-07-06 02:38:04+00,6044.83,AF231PZ,pasadas_2026-07-08_5009A02027769.csv,AUSA
b03793ba-afb8-481f-aaae-0b2a9951cf70,2026-07-15 18:14:54+00,4771.95,AB456CQ,pasadas_2026-07-16_343555.csv,AUTOPISTA DEL OESTE
b0576a4a-6d59-4251-8a6d-a4a57d85bf3c,2026-06-24 22:16:36+00,7500.00,AH543IQ,ConsumosResumen-202607-1.xlsx,CORREDORES VIALES SA
b065aef9-654a-419b-90c9-b37c44859835,2026-07-01 18:54:24+00,6000.00,AD667DM,ConsumosResumen-202607-1.xlsx,CORREDORES VIALES SA
b0819ad0-bdc5-4b30-93af-a5dd60c4f690,2026-07-27 12:22:54+00,3454.21,AI348TS,pasadas_2026-07-29_5009A02052902.csv,AUSA
b0abd540-c4de-4464-ab60-c0f9061baf6f,2026-07-21 12:42:03+00,7500.00,AH543IQ,ConsumosResumen.xlsx,CORREDORES VIALES SA
b0bec9ca-4ee5-49b1-b49c-6bb31fa854ac,2026-07-03 22:22:13+00,6000.00,AF136HN,ConsumosResumen-202607-1.xlsx,CORREDORES VIALES SA
b0c2889e-068f-42e1-a60c-45ffef2a1d80,2026-07-21 23:45:04+00,6044.83,AG893YR,pasadas_2026-07-23_5009A02044703.csv,AUSA
b0c7e49a-9e5e-494b-8a75-8a381cd277e2,2026-07-16 19:56:27+00,4500.00,AD625QB,ConsumosResumen.xlsx,CORREDORES VIALES SA
b0cefeb2-ccbd-425c-bd3f-8c225c9add9e,2026-07-28 06:59:26+00,9935.82,AG916MK,pasadas_2026-07-29_5009A02060191.csv,AUSA
b0d023e3-e08e-445a-8a01-a8e5ac8a645a,2026-07-04 12:44:44+00,7148.39,AH351RS,ConsumosResumen.xlsx,CORREDOR VIAL 5 S.A.U.
b0dd3a40-cc73-47c8-8f68-51333fcaf14c,2026-07-03 14:41:22+00,7500.00,AH800QT,ConsumosResumen-202607-1.xlsx,CORREDORES VIALES SA
b0eb1caa-2587-45d7-a2f5-65b6cc4e6ab1,2026-07-04 02:42:54+00,4970.74,AG916MK,pasadas_2026-07-16_343555.csv,AUTOPISTA DEL OESTE
b108d508-5085-4b9e-a539-507f0f284640,2026-07-27 21:06:08+00,15255.79,AG939HR,pasadas_2026-07-29_5009A02060191.csv,AUSA
b10a2b69-07f1-4b22-b1eb-05eeea046609,2026-07-24 14:41:53+00,15255.79,AG309CO,pasadas_2026-07-29_5009A02060191.csv,AUSA
b1175a7a-4a60-44c8-a583-7918a99ebf29,2026-07-27 12:23:39+00,15255.79,AH351RT,pasadas_2026-07-29_5009A02060191.csv,AUSA
b1245ba5-6376-43e5-a4c4-0da96daf41b0,2026-07-15 16:05:41+00,7148.39,AB456CU,ConsumosResumen.xlsx,RUTAS SUR ATLANTICO S.A.
b13aa76c-edc5-4245-97a0-3c003bf23687,2026-07-14 23:34:12+00,7500.00,AH285SP,ConsumosResumen.xlsx,CORREDORES VIALES SA
b13d3051-d4aa-44c2-b920-08346bf9f01f,2026-07-27 12:32:18+00,15255.79,AG916MK,pasadas_2026-07-29_5009A02060191.csv,AUSA
b14404dd-ce29-4324-af34-c1aeac4007c6,2026-06-30 13:24:00+00,6000.00,AF231PZ,ConsumosResumen-202607-1.xlsx,CORREDORES VIALES SA
b1441cdf-388e-44f1-9879-6f83c840aaee,2026-07-01 11:01:27+00,3976.59,EXT374,pasadas_2026-07-16_343555.csv,AUTOPISTA DEL OESTE
b17bf15a-6ade-46c2-8d8f-fd10aa2a4265,2026-07-01 05:17:18+00,11222.12,AI042WD,pasadas_2026-07-15_5364165.csv,AUBASA
b1948de8-f6ca-4b35-afb9-82584248505e,2026-07-08 17:28:23+00,6000.00,AH033DL,ConsumosResumen-202607-1.xlsx,CORREDORES VIALES SA
b1b8a85e-3601-4c54-aa38-1177d2873df8,2026-07-15 15:43:48+00,4970.74,AF202UU,pasadas_2026-07-16_343555.csv,AUTOPISTA DEL OESTE
b1d342ee-b57a-40e4-86b4-50bd0f684a48,2026-07-16 06:46:45+00,15255.79,AB247VR,pasadas_2026-07-23_5009A02044703.csv,AUSA
b1ecf4a8-c573-44e0-bf76-a3ef6d3882ad,2026-07-05 00:14:23+00,1787.10,AG533MF,ConsumosResumen.xlsx,CORREDOR VIAL 5 S.A.U.
b2009825-0687-449c-bcb6-293d99551c7c,2026-07-26 16:37:38+00,3000.00,AC295IE,ConsumosResumen.xlsx,CORREDORES VIALES SA
b210f662-221c-43ac-af6c-b2e288eca28d,2026-07-03 08:46:11+00,6000.00,AG939HR,ConsumosResumen-202607-1.xlsx,CORREDORES VIALES SA
b22d3b4c-9eac-459d-9839-9f3196a6f980,2026-07-13 14:03:15+00,9935.82,AI178ER,pasadas_2026-07-15_5009A02037760.csv,AUSA
b2395c8c-7ef4-4dc4-bba3-632b886f4864,2026-07-18 18:28:30+00,7500.00,AF202UU,ConsumosResumen.xlsx,CORREDORES VIALES SA
b274f5fd-c90a-4c68-8fbb-c7a2f75bbf91,2026-07-02 19:26:04+00,6000.00,AG939HR,ConsumosResumen-202607-1.xlsx,CORREDORES VIALES SA
b27502d6-f2c5-45ac-8e30-7af0572391d0,2026-07-27 02:05:00+00,6000.00,AC812DO,ConsumosResumen.xlsx,CORREDORES VIALES SA
b28320bc-c3e5-470f-b842-f4dd1f21c71f,2026-07-05 21:15:39+00,4500.00,AE284KH,ConsumosResumen-202607-1.xlsx,CORREDORES VIALES SA
b2916a7e-18cb-40b3-a93a-814eed0316c1,2026-07-27 21:36:55+00,7500.00,AG507DK,ConsumosResumen.xlsx,CORREDORES VIALES SA
b2ad46ae-0530-4ea8-99a3-96ffdd5c5cae,2026-06-30 07:11:36+00,17400.00,AE952TH,pasadas_2026-07-22_1947768.csv,UNIDAD EJECUTORA (SANTA FE)
b2d7e7d9-4c8d-4795-b393-c3f6f2d7c551,2026-07-09 11:13:58+00,7500.00,AH351RT,ConsumosResumen-202607-1.xlsx,CORREDORES VIALES SA
b2db2768-da0a-42d9-ac92-b01cd85b64ff,2026-07-14 06:32:09+00,7500.00,AH272KN,ConsumosResumen.xlsx,CORREDORES VIALES SA
b2de7bc1-5664-4fdf-9f60-e327734773df,2026-07-18 11:26:21+00,7500.00,AE908YL,ConsumosResumen.xlsx,CORREDORES VIALES SA
b2f04c84-f842-4d2a-a9c3-5dd06f0e8d7f,2026-07-13 20:28:03+00,6000.00,AG893YR,ConsumosResumen.xlsx,CORREDORES VIALES SA
b2f33dfd-0b2b-4eb7-b69f-4c884d881f23,2026-07-03 20:58:02+00,9935.82,AG916MK,pasadas_2026-07-08_5009A02027769.csv,AUSA
b2f8d82f-bb07-4669-bce5-96c4c3a72fd5,2026-06-28 02:22:27+00,7500.00,AH543IQ,ConsumosResumen-202607-1.xlsx,CORREDORES VIALES SA
b30ed6fe-8c51-42ea-96a0-6c508c2f0aa9,2026-07-13 16:52:34+00,4771.95,AG110LK,pasadas_2026-07-16_343555.csv,AUTOPISTA DEL OESTE
b3135dff-405a-4f33-a473-e2787d524a68,2026-07-22 12:27:49+00,6000.00,AD667DM,ConsumosResumen.xlsx,CORREDORES VIALES SA
b348687e-9298-484a-bbaa-f29ac5e191e4,2026-07-15 03:20:33+00,4970.74,AG916MK,pasadas_2026-07-16_493556.csv,AUSOL
b3496828-c669-424f-9994-f6ffb309497b,2026-07-06 16:07:22+00,7500.00,AH185KI,ConsumosResumen-202607-1.xlsx,CORREDORES VIALES SA
b3534c13-adbc-4638-801c-a4a7f8be5fad,2026-07-25 11:32:11+00,6000.00,AD096FX,ConsumosResumen.xlsx,CORREDORES VIALES SA
b3579c0c-da58-4476-8446-4786acb1e792,2026-07-02 10:45:53+00,6000.00,AB456CU,ConsumosResumen-202607-1.xlsx,CORREDORES VIALES SA
b35a9c1f-7346-4b15-a602-a1f1f7981dde,2026-07-14 18:07:06+00,4771.95,AB247VR,pasadas_2026-07-16_343555.csv,AUTOPISTA DEL OESTE
b3762021-0b65-4667-ad4d-c445f2b189b2,2026-07-01 09:34:33+00,16982.69,AD096FX,pasadas_2026-07-08_5009A02027769.csv,AUSA
b3927a29-d99f-4984-9087-ee5b4a6c1de0,2026-07-27 13:37:08+00,7500.00,AE751PA,ConsumosResumen.xlsx,CORREDORES VIALES SA
b3928fc9-3f9d-4023-bee8-f7cc694ce5cb,2026-06-30 09:53:21+00,6000.00,AG862VH,ConsumosResumen-202607-1.xlsx,CORREDORES VIALES SA
b39fa790-e9ed-468f-a0ec-23b7164d3a71,2026-07-14 17:14:20+00,7148.39,AF091AI,ConsumosResumen.xlsx,RUTAS SUR ATLANTICO S.A.
b3b7d7d0-7f06-4e13-b76b-4d9ab7ac7aec,2026-07-08 13:49:20+00,3976.59,AD239PP,pasadas_2026-07-16_343555.csv,AUTOPISTA DEL OESTE
b3e5d1ca-5c74-4076-9380-0721bc477f80,2026-07-02 10:44:26+00,4771.95,AB456CQ,pasadas_2026-07-16_343555.csv,AUTOPISTA DEL OESTE
b3ee584c-1966-4dc1-b4dd-106d1aac62b9,2026-07-09 08:51:08+00,6044.83,AG309CO,pasadas_2026-07-15_5009A02037803.csv,AUSA
b40d6d98-2b8f-49de-8a80-04dd6e9466f3,2026-07-13 17:46:03+00,1787.10,AF202UU,ConsumosResumen.xlsx,RUTAS SUR ATLANTICO S.A.
b411af74-1bc5-424b-a4da-a1e9b60d3529,2026-07-04 04:19:48+00,6000.00,AD667DM,ConsumosResumen-202607-1.xlsx,CORREDORES VIALES SA
b41ea346-8d35-4c07-b135-ee9793b0378b,2026-07-07 15:10:03+00,13466.55,AH729QW,pasadas_2026-07-15_5364164.csv,AUBASA
b4284eb2-4e54-4f7c-a16f-6f1dd81b49c3,2026-07-07 16:37:08+00,33965.25,AH185KI,pasadas_2026-07-08_5009A02027769.csv,AUSA
b43276ad-db90-4f6a-a278-b6a21523ff02,2026-07-16 17:01:22+00,16982.69,AC295IE,pasadas_2026-07-23_5009A02044703.csv,AUSA
b4352b6c-277d-42e7-a497-daf925535d8d,2026-07-13 07:52:13+00,4771.95,AD625QA,pasadas_2026-07-16_343555.csv,AUTOPISTA DEL OESTE
b43803ad-e4e0-4b31-821b-e219c7da35c6,2026-07-20 12:03:33+00,7500.00,AE469PH,ConsumosResumen.xlsx,CORREDORES VIALES SA
b440c204-cc5d-4e2b-b766-d2393c719018,2026-07-21 08:24:44+00,6000.00,AG309CO,ConsumosResumen.xlsx,CORREDORES VIALES SA
b443101a-a33c-4d92-95e2-1cd329304989,2026-07-10 05:23:52+00,6044.83,AF436WI,pasadas_2026-07-15_5009A02037803.csv,AUSA
b4541213-cdd1-4480-90d7-d30e481bda07,2026-07-01 19:40:49+00,6000.00,AG309CO,ConsumosResumen-202607-1.xlsx,CORREDORES VIALES SA
b45af505-f4f7-401a-9134-7f86548027ad,2026-07-13 12:47:55+00,3976.59,AD625QA,pasadas_2026-07-16_343555.csv,AUTOPISTA DEL OESTE
b45e0371-659b-45c0-bd5d-70f0658110a0,2026-07-11 11:54:53+00,28740.39,AF436WI,pasadas_2026-07-15_5364164.csv,AUBASA
b47f73ea-5ab1-4bed-ac8d-799efb358528,2026-07-01 06:06:32+00,4970.74,AH351RT,pasadas_2026-07-16_493556.csv,AUSOL
b4802d49-5f4c-4d38-8cb3-cf95e9a46ff3,2026-07-04 16:00:09+00,6000.00,AB456CU,ConsumosResumen-202607-1.xlsx,CORREDORES VIALES SA
b4a6e9ad-eacf-4861-b586-cd897469e3fe,2026-07-06 11:25:20+00,4970.74,AH729QW,pasadas_2026-07-16_343555.csv,AUTOPISTA DEL OESTE
b4b4351d-d140-4e1d-a81e-b1ae2308854e,2026-07-06 17:32:00+00,4771.95,AF103ZL,pasadas_2026-07-16_343555.csv,AUTOPISTA DEL OESTE
b4c15d0c-e057-4ca0-9b94-7ce214d23e6d,2026-07-28 13:04:56+00,15255.79,AH543IQ,pasadas_2026-07-29_5009A02060191.csv,AUSA
b4c84457-bf24-46bd-8be1-25bbcb7fda27,2026-07-10 02:09:52+00,9935.82,AH351RT,pasadas_2026-07-15_5009A02037803.csv,AUSA
b4e1f53f-8074-445b-889d-d716128ee8c6,2026-07-11 09:52:03+00,994.15,AG309CH,pasadas_2026-07-16_493556.csv,AUSOL
b4eb74a4-c25b-4f35-aa57-b442953032ae,2026-07-24 22:49:01+00,9935.82,AH185KI,pasadas_2026-07-29_5009A02060191.csv,AUSA
b54f6244-c635-4e22-848b-6145059b646b,2026-07-03 11:02:29+00,3976.59,AF411UY,pasadas_2026-07-16_493556.csv,AUSOL
b5546262-bc51-4499-a917-47528880bd3c,2026-07-06 02:08:44+00,9935.82,AF103ZL,pasadas_2026-07-08_5009A02027769.csv,AUSA
b55814cf-a489-4523-985d-d0543697402b,2026-07-06 13:28:28+00,4970.74,AH351RT,pasadas_2026-07-16_343555.csv,AUTOPISTA DEL OESTE
b56ddf8b-b19c-49cc-aa84-46fcf9b6ac29,2026-07-13 08:28:59+00,6000.00,AF509QF,ConsumosResumen.xlsx,CORREDORES VIALES SA
b586971b-514e-4b3e-ba58-7400da0077e1,2026-07-08 06:26:38+00,3976.59,AB633TZ,pasadas_2026-07-16_343555.csv,AUTOPISTA DEL OESTE
b5967245-fdba-45eb-8350-cc3b01015fde,2026-06-25 10:56:52+00,6000.00,AD482MT,pasadas_2026-07-03_3313955.csv,CORREDORES VIALES SA
b597c1cf-a063-48b5-bd58-e61de237afc2,2026-07-06 12:38:25+00,26933.11,AH351RT,pasadas_2026-07-15_5364164.csv,AUBASA
b5cab330-44ba-4ef4-88da-36c2ea821de3,2026-06-30 14:36:27+00,6000.00,AD985XP,ConsumosResumen-202607-1.xlsx,CORREDORES VIALES SA
b5e751b0-8d90-4fc3-8c52-33f2c915b6e5,2026-07-20 11:06:26+00,7744.12,AH185KI,ConsumosResumen.xlsx,RUTAS SUR ATLANTICO S.A.
b5fb1c04-6ea9-4945-b655-c7cfa20ea674,2026-07-08 00:43:35+00,4970.74,AG916MK,pasadas_2026-07-16_343555.csv,AUTOPISTA DEL OESTE
b62f827c-f3fc-4a29-ba68-37ce45ad153c,2026-07-03 12:23:00+00,9935.82,AG939HR,pasadas_2026-07-08_5009A02027769.csv,AUSA
b648546b-ebf2-44a6-9e95-87db889b8b4a,2026-07-02 16:33:52+00,9935.82,AF993HA,pasadas_2026-07-15_5009A02037760.csv,AUSA
b6633459-4200-462d-9cb3-72d0fe59241e,2026-07-06 18:12:02+00,16982.69,AH185KI,pasadas_2026-07-08_5009A02027769.csv,AUSA
b6675449-62bf-4d9c-8e59-b85c6ca11ba1,2026-07-07 18:37:44+00,4771.95,AD625QA,pasadas_2026-07-16_343555.csv,AUTOPISTA DEL OESTE
b6740f1a-e439-415f-90c2-6bc174d31b38,2026-07-27 13:06:45+00,6044.83,AF993HA,pasadas_2026-07-29_5009A02052902.csv,AUSA
b702c3e2-4d32-4cb3-a442-64ed6d87b94e,2026-07-20 10:22:25+00,33965.25,AF436WI,pasadas_2026-07-23_5009A02044703.csv,AUSA
b711d739-c427-4dbc-8197-68ec56fac49a,2026-06-29 14:57:45+00,6500.00,AG916MK,pasadas_2026-07-03_3313955.csv,CORREDORES VIALES SA
b7120584-6953-49a5-8241-2e693eee97b6,2026-06-29 16:03:14+00,7500.00,AF202UU,pasadas_2026-07-03_3313955.csv,CORREDORES VIALES SA
b71270c3-09f7-41e4-99f6-0ea901c9d38b,2026-07-03 00:22:02+00,3976.59,AD328WK,pasadas_2026-07-16_343555.csv,AUTOPISTA DEL OESTE
b716e631-9d6b-4eb9-98a6-5921cee21580,2026-07-14 11:03:07+00,4970.74,AF091AI,pasadas_2026-07-16_493556.csv,AUSOL
b71de1b4-069e-4fc6-a231-4c97d1433840,2026-07-04 20:05:43+00,7500.00,AH543IQ,ConsumosResumen-202607-1.xlsx,CORREDORES VIALES SA
b726efce-69b1-489a-b2f4-f061952130ad,2026-07-14 12:27:46+00,15255.79,AB456CU,pasadas_2026-07-15_5009A02037803.csv,AUSA
b72de548-fcdf-4231-8949-aeacb8589bc6,2026-07-23 06:35:04+00,6044.83,AB247VR,pasadas_2026-07-29_5009A02060191.csv,AUSA
b7462130-66a7-415d-a0af-4ab587904b40,2026-07-24 06:30:42+00,15255.79,AB456CU,pasadas_2026-07-29_5009A02060191.csv,AUSA
b770a54e-da1b-4a54-8dca-ac7329257698,2026-07-16 02:19:57+00,1500.00,AG533MF,ConsumosResumen.xlsx,CORREDORES VIALES SA
b786b48a-be57-40a2-a7de-323956782f23,2026-07-16 19:19:54+00,7500.00,AH543IQ,ConsumosResumen.xlsx,CORREDORES VIALES SA
b7a6da23-163b-47ac-8e6b-0120a39ab8e1,2026-07-01 19:41:54+00,7500.00,AH554RQ,ConsumosResumen-202607-1.xlsx,CORREDORES VIALES SA
b7a85c58-2e45-466a-b25b-63d95d57392d,2026-07-13 10:25:30+00,28740.39,AF202UU,pasadas_2026-07-15_5364164.csv,AUBASA
b7b8304c-64f9-4169-9069-0653f841bcc5,2026-07-21 05:50:57+00,6044.83,AF791ER,pasadas_2026-07-23_5009A02044703.csv,AUSA
b7c40190-9f80-47cf-98b9-5e033fccb3ac,2026-07-15 11:57:41+00,6000.00,AE469PL,ConsumosResumen.xlsx,CORREDORES VIALES SA
b7c973cf-c30a-4d6a-a68f-8a778daced59,2026-07-20 07:10:52+00,16982.69,AB633TZ,pasadas_2026-07-23_5009A02044703.csv,AUSA
b7cfcaa3-7043-4589-979d-7559945692eb,2026-07-13 16:48:00+00,4771.95,AF411UY,pasadas_2026-07-16_493556.csv,AUSOL
b8315db0-2ac1-4976-acb7-a711e71a8ab5,2026-07-21 18:05:45+00,7500.00,AE469PH,ConsumosResumen.xlsx,CORREDORES VIALES SA
b83b039b-ce33-405e-bf99-d94dd6e5cbe2,2026-07-02 10:50:49+00,7500.00,AH729QW,ConsumosResumen-202607-1.xlsx,CORREDORES VIALES SA
b85b786c-161b-42c1-879d-f546b5385880,2026-07-01 10:07:41+00,5964.94,AI178ER,pasadas_2026-07-16_329454.csv,AUTOPISTA DEL OESTE
b85f03a8-33f1-4c99-8c43-a3ca5de006ca,2026-07-21 19:18:23+00,8935.49,AD736OU,ConsumosResumen.xlsx,CORREDOR VIAL 5 S.A.U.
b8785f96-5c70-466c-baea-6a0b700c3dad,2026-07-26 14:38:24+00,6044.83,AF993HA,pasadas_2026-07-29_5009A02052902.csv,AUSA
b87fe21e-d554-4e63-86ec-4faba6116231,2026-07-03 03:14:52+00,7500.00,AH185KI,ConsumosResumen-202607-1.xlsx,CORREDORES VIALES SA
b889b259-5367-4083-b053-edf0ec3590b2,2026-07-20 07:01:56+00,9935.82,AB633TZ,pasadas_2026-07-23_5009A02044703.csv,AUSA
b8c8a773-03f2-4f3d-8d2e-ce190cf06c11,2026-07-01 03:03:31+00,3976.59,AD736OU,pasadas_2026-07-16_493556.csv,AUSOL
b8d1655e-aa47-49fe-b12a-29f5f290c392,2026-07-25 15:59:16+00,9935.82,AF993HA,pasadas_2026-07-29_5009A02052902.csv,AUSA
b8d75033-3824-44d8-ab04-2709eda6b59b,2026-07-21 16:49:20+00,6000.00,AD096FX,ConsumosResumen.xlsx,CORREDORES VIALES SA
b8f204ca-c512-45ee-9cfa-f1576a6c6e9f,2026-06-28 05:10:07+00,7500.00,AH351RT,ConsumosResumen-202607-1.xlsx,CORREDORES VIALES SA
b8f6215c-2d90-4dc2-87f8-cd280a0ce525,2026-07-08 01:46:58+00,7500.00,AE469PH,ConsumosResumen-202607-1.xlsx,CORREDORES VIALES SA
b8feacfd-8fe9-4203-be9f-fdbb2b5f5dd5,2026-07-27 00:51:55+00,6000.00,AC295IE,ConsumosResumen.xlsx,CORREDORES VIALES SA
b90a47b6-77b0-4407-a187-ece46db9c40c,2026-07-16 21:29:44+00,6000.00,AF231PZ,ConsumosResumen.xlsx,CORREDORES VIALES SA
b90dc37d-76f4-4671-a09d-ac7f8274d5ef,2026-07-25 21:44:19+00,15255.79,AH351RT,pasadas_2026-07-29_5009A02060191.csv,AUSA
b9101d7b-c8f0-4304-b6bd-cc3fd37e34fe,2026-07-14 01:25:54+00,6044.83,AH351RT,pasadas_2026-07-15_5009A02037803.csv,AUSA
b921c950-c6f7-4051-8db8-ccb0a5e760be,2026-07-14 05:11:34+00,994.15,AI348TS,pasadas_2026-07-16_329454.csv,AUTOPISTA DEL OESTE
b92d842f-9e45-43a9-8b39-4917a943c036,2026-07-23 18:46:04+00,3000.00,AD985XP,ConsumosResumen.xlsx,CORREDORES VIALES SA
b92eda30-024d-4421-afd3-4473f8478812,2026-07-28 14:02:11+00,6044.83,AG507DK,pasadas_2026-07-29_5009A02060191.csv,AUSA
b9565dc9-8724-4938-985b-bc0e9861d6aa,2026-07-14 01:18:58+00,9935.82,AH351RT,pasadas_2026-07-23_5009A02044703.csv,AUSA
b96ba83b-79b5-4dc0-bbb9-44c3922e7596,2026-07-01 16:53:29+00,33965.25,AI042WD,pasadas_2026-07-15_5009A02037760.csv,AUSA
b971b4c7-cbd2-4fec-8e10-32673b6c7aea,2026-07-17 11:43:13+00,6044.83,AF791ER,pasadas_2026-07-23_5009A02044703.csv,AUSA
b982b1f1-4c21-4511-bb45-629b28cbdd62,2026-07-24 11:50:20+00,7500.00,AH185KI,ConsumosResumen.xlsx,CORREDORES VIALES SA
b985f993-3f1c-4ac0-a026-cbcce76da227,2026-07-08 14:47:37+00,17400.00,AF103ZL,pasadas_2026-07-22_1947768.csv,UNIDAD EJECUTORA (SANTA FE)
b9920d8b-52a2-490a-b940-e63e49248724,2026-07-01 00:46:17+00,13466.55,AG916MK,pasadas_2026-07-15_5364164.csv,AUBASA
b9970fa0-d310-4ba3-898e-4c943dc19f4c,2026-06-28 19:25:34+00,7500.00,AH554RQ,ConsumosResumen-202607-1.xlsx,CORREDORES VIALES SA
b9d36ff0-c3f3-431f-86b3-3cd2fdfacebb,2026-07-09 22:31:23+00,994.15,AI348TS,pasadas_2026-07-16_493557.csv,AUSOL
b9d3cb0e-1edd-4963-b6d6-4bb8e37f5495,2026-07-07 08:40:23+00,6000.00,AG939HR,ConsumosResumen-202607-1.xlsx,CORREDORES VIALES SA
b9dcc57d-62b5-4100-ab87-08ab43747282,2026-07-15 07:03:39+00,16982.69,AB247VR,pasadas_2026-07-23_5009A02044703.csv,AUSA
b9e4a2f9-5655-44f1-818d-d389db56feb8,2026-07-22 05:13:24+00,6044.83,AH351RT,pasadas_2026-07-23_5009A02044703.csv,AUSA
ba03d258-ce50-4c76-be40-06b90f1c1166,2026-07-07 08:44:36+00,1192.99,AI348TS,pasadas_2026-07-16_329454.csv,AUTOPISTA DEL OESTE
ba2ba4c1-1fbd-4f10-8511-5831329f60c6,2026-07-17 19:03:13+00,6000.00,AF993HK,ConsumosResumen.xlsx,CORREDORES VIALES SA
ba34993c-1f00-474a-a3b5-e38ec33092ac,2026-07-06 14:42:37+00,1500.00,AG249HS,ConsumosResumen-202607-1.xlsx,CORREDORES VIALES SA
ba70b687-6c36-482e-b03c-23c3a9da4801,2026-07-09 16:21:22+00,6000.00,AF791ER,ConsumosResumen-202607-1.xlsx,CORREDORES VIALES SA
ba83fb23-4b06-4cb6-8143-782d02ef0ef7,2026-07-23 17:24:46+00,6000.00,AF202UU,ConsumosResumen.xlsx,CORREDORES VIALES SA
ba92d17e-7b61-406d-b45a-355cacf6e502,2026-07-25 12:30:08+00,9935.82,AF136HN,pasadas_2026-07-29_5009A02060191.csv,AUSA
baa48bec-94fc-4343-b9c6-185936e6f6e6,2026-07-21 21:39:57+00,6000.00,AG893YR,ConsumosResumen.xlsx,CORREDORES VIALES SA
bab0e5f0-6341-4f29-8ce6-fc7b5149ceed,2026-07-06 15:12:40+00,4970.74,AG309CO,pasadas_2026-07-16_343555.csv,AUTOPISTA DEL OESTE
bab2dcc2-b972-4533-8cd5-6c07ed7de06c,2026-07-03 15:08:12+00,3976.59,AD625QB,pasadas_2026-07-16_493556.csv,AUSOL
bab318fa-d966-44e0-9f41-c9e166cd4e61,2026-07-27 11:31:42+00,6044.83,AG939HR,pasadas_2026-07-29_5009A02060191.csv,AUSA
babe50e5-9be3-4ad8-bc2e-4d5236e71974,2026-07-14 04:47:20+00,1500.00,AG533MF,ConsumosResumen.xlsx,CORREDORES VIALES SA
bac00413-ec0a-4bf4-9c9b-a1201d3ce973,2026-06-29 12:39:22+00,1500.00,AG249HS,ConsumosResumen-202607-1.xlsx,CORREDORES VIALES SA
bac4d89b-36ef-4ef0-8c2b-48f94ee7947e,2026-07-27 05:25:59+00,6000.00,AE469PL,ConsumosResumen.xlsx,CORREDORES VIALES SA
bac6f569-b8b7-463d-a23d-3294f49dbc46,2026-07-04 02:25:00+00,7744.12,AF436WI,ConsumosResumen-202607-1.xlsx,RUTAS SUR ATLANTICO S.A.
bac88629-49a5-4e91-9547-9b4b8ed527dc,2026-07-15 04:12:45+00,3976.59,AD625QA,pasadas_2026-07-16_493556.csv,AUSOL
baca6c5b-1a38-4af9-85d3-9157e2496de3,2026-07-02 22:07:20+00,4970.74,AG916MK,pasadas_2026-07-16_343555.csv,AUTOPISTA DEL OESTE
bad334f0-1403-4a7a-ac33-5441e1e0f0e4,2026-07-12 21:01:30+00,9935.82,AG916MK,pasadas_2026-07-15_5009A02037803.csv,AUSA
bade9e6f-7bac-46a4-9a09-3cd1f6384728,2026-07-12 19:46:37+00,5964.94,AF202UU,pasadas_2026-07-16_493556.csv,AUSOL
badf4b82-ed02-4510-8c1e-95aabfa7f778,2026-07-04 20:47:11+00,1500.00,AG249HS,ConsumosResumen-202607-1.xlsx,CORREDORES VIALES SA
bae2f28c-4212-41b3-823e-6ab61a7fa2f3,2026-07-14 12:12:18+00,9935.82,AB456CP,pasadas_2026-07-23_5009A02044703.csv,AUSA
bb05d9c4-9b29-4c2d-9998-83e7ed79f38a,2026-07-22 11:10:45+00,7148.39,AH351RS,ConsumosResumen.xlsx,CORREDOR VIAL 5 S.A.U.
bb12adde-aa46-497d-8d46-69b83f2aba34,2026-07-20 00:42:18+00,9935.82,AG893YR,pasadas_2026-07-23_5009A02044703.csv,AUSA
bb140304-f0f1-4a8b-beeb-8445602c3104,2026-06-30 18:47:48+00,9731.46,AG507DK,pasadas_2026-07-08_5009A02027769.csv,AUSA
bb1c88d7-cc3c-4c2e-9271-c3ecaeebdf06,2026-07-05 06:03:48+00,7148.39,AG822HO,ConsumosResumen.xlsx,CORREDOR VIAL 5 S.A.U.
bb21842b-8ad0-4315-b843-b8f759cc4de6,2026-07-24 17:05:22+00,5361.29,AF389UV,ConsumosResumen.xlsx,RUTAS SUR ATLANTICO S.A.
bb220019-1bcd-48ac-9100-120ccc1b0c16,2026-07-06 01:39:46+00,4500.00,AF436WI,ConsumosResumen-202607-1.xlsx,CORREDORES VIALES SA
bb551ae8-0421-4e96-9635-eb5683f087ad,2026-07-24 02:08:14+00,1500.00,AG533MF,ConsumosResumen.xlsx,CORREDORES VIALES SA
bb623172-b0c4-4a27-9c73-d9bc9978b766,2026-07-15 22:09:53+00,7500.00,AF533SR,ConsumosResumen.xlsx,CORREDORES VIALES SA
bb72ac2d-aea7-4510-b42d-0877efe29a69,2026-07-01 21:56:35+00,9935.82,AG939HR,pasadas_2026-07-08_5009A02027769.csv,AUSA
bb78865e-d4eb-4b97-898c-7493f52ba68d,2026-07-15 17:43:32+00,7500.00,AG507DK,ConsumosResumen.xlsx,CORREDORES VIALES SA
bb7c2dd5-d7d8-4a9e-9aae-409fcd503857,2026-07-19 04:14:56+00,1548.82,AG533MF,ConsumosResumen.xlsx,RUTAS SUR ATLANTICO S.A.
bb8aa3fe-940d-49c6-845c-59e9eec79506,2026-07-10 18:40:19+00,6000.00,AD625QA,ConsumosResumen-202607-1.xlsx,CORREDORES VIALES SA
bb974702-c2ad-435c-90fe-bb69c7faa0e6,2026-07-09 07:39:38+00,6000.00,AH033DL,ConsumosResumen-202607-1.xlsx,CORREDORES VIALES SA
bba22a2c-088c-403d-b63c-5345c4e78d68,2026-07-20 16:05:15+00,8935.49,AH543IQ,ConsumosResumen.xlsx,RUTAS SUR ATLANTICO S.A.
bbaa846c-4322-423f-ad14-262322b194e2,2026-07-27 15:55:47+00,6044.83,AG916MK,pasadas_2026-07-29_5009A02060191.csv,AUSA
bbd6b6dd-7715-4257-b430-7de96409c33f,2026-07-05 19:55:22+00,994.15,AG309CH,pasadas_2026-07-16_493556.csv,AUSOL
bbda412b-8ca7-449c-b5d7-88f5145ab3db,2026-07-09 06:27:30+00,6000.00,AF136HN,ConsumosResumen-202607-1.xlsx,CORREDORES VIALES SA
bbe0a6bf-de49-4fca-b03e-898a2381c0dd,2026-07-06 05:14:02+00,1500.00,AG249HS,ConsumosResumen-202607-1.xlsx,CORREDORES VIALES SA
bbe0e073-3769-4cc8-9238-79bd9ff26a4e,2026-07-02 21:42:53+00,4970.74,AG916MK,pasadas_2026-07-16_343555.csv,AUTOPISTA DEL OESTE
bbe841ca-b4ff-4438-8bd0-fcf8bcc2cddd,2026-07-08 18:24:05+00,7500.00,AF091AI,ConsumosResumen-202607-1.xlsx,CORREDORES VIALES SA
bc02ce84-c900-48b1-826e-887a8d135578,2026-07-24 17:56:25+00,6000.00,AH033DL,ConsumosResumen.xlsx,CORREDORES VIALES SA
bc03efa3-9fa8-4b63-bba8-96baf3133288,2026-06-29 19:29:48+00,7500.00,AH351RT,pasadas_2026-07-03_3313955.csv,CORREDORES VIALES SA
bc04235e-fdc9-4c82-b22c-0a9d9d8df247,2026-07-01 17:48:21+00,1500.00,AG309CH,ConsumosResumen-202607-1.xlsx,CORREDORES VIALES SA
bc0c64d6-46f5-4ad0-a6c5-45059b5e68ef,2026-07-17 19:03:07+00,7500.00,AF533SR,ConsumosResumen.xlsx,CORREDORES VIALES SA
bc238ad4-cee0-4142-a0b2-81881c6ec834,2026-07-08 10:17:31+00,2244.43,AI348TS,pasadas_2026-07-15_5364165.csv,AUBASA
bc3259f8-d7a1-4bd5-b9d7-b00aa1e04ca6,2026-06-30 21:20:33+00,21000.00,AF436WI,pasadas_2026-07-22_1947768.csv,UNIDAD EJECUTORA (SANTA FE)
bc34ccee-f7d4-4b41-8df2-74ba0078de55,2026-07-16 11:07:41+00,9935.82,AH033DL,pasadas_2026-07-23_5009A02044703.csv,AUSA
bc48a7e7-db42-4c0f-a514-48bfa363a9ea,2026-07-13 16:40:17+00,7500.00,AE751PA,ConsumosResumen.xlsx,CORREDORES VIALES SA
bc4e5e40-4b83-4268-8461-a7c958847423,2026-07-14 14:15:15+00,3454.21,AG249HS,pasadas_2026-07-15_5009A02037803.csv,AUSA
bc56f207-20d1-441e-b0bf-d8ffd18131ff,2026-07-21 11:14:36+00,6000.00,AF103ZL,ConsumosResumen.xlsx,CORREDORES VIALES SA
bc5cdb9a-fc24-4a1d-a19a-cd996cb8044b,2026-07-02 16:38:53+00,13466.55,AF993HA,pasadas_2026-07-15_5364165.csv,AUBASA
bc79ced2-926e-4984-b3fe-de9d9922bcec,2026-07-28 06:58:18+00,9935.82,AB456CQ,pasadas_2026-07-29_5009A02060191.csv,AUSA
bc7ce45e-ddc4-437e-9086-2771060538a7,2026-07-03 16:20:49+00,3574.19,AB633TY,ConsumosResumen.xlsx,RUTAS SUR ATLANTICO S.A.
bc93a986-2538-4b41-9302-319a50af7ef6,2026-07-16 11:23:56+00,8935.49,AH554RQ,ConsumosResumen.xlsx,CORREDOR VIAL 5 S.A.U.
bc9f945e-1911-4458-9e41-6ddf42354919,2026-07-23 15:00:30+00,1500.00,AD584GR,ConsumosResumen.xlsx,CORREDORES VIALES SA
bcab4bf3-ffae-45db-9879-b0d25f970596,2026-07-24 15:13:11+00,7500.00,AF533SR,ConsumosResumen.xlsx,CORREDORES VIALES SA
bcc6cb2a-0448-40ea-9f3f-baa86718700c,2026-07-06 18:54:29+00,33965.25,AB456CU,pasadas_2026-07-08_5009A02027769.csv,AUSA
bcfc88d9-b097-49b8-8e21-f935abb0f13b,2026-07-07 07:02:05+00,33965.25,AF411UY,pasadas_2026-07-08_5009A02027769.csv,AUSA
bd293016-ea49-45a8-947a-d882e091e4c0,2026-07-15 20:06:18+00,9935.82,AG507DK,pasadas_2026-07-23_5009A02044703.csv,AUSA
bd47ad80-ead6-4699-8a80-2e9e325a41b8,2026-07-09 07:13:45+00,7500.00,AH351RT,ConsumosResumen-202607-1.xlsx,CORREDORES VIALES SA
bd52c4e9-621b-457e-8397-e27d86dcf270,2026-06-30 08:43:55+00,17400.00,AE952TH,pasadas_2026-07-22_1947768.csv,UNIDAD EJECUTORA (SANTA FE)
bd58dd27-f770-4f74-857d-6863a239f8f9,2026-07-21 16:13:25+00,1787.10,AE751PA,ConsumosResumen.xlsx,RUTAS SUR ATLANTICO S.A.
bd621322-f976-4abb-bc71-c590b31830cf,2026-07-21 14:47:25+00,6044.83,AG939HR,pasadas_2026-07-23_5009A02044703.csv,AUSA
bd75db6a-9ed3-425d-bbcb-15efd44d38b5,2026-07-01 18:17:32+00,6000.00,AE751PA,ConsumosResumen-202607-1.xlsx,RUTAS SUR ATLANTICO S.A.
bd7be45c-4b61-4264-b204-8217e3a47dbb,2026-07-03 13:06:10+00,774.41,AF091AI,ConsumosResumen-202607-1.xlsx,RUTAS SUR ATLANTICO S.A.
bd87129d-01c6-4d5e-8759-56aadd7233ce,2026-07-08 20:04:30+00,13466.55,AG893YR,pasadas_2026-07-15_5364164.csv,AUBASA
bdaf378e-cf45-4a8f-843b-bf5c5667101a,2026-07-17 05:42:37+00,15255.79,AF791ER,pasadas_2026-07-23_5009A02044703.csv,AUSA
bdaf6473-bcd6-426b-947f-eca88619df7a,2026-07-01 12:49:46+00,4500.00,AD625QB,ConsumosResumen-202607-1.xlsx,CORREDORES VIALES SA
bdca84a9-9af1-41d3-91a9-f3e86f1e6577,2026-07-24 08:26:10+00,6000.00,AD096FX,ConsumosResumen.xlsx,CORREDORES VIALES SA
be064912-0be2-4ec5-bce6-d3a9b1c536a0,2026-07-02 09:53:52+00,33965.25,AE469PL,pasadas_2026-07-08_5009A02027769.csv,AUSA
be104268-d93a-4a25-9316-6228e5ca6796,2026-07-08 08:49:28+00,5964.94,AG939HR,pasadas_2026-07-16_343555.csv,AUTOPISTA DEL OESTE
be2125e8-3855-45c4-b4d4-84bbf1a01124,2026-06-28 22:48:59+00,6000.00,AG822HO,ConsumosResumen-202607-1.xlsx,CORREDORES VIALES SA
be29f4dc-959b-4045-9bc5-d2ad454857a0,2026-07-14 07:45:31+00,4771.95,AB456CU,pasadas_2026-07-16_343555.csv,AUTOPISTA DEL OESTE
be2f9d90-36c7-43f6-9cea-c7acb6d953cb,2026-07-20 16:48:05+00,7148.39,AH351RS,ConsumosResumen.xlsx,CORREDOR VIAL 5 S.A.U.
be31e258-897a-4f02-80b4-d8d0899687a3,2026-07-18 04:08:15+00,6044.83,AG916MK,pasadas_2026-07-23_5009A02044703.csv,AUSA
be34ae4f-a7a6-46fe-9e51-774ca43f053d,2026-07-27 00:15:26+00,9935.82,AG893YR,pasadas_2026-07-29_5009A02060191.csv,AUSA
be5fddc6-24ab-4a65-ad96-21cd69d52f0f,2026-07-17 15:29:45+00,7148.39,AG822HO,ConsumosResumen.xlsx,CORREDOR VIAL 5 S.A.U.
be777303-623d-4dc4-8271-92912c5cfa9e,2026-07-06 13:53:05+00,7148.39,AH351RS,ConsumosResumen.xlsx,CORREDOR VIAL 5 S.A.U.
be901f7f-8bca-4696-b91b-12e15aec041c,2026-07-03 13:20:10+00,6044.83,AH185KI,pasadas_2026-07-08_5009A02027769.csv,AUSA
be93049d-1de1-4207-bc80-288b80e4080c,2026-07-06 15:14:11+00,3097.65,AG939HR,ConsumosResumen-202607-1.xlsx,RUTAS SUR ATLANTICO S.A.
be9b4d3c-bee7-4360-90c8-8733e2e3bf6a,2026-07-15 04:49:37+00,9935.82,AD625QA,pasadas_2026-07-23_5009A02044703.csv,AUSA
bebedacc-ef31-4e92-b072-9642cdd84d0d,2026-07-17 04:54:21+00,15255.79,AF436WI,pasadas_2026-07-23_5009A02044703.csv,AUSA
befdfd15-0214-4a03-9f4e-05de39f5fa01,2026-07-22 03:06:23+00,6000.00,AB456CU,ConsumosResumen.xlsx,CORREDORES VIALES SA
bf159b56-e90e-47a8-af10-9c29da2c1ebb,2026-07-13 12:23:24+00,3976.59,AD625QA,pasadas_2026-07-16_343555.csv,AUTOPISTA DEL OESTE
bf45afca-0b20-4f68-ae00-f39b73034e7a,2026-07-08 00:41:29+00,6000.00,AC295IE,ConsumosResumen-202607-1.xlsx,CORREDORES VIALES SA
bf57cec6-5338-45b7-b385-0f80839373e6,2026-07-15 04:08:10+00,15255.79,AG916MK,pasadas_2026-07-23_5009A02044703.csv,AUSA
bf959744-a1c4-42e8-ac6c-0380ed0ee772,2026-07-15 13:55:30+00,3976.59,AB633TZ,pasadas_2026-07-16_343555.csv,AUTOPISTA DEL OESTE
bfa6a4ad-d09c-43d2-b177-b0e184cc0d98,2026-07-03 15:36:54+00,3976.59,AC561DQ,pasadas_2026-07-16_343555.csv,AUTOPISTA DEL OESTE
bfbfe6df-aad9-43bd-8c80-baa180f6538c,2026-07-02 12:22:45+00,26933.11,AG309CO,pasadas_2026-07-15_5364164.csv,AUBASA
bfc8d23c-b0e0-45f0-965b-e7a534742ade,2026-07-12 15:54:01+00,6000.00,AE952TH,ConsumosResumen-202607-1.xlsx,CORREDORES VIALES SA
bfca5fbc-79a2-4f85-9ea1-fbbc2c2faedb,2026-07-14 03:04:33+00,4970.74,AH185KI,pasadas_2026-07-16_493556.csv,AUSOL
bfd6cefd-e3ee-4f41-910e-3d07111196d7,2026-06-25 12:02:29+00,6500.00,AE454PH,pasadas_2026-07-03_3313955.csv,CORREDORES VIALES SA
c02c3d97-b9b3-4823-b461-94a12a7eec2c,2026-07-25 08:44:21+00,7148.39,AG822HO,ConsumosResumen.xlsx,CORREDOR VIAL 5 S.A.U.
c0339c6c-57aa-4da0-a9b0-c756d2f5456d,2026-07-09 17:17:47+00,1500.00,AG423BT,ConsumosResumen-202607-1.xlsx,CORREDORES VIALES SA
c0370b4a-3307-4307-a667-f37d80b4d169,2026-07-20 05:57:14+00,6000.00,AG862VH,ConsumosResumen.xlsx,CORREDORES VIALES SA
c07a4818-11a4-494d-996f-336dc40cbc49,2026-06-29 01:36:20+00,6000.00,AC812DO,ConsumosResumen-202607-1.xlsx,CORREDORES VIALES SA
c07f805f-5dc2-44d5-b6bd-c46429e9b489,2026-07-14 14:32:04+00,6044.83,AD625QB,pasadas_2026-07-15_5009A02037803.csv,AUSA
c09372f3-5aed-4f21-be4f-8382e570f885,2026-07-15 12:52:45+00,3976.59,AF231PZ,pasadas_2026-07-16_343555.csv,AUTOPISTA DEL OESTE
c0d3cc5d-e4a8-41ce-b055-f69989790823,2026-07-21 05:32:59+00,15255.79,AF791ER,pasadas_2026-07-23_5009A02044703.csv,AUSA
c0d5289b-531f-4990-9c34-595f3c3b21a6,2026-07-08 20:48:59+00,7500.00,AF091AI,ConsumosResumen-202607-1.xlsx,CORREDORES VIALES SA
c10e1044-171e-4e5c-a970-276abd809cfe,2026-07-14 14:43:21+00,3976.59,AB633TZ,pasadas_2026-07-16_343555.csv,AUTOPISTA DEL OESTE
c15bc975-56a4-4dc5-9bab-fa59d5b063e4,2026-07-02 13:46:16+00,6044.83,AH351RT,pasadas_2026-07-08_5009A02027769.csv,AUSA
c175a90c-3b9f-4d32-ac30-15e5f8234acd,2026-07-23 22:42:55+00,3097.65,AF791ER,ConsumosResumen.xlsx,RUTAS SUR ATLANTICO S.A.
c184b30b-c81e-4703-9101-ac1ef0dbfb70,2026-07-15 03:56:42+00,9935.82,AG916MK,pasadas_2026-07-23_5009A02044703.csv,AUSA
c192a78a-6a1d-413a-9e8a-febeb9e47dcb,2026-06-28 19:32:39+00,6000.00,AG822HO,ConsumosResumen-202607-1.xlsx,CORREDORES VIALES SA
c19898f6-2fc4-4e24-abfe-7ca8386c80e9,2026-07-02 11:33:31+00,3000.00,AD985XP,ConsumosResumen-202607-1.xlsx,CORREDORES VIALES SA
c1b848ea-4252-471f-8701-1618bbb7f992,2026-07-17 05:35:27+00,15255.79,AH185KI,pasadas_2026-07-23_5009A02044703.csv,AUSA
c1b8cdba-02e6-4f7e-966e-582a722072b6,2026-07-10 15:21:53+00,3976.59,AF411UY,pasadas_2026-07-16_343555.csv,AUTOPISTA DEL OESTE
c1ca0e48-c8f0-4b65-9763-52bc796bbb02,2026-07-06 16:46:51+00,4771.95,AC561DQ,pasadas_2026-07-16_493556.csv,AUSOL
c1fdd2ca-3f5d-4b12-83ef-0f8da225d5f9,2026-07-10 01:26:29+00,14370.19,AG939HR,pasadas_2026-07-15_5364164.csv,AUBASA
c2008f52-5411-4db3-b383-edb605302bb7,2026-07-08 12:16:22+00,3976.59,AB456CP,pasadas_2026-07-16_493556.csv,AUSOL
c20ca423-07de-4ff7-b44a-7fdbe6e24eda,2026-07-13 04:40:02+00,9935.82,AH351RT,pasadas_2026-07-15_5009A02037803.csv,AUSA
c2287a45-0280-4bef-bb58-1d650709122e,2026-07-15 10:25:57+00,8935.49,AH554RP,ConsumosResumen.xlsx,CORREDOR VIAL 5 S.A.U.
c23cb3c3-4ecd-49c2-b03c-d84221045112,2026-07-22 17:23:45+00,5361.29,AF389UV,ConsumosResumen.xlsx,RUTAS SUR ATLANTICO S.A.
c23cc70d-fded-44e9-8b64-2b4011bb071a,2026-07-21 05:07:52+00,7744.12,AG507DK,ConsumosResumen.xlsx,RUTAS SUR ATLANTICO S.A.
c241fe90-c15d-4b0d-96fa-eb17198549cc,2026-06-30 12:53:34+00,5200.00,AF993HK,pasadas_2026-07-03_3313955.csv,CORREDORES VIALES SA
c2691729-cac7-4098-bd2a-016c8bc0f30f,2026-07-06 01:28:47+00,6044.83,AH729QW,pasadas_2026-07-08_5009A02027769.csv,AUSA
c2718f8e-d27a-49d0-a1fc-e290f617f13e,2026-07-25 01:52:55+00,6000.00,AF791ER,ConsumosResumen.xlsx,CORREDORES VIALES SA
c2754730-70ca-422c-8148-a3f7ddedbc0a,2026-07-01 19:30:14+00,4500.00,AE284KH,ConsumosResumen-202607-1.xlsx,RUTAS SUR ATLANTICO S.A.
c27dbbba-ec80-4a0a-8a46-886791d6888d,2026-07-04 09:19:11+00,7500.00,AH729QW,ConsumosResumen-202607-1.xlsx,CORREDORES VIALES SA
c2ac4f9f-e420-4289-8d64-5d6f60beaa69,2026-06-29 19:46:57+00,8400.00,AF993HA,pasadas_2026-07-22_1947769.csv,UNIDAD EJECUTORA (SANTA FE)
c2af3ef0-6e11-4d19-9ec9-0f7e1517badd,2026-06-30 19:59:26+00,16633.40,AF993HK,pasadas_2026-07-08_5009A02027769.csv,AUSA
c2c08e5d-ceba-413e-8976-67c9d54780f6,2026-07-05 17:12:29+00,4500.00,AF389UV,ConsumosResumen-202607-1.xlsx,CORREDORES VIALES SA
c2ca2044-49f9-4839-80ed-3cb9eb8f1ea5,2026-07-23 22:26:16+00,6195.30,AF791ER,ConsumosResumen.xlsx,RUTAS SUR ATLANTICO S.A.
c3058fc3-65f0-4915-b94b-c3a7ada0d865,2026-07-08 15:13:00+00,3976.59,AB633TZ,pasadas_2026-07-16_343555.csv,AUTOPISTA DEL OESTE
c3075dba-8861-4ce3-83b7-3593e1299ca5,2026-07-07 12:57:11+00,3976.59,AD625QA,pasadas_2026-07-16_343555.csv,AUTOPISTA DEL OESTE
c30bbaab-4fd4-4571-b75e-fa621911e540,2026-07-23 10:49:33+00,7148.39,AF103ZL,ConsumosResumen.xlsx,RUTAS SUR ATLANTICO S.A.
c314b81a-8685-4fb1-92d0-27b9e97c87b5,2026-07-07 23:20:21+00,13466.55,AH351RT,pasadas_2026-07-15_5364164.csv,AUBASA
c32ed039-b9b1-4816-bb57-0c87909d8c9f,2026-07-08 13:01:17+00,6600.00,AF103ZL,pasadas_2026-07-22_1947768.csv,UNIDAD EJECUTORA (SANTA FE)
c344b4eb-cccc-4b71-af5c-43c92cc9c626,2026-07-16 00:58:04+00,9935.82,AH185KI,pasadas_2026-07-23_5009A02044703.csv,AUSA
c35c932c-6ffd-4c85-b429-ca4366c0c625,2026-06-29 21:50:56+00,7500.00,AH285SP,ConsumosResumen-202607-1.xlsx,CORREDORES VIALES SA
c379b6ca-5d99-4e8a-9072-6002b7242773,2026-07-24 18:48:41+00,6000.00,AG916MK,ConsumosResumen.xlsx,CORREDORES VIALES SA
c3865986-d476-4c5b-9653-f51e5b8355aa,2026-07-24 09:50:29+00,6000.00,AF103ZL,ConsumosResumen.xlsx,CORREDORES VIALES SA
c3b6fdab-74c0-4073-af02-52935fe4eab4,2026-07-28 14:09:26+00,9935.82,AG507DK,pasadas_2026-07-29_5009A02060191.csv,AUSA
c3b8a144-3881-437e-a652-5130d9bae8e5,2026-07-15 03:49:38+00,6044.83,AG916MK,pasadas_2026-07-23_5009A02044703.csv,AUSA
c3bdb735-10b2-4b0c-9529-4cb0aa416f74,2026-07-23 13:09:20+00,1500.00,AD584GR,ConsumosResumen.xlsx,CORREDORES VIALES SA
c3c0470a-0a33-4fae-9596-fd2c4f91067a,2026-07-20 13:39:29+00,21000.00,AF993HA,pasadas_2026-07-22_1947769.csv,UNIDAD EJECUTORA (SANTA FE)
c3cdd0e5-4efb-41e8-8c67-b422accf1257,2026-07-08 10:14:30+00,13466.55,AG939HR,pasadas_2026-07-15_5364164.csv,AUBASA
c3e2dcd1-6431-44e5-8339-56590ef4cf48,2026-07-23 23:54:13+00,7500.00,AE469PH,ConsumosResumen.xlsx,CORREDORES VIALES SA
c3e7414f-2576-4945-be1f-997de3d32520,2026-07-07 09:14:22+00,4771.95,EXT374,pasadas_2026-07-16_493556.csv,AUSOL
c3ec0ca1-7f46-47b2-816e-53da089c665e,2026-07-02 06:52:30+00,9935.82,AB456CQ,pasadas_2026-07-08_5009A02027769.csv,AUSA
c40ae127-6e14-4513-b619-748a5a4b66cb,2026-07-17 12:23:11+00,6044.83,AD625QA,pasadas_2026-07-23_5009A02044703.csv,AUSA
c41e20e5-4916-40bc-a47d-6d017c31bb6b,2026-07-10 10:12:57+00,9935.82,AE831SI,pasadas_2026-07-15_5009A02037803.csv,AUSA
c421c73c-6014-4926-81b1-78d4366c9976,2026-06-30 13:40:48+00,6000.00,AA561YA,ConsumosResumen-202607-1.xlsx,CORREDORES VIALES SA
c421fb53-bb14-4dda-9226-b24b6bf966bc,2026-07-21 10:20:38+00,7500.00,AH185KI,ConsumosResumen.xlsx,CORREDORES VIALES SA
c43fe04c-a3b2-4e9d-9701-3183cdae1b4a,2026-07-03 11:37:43+00,9935.82,AG309CO,pasadas_2026-07-08_5009A02027769.csv,AUSA
c451db0d-973d-4f3e-9227-3b405d4f22b0,2026-07-06 14:03:52+00,11222.12,AF791ER,pasadas_2026-07-15_5364164.csv,AUBASA
c4563516-8b0f-47cf-9b46-f0db7dd8473a,2026-07-18 20:39:28+00,7642.85,AG309CH,pasadas_2026-07-23_5009A02044703.csv,AUSA
c46d3c7b-20b9-4e65-8796-ec612768f11f,2026-07-08 23:34:22+00,6000.00,AG939HR,ConsumosResumen-202607-1.xlsx,CORREDORES VIALES SA
c47da348-b269-43fa-a363-2a71b440feb6,2026-07-03 16:47:12+00,6000.00,AE469PL,ConsumosResumen-202607-1.xlsx,CORREDORES VIALES SA
c496e956-f90f-4473-a206-a89db0e0b8df,2026-07-16 10:10:00+00,7500.00,AH285SP,ConsumosResumen.xlsx,CORREDORES VIALES SA
c49ae973-66b9-4e7a-b320-9782cb39e057,2026-07-01 01:36:58+00,4500.00,AE284KH,ConsumosResumen-202607-1.xlsx,RUTAS SUR ATLANTICO S.A.
c4a5d8cc-5527-4796-80e4-262d294460a6,2026-07-24 20:21:37+00,6044.83,AF993HA,pasadas_2026-07-29_5009A02052902.csv,AUSA
c4b557ee-b819-4747-afb2-c4fcadec8d79,2026-07-09 09:50:33+00,7500.00,AF091AI,ConsumosResumen-202607-1.xlsx,CORREDORES VIALES SA
c4d2667a-2a6a-4508-b528-d6a73d5f2317,2026-07-01 10:18:49+00,5964.94,AF533SR,pasadas_2026-07-16_343555.csv,AUTOPISTA DEL OESTE
c4e0d575-a91d-4695-9443-945329c637de,2026-07-04 20:05:24+00,6000.00,AF103ZL,ConsumosResumen-202607-1.xlsx,CORREDORES VIALES SA
c4ea94e9-7bfb-429d-a877-0bba12a3520e,2026-07-03 00:18:59+00,4500.00,AD625QB,ConsumosResumen-202607-1.xlsx,CORREDORES VIALES SA
c4fb8f09-4495-415e-9f53-04c87ed63b5b,2026-07-04 19:54:06+00,4970.74,AH351RT,pasadas_2026-07-16_343555.csv,AUTOPISTA DEL OESTE
c50ded07-482e-4443-92f6-f3a91a86ee98,2026-07-17 18:39:27+00,1500.00,AE908YR,ConsumosResumen.xlsx,CORREDORES VIALES SA
c5277e95-f666-4271-8e15-a2e361cf30a1,2026-07-28 07:10:22+00,33965.25,AG916MK,pasadas_2026-07-29_5009A02060191.csv,AUSA
c546a9bc-b214-4556-8e95-d014cb6a0aba,2026-07-14 15:59:04+00,9935.82,AF993HA,pasadas_2026-07-29_5009A02052902.csv,AUSA
c563b4cf-3be9-438c-9f6e-5562c111ccc1,2026-06-25 22:22:09+00,17400.00,AD625QB,pasadas_2026-07-22_1947768.csv,UNIDAD EJECUTORA (SANTA FE)
c56b228b-4cb2-4e0a-9bd9-cd7060223e5d,2026-07-04 05:38:14+00,6000.00,AD096FX,ConsumosResumen-202607-1.xlsx,CORREDORES VIALES SA
c5782704-3a59-4ee1-8809-5bf33a5013ee,2026-06-29 15:01:44+00,6000.00,AD667DM,ConsumosResumen-202607-1.xlsx,CORREDORES VIALES SA
c5950b3e-99a4-4f45-b8af-e12cd5be3e4b,2026-07-22 12:58:30+00,6000.00,AC812DO,ConsumosResumen.xlsx,CORREDORES VIALES SA
c5a5a065-38b7-412c-ba94-5065ee9240ff,2026-07-03 20:20:12+00,4970.74,AG916MK,pasadas_2026-07-16_493556.csv,AUSOL
c5c396c5-99c4-4a8d-a117-bf7fd619a6e8,2026-07-02 22:38:45+00,15255.79,AH351RT,pasadas_2026-07-08_5009A02027769.csv,AUSA
c5d1924c-b1c7-408b-a8b5-4fc2e919ee2a,2026-07-08 14:42:22+00,1500.00,AG249HS,ConsumosResumen-202607-1.xlsx,CORREDORES VIALES SA
c5ee527f-f09a-44fa-b5b8-6eb115d30428,2026-07-07 15:50:25+00,3976.59,AF411UY,pasadas_2026-07-16_493556.csv,AUSOL
c5fd99da-517d-46ef-91e8-c62160bdedb1,2026-07-24 02:32:04+00,6000.00,AF231PZ,ConsumosResumen.xlsx,CORREDORES VIALES SA
c6029e40-c958-4601-95fe-8a827ebdbce5,2026-07-20 17:33:47+00,33965.25,AG893YR,pasadas_2026-07-23_5009A02044703.csv,AUSA
c6034d3a-fb4f-4a84-a186-f736468dd8ff,2026-07-27 12:22:35+00,3097.65,AG916MK,ConsumosResumen.xlsx,RUTAS SUR ATLANTICO S.A.
c607e1f0-92c0-407c-a02f-cd1bbf593ec0,2026-07-21 22:06:59+00,7500.00,AH185KI,ConsumosResumen.xlsx,CORREDORES VIALES SA
c608ddc7-232a-44a5-ad93-c07c36440275,2026-07-02 10:49:34+00,4771.95,EXT374,pasadas_2026-07-16_343555.csv,AUTOPISTA DEL OESTE
c611dafd-a7a3-4467-ab32-eed3dafadd35,2026-07-22 13:33:11+00,7148.39,AH351RS,ConsumosResumen.xlsx,CORREDOR VIAL 5 S.A.U.
c64b1bbc-1c55-4019-9904-875690fe20d6,2026-07-01 14:15:53+00,4970.74,AH800QT,pasadas_2026-07-16_493556.csv,AUSOL
c655c4da-31eb-4623-9b08-cca716c46ed0,2026-07-01 03:06:45+00,3976.59,AD736OU,pasadas_2026-07-16_329454.csv,AUTOPISTA DEL OESTE
c65d0965-3f63-44af-999e-ef527ab911bc,2026-07-15 05:33:49+00,15255.79,AF436WI,pasadas_2026-07-23_5009A02044703.csv,AUSA
c65e9280-44fa-410c-a1ea-19ff1ccf3675,2026-07-08 22:19:02+00,7744.12,AH351RT,ConsumosResumen-202607-1.xlsx,RUTAS SUR ATLANTICO S.A.
c674227a-acfc-4242-9e0b-78f366e9959d,2026-06-25 10:49:23+00,6000.00,AC295IE,pasadas_2026-07-03_3313955.csv,CORREDORES VIALES SA
c685b498-2ed8-4ada-a5d9-1774cb447352,2026-07-04 22:22:23+00,11222.12,AF103ZL,pasadas_2026-07-15_5364164.csv,AUBASA
c6abb4d9-959e-48ed-8afc-de9d2ba31679,2026-07-14 04:00:21+00,15255.79,AF993HA,pasadas_2026-07-15_5009A02037760.csv,AUSA
c6e6be73-8e0c-4207-a396-aadb12165a5a,2026-07-26 23:37:31+00,6000.00,AG309CO,ConsumosResumen.xlsx,CORREDORES VIALES SA
c6eb8ec0-7f0b-4d57-a8a7-1a8efbb93f8b,2026-07-22 14:12:38+00,3454.21,AI348TS,pasadas_2026-07-29_5009A02052902.csv,AUSA
c6f9b4bc-021f-42b8-a361-d7055a185078,2026-06-30 15:23:23+00,17400.00,AD985XP,pasadas_2026-07-22_1947768.csv,UNIDAD EJECUTORA (SANTA FE)
c71b8a60-fb22-4077-a25d-9aaf61a3fa32,2026-07-13 17:02:28+00,7148.39,AD328WK,ConsumosResumen.xlsx,CORREDOR VIAL 5 S.A.U.
c7273dc4-baea-41c7-967a-b68eff7a4b8b,2026-07-11 06:08:26+00,7148.39,AH351RS,ConsumosResumen.xlsx,CORREDOR VIAL 5 S.A.U.
c77272b5-c52d-4ece-b9cb-504f8feba405,2026-07-06 21:21:18+00,4970.74,AH351RT,pasadas_2026-07-16_343555.csv,AUTOPISTA DEL OESTE
c77347af-30ec-4722-9d3e-415af0ebad5b,2026-07-20 06:47:51+00,6044.83,AC295IE,pasadas_2026-07-23_5009A02044703.csv,AUSA
c77aa6b3-a3d3-4622-9012-596140762cab,2026-06-26 14:09:59+00,5200.00,AD239PP,pasadas_2026-07-03_3313955.csv,CORREDORES VIALES SA
c7a9cc01-9971-4b9e-a25a-cea9f3521a39,2026-07-20 10:38:11+00,9935.82,AG507DK,pasadas_2026-07-23_5009A02044703.csv,AUSA
c7cb1d53-f961-48a1-b1f7-0320ca13fbe3,2026-07-16 01:42:07+00,6000.00,AF103ZL,ConsumosResumen.xlsx,CORREDORES VIALES SA
c7eb0b5a-e39b-476d-bff8-fe5f1d883a8e,2026-06-28 07:28:43+00,6000.00,AF202UU,ConsumosResumen-202607-1.xlsx,CORREDORES VIALES SA
c7f8b617-9a75-4d4c-b012-3d195febafec,2026-07-25 16:45:30+00,7148.39,AH351RS,ConsumosResumen.xlsx,CORREDOR VIAL 5 S.A.U.
c812f579-c122-4001-a478-c4073190abe6,2026-07-08 20:26:09+00,21000.00,AH285SP,pasadas_2026-07-22_1947768.csv,UNIDAD EJECUTORA (SANTA FE)
c8252aa3-4530-40d0-8663-d2f547b391de,2026-07-10 15:55:14+00,6000.00,AG916MK,ConsumosResumen-202607-1.xlsx,CORREDORES VIALES SA
c82cc0ec-a7f6-4692-98bf-60b83e6f4b17,2026-07-14 17:43:04+00,6000.00,AD482MT,ConsumosResumen.xlsx,CORREDORES VIALES SA
c8368d3a-fb2c-47aa-826e-e032c02289de,2026-07-11 12:15:01+00,4500.00,AF389UV,ConsumosResumen-202607-1.xlsx,CORREDORES VIALES SA
c83707d2-eb04-4ebc-9810-625b37c1a41a,2026-07-23 18:34:04+00,16982.69,AG893YR,pasadas_2026-07-29_5009A02060191.csv,AUSA
c87f9cce-08bf-4d87-9cb0-21f1b485dc11,2026-07-22 14:35:30+00,7500.00,AD736OU,ConsumosResumen.xlsx,CORREDORES VIALES SA
c89585e6-a579-43ea-ab1b-62c37004a1d3,2026-07-26 22:08:33+00,9935.82,AG916MK,pasadas_2026-07-29_5009A02060191.csv,AUSA
c8b48129-0ea5-4b1d-98f5-78ba7b9f6a54,2026-07-07 11:52:31+00,7500.00,AH800QT,ConsumosResumen-202607-1.xlsx,CORREDORES VIALES SA
c8b8ae87-2191-4251-914b-babf9ef089ad,2026-07-13 22:53:20+00,1500.00,AG533MF,ConsumosResumen.xlsx,CORREDORES VIALES SA
c8bdffbe-9547-46f4-ace7-bd33ce19c2d8,2026-07-06 07:33:25+00,4771.95,AD625QA,pasadas_2026-07-16_343555.csv,AUTOPISTA DEL OESTE
c8d57a29-9426-4261-bd30-5d3c0ed99757,2026-07-13 14:33:06+00,1548.82,AG309CO,ConsumosResumen.xlsx,RUTAS SUR ATLANTICO S.A.
c8d66e01-852c-458a-8a0c-1a038c2308c5,2026-07-17 22:49:52+00,7500.00,AH185KI,ConsumosResumen.xlsx,CORREDORES VIALES SA
c8d95bf4-701e-4618-8d07-7d3eb9cd8e87,2026-07-07 11:25:42+00,4970.74,AI178ER,pasadas_2026-07-16_329454.csv,AUTOPISTA DEL OESTE
c8ffa2e0-cb91-4322-8bce-06275d64853d,2026-07-03 21:34:50+00,7500.00,AH351RT,ConsumosResumen-202607-1.xlsx,CORREDORES VIALES SA
c911593d-6367-42d9-9fce-7f9dfc0ce7c9,2026-07-24 20:58:50+00,9935.82,AG916MK,pasadas_2026-07-29_5009A02060191.csv,AUSA
c915b182-6374-4ec3-88e5-9d7299b6b31d,2026-07-20 09:23:26+00,21000.00,AF993HA,pasadas_2026-07-22_1947769.csv,UNIDAD EJECUTORA (SANTA FE)
c91af690-abf3-4dcd-ad75-41577ec640f6,2026-07-13 13:58:27+00,14370.19,AI178ER,pasadas_2026-07-15_5364165.csv,AUBASA
c9264507-3c2f-4ee0-9dc3-893a2b1ae326,2026-07-14 11:11:43+00,4970.74,AH185KI,pasadas_2026-07-16_493556.csv,AUSOL
c9335ae6-1547-4065-8ad5-b41216259984,2026-07-15 11:31:13+00,4970.74,AF202UU,pasadas_2026-07-16_343555.csv,AUTOPISTA DEL OESTE
c942dcf5-3ee7-4c3c-b734-250c4db9bb21,2026-07-06 21:09:45+00,3976.59,AA561YA,pasadas_2026-07-16_343555.csv,AUTOPISTA DEL OESTE
c948ab7a-10b8-4524-a3a1-f41e73bec35c,2026-07-10 15:14:44+00,6000.00,AF103ZL,ConsumosResumen-202607-1.xlsx,CORREDORES VIALES SA
c96b72ae-b2e2-4b5b-8a18-fe4d22f2f1f8,2026-07-15 16:06:32+00,33965.25,AF202UU,pasadas_2026-07-23_5009A02044703.csv,AUSA
c986eedf-0fcb-4410-85d4-a14362513960,2026-07-01 10:09:01+00,11222.12,AB247VR,pasadas_2026-07-15_5364164.csv,AUBASA
c988a5d3-6906-4cbb-8d05-84e27ee90b22,2026-07-18 11:08:59+00,6044.83,AG507DK,pasadas_2026-07-23_5009A02044703.csv,AUSA
c99970a6-21fa-4c04-a8c9-3dace5458e24,2026-07-11 20:08:53+00,2035.11,AG309CH,pasadas_2026-07-15_5009A02037803.csv,AUSA
c99fc7d4-8c90-42b0-9c37-0a3116eaea6e,2026-07-28 11:57:53+00,1439.11,AG249HS,pasadas_2026-07-29_5009A02060191.csv,AUSA
c9a1c26f-adcf-4832-8eac-d4d470c04899,2026-07-01 10:51:55+00,4771.95,AB633TY,pasadas_2026-07-16_493556.csv,AUSOL
c9bc1c5d-5896-4b07-88d5-c4b8f56c96be,2026-07-22 05:06:33+00,9935.82,AH351RT,pasadas_2026-07-23_5009A02044703.csv,AUSA
c9de4223-422e-41f8-93ef-91552b337269,2026-07-16 00:46:53+00,7500.00,AE952TH,ConsumosResumen.xlsx,CORREDORES VIALES SA
c9e90024-1863-4618-be00-8916899b1182,2026-07-13 11:43:47+00,6044.83,AI042WD,pasadas_2026-07-15_5009A02037760.csv,AUSA
ca12f8c5-8c23-4a20-8d44-384fdea0625f,2026-07-02 10:40:28+00,11222.12,AG507DK,pasadas_2026-07-15_5364164.csv,AUBASA
ca2414e5-ea75-41c1-9226-4fc4e069115a,2026-07-10 20:05:28+00,3976.59,AF411UY,pasadas_2026-07-16_343555.csv,AUTOPISTA DEL OESTE
ca32aa37-9a2c-44df-94f8-bf5e02793fb2,2026-07-08 11:19:08+00,6000.00,AB456CU,ConsumosResumen-202607-1.xlsx,CORREDORES VIALES SA
ca510c9d-83f7-4f1c-864e-821796c3c5ea,2026-07-03 03:30:29+00,7500.00,AH351RT,ConsumosResumen-202607-1.xlsx,CORREDORES VIALES SA
ca6b8f18-e01c-4df1-b28c-90caf2f091c4,2026-07-07 07:34:28+00,8935.49,AH554RP,ConsumosResumen.xlsx,CORREDOR VIAL 5 S.A.U.
ca765725-da98-4cd7-aa33-abcf8fd41995,2026-07-24 13:03:25+00,15255.79,AF993HK,pasadas_2026-07-29_5009A02060191.csv,AUSA
ca926e95-ab77-45df-87eb-e4aa5860501a,2026-07-11 12:13:53+00,3976.59,AB633TZ,pasadas_2026-07-16_343555.csv,AUTOPISTA DEL OESTE
caa5640c-55ab-4a62-acb1-cfe3ed0c28fc,2026-07-16 12:02:13+00,6000.00,AF103ZL,ConsumosResumen.xlsx,CORREDORES VIALES SA
caba824e-136a-46e7-8cec-8008cf68fa66,2026-07-10 05:56:29+00,14370.19,AF436WI,pasadas_2026-07-15_5364164.csv,AUBASA
cacfa4b1-c555-485d-957c-01bd19fdb22f,2026-07-04 07:49:12+00,994.15,AI042WA,pasadas_2026-07-16_493557.csv,AUSOL
cae56310-08c6-4d48-8d45-7826029631b9,2026-07-01 22:02:14+00,13466.55,AG939HR,pasadas_2026-07-15_5364164.csv,AUBASA
caf872d1-99d7-49a6-97f9-aaa38722f0f7,2026-07-19 11:43:01+00,7148.39,AE469PL,ConsumosResumen.xlsx,CORREDOR VIAL 5 S.A.U.
cb175f08-48f4-4d63-8954-8e688ff4f3d3,2026-07-13 23:15:57+00,7744.12,AH185KI,ConsumosResumen.xlsx,RUTAS SUR ATLANTICO S.A.
cb26357c-a0ce-4323-9aae-d5aa42709133,2026-07-21 04:43:30+00,9935.82,AD625QB,pasadas_2026-07-23_5009A02044703.csv,AUSA
cb26d1df-baae-49bb-914d-2c900ff91479,2026-07-21 15:04:34+00,15255.79,AH185KI,pasadas_2026-07-23_5009A02044703.csv,AUSA
cb765652-5dae-4793-81c4-bacceb263879,2026-07-07 17:18:04+00,4771.95,AC295IE,pasadas_2026-07-16_343555.csv,AUTOPISTA DEL OESTE
cb81ea1d-98a0-413b-9029-f4c31096ca14,2026-07-06 20:22:02+00,6000.00,AD096FX,ConsumosResumen-202607-1.xlsx,CORREDORES VIALES SA
cb8e3325-1336-4c71-9e44-36811b334319,2026-07-06 12:15:47+00,3976.59,AB456CQ,pasadas_2026-07-16_343555.csv,AUTOPISTA DEL OESTE
cb90f80f-9880-4b2e-b584-b47578fa778d,2026-07-08 19:38:31+00,5964.94,AG309CO,pasadas_2026-07-16_343555.csv,AUTOPISTA DEL OESTE
cb9a916c-e6d3-4f56-ba96-0d3a88edc1d6,2026-06-30 18:27:36+00,4500.00,AF436WI,ConsumosResumen-202607-1.xlsx,CORREDORES VIALES SA
cbab21da-d9ad-43c8-b9a0-f556f64c0ee8,2026-07-14 05:48:44+00,6000.00,AF136HN,ConsumosResumen.xlsx,CORREDORES VIALES SA
cbb7c11a-5ff6-4c02-b04e-b7e2e93ce771,2026-07-02 22:56:13+00,4970.74,AH351RT,pasadas_2026-07-16_343555.csv,AUTOPISTA DEL OESTE
cbe1dcf8-9135-4755-bc04-13d17504c51e,2026-07-20 10:45:52+00,16982.69,AG507DK,pasadas_2026-07-23_5009A02044703.csv,AUSA
cbe8c0bd-39e7-452d-869e-c275b5482184,2026-07-02 06:40:36+00,15255.79,AB456CQ,pasadas_2026-07-08_5009A02027769.csv,AUSA
cc1a5477-e3e3-4a64-9393-270136ea883b,2026-06-25 08:55:57+00,17400.00,AB456CU,pasadas_2026-07-22_1947768.csv,UNIDAD EJECUTORA (SANTA FE)
cc1e36b5-abc8-431d-9b89-2e64a92409a9,2026-07-27 03:41:45+00,8935.49,AH554RP,ConsumosResumen.xlsx,CORREDOR VIAL 5 S.A.U.
cc21d73e-be00-440b-a3d9-8104d43b1d11,2026-07-11 11:08:24+00,7500.00,AH351RT,ConsumosResumen-202607-1.xlsx,CORREDORES VIALES SA
cc2d3c08-ea70-4f6a-815b-6a6dcfdf8b2f,2026-07-24 15:12:38+00,8935.49,AH554RP,ConsumosResumen.xlsx,CORREDOR VIAL 5 S.A.U.
cc2dfea6-42f7-40d6-8fd6-a3706ceb9a77,2026-07-07 15:02:46+00,21000.00,AI178EY,pasadas_2026-07-22_1947769.csv,UNIDAD EJECUTORA (SANTA FE)
cc434714-1174-4fb0-a5f5-97f68aea1348,2026-07-27 03:04:12+00,9935.82,AF103ZL,pasadas_2026-07-29_5009A02060191.csv,AUSA
cc529154-c134-4e36-9d8a-d8d45ff83217,2026-07-06 20:10:43+00,6000.00,AG939HR,ConsumosResumen-202607-1.xlsx,CORREDORES VIALES SA
cc930f4c-472a-4fae-a335-1911865549a8,2026-07-14 16:38:23+00,4500.00,AF734UP,ConsumosResumen.xlsx,CORREDORES VIALES SA
cca4e7b5-3951-41f8-8e38-584440420f7b,2026-07-11 04:48:44+00,6000.00,AF103ZL,ConsumosResumen-202607-1.xlsx,CORREDORES VIALES SA
ccb9ed79-76cd-4384-8ff3-badc7935844f,2026-07-20 11:16:34+00,1439.11,AG249HS,pasadas_2026-07-23_5009A02044703.csv,AUSA
ccbbc546-d7da-462b-9ee7-6df21c4cc013,2026-07-19 17:12:39+00,7148.39,AE469PL,ConsumosResumen.xlsx,CORREDOR VIAL 5 S.A.U.
ccc0db7a-94a7-4a8d-81b3-cb438546850a,2026-07-02 09:29:17+00,6000.00,AD667DM,ConsumosResumen.xlsx,CORREDOR VIAL 5 S.A.U.
ccd07c34-94ab-4d78-8c25-9105bc8dd0d7,2026-07-06 11:10:12+00,15255.79,AG893YR,pasadas_2026-07-08_5009A02027769.csv,AUSA
ccdec685-497c-4282-b7ae-4411b2a20a28,2026-07-15 10:44:24+00,6000.00,AG862VH,ConsumosResumen.xlsx,CORREDORES VIALES SA
ccfa465e-5972-4a42-9b5b-163f345ba1e3,2026-07-02 04:01:38+00,5200.00,AE469PL,ConsumosResumen-202607-1.xlsx,RUTAS SUR ATLANTICO S.A.
cd22ddeb-8da5-4756-80bf-fc9b374b6adf,2026-07-23 22:04:07+00,7500.00,AE751PA,ConsumosResumen.xlsx,CORREDORES VIALES SA
cd2da9c4-6c0b-4228-a662-c0666653f410,2026-07-14 06:09:09+00,1500.00,AG309CH,ConsumosResumen.xlsx,CORREDORES VIALES SA
cd3f5258-b0c1-4040-84ad-56dab998b07c,2026-07-07 18:49:18+00,7500.00,AH800QR,ConsumosResumen-202607-1.xlsx,CORREDORES VIALES SA
cd59fd68-91fa-4131-a86a-e5d388d3b0bc,2026-07-27 10:37:31+00,1500.00,AG249HS,ConsumosResumen.xlsx,CORREDORES VIALES SA
cd5d767c-c451-47eb-a33f-749dd9e81a5a,2026-07-14 12:03:30+00,6000.00,AG939HR,ConsumosResumen.xlsx,CORREDORES VIALES SA
cd5e187b-d9d2-4507-b97b-951cf274d7b5,2026-07-23 12:27:18+00,6044.83,AG309CO,pasadas_2026-07-29_5009A02060191.csv,AUSA
cd70e8c8-2a06-4f6f-9f92-760d5036f7ca,2026-07-08 07:19:26+00,1192.99,AI348TS,pasadas_2026-07-16_329454.csv,AUTOPISTA DEL OESTE
cd945499-d30a-45b1-8148-3539e3dadd83,2026-07-25 05:47:58+00,6000.00,AG862VH,ConsumosResumen.xlsx,CORREDORES VIALES SA
cdaae09f-9140-4a3b-b51a-e747ec3929d8,2026-07-13 18:05:20+00,7148.39,AF202UU,ConsumosResumen.xlsx,RUTAS SUR ATLANTICO S.A.
cdaff6a3-fabf-4c7b-8b3d-e12e3d176f9f,2026-07-03 12:51:20+00,15255.79,AF091AI,pasadas_2026-07-08_5009A02027769.csv,AUSA
cdc279c2-6d8e-4733-82e7-2e7d93459109,2026-07-11 19:49:26+00,1192.99,AG309CH,pasadas_2026-07-16_493556.csv,AUSOL
cdd610ef-ab31-41e4-bb36-dbf12d9cd7c3,2026-07-25 14:21:59+00,6044.83,AH351RT,pasadas_2026-07-29_5009A02060191.csv,AUSA
cde5a9b5-4fcb-4701-9e02-24cd7ffb18e7,2026-07-16 06:36:05+00,1500.00,AG309CH,ConsumosResumen.xlsx,CORREDORES VIALES SA
ce077592-f158-49c4-9f5d-8f20e678887b,2026-07-01 19:42:06+00,6000.00,AG822HO,ConsumosResumen.xlsx,CORREDOR VIAL 5 S.A.U.
ce25bf7a-5909-40a6-a86f-9e26bf6a5172,2026-07-13 12:12:39+00,3976.59,AI042WD,pasadas_2026-07-16_493557.csv,AUSOL
ce3ef939-8444-449e-b24f-c731c11599fb,2026-07-03 17:51:52+00,7500.00,AH800QT,ConsumosResumen-202607-1.xlsx,CORREDORES VIALES SA
ce481c44-e012-4948-b60e-9b8d282ed863,2026-07-14 06:57:48+00,3976.59,AB633TZ,pasadas_2026-07-16_343555.csv,AUTOPISTA DEL OESTE
ce6b62b9-8daf-4332-aad5-4e48e9bceee8,2026-07-16 14:26:54+00,7500.00,AE469PH,ConsumosResumen.xlsx,CORREDORES VIALES SA
ce98927b-90d2-413d-815c-30f903cfb0d7,2026-07-06 16:05:40+00,17400.00,AB151SM,pasadas_2026-07-22_1947768.csv,UNIDAD EJECUTORA (SANTA FE)
cebc020a-d55f-4368-9a0b-a14de13407b4,2026-07-16 09:18:31+00,6000.00,AB151SM,ConsumosResumen.xlsx,CORREDORES VIALES SA
cec5fe4b-3183-49a7-bcd5-b5cbeac47c12,2026-07-04 09:31:45+00,994.15,AI042WA,pasadas_2026-07-16_493557.csv,AUSOL
cefa0128-dadb-4db7-949d-a606a7bacd3e,2026-07-01 21:49:47+00,6044.83,AG939HR,pasadas_2026-07-08_5009A02027769.csv,AUSA
cefad9ce-a6ed-421b-a1f5-ff7701c188e4,2026-07-08 14:23:01+00,7500.00,AF091AI,ConsumosResumen-202607-1.xlsx,CORREDORES VIALES SA
cf02068b-2d1a-4423-b163-4fdbbb619959,2026-07-23 15:46:43+00,9935.82,AD736OU,pasadas_2026-07-29_5009A02052902.csv,AUSA
cf238a9b-00cc-4e12-a2fe-db304538f47f,2026-06-29 19:21:45+00,7500.00,AF533SR,pasadas_2026-07-03_3313955.csv,CORREDORES VIALES SA
cf3214fb-f8d1-4151-9eeb-2aa32ab9776c,2026-07-20 11:30:34+00,15255.79,AH185KI,pasadas_2026-07-23_5009A02044703.csv,AUSA
cf60a4b5-f71d-43d0-b783-c7b207b1827d,2026-07-12 21:37:15+00,2395.04,AI348TS,pasadas_2026-07-15_5364165.csv,AUBASA
cf6eac2b-4480-46a4-a094-28411d84e4ee,2026-07-07 17:43:28+00,4771.95,AB247VR,pasadas_2026-07-16_343555.csv,AUTOPISTA DEL OESTE
cf6ee828-086d-4dac-8559-2cf1c890db1a,2026-07-05 17:08:31+00,6000.00,AB151SM,ConsumosResumen-202607-1.xlsx,CORREDORES VIALES SA
cf714460-bf61-4b72-9e23-6c668ab9aa6c,2026-07-22 08:30:06+00,6000.00,AD985XP,ConsumosResumen.xlsx,CORREDORES VIALES SA
cf882cae-c62d-40ca-8b93-30b537622eae,2026-07-02 20:16:19+00,11222.12,AF103ZL,pasadas_2026-07-15_5364164.csv,AUBASA
cfcaa5fc-1025-4b8c-b019-ac23b768d763,2026-07-05 21:41:27+00,9935.82,AG507DK,pasadas_2026-07-08_5009A02027769.csv,AUSA
cfde50b0-a3f4-4b75-a1e7-dc74d6eed1ea,2026-07-15 18:30:36+00,31427.15,AD625QA,pasadas_2026-07-15_5364164.csv,AUBASA
cff0cddf-8d05-4861-82b3-559b43c45605,2026-07-24 12:05:57+00,7500.00,AH251LE,ConsumosResumen.xlsx,CORREDORES VIALES SA
cff7a2ae-04f4-41f6-914d-2b58d0d8d68f,2026-07-09 11:46:22+00,6000.00,AF993HK,ConsumosResumen-202607-1.xlsx,CORREDORES VIALES SA
cff85173-91e2-4a26-becf-e65dec659def,2026-07-24 06:02:45+00,15255.79,AH351RT,pasadas_2026-07-29_5009A02060191.csv,AUSA
d0050fa8-faac-4928-8e69-e9e68ae96a13,2026-07-13 14:34:11+00,6000.00,AH543IQ,ConsumosResumen.xlsx,CORREDORES VIALES SA
d00b9ab4-81b1-48bd-a227-2d498ef9fbf1,2026-07-03 09:07:04+00,6000.00,AF136HN,ConsumosResumen-202607-1.xlsx,CORREDORES VIALES SA
d00cbc68-a9e8-4875-9949-eca044984b69,2026-07-18 23:20:37+00,1500.00,AG533MF,ConsumosResumen.xlsx,CORREDORES VIALES SA
d0246989-9399-4dc1-95e1-b4ac14ffeb0c,2026-07-13 20:13:00+00,15255.79,AB151SM,pasadas_2026-07-15_5009A02037803.csv,AUSA
d033e381-6e3d-4749-b586-5dcdf39118b0,2026-07-02 14:40:10+00,9935.82,AG507DK,pasadas_2026-07-08_5009A02027769.csv,AUSA
d03e06ea-6779-4568-9adb-3d29caf6592c,2026-07-24 20:51:58+00,6044.83,AG916MK,pasadas_2026-07-29_5009A02060191.csv,AUSA
d05c653c-9468-469a-9d38-8a2f577837bb,2026-07-07 23:52:44+00,6000.00,AF136HN,ConsumosResumen-202607-1.xlsx,CORREDORES VIALES SA
d072cec3-e1c4-41f4-a3a9-ea35161373fa,2026-07-28 11:19:31+00,6044.83,AB456CQ,pasadas_2026-07-29_5009A02060191.csv,AUSA
d0955f9c-04e4-4ef0-bd32-fb71d953deb8,2026-07-14 14:02:47+00,6000.00,AD667DM,ConsumosResumen.xlsx,CORREDORES VIALES SA
d0bc6463-5336-4dd5-8511-20a9fbf05038,2026-07-13 22:16:44+00,1500.00,AG533MF,ConsumosResumen.xlsx,CORREDORES VIALES SA
d0d27ffd-f956-4ac7-bcd6-4fe51ec2a9e4,2026-07-03 09:01:04+00,1192.99,AI042WA,pasadas_2026-07-16_493557.csv,AUSOL
d0d8ede6-58b8-4295-9f02-493775443ed0,2026-06-30 23:13:10+00,6000.00,AA561YA,ConsumosResumen-202607-1.xlsx,CORREDORES VIALES SA
d0da058f-bf4f-4064-9d08-198d49302085,2026-07-13 05:02:20+00,14370.19,AH351RT,pasadas_2026-07-15_5364164.csv,AUBASA
d0dd7b00-b32e-48b1-8788-194682964bcf,2026-07-06 15:35:20+00,6195.30,AF231PZ,ConsumosResumen.xlsx,RUTAS SUR ATLANTICO S.A.
d0eca018-d698-4f41-8b4c-17e4a6f7e23b,2026-07-11 12:18:27+00,9935.82,AF436WI,pasadas_2026-07-15_5009A02037803.csv,AUSA
d0edacfd-ecdc-4bc5-ba57-a65bc79b6511,2026-07-07 15:56:48+00,4500.00,AF436WI,ConsumosResumen-202607-1.xlsx,CORREDORES VIALES SA
d0f19b20-1d69-421b-9130-f68d9da442f9,2026-07-08 11:32:07+00,6000.00,AF136HN,ConsumosResumen-202607-1.xlsx,CORREDORES VIALES SA
d106efbf-d04e-4f7e-8982-3de9251c82bd,2026-07-23 10:03:04+00,6000.00,AD667DM,ConsumosResumen.xlsx,CORREDORES VIALES SA
d11453d0-df57-483b-ad77-82c3dc85cc07,2026-07-16 00:46:13+00,7500.00,AE751PA,ConsumosResumen.xlsx,CORREDORES VIALES SA
d11c531b-3809-4722-b74a-18c6fac38f4a,2026-07-27 21:27:12+00,7500.00,AE469PH,ConsumosResumen.xlsx,CORREDORES VIALES SA
d1264388-83fe-4c83-b232-93c3883caa43,2026-07-02 14:06:28+00,3976.59,AD985XP,pasadas_2026-07-16_343555.csv,AUTOPISTA DEL OESTE
d1619725-54f0-41e9-b0a8-b9003d8927c4,2026-07-16 05:51:39+00,9935.82,AI042WD,pasadas_2026-07-29_5009A02052902.csv,AUSA
d17b8dae-94eb-451f-81ac-8279b090b295,2026-06-24 23:35:36+00,17400.00,AG507DK,pasadas_2026-07-22_1947768.csv,UNIDAD EJECUTORA (SANTA FE)
d19ca791-76ce-47b5-bc4e-1edd69098583,2026-07-03 08:10:27+00,3574.19,AB633TY,ConsumosResumen-202607-1.xlsx,RUTAS SUR ATLANTICO S.A.
d1b6730d-f6aa-4059-89a7-c115bf9d4437,2026-07-07 20:07:32+00,4970.74,AF993HA,pasadas_2026-07-16_329454.csv,AUTOPISTA DEL OESTE
d1ed8ec4-443b-47cc-9681-4fc3f51b2010,2026-07-13 13:27:47+00,11975.15,AH033DL,pasadas_2026-07-15_5364164.csv,AUBASA
d1ffa163-08e5-4968-8cbe-11f375f47956,2026-07-27 18:32:09+00,5361.29,AD625QB,ConsumosResumen.xlsx,CORREDOR VIAL 5 S.A.U.
d20d893f-d710-485b-a6fd-922c1db63d91,2026-07-01 16:36:22+00,6000.00,AG822HO,ConsumosResumen.xlsx,CORREDOR VIAL 5 S.A.U.
d22277de-14bc-4a56-a327-9953ea278765,2026-07-22 16:30:31+00,4500.00,AF436WI,ConsumosResumen.xlsx,CORREDORES VIALES SA
d2259dcd-d626-44fd-b58f-230451392b25,2026-07-06 15:16:57+00,3976.59,EXT374,pasadas_2026-07-16_343555.csv,AUTOPISTA DEL OESTE
d22b5092-70c7-4f93-8bc2-3f97d407fedf,2026-07-02 17:27:38+00,7500.00,AH800QT,ConsumosResumen-202607-1.xlsx,CORREDORES VIALES SA
d22e118c-a2c8-4c4d-a0ed-c11ff650d25d,2026-07-10 22:55:02+00,6000.00,AG939HR,ConsumosResumen-202607-1.xlsx,CORREDORES VIALES SA
d2514e76-98b7-45f2-841f-9508513673fc,2026-07-16 12:55:02+00,6000.00,EXT374,ConsumosResumen.xlsx,CORREDORES VIALES SA
d25336e9-1dc0-4a31-b12b-3d070675b01e,2026-07-20 14:05:05+00,5361.29,AF389UV,ConsumosResumen.xlsx,RUTAS SUR ATLANTICO S.A.
d26087e8-02cb-4c0e-b7b0-340afa290c16,2026-07-06 12:27:18+00,3976.59,EXT374,pasadas_2026-07-16_343555.csv,AUTOPISTA DEL OESTE
d287f2be-14bd-468f-b473-d48a63e45144,2026-07-06 13:30:55+00,4970.74,AF993HA,pasadas_2026-07-16_493557.csv,AUSOL
d28c897c-170e-4f89-82ed-147de4de0c53,2026-07-20 06:58:38+00,6044.83,AB247VR,pasadas_2026-07-23_5009A02044703.csv,AUSA
d294a11e-2f33-4a81-9a76-ba2d7100b65c,2026-07-01 12:09:01+00,17400.00,AE469PH,pasadas_2026-07-22_1947768.csv,UNIDAD EJECUTORA (SANTA FE)
d299d1f2-3ebd-4388-b751-384efa02de96,2026-06-30 12:30:36+00,6000.00,AG939HX,ConsumosResumen-202607-1.xlsx,CORREDORES VIALES SA
d2a433c2-5b8e-4ba3-a18d-7f15303af862,2026-07-06 17:57:34+00,5964.94,AH729QW,pasadas_2026-07-16_343555.csv,AUTOPISTA DEL OESTE
d2a9ed2a-3b29-44ff-a178-99c39359e370,2026-06-24 11:08:12+00,7500.00,AH543IQ,ConsumosResumen-202607-1.xlsx,CORREDORES VIALES SA
d2dee44d-e95c-4bd2-8f28-c5fedf406d0d,2026-07-27 16:56:16+00,7500.00,AH800QR,ConsumosResumen.xlsx,CORREDORES VIALES SA
d2e704af-782b-4e22-a91d-e5e01f0be36c,2026-07-08 20:31:22+00,4500.00,AD625QB,ConsumosResumen-202607-1.xlsx,CORREDORES VIALES SA
d2fe84c9-5c9a-44ce-bc5b-13e13421bdde,2026-07-20 10:44:39+00,16982.69,AH729QW,pasadas_2026-07-23_5009A02044703.csv,AUSA
d317fdca-f7d1-4eea-8593-57c755654491,2026-06-29 10:43:29+00,6600.00,AG507DK,pasadas_2026-07-22_1947768.csv,UNIDAD EJECUTORA (SANTA FE)
d32a4c32-93d4-43ce-9c23-1ba9f08b9414,2026-07-01 14:11:37+00,3000.00,AD985XP,ConsumosResumen-202607-1.xlsx,CORREDORES VIALES SA
d32ad059-4a7b-4bf9-aced-e984b04e50ef,2026-06-29 17:46:20+00,7500.00,AE469PH,ConsumosResumen-202607-1.xlsx,CORREDORES VIALES SA
d33603d5-2844-40bd-be9f-28ed4864d601,2026-07-15 21:01:34+00,7500.00,AF533SR,ConsumosResumen.xlsx,CORREDORES VIALES SA
d36cbc73-90d3-45ec-a485-02b31580ee41,2026-06-22 12:02:52+00,6600.00,AB151SM,pasadas_2026-07-22_1947768.csv,UNIDAD EJECUTORA (SANTA FE)
d37e912d-91d7-41eb-8c35-9734daa890f9,2026-07-21 12:55:38+00,9935.82,AG507DK,pasadas_2026-07-23_5009A02044703.csv,AUSA
d3adbf4a-03fd-4c3e-b27d-848b82a6eb75,2026-07-11 11:36:51+00,8935.49,AH554RP,ConsumosResumen.xlsx,CORREDOR VIAL 5 S.A.U.
d3ce2791-b10f-466d-b2d9-1ab65a2800e0,2026-07-08 22:52:51+00,9935.82,AH351RT,pasadas_2026-07-15_5009A02037803.csv,AUSA
d3ea7d6c-7f27-4ea0-a491-68e9d85ab0c2,2026-07-08 12:13:15+00,3976.59,AF993HK,pasadas_2026-07-16_493556.csv,AUSOL
d3ec93bb-5219-46c1-b402-ea24ac04602d,2026-07-23 04:35:42+00,4646.47,AD625QB,ConsumosResumen.xlsx,RUTAS SUR ATLANTICO S.A.
d3ed5a28-7988-4e67-88a0-9d5e1fc352d8,2026-07-17 10:32:11+00,9935.82,AD625QA,pasadas_2026-07-23_5009A02044703.csv,AUSA
d3f8bca6-58f4-4787-abd7-666f49946375,2026-07-03 14:06:38+00,11222.12,AD625QB,pasadas_2026-07-15_5364164.csv,AUBASA
d40d5b30-c8c2-4207-a79e-44d8178c798f,2026-07-21 09:31:49+00,7500.00,AH272KN,ConsumosResumen.xlsx,CORREDORES VIALES SA
d45d7c06-13f6-43c7-a81d-14842f36a650,2026-07-20 22:52:21+00,7148.39,AG916MK,ConsumosResumen.xlsx,RUTAS SUR ATLANTICO S.A.
d46bfecf-e219-4e8f-a576-da5530333c6e,2026-07-23 16:44:37+00,6000.00,AG893YR,ConsumosResumen.xlsx,CORREDORES VIALES SA
d470ecf2-483c-4435-9052-426f267cc586,2026-07-14 00:10:23+00,14370.19,AF993HA,pasadas_2026-07-15_5364165.csv,AUBASA
d474c155-ac17-454f-bd8c-1092ebad8d76,2026-07-15 13:48:20+00,6000.00,AB456CP,ConsumosResumen.xlsx,CORREDORES VIALES SA
d47c7c7d-9bfb-4cf8-bcd1-b03cc69c5a75,2026-07-10 05:31:09+00,9935.82,AF436WI,pasadas_2026-07-15_5009A02037803.csv,AUSA
d48ba696-1d41-46d0-b8e8-b6e3ae882a3f,2026-07-22 04:54:24+00,15255.79,AF436WI,pasadas_2026-07-23_5009A02044703.csv,AUSA
d4ba9ab1-3801-43f2-8fb9-d6ca0ccaf0c6,2026-07-03 13:23:06+00,4646.47,AE284KH,ConsumosResumen.xlsx,RUTAS SUR ATLANTICO S.A.
d4c87d80-b45c-41ec-8f67-3ea1608228bf,2026-07-02 13:39:49+00,1300.00,AG309CH,ConsumosResumen-202607-1.xlsx,RUTAS SUR ATLANTICO S.A.
d4d673bb-ae0c-4082-94cf-5c8b0e71de6d,2026-07-19 04:41:30+00,1548.82,AG533MF,ConsumosResumen.xlsx,RUTAS SUR ATLANTICO S.A.
d4e86a4e-e426-48f9-9bd5-e30112a9e0c6,2026-07-07 18:56:27+00,7500.00,AE952TH,ConsumosResumen-202607-1.xlsx,CORREDORES VIALES SA
d4ef8932-beb8-46af-a1f6-5b2efba9124f,2026-06-30 16:58:16+00,17400.00,AE469PH,pasadas_2026-07-22_1947768.csv,UNIDAD EJECUTORA (SANTA FE)
d5051945-4e88-4c71-951a-a50dd76058e0,2026-07-04 13:47:42+00,1500.00,AG249HS,ConsumosResumen-202607-1.xlsx,CORREDORES VIALES SA
d5392154-e290-40f8-b6d2-8775b5857ac6,2026-07-01 23:47:59+00,7500.00,AE284KH,ConsumosResumen-202607-1.xlsx,RUTAS SUR ATLANTICO S.A.
d55500ed-a985-4509-b29e-17306bc77cfc,2026-07-06 16:13:18+00,4771.95,AB633TZ,pasadas_2026-07-16_343555.csv,AUTOPISTA DEL OESTE
d55cbce7-3503-4209-baf1-3987b52e5d06,2026-07-05 19:19:24+00,4970.74,AF993HA,pasadas_2026-07-16_329454.csv,AUTOPISTA DEL OESTE
d5650e08-5d83-4dd5-b9a5-ab7f26904b88,2026-07-10 15:17:42+00,1500.00,AG309CH,ConsumosResumen-202607-1.xlsx,CORREDORES VIALES SA
d567f184-031c-4bbe-855e-893e69094da7,2026-07-02 11:15:18+00,3976.59,EXT374,pasadas_2026-07-16_343555.csv,AUTOPISTA DEL OESTE
d56febbb-a3c2-482e-98b7-192cca47488e,2026-06-25 20:40:42+00,7500.00,AH543IQ,ConsumosResumen-202607-1.xlsx,CORREDORES VIALES SA
d5797034-9b80-4f66-bc5e-7ee35557903e,2026-07-07 12:29:41+00,6195.30,AF202UU,ConsumosResumen.xlsx,RUTAS SUR ATLANTICO S.A.
d57cf233-4047-493c-80a9-212087a06779,2026-06-29 19:12:01+00,6000.00,AB456CP,ConsumosResumen-202607-1.xlsx,CORREDORES VIALES SA
d59f805d-924e-46b3-afa9-fa9dfc05db7e,2026-07-12 07:39:43+00,6000.00,AG309CO,ConsumosResumen-202607-1.xlsx,CORREDORES VIALES SA
d60a1252-9b51-4004-9f30-205d89d13a28,2026-07-05 15:07:13+00,994.15,AF740MG,pasadas_2026-07-16_493556.csv,AUSOL
d60ad610-3c5c-4fc7-9375-57ab90e75668,2026-07-14 13:13:14+00,3976.59,AB247VR,pasadas_2026-07-16_343555.csv,AUTOPISTA DEL OESTE
d6429e66-c13a-4ad7-a2f1-1ea5264941b8,2026-07-10 01:21:43+00,9935.82,AG939HR,pasadas_2026-07-15_5009A02037803.csv,AUSA
d6671f22-7be4-4145-a76f-e74e7cc7ceeb,2026-07-14 20:54:28+00,21000.00,AG893YR,pasadas_2026-07-22_1947768.csv,UNIDAD EJECUTORA (SANTA FE)
d668b753-0360-4c67-8abb-fa39291a9ecf,2026-06-28 12:14:24+00,6000.00,AG916MK,ConsumosResumen-202607-1.xlsx,CORREDORES VIALES SA
d6885023-b5a4-4638-9207-31bfdfaaf468,2026-07-14 05:23:12+00,3454.21,AI348TS,pasadas_2026-07-15_5009A02037760.csv,AUSA
d69e4015-aaca-4f1b-bc95-1380c602f185,2026-07-27 00:52:50+00,6000.00,AB456CU,ConsumosResumen.xlsx,CORREDORES VIALES SA
d6a0d30a-5073-492a-8cec-7c0a5e390e9a,2026-07-15 03:57:30+00,7744.12,AH351RT,ConsumosResumen.xlsx,RUTAS SUR ATLANTICO S.A.
d6a26339-4bb9-4b9e-b393-3073cc238962,2026-07-21 16:20:02+00,6000.00,AG822HO,ConsumosResumen.xlsx,CORREDORES VIALES SA
d6a544aa-bb96-48a9-8f36-64b668a62d02,2026-07-23 18:14:14+00,6000.00,AC561DQ,ConsumosResumen.xlsx,CORREDORES VIALES SA
d6aaa8a6-de20-4ea6-be1a-bd9bc2df10c9,2026-07-01 08:22:12+00,6000.00,AH351RS,ConsumosResumen.xlsx,CORREDOR VIAL 5 S.A.U.
d6ba4828-3717-4aa0-875c-164eb5d10f55,2026-07-25 10:36:10+00,7148.39,AH351RS,ConsumosResumen.xlsx,CORREDOR VIAL 5 S.A.U.
d70556b7-b316-49bf-9211-66aeff92ad7c,2026-07-23 19:07:56+00,6000.00,AE469PL,ConsumosResumen.xlsx,CORREDORES VIALES SA
d7142eb1-6df4-44ee-b90e-9ebad60e6040,2026-07-06 19:42:21+00,6000.00,AG309CO,ConsumosResumen-202607-1.xlsx,CORREDORES VIALES SA
d71e50ba-0b0b-4ddf-b186-c8ae8f1688f2,2026-07-01 12:50:49+00,15255.79,AF993HA,pasadas_2026-07-15_5009A02037760.csv,AUSA
d72e7a25-5845-4492-a588-a303e2c1ea28,2026-07-01 22:15:14+00,6000.00,AF791ER,ConsumosResumen-202607-1.xlsx,CORREDORES VIALES SA
d7527c90-69e0-4ed2-bb0c-efe1a65a9ee9,2026-07-24 07:52:04+00,7500.00,AH285SP,ConsumosResumen.xlsx,CORREDORES VIALES SA
d75c3ce5-0beb-4707-a914-5a893985900b,2026-07-04 17:32:24+00,6000.00,AD482MT,ConsumosResumen-202607-1.xlsx,CORREDORES VIALES SA
d75e9495-50a7-4144-aa87-9fe12c6f907a,2026-07-01 21:20:00+00,15255.79,AH543IQ,pasadas_2026-07-08_5009A02027769.csv,AUSA
d763edb9-dd69-44f4-bb87-cb3c7cbbe23d,2026-06-29 12:16:22+00,7500.00,AH185KI,ConsumosResumen-202607-1.xlsx,CORREDORES VIALES SA
d7706983-6104-40b1-be3d-915c0fa261a7,2026-07-18 04:02:58+00,4500.00,AF436WI,ConsumosResumen.xlsx,CORREDORES VIALES SA
d771f88b-0bbc-47c6-b730-159b1e4478f4,2026-07-21 18:04:41+00,6000.00,AG862VH,ConsumosResumen.xlsx,CORREDORES VIALES SA
d79049f9-ee4b-4d76-a598-45b64aa97baa,2026-07-22 10:21:23+00,33965.25,AG939HR,pasadas_2026-07-23_5009A02044703.csv,AUSA
d7978924-31f6-4b36-b177-6631aa3f1421,2026-07-02 17:39:43+00,4500.00,AD625QB,ConsumosResumen-202607-1.xlsx,CORREDORES VIALES SA
d7b1dc37-092b-4372-badb-48990347d4a8,2026-07-23 15:19:54+00,3000.00,AD933WS,ConsumosResumen.xlsx,CORREDORES VIALES SA
d8000f33-5567-4e14-a32f-b10a7b78057f,2026-07-17 18:49:00+00,6000.00,AG893YR,ConsumosResumen.xlsx,CORREDORES VIALES SA
d807f688-2243-4579-952f-e1b948960777,2026-07-17 17:46:54+00,1500.00,AE908YR,ConsumosResumen.xlsx,CORREDORES VIALES SA
d81e8386-fa9b-4b50-acfc-784216edb65d,2026-07-23 12:48:50+00,15255.79,AC812DO,pasadas_2026-07-29_5009A02060191.csv,AUSA
d822bbdc-dd09-4d1e-9203-01b5bfa46074,2026-07-14 13:44:44+00,6000.00,AF533SR,ConsumosResumen.xlsx,CORREDORES VIALES SA
d826e0f6-19f8-4548-a6c5-cdb1683db559,2026-07-13 12:35:34+00,11975.15,AB456CP,pasadas_2026-07-15_5364164.csv,AUBASA
d83a7532-76fc-4ca3-8981-bd891ead35a3,2026-07-06 18:46:52+00,4771.95,AD985XP,pasadas_2026-07-16_343555.csv,AUTOPISTA DEL OESTE
d841382e-2ba7-4160-b071-4272d842e6d5,2026-07-04 22:33:11+00,994.15,AG533MF,pasadas_2026-07-16_493556.csv,AUSOL
d865b398-fcad-4f6a-b566-59a7e06ea385,2026-07-22 13:49:56+00,15255.79,AD625QB,pasadas_2026-07-23_5009A02044703.csv,AUSA
d86d89e0-ddc0-4482-a08e-5f6adc337596,2026-07-10 08:04:50+00,6000.00,AC264UA,ConsumosResumen-202607-1.xlsx,CORREDORES VIALES SA
d86e2b85-3931-425f-9ce7-d95fd3140535,2026-07-06 14:34:09+00,13466.55,AF993HA,pasadas_2026-07-15_5364165.csv,AUBASA
d8adca0b-5478-460d-b4d9-790c8c8e5270,2026-07-11 05:44:36+00,6000.00,AF231PZ,ConsumosResumen-202607-1.xlsx,CORREDORES VIALES SA
d8bc43a8-cce5-4b5b-83bd-13c08cc34ad4,2026-07-09 06:51:06+00,1439.11,AG249HS,pasadas_2026-07-15_5009A02037803.csv,AUSA
d8cab138-64d1-43bd-93e2-0bead07116a1,2026-07-24 06:32:02+00,7744.12,AH351RT,ConsumosResumen.xlsx,RUTAS SUR ATLANTICO S.A.
d8d0449a-cf69-45f1-bb4f-85db5eb2c0c1,2026-07-27 21:42:18+00,3097.65,AF436WI,ConsumosResumen.xlsx,RUTAS SUR ATLANTICO S.A.
d90823cc-ddf5-49d5-88dc-721fbba8301a,2026-07-11 15:00:46+00,7500.00,AG939HR,ConsumosResumen-202607-1.xlsx,CORREDORES VIALES SA
d90e49a5-8f05-4fd9-9ab9-a665c7a7568a,2026-07-09 22:57:54+00,1439.11,AI348TS,pasadas_2026-07-15_5009A02037760.csv,AUSA
d90fece0-3c1c-4f00-9f3a-f07b66dd2d8e,2026-07-07 18:33:03+00,33666.39,AH729QW,pasadas_2026-07-15_5364164.csv,AUBASA
d93fe3a0-da28-4f8a-a087-88e438abd628,2026-07-03 17:36:12+00,6000.00,AF791ER,ConsumosResumen-202607-1.xlsx,CORREDORES VIALES SA
d9461b7a-fdf8-4cfc-a50b-0a6e14ad09a5,2026-06-29 19:08:49+00,7500.00,AH351RT,pasadas_2026-07-03_3313955.csv,CORREDORES VIALES SA
d94ec0ec-9c5b-4117-ac6f-8d216b16c85f,2026-07-08 18:38:43+00,4771.95,AD239PP,pasadas_2026-07-16_343555.csv,AUTOPISTA DEL OESTE
d957a94c-4020-4946-8226-b81d82916761,2026-07-07 22:22:57+00,7500.00,AH185KI,ConsumosResumen-202607-1.xlsx,CORREDORES VIALES SA
d96cc172-82ed-499c-98d1-42c8dba3168a,2026-07-06 21:53:53+00,11222.12,AA561YA,pasadas_2026-07-15_5364164.csv,AUBASA
d978abdc-4e3c-4878-bff9-57001814c610,2026-07-15 06:33:31+00,6000.00,AG939HX,ConsumosResumen.xlsx,CORREDORES VIALES SA
d99556c9-555e-4c72-938f-fc0c2378c057,2026-07-24 05:23:55+00,15255.79,EXT374,pasadas_2026-07-29_5009A02060191.csv,AUSA
d9aced00-6f70-4fdf-b589-31072bb3326d,2026-07-11 11:22:23+00,4771.95,AD625QB,pasadas_2026-07-16_343555.csv,AUTOPISTA DEL OESTE
d9cd5296-8f72-4251-827c-60e4764beade,2026-07-23 18:09:07+00,7500.00,AH285SP,ConsumosResumen.xlsx,CORREDORES VIALES SA
d9deb0a6-5ab9-4003-91c8-6e8121e00de0,2026-06-29 12:29:11+00,6000.00,AH033DL,ConsumosResumen-202607-1.xlsx,CORREDORES VIALES SA
d9f24a0d-4be7-4d97-b232-d4c1ad3c064d,2026-07-16 11:45:43+00,6000.00,AD239PP,ConsumosResumen.xlsx,CORREDORES VIALES SA
da111243-d135-4182-9c4b-e10624188164,2026-07-10 08:43:06+00,8935.49,AH554RQ,ConsumosResumen.xlsx,CORREDOR VIAL 5 S.A.U.
da228531-a497-4db1-b29a-b60db70ecd28,2026-07-12 20:24:59+00,9935.82,AF202UU,pasadas_2026-07-15_5009A02037803.csv,AUSA
da47c96b-830d-4705-9cd6-f0f6e428933c,2026-07-20 06:31:56+00,7148.39,AG822HO,ConsumosResumen.xlsx,CORREDOR VIAL 5 S.A.U.
da4f2a96-2406-4193-8c0d-4e727fab7bc6,2026-07-17 20:58:53+00,7500.00,AE751PA,ConsumosResumen.xlsx,CORREDORES VIALES SA
da697b68-e1b2-4461-ac49-d4dcce415fee,2026-07-06 18:04:44+00,8935.49,AH554RQ,ConsumosResumen.xlsx,CORREDOR VIAL 5 S.A.U.
da6dbf39-65b4-4d61-8ae3-6500e977ea70,2026-07-11 09:29:58+00,1439.11,AG309CH,pasadas_2026-07-15_5009A02037803.csv,AUSA
da6e5d85-5dbf-40f8-8d6e-eeec9c29923c,2026-07-07 21:28:19+00,1500.00,AG533MF,ConsumosResumen-202607-1.xlsx,CORREDORES VIALES SA
da72c38f-9e1b-4111-8e08-1146a08640f4,2026-07-27 20:30:51+00,7500.00,AH285SP,ConsumosResumen.xlsx,CORREDORES VIALES SA
da898f07-bdea-4796-bddc-23dfb6e6ed37,2026-07-04 10:08:38+00,4970.74,AF533SR,pasadas_2026-07-16_493556.csv,AUSOL
daa3e01e-339e-40e3-8c6b-c1cae9c31f1b,2026-07-07 11:08:00+00,3976.59,AB456CQ,pasadas_2026-07-16_493556.csv,AUSOL
dacfb9ef-c586-4a15-a797-f0090426257f,2026-07-14 11:30:34+00,6000.00,AD667DM,ConsumosResumen.xlsx,CORREDORES VIALES SA
dacfdca6-55d3-4256-82b7-458e4ae3c02d,2026-07-07 16:46:54+00,8935.49,AH185KI,ConsumosResumen-202607-1.xlsx,RUTAS SUR ATLANTICO S.A.
dadc96ae-d44f-40be-b9c2-0e07bcfd8544,2026-07-23 02:07:44+00,1500.00,AG309CH,ConsumosResumen.xlsx,CORREDORES VIALES SA
daf58c7c-eea2-409e-bb53-cb1f01b2d5c5,2026-07-27 14:20:24+00,7500.00,AF533SR,ConsumosResumen.xlsx,CORREDORES VIALES SA
db0b75b7-bdcf-48f7-a88c-65cd3fdd7b34,2026-07-24 11:29:51+00,7744.12,AF436WI,ConsumosResumen.xlsx,RUTAS SUR ATLANTICO S.A.
db47ab92-fe6f-4423-964d-83b154c632e5,2026-07-10 10:52:22+00,3574.19,AE831SI,ConsumosResumen-202607-1.xlsx,RUTAS SUR ATLANTICO S.A.
dbaf7f29-b0fc-40c8-af98-1d89b45e68b4,2026-07-27 19:34:29+00,7500.00,AH285SP,ConsumosResumen.xlsx,CORREDORES VIALES SA
dbbaed9a-1b68-47a2-9176-321fcd4dfa93,2026-07-06 05:35:59+00,9935.82,AH351RT,pasadas_2026-07-08_5009A02027769.csv,AUSA
dbc14b48-8194-47bd-a81b-68d4721513f6,2026-07-09 20:49:01+00,4500.00,AF389UV,ConsumosResumen-202607-1.xlsx,CORREDORES VIALES SA
dbddac94-9f57-4e2c-a382-2b2a9872ef45,2026-07-03 15:46:15+00,3976.59,AB456CQ,pasadas_2026-07-16_343555.csv,AUTOPISTA DEL OESTE
dbf91fc5-1acd-41ba-98db-ee6fba4849c2,2026-07-10 20:32:22+00,3976.59,AB247VR,pasadas_2026-07-16_343555.csv,AUTOPISTA DEL OESTE
dc00a75c-e1bd-435b-a978-94442d2004e8,2026-07-09 17:09:55+00,6000.00,AH033DL,ConsumosResumen-202607-1.xlsx,CORREDORES VIALES SA
dc140e95-829c-4769-bc13-ae15bfb8e76e,2026-06-29 18:08:16+00,6000.00,AA561YA,ConsumosResumen-202607-1.xlsx,CORREDORES VIALES SA
dc35a936-d32d-4fbf-8760-e0021e1ab80d,2026-07-06 18:56:24+00,16833.20,AH185KI,pasadas_2026-07-15_5364164.csv,AUBASA
dc387c95-6024-430f-810b-9f1274357000,2026-07-05 18:46:15+00,1192.99,AG533MF,pasadas_2026-07-16_493556.csv,AUSOL
dc398658-35c2-40a3-bf8a-287686939a83,2026-07-28 21:10:08+00,6044.83,AG309CO,pasadas_2026-07-29_5009A02060191.csv,AUSA
dc3f2fbc-6471-4f4e-8800-2fc3b0ae001d,2026-07-13 04:53:13+00,3976.59,AG110LK,pasadas_2026-07-16_493556.csv,AUSOL
dc5aa6e3-90ca-4a2f-9219-d9dc4430d745,2026-07-23 15:02:08+00,7500.00,AF533SR,ConsumosResumen.xlsx,CORREDORES VIALES SA
dc8c96ef-1ed3-44bc-822c-e0de733616fa,2026-07-07 15:58:29+00,7148.39,AG822HO,ConsumosResumen.xlsx,CORREDOR VIAL 5 S.A.U.
dc932975-a102-4995-a8a6-f6a1efb1f7fb,2026-07-24 17:29:57+00,7500.00,AH185KI,ConsumosResumen.xlsx,CORREDORES VIALES SA
dcbf86c8-1f74-4552-ae9d-51d51f67ab0a,2026-07-07 14:39:48+00,6044.83,AH729QW,pasadas_2026-07-08_5009A02027769.csv,AUSA
dcd4b2ee-131d-44db-ae2f-9e97e169628c,2026-06-29 15:24:21+00,17400.00,AG507DK,pasadas_2026-07-22_1947768.csv,UNIDAD EJECUTORA (SANTA FE)
dcd577ee-b653-43ad-a6dd-86f167dcffaa,2026-07-07 11:36:51+00,3976.59,AB633TY,pasadas_2026-07-16_343555.csv,AUTOPISTA DEL OESTE
dce1e42d-12cb-43a7-b6fa-6e9f378dcd96,2026-07-08 12:43:24+00,6000.00,AD239PP,ConsumosResumen-202607-1.xlsx,CORREDORES VIALES SA
dcf93bb6-f1f3-4e0d-9768-17826d3afb36,2026-07-04 22:13:09+00,6044.83,AF993HA,pasadas_2026-07-15_5009A02037760.csv,AUSA
dd1becf5-78ed-4695-8b1d-b8bb29258701,2026-07-28 19:00:55+00,33965.25,AF231PZ,pasadas_2026-07-29_5009A02060191.csv,AUSA
dd2cc81b-2e7e-4569-a2b3-d342e377c54d,2026-07-25 11:04:42+00,6000.00,AD625QA,ConsumosResumen.xlsx,CORREDORES VIALES SA
dd404527-36f8-40e3-8517-12632e20cbac,2026-07-14 10:07:10+00,6000.00,AF136HN,ConsumosResumen.xlsx,CORREDORES VIALES SA
dd5419c5-743d-46ee-9ddf-056be1cbbc93,2026-07-21 04:20:23+00,6195.30,AC295IE,ConsumosResumen.xlsx,RUTAS SUR ATLANTICO S.A.
dd96f737-809e-461a-9637-6b65bf14b975,2026-07-06 12:59:34+00,15255.79,AF411UY,pasadas_2026-07-08_5009A02027769.csv,AUSA
dda058e8-4123-464a-88e0-01cd3d420557,2026-07-23 13:24:23+00,7744.12,AF436WI,ConsumosResumen.xlsx,RUTAS SUR ATLANTICO S.A.
ddbd7b1a-1223-4ca7-aec0-c1ad637fdfe2,2026-07-13 16:45:45+00,4771.95,AB633TY,pasadas_2026-07-16_343555.csv,AUTOPISTA DEL OESTE
ddbe9a56-61ba-4b86-9142-a9bf52fdf6fd,2026-07-23 13:56:21+00,6000.00,AG939HX,ConsumosResumen.xlsx,CORREDORES VIALES SA
ddcf7bce-dd14-4bcc-b051-73cd12dac91f,2026-07-01 22:42:48+00,4970.74,AG507DK,pasadas_2026-07-16_343555.csv,AUTOPISTA DEL OESTE
ddf61198-c472-4f25-a94a-bbed585b3239,2026-06-29 22:41:51+00,6000.00,AH033DL,ConsumosResumen-202607-1.xlsx,CORREDORES VIALES SA
ddffb63c-380c-4632-8b19-ef60dd69f7d5,2026-07-27 06:46:48+00,6000.00,AF993HK,ConsumosResumen.xlsx,CORREDORES VIALES SA
de1923b3-229a-4fe2-bf2d-d3b932ffa74e,2026-07-09 23:08:53+00,13466.55,AG893YR,pasadas_2026-07-15_5364164.csv,AUBASA
de45715e-d0e3-478f-8159-8c48014f8107,2026-07-24 17:00:47+00,7500.00,AE952TH,ConsumosResumen.xlsx,CORREDORES VIALES SA
de459e14-85c1-4d9c-ac50-804318ae6b29,2026-07-22 11:35:18+00,6044.83,AG507DK,pasadas_2026-07-23_5009A02044703.csv,AUSA
de4abd7f-2db9-4b9c-bbc4-8b3e75787549,2026-07-01 13:55:51+00,3976.59,AB456CQ,pasadas_2026-07-16_343555.csv,AUTOPISTA DEL OESTE
de51c3d8-69ff-4c8a-85c8-89cf6fe20d0e,2026-07-21 10:38:56+00,6000.00,AH543IQ,ConsumosResumen.xlsx,CORREDORES VIALES SA
de539b62-c26d-4bea-b63b-3da6647c7fba,2026-07-24 05:14:27+00,3097.65,EXT374,ConsumosResumen.xlsx,RUTAS SUR ATLANTICO S.A.
de560ec4-a8ee-48f3-bb79-da32a86431c3,2026-07-07 05:27:06+00,4970.74,AI178ER,pasadas_2026-07-16_329454.csv,AUTOPISTA DEL OESTE
de795668-4732-4586-92ba-599c9d0d2dd7,2026-07-08 10:21:59+00,7500.00,AH285SP,ConsumosResumen-202607-1.xlsx,CORREDORES VIALES SA
de798186-fb53-4710-89f0-ff443d71b652,2026-07-14 14:55:57+00,994.15,AG249HS,pasadas_2026-07-16_493556.csv,AUSOL
de7b31ac-8e0f-472f-9929-10cab8b82549,2026-07-11 03:17:50+00,7500.00,AH351RT,ConsumosResumen-202607-1.xlsx,CORREDORES VIALES SA
de7ce59a-2ba0-48fa-aea4-156cd114c6b4,2026-07-08 22:21:38+00,4970.74,AG939HR,pasadas_2026-07-16_493556.csv,AUSOL
de99fe71-fc10-417f-b032-13cb6006bd25,2026-07-24 11:16:33+00,7500.00,AH800QT,ConsumosResumen.xlsx,CORREDORES VIALES SA
deaaaf1c-9d6a-458a-af08-5fa329292902,2026-07-03 10:47:57+00,5964.94,AH543IQ,pasadas_2026-07-16_493556.csv,AUSOL
dec67fdd-b61f-4fe4-b74b-eeca00182bde,2026-06-30 12:12:44+00,7500.00,AE469PH,ConsumosResumen-202607-1.xlsx,CORREDORES VIALES SA
dedd55d1-8dfa-40f1-9596-dc00145a49a6,2026-07-14 00:49:29+00,7744.12,AH351RT,ConsumosResumen.xlsx,RUTAS SUR ATLANTICO S.A.
dee0b155-45a3-430e-b025-6355fb4c3c4f,2026-07-15 13:47:22+00,3976.59,AB633TY,pasadas_2026-07-16_343555.csv,AUTOPISTA DEL OESTE
defe3469-9eda-4d23-afa2-3a86a236dbf3,2026-07-14 15:06:25+00,9935.82,AB151SM,pasadas_2026-07-23_5009A02044703.csv,AUSA
df0906d4-752e-4d02-ab70-49d2c78fcba0,2026-07-18 12:23:38+00,8935.49,AH351RT,ConsumosResumen.xlsx,RUTAS SUR ATLANTICO S.A.
df2e8610-fc77-48c5-9634-6835670ee5aa,2026-07-17 12:25:39+00,15255.79,OWG130,pasadas_2026-07-23_5009A02044703.csv,AUSA
df36d98b-ce64-4131-b816-e003cae145d1,2026-07-06 14:33:28+00,17400.00,AB151SM,pasadas_2026-07-22_1947768.csv,UNIDAD EJECUTORA (SANTA FE)
df3cdd29-0781-444c-a47b-927099b2161e,2026-07-03 11:19:53+00,3976.59,AB247VR,pasadas_2026-07-16_343555.csv,AUTOPISTA DEL OESTE
df48a331-86ed-42f4-a6ee-d17ac476ceb1,2026-07-20 11:24:34+00,6044.83,AB456CQ,pasadas_2026-07-23_5009A02044703.csv,AUSA
df4edcdd-0d80-474c-8ea8-0b678233581d,2026-07-21 17:09:55+00,9935.82,AF791ER,pasadas_2026-07-23_5009A02044703.csv,AUSA
df5aec34-5f47-46dc-a487-fdf14a81a479,2026-07-02 01:16:18+00,6000.00,AG916MK,ConsumosResumen-202607-1.xlsx,CORREDORES VIALES SA
df694029-7ecf-437c-bfc7-7bf7c08d1ac1,2026-07-25 11:10:23+00,7500.00,AG110LK,ConsumosResumen.xlsx,CORREDORES VIALES SA
df7c3367-acbc-4dd0-9c72-9db0e22c3e5c,2026-07-18 04:30:45+00,1439.11,AG533MF,pasadas_2026-07-23_5009A02044703.csv,AUSA
dfa98491-7c57-4cee-b59b-b46dfbd75abd,2026-07-16 13:07:08+00,6000.00,AF103ZL,ConsumosResumen.xlsx,CORREDORES VIALES SA
dfaa2ee8-3183-4634-8bf8-9b42b430eba3,2026-07-28 15:26:51+00,6044.83,AG916MK,pasadas_2026-07-29_5009A02060191.csv,AUSA
dfd53136-2bf1-4e0a-b0cd-d4acdcbe93d0,2026-07-06 06:38:09+00,6000.00,AC812DO,ConsumosResumen-202607-1.xlsx,CORREDORES VIALES SA
dfd8f7ab-1e3e-4579-9f04-68783a92388c,2026-07-12 19:00:24+00,994.15,AG309CH,pasadas_2026-07-16_493556.csv,AUSOL
dfea89c9-ea0e-4e28-9c99-c07f9faeee9b,2026-07-23 02:45:43+00,1500.00,AG309CH,ConsumosResumen.xlsx,CORREDORES VIALES SA
e001a7ad-9ace-45d1-bcb4-ffbe8ad9ab0d,2026-07-01 21:36:53+00,7500.00,AH285SP,ConsumosResumen-202607-1.xlsx,CORREDORES VIALES SA
e02069bc-a9ee-4326-8be8-bc1e8df7eeff,2026-07-17 08:53:39+00,7500.00,AH543IQ,ConsumosResumen.xlsx,CORREDORES VIALES SA
e055d3a1-552c-4111-a247-08e02fddb92f,2026-06-30 17:21:20+00,7500.00,AG110LK,ConsumosResumen-202607-1.xlsx,CORREDORES VIALES SA
e059b25f-9262-408e-b899-11d324fdaaca,2026-07-13 05:32:43+00,6044.83,AH033DL,pasadas_2026-07-15_5009A02037803.csv,AUSA
e0838ed1-fb14-43c9-92da-25e4a84515c5,2026-07-14 18:01:37+00,3000.00,AD985XP,ConsumosResumen.xlsx,CORREDORES VIALES SA
e09a85c0-3584-40d5-bffe-d37292c9bc98,2026-07-02 22:05:18+00,26933.11,AH351RT,pasadas_2026-07-15_5364164.csv,AUBASA
e0b21e16-875a-468b-aab0-1c3663894010,2026-07-20 13:36:07+00,1500.00,AG533MF,ConsumosResumen.xlsx,CORREDORES VIALES SA
e0b9a3c4-cfb0-41c0-ac13-8466a9aaa6c7,2026-07-08 19:25:10+00,7500.00,AG507DK,ConsumosResumen-202607-1.xlsx,CORREDORES VIALES SA
e0c94ce1-c142-4486-a9f1-f335a4b08f73,2026-07-01 13:19:13+00,4970.74,AH800QT,pasadas_2026-07-16_493556.csv,AUSOL
e0ef6093-eb55-42d7-9fa4-cd9692f12438,2026-07-25 12:23:06+00,6044.83,AF136HN,pasadas_2026-07-29_5009A02060191.csv,AUSA
e101f2bb-7035-4f30-88c2-b6c43b239d99,2026-07-06 02:09:27+00,3976.59,AE751PA,pasadas_2026-07-16_493556.csv,AUSOL
e1069f1f-0e10-46b7-9977-4da01b3facda,2026-07-24 17:01:10+00,9935.82,AD736OU,pasadas_2026-07-29_5009A02052902.csv,AUSA
e114fae3-47f3-40fa-b661-4bba65baf0aa,2026-07-07 23:07:50+00,4500.00,AF436WI,ConsumosResumen-202607-1.xlsx,CORREDORES VIALES SA
e1449388-28ba-4af9-a622-30ee4f9f3c72,2026-07-07 13:13:57+00,9935.82,AG893YR,pasadas_2026-07-08_5009A02027769.csv,AUSA
e15930a3-133b-4611-a755-acb8b2c87e36,2026-07-27 23:49:34+00,7148.39,AG822HO,ConsumosResumen.xlsx,CORREDOR VIAL 5 S.A.U.
e1749b1f-2832-432e-b7dc-5e7ee09e49c4,2026-07-09 18:53:30+00,1192.99,AG533MF,pasadas_2026-07-16_493556.csv,AUSOL
e177a715-d41a-4795-af5e-d993652c4af9,2026-07-06 20:23:18+00,6000.00,AG862VH,ConsumosResumen-202607-1.xlsx,CORREDORES VIALES SA
e180723e-a34e-4086-aa04-7e03ec046fd9,2026-06-21 20:26:41+00,17400.00,AE831SI,pasadas_2026-07-22_1947768.csv,UNIDAD EJECUTORA (SANTA FE)
e18c6eb6-b6c0-46ec-a507-d0bd7b11d47a,2026-07-21 14:54:30+00,9935.82,AG939HR,pasadas_2026-07-23_5009A02044703.csv,AUSA
e1a13358-9b5d-4ca5-8b62-a9d15acd8cfe,2026-07-11 21:15:10+00,994.15,AG309CH,pasadas_2026-07-16_493556.csv,AUSOL
e1b2ca30-e27c-4c40-910b-e699034d2123,2026-07-16 20:49:10+00,15255.79,AG507DK,pasadas_2026-07-23_5009A02044703.csv,AUSA
e1b8c131-7f50-4745-85de-f858a481487e,2026-07-02 10:23:34+00,16982.69,AE469PL,pasadas_2026-07-08_5009A02027769.csv,AUSA
e1ba7c88-def5-4cb6-a052-fa252713fba4,2026-07-21 20:53:20+00,6044.83,AG916MK,pasadas_2026-07-23_5009A02044703.csv,AUSA
e1bdd372-7072-4ba1-bc41-8f0d788427a1,2026-07-16 12:03:33+00,9935.82,AF791ER,pasadas_2026-07-23_5009A02044703.csv,AUSA
e1be2310-e251-48d9-bb8f-ceddfe109642,2026-07-02 11:42:39+00,7500.00,AF533SR,ConsumosResumen-202607-1.xlsx,CORREDORES VIALES SA
e237b20d-f048-4264-9ded-e635c8efb1ad,2026-07-01 20:29:19+00,7500.00,AG507DK,ConsumosResumen-202607-1.xlsx,CORREDORES VIALES SA
e23d22ea-5170-436d-a852-bbdf614269e8,2026-07-20 14:53:37+00,9935.82,AF533SR,pasadas_2026-07-23_5009A02044703.csv,AUSA
e24b7e8d-7c6e-42ea-af17-a8f0f9b8014a,2026-07-03 12:38:39+00,3976.59,EXT374,pasadas_2026-07-16_343555.csv,AUTOPISTA DEL OESTE
e2519c34-5c84-4969-9ae7-c0e4dffa3136,2026-07-19 21:19:53+00,8935.49,AH554RP,ConsumosResumen.xlsx,CORREDOR VIAL 5 S.A.U.
e2622ec9-f736-4b79-b9c8-c1015266bf72,2026-07-04 17:46:46+00,9935.82,AH185KI,pasadas_2026-07-08_5009A02027769.csv,AUSA
e26f48b7-c42d-4928-85a6-4bb48228f39b,2026-07-14 07:33:17+00,7148.39,AG822HO,ConsumosResumen.xlsx,CORREDOR VIAL 5 S.A.U.
e279085f-9d67-4fec-9a46-59162217ff15,2026-07-15 02:46:39+00,4970.74,AH351RT,pasadas_2026-07-16_493556.csv,AUSOL
e2793341-6597-4dcc-9715-b2f14b63057d,2026-07-08 02:34:46+00,994.15,AG533MF,pasadas_2026-07-16_493556.csv,AUSOL
e27aae50-aecb-40c8-b6bb-ef62cafe66a4,2026-07-03 11:27:43+00,3976.59,AD328WK,pasadas_2026-07-16_343555.csv,AUTOPISTA DEL OESTE
e292706a-f0f2-42f3-9d0b-6c8c6e9a8d65,2026-07-22 11:29:54+00,15255.79,AG309CO,pasadas_2026-07-23_5009A02044703.csv,AUSA
e29487ad-51c5-4744-a069-843b00bf206a,2026-07-03 00:29:07+00,7500.00,AH729QW,ConsumosResumen-202607-1.xlsx,CORREDORES VIALES SA
e2a09e4b-c845-453d-87ca-d22d61272d31,2026-07-21 21:36:48+00,6044.83,AE751PA,pasadas_2026-07-23_5009A02044703.csv,AUSA
e2ad170a-125b-4cdf-ab1e-551c5fe6ba43,2026-07-16 21:53:13+00,8935.49,AD736OU,ConsumosResumen.xlsx,CORREDOR VIAL 5 S.A.U.
e2ae0888-bf02-44ee-b1fd-14ecd0f5ae0f,2026-07-23 23:02:21+00,9935.82,AF791ER,pasadas_2026-07-29_5009A02060191.csv,AUSA
e2b8d0d9-7aed-4261-98ee-758131520281,2026-07-05 17:07:01+00,8935.49,AH554RP,ConsumosResumen.xlsx,CORREDOR VIAL 5 S.A.U.
e2bc65b6-4369-4a49-bdf7-6ccef020cad5,2026-07-13 11:58:51+00,15255.79,AG893YR,pasadas_2026-07-15_5009A02037803.csv,AUSA
e2c849f3-9ebd-4946-b48b-e9bd8ac9e421,2026-07-01 05:34:26+00,4970.74,AH800QT,pasadas_2026-07-16_493556.csv,AUSOL
e2dab196-79a0-419d-9125-a37fbd7255e3,2026-07-10 14:40:33+00,3976.59,AB456CP,pasadas_2026-07-16_343555.csv,AUTOPISTA DEL OESTE
e2e36ab2-1045-40ad-b9c7-c56d0ebd6839,2026-07-15 04:42:24+00,6044.83,AD625QA,pasadas_2026-07-23_5009A02044703.csv,AUSA
e2e7daeb-0239-436d-ba76-54ae2f70e7b8,2026-07-08 05:22:25+00,6000.00,AB456CU,ConsumosResumen-202607-1.xlsx,CORREDORES VIALES SA
e308c959-3771-4041-8481-83e932dc09a7,2026-07-25 22:59:52+00,6044.83,AF993HA,pasadas_2026-07-29_5009A02052902.csv,AUSA
e31752ef-84eb-46a8-b611-1e371abe7c6c,2026-07-15 06:45:24+00,15255.79,AB247VR,pasadas_2026-07-23_5009A02044703.csv,AUSA
e341b5ee-ccac-46d2-a4dc-0c15fd889ba9,2026-07-06 02:39:13+00,6044.83,AB456CU,pasadas_2026-07-08_5009A02027769.csv,AUSA
e342bd17-bc87-416e-8e9f-05ead1b39d99,2026-07-09 02:04:56+00,994.15,AG533MF,pasadas_2026-07-16_493556.csv,AUSOL
e350280c-15c9-4697-bba6-87a0b52ca233,2026-07-04 13:35:44+00,6000.00,AD239PP,ConsumosResumen-202607-1.xlsx,CORREDORES VIALES SA
e350716e-4cf1-4fe3-8c89-4017c1a936c5,2026-06-26 18:47:33+00,6000.00,AC812DO,pasadas_2026-07-03_3313955.csv,CORREDORES VIALES SA
e36e5a9c-0500-4b06-8e12-68f69f00354e,2026-07-07 16:52:48+00,4771.95,AC295IE,pasadas_2026-07-16_343555.csv,AUTOPISTA DEL OESTE
e372aa8e-1473-4ca0-a65e-bfbc058ae628,2026-07-04 00:30:37+00,13466.55,AH351RT,pasadas_2026-07-15_5364164.csv,AUBASA
e386532c-b817-4070-b38a-bcc53b91028d,2026-07-08 20:47:41+00,7500.00,AH285SP,ConsumosResumen-202607-1.xlsx,CORREDORES VIALES SA
e3c7ff03-ca44-44e1-bfa9-d9427331193e,2026-07-20 17:04:42+00,6000.00,AG822HO,ConsumosResumen.xlsx,CORREDORES VIALES SA
e3e659c0-2525-4d2b-a205-0711d5ba658a,2026-07-21 17:10:25+00,9935.82,AG507DK,pasadas_2026-07-23_5009A02044703.csv,AUSA
e3f364a1-453c-431f-a117-f8224f7abb05,2026-06-29 11:30:17+00,5200.00,AD625QA,pasadas_2026-07-03_3313955.csv,CORREDORES VIALES SA
e401ccaf-74e2-468f-9404-7bfd0c08f5e2,2026-07-22 01:23:31+00,6000.00,AD239PP,ConsumosResumen.xlsx,CORREDORES VIALES SA
e40e5f7e-0e56-4ded-8d09-cd40203a7adb,2026-06-28 15:54:26+00,6500.00,AH185KI,pasadas_2026-07-03_3313955.csv,CORREDORES VIALES SA
e41ee2ad-6dcf-4797-a9ea-750b737415ea,2026-07-06 14:49:25+00,4970.74,AG939HR,pasadas_2026-07-16_343555.csv,AUTOPISTA DEL OESTE
e4555692-b615-4a0d-ba30-feab5b5826ee,2026-07-01 13:56:48+00,7500.00,AE952TH,ConsumosResumen-202607-1.xlsx,CORREDORES VIALES SA
e45c77da-be15-433c-98e8-bd04d670e53d,2026-07-14 07:34:32+00,6000.00,AF202UU,ConsumosResumen.xlsx,CORREDORES VIALES SA
e4791437-8c43-4a75-afde-31dc624c24b4,2026-07-14 12:25:58+00,15255.79,AF993HA,pasadas_2026-07-15_5009A02037760.csv,AUSA
e49f98d2-e05c-4c8a-a67b-095c897662a7,2026-07-27 11:20:17+00,9935.82,AB456CP,pasadas_2026-07-29_5009A02060191.csv,AUSA
e4aabe14-be38-4b6c-88fd-07ff4f928a7b,2026-07-17 16:19:46+00,8935.49,AH554RQ,ConsumosResumen.xlsx,CORREDOR VIAL 5 S.A.U.
e4b28a3f-b84d-4b58-a15b-2bd5a222b25c,2026-07-01 13:06:57+00,4970.74,AF993HA,pasadas_2026-07-16_329454.csv,AUTOPISTA DEL OESTE
e4b8d82f-135a-4300-85aa-319994b76efb,2026-07-13 21:57:47+00,7148.39,AD328WK,ConsumosResumen.xlsx,CORREDOR VIAL 5 S.A.U.
e4c44498-3438-4798-afed-56032735209c,2026-07-26 01:49:24+00,7500.00,AG893YR,ConsumosResumen.xlsx,CORREDORES VIALES SA
e4cb9aad-6ae5-4f9b-8b14-545da212220f,2026-07-05 22:07:28+00,4970.74,AG939HR,pasadas_2026-07-16_493556.csv,AUSOL
e502180a-3a17-4e30-8ef5-1ea14e493df9,2026-07-20 18:32:33+00,6000.00,AF509QF,ConsumosResumen.xlsx,CORREDORES VIALES SA
e505ec49-484d-482c-b37b-13fe51703d29,2026-07-23 23:26:44+00,6000.00,AF993HK,ConsumosResumen.xlsx,CORREDORES VIALES SA
e5271f7e-9b3a-467e-a863-8830ebca89fc,2026-07-20 16:31:02+00,16982.69,AH185KI,pasadas_2026-07-23_5009A02044703.csv,AUSA
e53834fc-6be8-41e4-baf2-0cb8c6953318,2026-07-27 02:27:57+00,7500.00,AH729QW,ConsumosResumen.xlsx,CORREDORES VIALES SA
e53e2bbb-3d27-4a7f-8981-8b4a9f6cea5e,2026-07-22 23:51:48+00,15255.79,AG507DK,pasadas_2026-07-23_5009A02044703.csv,AUSA
e5426226-d976-4897-834a-1a1795eeafb6,2026-07-01 09:00:45+00,4771.95,AD625QB,pasadas_2026-07-16_343555.csv,AUTOPISTA DEL OESTE
e5451e15-a584-440d-8ead-afddf988394b,2026-07-27 06:22:14+00,9935.82,AE952TH,pasadas_2026-07-29_5009A02060191.csv,AUSA
e55effb1-39d2-49d4-9270-699c78abeefe,2026-06-26 18:37:39+00,6000.00,AA561YA,ConsumosResumen-202607-1.xlsx,CORREDORES VIALES SA
e593d091-0718-4f8a-8cea-1e79a66afea8,2026-07-04 21:24:53+00,1500.00,AG249HS,ConsumosResumen-202607-1.xlsx,CORREDORES VIALES SA
e5b986f7-169f-4350-91e5-8cfe45229685,2026-07-14 08:29:53+00,8935.49,AH554RP,ConsumosResumen.xlsx,CORREDOR VIAL 5 S.A.U.
e5be5dfd-b86e-4a47-b803-bba526e6b07b,2026-07-06 12:51:46+00,1439.11,AI348TS,pasadas_2026-07-15_5009A02037760.csv,AUSA
e5cdd063-6645-46a1-8b5e-0b16f8421238,2026-07-15 02:04:50+00,3976.59,AF231PZ,pasadas_2026-07-16_343555.csv,AUTOPISTA DEL OESTE
e5fcc31a-edfd-4a9d-bccd-7a9f08d19fec,2026-07-13 20:24:21+00,6000.00,AE469PL,ConsumosResumen.xlsx,CORREDORES VIALES SA
e6044b81-cb32-43a2-8237-85890bb97869,2026-07-01 14:47:32+00,3976.59,AB456CU,pasadas_2026-07-16_343555.csv,AUTOPISTA DEL OESTE
e611121a-3d90-468d-ad5c-b0fc224f6a58,2026-07-14 11:50:14+00,9935.82,AF091AI,pasadas_2026-07-15_5009A02037803.csv,AUSA
e6149b21-daa0-46b3-be72-60b08bcfc83e,2026-06-29 16:06:38+00,9731.46,AE469PH,pasadas_2026-07-08_5009A02027769.csv,AUSA
e61f0742-3980-48d4-9a20-da1621e7affb,2026-07-16 13:57:07+00,6000.00,AD625QA,ConsumosResumen.xlsx,CORREDORES VIALES SA
e62754a9-3efc-48dc-a6fa-0520d57ba3c7,2026-07-24 12:52:16+00,7500.00,AH351RT,ConsumosResumen.xlsx,CORREDORES VIALES SA
e645a21a-2aa3-446d-9190-7027984caf1d,2026-07-24 17:46:23+00,6000.00,AD625QA,ConsumosResumen.xlsx,CORREDORES VIALES SA
e64ad6a4-54c1-4f3c-a1de-e078be17a06a,2026-07-05 18:46:21+00,13466.55,AF993HA,pasadas_2026-07-15_5364165.csv,AUBASA
e65a9fa5-02fc-428e-9c97-fcf523b4af8d,2026-07-09 09:22:44+00,5964.94,AG309CO,pasadas_2026-07-16_493556.csv,AUSOL
e68afddf-6e93-4443-9eac-d91bfeaec73d,2026-07-03 10:16:32+00,4771.95,AB456CQ,pasadas_2026-07-16_343555.csv,AUTOPISTA DEL OESTE
e69c28cb-3d51-430c-b15d-9593079a1d29,2026-07-06 21:31:54+00,7500.00,AH285SP,ConsumosResumen-202607-1.xlsx,CORREDORES VIALES SA
e6ac889b-2b18-4d59-b52c-1209fe1fa248,2026-07-12 19:31:45+00,6000.00,AG893YR,ConsumosResumen-202607-1.xlsx,CORREDORES VIALES SA
e6fa7bee-1a9c-44d3-bace-54efe55c101a,2026-07-18 21:32:00+00,15255.79,AG916MK,pasadas_2026-07-23_5009A02044703.csv,AUSA
e714339c-8a9c-4cfb-90be-ee76d3f8c040,2026-07-08 09:25:00+00,6000.00,AF411UY,ConsumosResumen-202607-1.xlsx,CORREDORES VIALES SA
e73c4ebf-aea5-466c-b825-74e2b7c59671,2026-07-27 10:56:11+00,16982.69,AD625QA,pasadas_2026-07-29_5009A02060191.csv,AUSA
e74069f9-c332-48aa-a236-6532ebe3359c,2026-07-12 21:55:48+00,2395.04,AI348TS,pasadas_2026-07-15_5364165.csv,AUBASA
e744054e-fe38-4d83-9011-622c767313e6,2026-07-01 10:32:15+00,5964.94,AI178ER,pasadas_2026-07-16_329454.csv,AUTOPISTA DEL OESTE
e74b73ac-989e-4f35-aadb-b00c768a9461,2026-07-15 02:42:45+00,6000.00,AD625QA,ConsumosResumen.xlsx,CORREDORES VIALES SA
e782e1f3-7b28-43bf-979d-e797c93c5155,2026-07-14 09:12:10+00,4771.95,AC295IE,pasadas_2026-07-16_343555.csv,AUTOPISTA DEL OESTE
e78865e9-e6a0-4806-a72b-b8d3b3e0102f,2026-07-25 13:22:34+00,7500.00,AG507DK,ConsumosResumen.xlsx,CORREDORES VIALES SA
e79346d7-71f4-4795-b79c-ad8924c98f50,2026-06-29 14:00:24+00,21000.00,AF993HA,pasadas_2026-07-22_1947769.csv,UNIDAD EJECUTORA (SANTA FE)
e7baf0d1-bdad-47cf-9eaa-d835e0441ba7,2026-07-23 10:15:22+00,3000.00,AD985XP,ConsumosResumen.xlsx,CORREDORES VIALES SA
e7c52585-0fc2-4324-85a2-a24429c57b18,2026-07-27 22:39:38+00,6195.30,AD625QA,ConsumosResumen.xlsx,RUTAS SUR ATLANTICO S.A.
e7ca30fc-4400-46ef-9bbe-aa457d1a1952,2026-07-28 11:03:31+00,1439.11,AG249HS,pasadas_2026-07-29_5009A02060191.csv,AUSA
e7cd3d03-6d43-423e-b871-fd0aca3fb440,2026-07-21 04:49:57+00,6044.83,AD625QB,pasadas_2026-07-23_5009A02044703.csv,AUSA
e7cde45b-bf41-48ed-8c80-faf21cc73016,2026-06-25 12:09:14+00,5200.00,AG110LK,pasadas_2026-07-03_3313955.csv,CORREDORES VIALES SA
e7f94ae3-e412-4e6f-9ef2-0be7f1641eef,2026-07-15 10:46:33+00,21000.00,AG893YR,pasadas_2026-07-22_1947768.csv,UNIDAD EJECUTORA (SANTA FE)
e8086ce6-db7f-4b90-9f07-aa09230a35af,2026-07-04 21:20:29+00,26933.11,AH185KI,pasadas_2026-07-15_5364164.csv,AUBASA
e8122cdc-cffe-4c3a-a038-d56b51c8687c,2026-07-06 02:14:34+00,11222.12,AF103ZL,pasadas_2026-07-15_5364164.csv,AUBASA
e8252e40-f094-4a35-8298-4cacc5a0ba5e,2026-07-06 21:49:11+00,4970.74,AH351RT,pasadas_2026-07-16_343555.csv,AUTOPISTA DEL OESTE
e8297dd7-fcdd-4df1-b002-9d4866aa5d35,2026-07-03 10:40:16+00,4771.95,AB456CQ,pasadas_2026-07-16_343555.csv,AUTOPISTA DEL OESTE
e83c31f0-080c-4743-8de3-70c23574bde1,2026-07-06 16:05:20+00,6000.00,AB456CP,ConsumosResumen-202607-1.xlsx,CORREDORES VIALES SA
e8440cfe-9113-4b9d-b574-803f4337c7ed,2026-07-06 02:49:01+00,11222.12,AF231PZ,pasadas_2026-07-15_5364164.csv,AUBASA
e8616b8c-ba9f-4100-9c14-2f291f43b68f,2026-07-08 14:32:42+00,1988.30,AF411UY,pasadas_2026-07-16_493556.csv,AUSOL
e868cbe4-d97d-44c4-bbea-93203817bf50,2026-07-03 22:39:36+00,15255.79,AG309CO,pasadas_2026-07-08_5009A02027769.csv,AUSA
e870d742-2a36-4f79-95e6-f62a804521dd,2026-07-15 05:21:57+00,9935.82,AF436WI,pasadas_2026-07-23_5009A02044703.csv,AUSA
e88c41a1-36a7-4d71-a18d-f09981c4a038,2026-07-10 18:30:29+00,4771.95,AB456CU,pasadas_2026-07-16_343555.csv,AUTOPISTA DEL OESTE
e897b9a6-62cc-456a-93a0-4b7074843f82,2026-07-10 11:14:11+00,8935.49,AH554RQ,ConsumosResumen.xlsx,CORREDOR VIAL 5 S.A.U.
e8a7dfd9-a5a0-4ebe-b4f7-dbf14c8e3a42,2026-07-07 23:40:24+00,13466.55,AH351RT,pasadas_2026-07-15_5364164.csv,AUBASA
e8aad97c-a30c-473d-bf3a-0419ecc48cee,2026-07-03 13:32:01+00,13466.55,AH185KI,pasadas_2026-07-15_5364164.csv,AUBASA
e8f4c8ab-9056-4767-9b9a-55054f8d9644,2026-07-13 02:24:05+00,15255.79,AG309CO,pasadas_2026-07-15_5009A02037803.csv,AUSA
e8ff4623-9642-4701-8323-8bd478e7d36b,2026-07-13 05:02:40+00,3976.59,AH033DL,pasadas_2026-07-16_493556.csv,AUSOL
e903efff-b96c-49f6-aa86-65c1fce8c050,2026-06-28 22:48:04+00,7500.00,AH351RT,ConsumosResumen-202607-1.xlsx,CORREDORES VIALES SA
e914e311-c723-4611-a366-7e2ae5c0a238,2026-07-01 18:14:41+00,5964.94,AF533SR,pasadas_2026-07-16_343555.csv,AUTOPISTA DEL OESTE
e920f616-e4b9-4a1a-b5a4-9cefd57ed65c,2026-07-10 07:40:22+00,6044.83,EXT374,pasadas_2026-07-15_5009A02037803.csv,AUSA
e92597e4-ff4d-4734-98f7-f0ea5b6cdaeb,2026-07-18 05:21:25+00,7500.00,AG507DK,ConsumosResumen.xlsx,CORREDORES VIALES SA
e93011c0-c90c-4f5c-9f66-855fe2e65f82,2026-06-29 15:27:06+00,9731.46,AF136HN,pasadas_2026-07-08_5009A02027769.csv,AUSA
e935b860-9526-4db4-8059-509d0d4ad554,2026-07-20 13:08:13+00,4646.47,AF389UV,ConsumosResumen.xlsx,RUTAS SUR ATLANTICO S.A.
e95f833c-5755-4e77-848a-cfc5f661fcc5,2026-07-06 20:15:46+00,6000.00,AG893YR,ConsumosResumen-202607-1.xlsx,CORREDORES VIALES SA
e961bedb-ce75-479d-8f0b-d36df2c9dd4c,2026-07-03 20:11:35+00,3976.59,AF103ZL,pasadas_2026-07-16_343555.csv,AUTOPISTA DEL OESTE
e96b24ed-863b-4dd0-a106-e62d5c760e59,2026-07-01 15:59:19+00,4500.00,AF389UV,ConsumosResumen-202607-1.xlsx,CORREDORES VIALES SA
e96b44c8-b5f6-4717-8795-f18c3cfb6424,2026-07-16 11:14:52+00,6000.00,AB456CQ,ConsumosResumen.xlsx,CORREDORES VIALES SA
e970776d-d076-4776-859e-6307fa9b7f02,2026-07-08 21:14:43+00,9935.82,AI348TS,pasadas_2026-07-15_5009A02037760.csv,AUSA
e9799efd-5681-4752-9361-d6b30ab54490,2026-07-09 16:10:34+00,7500.00,AH554RQ,ConsumosResumen-202607-1.xlsx,CORREDORES VIALES SA
e9b3ce77-b1e7-4fe7-909e-ec7a728ef919,2026-07-20 06:40:10+00,15255.79,AB247VR,pasadas_2026-07-23_5009A02044703.csv,AUSA
e9cc0f2d-ee38-4465-b7b9-d1ea4f25a4e0,2026-07-22 06:18:39+00,4646.47,AF389UV,ConsumosResumen.xlsx,RUTAS SUR ATLANTICO S.A.
e9ea05fa-a7a8-4529-bb8c-50e1492ea83c,2026-07-13 09:25:34+00,4771.95,AA561YA,pasadas_2026-07-16_343555.csv,AUTOPISTA DEL OESTE
ea2245d1-ac09-40f0-ae36-a5cccde2ea71,2026-07-20 00:40:26+00,8935.49,AE952TH,ConsumosResumen.xlsx,CORREDOR VIAL 5 S.A.U.
ea4392d2-5719-45cd-a340-de8bb4089830,2026-07-03 12:30:49+00,13466.55,AF091AI,pasadas_2026-07-15_5364164.csv,AUBASA
ea4c7da4-903f-4675-b0b0-4ff6db6ac98a,2026-07-25 22:01:15+00,15255.79,AF136HN,pasadas_2026-07-29_5009A02060191.csv,AUSA
ea4e5df4-2a81-45ea-a4c9-8c64c6983152,2026-07-02 13:21:09+00,15255.79,AF202UU,pasadas_2026-07-08_5009A02027769.csv,AUSA
ea54ea49-8177-41be-a878-14e3d277554e,2026-07-01 10:34:17+00,17400.00,AE469PH,pasadas_2026-07-22_1947768.csv,UNIDAD EJECUTORA (SANTA FE)
ea56036b-96fb-45bd-8cab-21a234156d64,2026-07-12 20:53:54+00,16982.69,AG309CO,pasadas_2026-07-15_5009A02037803.csv,AUSA
ea6db4f3-1b7e-4673-a25f-0500f07b90a6,2026-07-17 02:51:04+00,4500.00,AE284KH,ConsumosResumen.xlsx,CORREDORES VIALES SA
ea986122-89c1-4b9c-a803-712222e12d01,2026-07-01 17:53:03+00,33965.25,AE751PA,pasadas_2026-07-08_5009A02027769.csv,AUSA
eaa228c7-8cd2-4194-adea-ec833533fe26,2026-07-01 10:19:22+00,6000.00,AF136HN,ConsumosResumen-202607-1.xlsx,CORREDORES VIALES SA
eaa3d859-2556-40de-949d-f4ac2eb84949,2026-07-13 10:36:13+00,4771.95,AB151SM,pasadas_2026-07-16_343555.csv,AUTOPISTA DEL OESTE
eab18c9b-cced-48e5-ad20-8bdc8a2546de,2026-07-27 15:48:58+00,9935.82,AG507DK,pasadas_2026-07-29_5009A02060191.csv,AUSA
eab83cd2-92f7-415a-a61d-3c1cdd60ecda,2026-07-24 09:44:10+00,7500.00,AH554RQ,ConsumosResumen.xlsx,CORREDORES VIALES SA
eac312e3-d27d-48e6-8c4c-ad6a39092f9a,2026-07-19 00:52:14+00,1500.00,AG533MF,ConsumosResumen.xlsx,CORREDORES VIALES SA
ead3648b-9105-406c-8629-ba9212d3f6f5,2026-06-29 22:03:52+00,7500.00,AE952TH,ConsumosResumen-202607-1.xlsx,CORREDORES VIALES SA
eadc9944-3854-401a-a69d-80d3dbd6c071,2026-07-14 12:33:29+00,4790.06,AG249HS,pasadas_2026-07-15_5364164.csv,AUBASA
eafafb30-6b97-4831-80ba-6bae9596e2ad,2026-07-05 22:39:21+00,6044.83,AG939HR,pasadas_2026-07-08_5009A02027769.csv,AUSA
eb07e864-e3d2-4b1b-9407-29f8c0b45761,2026-07-16 06:02:51+00,1500.00,AG249HS,ConsumosResumen.xlsx,CORREDORES VIALES SA
eb1fd4e3-b6e9-4c43-aeb6-4c0339aac269,2026-07-24 20:30:39+00,6000.00,AG309CO,ConsumosResumen.xlsx,CORREDORES VIALES SA
eb4f62ab-7744-4991-bdd2-0206c37c96b8,2026-07-09 16:44:52+00,7744.12,AF202UU,ConsumosResumen-202607-1.xlsx,RUTAS SUR ATLANTICO S.A.
eb537fda-c47a-453d-8677-e7866194bb41,2026-07-14 07:02:48+00,4771.95,AC264UA,pasadas_2026-07-16_343555.csv,AUTOPISTA DEL OESTE
eb687647-15f6-4a29-bdde-4782512707f1,2026-07-09 10:41:01+00,6000.00,AG939HR,ConsumosResumen-202607-1.xlsx,CORREDORES VIALES SA
eb69fc06-6697-4095-9fa3-6a1085209037,2026-06-30 08:21:20+00,4500.00,AF436WI,ConsumosResumen-202607-1.xlsx,CORREDORES VIALES SA
eb718642-4f09-4d28-bb4c-61c75e143bbd,2026-07-01 14:56:07+00,4970.74,AH351RT,pasadas_2026-07-16_343555.csv,AUTOPISTA DEL OESTE
eb83c8ea-0563-4830-b030-8395bbf0fb96,2026-07-15 02:04:03+00,6000.00,AG916MK,ConsumosResumen.xlsx,CORREDORES VIALES SA
eb847a47-07de-4e39-8eaa-8c5326dd244d,2026-07-06 15:33:45+00,4970.74,AG309CO,pasadas_2026-07-16_343555.csv,AUTOPISTA DEL OESTE
eb8a6144-68df-4cbb-ae23-a4352db4ad31,2026-07-02 14:07:34+00,7500.00,AE831SI,ConsumosResumen-202607-1.xlsx,CORREDORES VIALES SA
eba07771-c212-421c-82ba-8e1fd27a66fe,2026-07-04 14:10:44+00,3976.59,AA561YA,pasadas_2026-07-16_493556.csv,AUSOL
ebae288c-6975-420b-a2ac-b4d139162366,2026-07-06 10:38:53+00,26933.11,AH729QW,pasadas_2026-07-15_5364164.csv,AUBASA
ebc008b0-3cd8-4c88-a358-799e30a74eef,2026-07-14 14:55:26+00,8935.49,AH554RQ,ConsumosResumen.xlsx,CORREDOR VIAL 5 S.A.U.
ebd1c30f-92cc-43db-9a51-9d2cad140f1d,2026-07-15 18:30:43+00,17962.75,AG916MK,pasadas_2026-07-15_5364164.csv,AUBASA
ebe85b55-8236-4a48-8583-c0ffa440e499,2026-07-28 11:38:26+00,15255.79,AB456CQ,pasadas_2026-07-29_5009A02060191.csv,AUSA
ebec5303-4c6a-48fd-8a14-7c255948ce77,2026-07-09 23:04:20+00,9935.82,AG893YR,pasadas_2026-07-15_5009A02037803.csv,AUSA
ebefdc60-73c5-44b4-9de4-75b75c5cbb3f,2026-07-26 20:56:49+00,3000.00,AC295IE,ConsumosResumen.xlsx,CORREDORES VIALES SA
ebf86d24-24ec-4261-bead-2c235ca0f57d,2026-07-13 13:04:22+00,15255.79,AD625QA,pasadas_2026-07-15_5009A02037803.csv,AUSA
ebff25c7-8f42-49ea-8b47-0ed146bfce34,2026-07-03 13:37:52+00,994.15,AG249HS,pasadas_2026-07-16_493556.csv,AUSOL
ec3ff2ff-5d57-489b-8b78-f7130e94765d,2026-06-30 10:29:02+00,6000.00,EXT374,ConsumosResumen-202607-1.xlsx,CORREDORES VIALES SA
ec5fc6f1-2fce-4bb6-9892-ba538ff2e966,2026-07-14 17:32:19+00,8935.49,AH554RQ,ConsumosResumen.xlsx,CORREDOR VIAL 5 S.A.U.
ec696367-d107-4775-8302-55e370701bae,2026-07-24 20:11:31+00,9935.82,AI348TS,pasadas_2026-07-29_5009A02052902.csv,AUSA
eca72572-5923-443a-b24b-0b6ee12a8e0d,2026-07-27 14:35:40+00,15255.79,AB151SM,pasadas_2026-07-29_5009A02060191.csv,AUSA
ecb78497-29e4-4bb0-a6ff-3808c3348e94,2026-07-01 09:22:17+00,6000.00,AG939HR,ConsumosResumen-202607-1.xlsx,CORREDORES VIALES SA
ecc6fc99-b4dd-42c2-bb91-21a369c4cddc,2026-07-15 20:33:46+00,11975.15,AG507DK,pasadas_2026-07-15_5364164.csv,AUBASA
ecd12c09-4566-4bd2-b24d-18770300ba62,2026-07-15 10:44:02+00,6000.00,AD239PP,ConsumosResumen.xlsx,CORREDORES VIALES SA
ecd8b938-505d-41e5-ab2d-1cbee01ff8d0,2026-07-16 10:13:02+00,33965.25,AE751PA,pasadas_2026-07-23_5009A02044703.csv,AUSA
eceea4eb-f071-4959-ab84-09e1420ea97e,2026-07-12 20:57:32+00,5964.94,AG893YR,pasadas_2026-07-16_493556.csv,AUSOL
eceec572-d148-4f65-82c7-ae2c6d7ec8d8,2026-07-09 01:13:04+00,6044.83,AH729QW,pasadas_2026-07-15_5009A02037803.csv,AUSA
ecf2efa9-3468-46b7-b360-d7e5266a4bd3,2026-07-07 10:48:31+00,17400.00,AF103ZL,pasadas_2026-07-22_1947768.csv,UNIDAD EJECUTORA (SANTA FE)
ed52cc2e-2b0f-4642-87f7-85dc3f64547f,2026-06-30 21:50:37+00,6000.00,AD239PP,ConsumosResumen-202607-1.xlsx,CORREDORES VIALES SA
ed5f4fbb-9d59-4a08-bea6-7b8d850235d9,2026-07-20 17:32:32+00,4500.00,AF436WI,ConsumosResumen.xlsx,CORREDORES VIALES SA
ed74efd5-8176-4bbe-a09d-c0d3dda46f68,2026-07-08 09:32:07+00,6000.00,AD625QA,ConsumosResumen-202607-1.xlsx,CORREDORES VIALES SA
ed969bd8-ea1c-4fcc-9da9-11c882c76093,2026-07-06 17:12:53+00,3000.00,AD985XP,ConsumosResumen-202607-1.xlsx,CORREDORES VIALES SA
ed9dd03c-cbe3-4c2d-8c8d-22ec9e750120,2026-06-29 06:49:16+00,3000.00,AD933WS,ConsumosResumen-202607-1.xlsx,CORREDORES VIALES SA
edb9cbec-e1ba-45cb-aa94-99504fd54b71,2026-06-25 10:54:12+00,6000.00,AD239PP,pasadas_2026-07-03_3313955.csv,CORREDORES VIALES SA
edc7f74c-d78b-46f1-a276-d8c0ac369546,2026-07-07 08:30:04+00,4771.95,AB633TY,pasadas_2026-07-16_493556.csv,AUSOL
edcfa4c1-f51e-4799-9a14-426a3353d19e,2026-07-23 00:12:36+00,6044.83,AG507DK,pasadas_2026-07-29_5009A02060191.csv,AUSA
edda9805-00fb-4d83-baa3-d8f259764deb,2026-07-23 18:21:55+00,6000.00,AD667DM,ConsumosResumen.xlsx,CORREDORES VIALES SA
ee19af83-ae6c-4f1d-9fb7-b3b3c320a40a,2026-07-01 15:38:12+00,7500.00,AG862VH,ConsumosResumen-202607-1.xlsx,CORREDORES VIALES SA
ee26826e-fdc1-4b89-b59a-a832b16d5b89,2026-07-22 19:47:38+00,6000.00,AD625QA,ConsumosResumen.xlsx,CORREDORES VIALES SA
ee497bb6-dabd-4a4d-a77c-7b62b495a0aa,2026-07-14 16:05:56+00,16982.69,AF993HA,pasadas_2026-07-15_5009A02037760.csv,AUSA
ee5b2bea-3531-42f1-b44a-76e174a98fb1,2026-07-10 07:52:30+00,14968.96,EXT374,pasadas_2026-07-15_5364164.csv,AUBASA
ee5faa25-ac54-47a1-a6cf-457aebd8b5eb,2026-06-29 18:42:00+00,9731.46,AH543IQ,pasadas_2026-07-08_5009A02027769.csv,AUSA
ee65dbe4-5940-45af-962b-d2d2e5320f4b,2026-07-13 14:18:09+00,15255.79,AG309CO,pasadas_2026-07-15_5009A02037803.csv,AUSA
ee6d66f2-5e32-4bfd-b80c-87925c84277e,2026-07-20 09:11:53+00,6000.00,AD096FX,ConsumosResumen.xlsx,CORREDORES VIALES SA
ee7533e6-4c5f-4cfd-af2b-34b4f29da3da,2026-07-10 17:16:39+00,4771.95,AD985XP,pasadas_2026-07-16_343555.csv,AUTOPISTA DEL OESTE
ee9e0b82-ab97-4832-9768-9f2f519daad7,2026-07-07 18:04:54+00,14027.67,AA561YA,pasadas_2026-07-15_5364164.csv,AUBASA
eea4098c-6641-4ea4-8a16-28adeba45b49,2026-07-12 20:49:12+00,14370.19,AF202UU,pasadas_2026-07-15_5364164.csv,AUBASA
eea97cf1-3317-4017-86f0-9c28e1249e47,2026-07-22 23:51:48+00,15255.79,AG916MK,pasadas_2026-07-23_5009A02044703.csv,AUSA
eedfd092-b827-4f9a-ad3b-480bdf950ef9,2026-07-24 06:46:19+00,9935.82,OWG130,pasadas_2026-07-29_5009A02060191.csv,AUSA
ef1b549a-98bf-4aae-a8b1-28d486955d7c,2026-07-02 10:24:37+00,4771.95,EXT374,pasadas_2026-07-16_493556.csv,AUSOL
ef1def35-6271-4f69-a0e9-12add6ef2d02,2026-07-23 10:30:50+00,6000.00,OWG130,ConsumosResumen.xlsx,CORREDORES VIALES SA
ef41d27d-9168-4c81-92ec-e84cbdac624f,2026-07-21 05:33:05+00,15255.79,AG507DK,pasadas_2026-07-23_5009A02044703.csv,AUSA
ef50c3e0-6b76-4429-8fad-1638c6c95cd9,2026-07-01 15:43:44+00,6000.00,AF136HN,ConsumosResumen-202607-1.xlsx,CORREDORES VIALES SA
ef5e0869-7048-4e5a-80bc-30dc33b729e1,2026-06-28 03:00:51+00,7500.00,AH729QW,ConsumosResumen-202607-1.xlsx,CORREDORES VIALES SA
ef79d454-d42f-4eba-8081-90cb2f69d3fa,2026-06-30 12:18:46+00,1500.00,AG309CH,ConsumosResumen-202607-1.xlsx,CORREDORES VIALES SA
ef7acef3-a83b-47c8-b5d5-1ada506acf6b,2026-07-10 16:08:44+00,4771.95,AB633TY,pasadas_2026-07-16_343555.csv,AUTOPISTA DEL OESTE
ef88aeb3-b527-4c84-bc26-716b0d0a67d9,2026-07-03 07:01:20+00,16982.69,AF091AI,pasadas_2026-07-08_5009A02027769.csv,AUSA
efa01bca-4df7-4ec5-86ea-67c709c8e9cd,2026-07-16 09:23:30+00,6000.00,OWG130,ConsumosResumen.xlsx,CORREDORES VIALES SA
efac22b5-2fc2-47f6-b062-fdc97d763915,2026-07-15 18:12:17+00,4771.95,AD239PP,pasadas_2026-07-16_343555.csv,AUTOPISTA DEL OESTE
efadc33c-501c-403b-b03e-bf26813597bc,2026-06-26 08:50:34+00,17400.00,AD625QB,pasadas_2026-07-22_1947768.csv,UNIDAD EJECUTORA (SANTA FE)
efc231c7-d2e2-4721-8fc0-d17749c41f58,2026-07-16 08:52:14+00,7500.00,AH543IQ,ConsumosResumen.xlsx,CORREDORES VIALES SA
efd53f56-ecca-4430-a7b6-6adcc2c200fa,2026-07-06 18:50:06+00,6000.00,AF103ZL,ConsumosResumen-202607-1.xlsx,CORREDORES VIALES SA
efd5b71c-4223-48bf-88fa-a29a2d394740,2026-07-03 07:56:22+00,6000.00,AG893YR,ConsumosResumen-202607-1.xlsx,CORREDORES VIALES SA
efdf036b-0175-4d0f-9b07-5d5fad0b38bf,2026-07-06 02:59:55+00,1500.00,AG533MF,ConsumosResumen-202607-1.xlsx,CORREDORES VIALES SA
efe76907-882d-4727-aac8-e7c7e4d16fd0,2026-07-20 15:12:39+00,6000.00,AB456CP,ConsumosResumen.xlsx,CORREDORES VIALES SA
efeba2d0-597d-4932-9a7e-f364857fb78f,2026-07-19 23:25:59+00,6000.00,AC812DO,ConsumosResumen.xlsx,CORREDORES VIALES SA
eff4ac61-3458-4f05-9d35-82cff1431bcd,2026-07-01 11:47:00+00,3976.59,AB633TZ,pasadas_2026-07-16_493556.csv,AUSOL
eff6a88a-443c-42c9-9665-904264b03b18,2026-07-10 17:30:12+00,6000.00,AF136HN,ConsumosResumen-202607-1.xlsx,CORREDORES VIALES SA
f01f7987-3fa2-4760-ace8-438ee976593d,2026-07-07 18:03:34+00,4771.95,EXT374,pasadas_2026-07-16_343555.csv,AUTOPISTA DEL OESTE
f02a7ddc-f1a0-456c-87d2-070f8015913d,2026-06-28 17:17:46+00,7500.00,AH554RQ,ConsumosResumen-202607-1.xlsx,CORREDORES VIALES SA
f02dea54-aad3-4eb2-8c68-385dc0de149c,2026-07-24 12:42:35+00,8935.49,AH554RP,ConsumosResumen.xlsx,CORREDOR VIAL 5 S.A.U.
f04878dd-9248-45a2-8ec2-7cf1bb3a261a,2026-07-13 05:38:42+00,9935.82,AI178ER,pasadas_2026-07-15_5009A02037760.csv,AUSA
f04cd1cb-b1bc-4358-90f1-45b284be8887,2026-07-07 10:02:12+00,5361.29,AF436WI,ConsumosResumen.xlsx,RUTAS SUR ATLANTICO S.A.
f0509ae0-c5e4-4862-a5db-0838828e0a83,2026-07-07 10:52:37+00,4771.95,AC264UA,pasadas_2026-07-16_343555.csv,AUTOPISTA DEL OESTE
f0544a80-728d-437d-a377-f36388313465,2026-06-30 13:27:35+00,4500.00,AF734UP,ConsumosResumen-202607-1.xlsx,CORREDORES VIALES SA
f0698553-49a5-4fe0-b0af-17fcaeb4eaf3,2026-07-08 19:49:10+00,33965.25,AG893YR,pasadas_2026-07-15_5009A02037803.csv,AUSA
f07edcfa-b028-4cd3-8a77-e445e4f6a62f,2026-07-03 08:57:08+00,6000.00,AD239PP,ConsumosResumen-202607-1.xlsx,CORREDORES VIALES SA
f095003a-be06-47a5-b49b-b2854a65f838,2026-07-11 14:01:14+00,6000.00,AG916MK,ConsumosResumen-202607-1.xlsx,CORREDORES VIALES SA
f09e48bd-e020-48d0-bc0a-ba696d18780b,2026-07-23 10:37:48+00,4500.00,AF436WI,ConsumosResumen.xlsx,CORREDORES VIALES SA
f0a254f1-e7bc-4ede-be0f-c008e0149ec0,2026-07-13 13:00:16+00,3976.59,AF993HK,pasadas_2026-07-16_343555.csv,AUTOPISTA DEL OESTE
f0a55070-00ef-4b58-8958-dccac3e26539,2026-07-07 13:23:56+00,7500.00,AH729QW,ConsumosResumen-202607-1.xlsx,CORREDORES VIALES SA
f0ad83b6-f7f7-43f4-af0d-90006f4064f6,2026-07-14 07:49:56+00,7500.00,AE751PA,ConsumosResumen.xlsx,CORREDORES VIALES SA
f0c46b94-47b5-4f48-9e35-cad2951c12cd,2026-07-12 20:24:14+00,5964.94,AG916MK,pasadas_2026-07-16_493556.csv,AUSOL
f0cbff79-55f8-439e-a680-a6201d6c16eb,2026-07-14 14:25:50+00,23950.33,AB151SM,pasadas_2026-07-15_5364164.csv,AUBASA
f0dc98e8-e900-4bcf-ae0e-1a961a7500f2,2026-07-04 12:08:02+00,1192.99,AG309CH,pasadas_2026-07-16_493556.csv,AUSOL
f10723e8-be6b-4823-b6c4-a45a2f74a71f,2026-06-30 15:33:50+00,7500.00,AG939HX,ConsumosResumen-202607-1.xlsx,CORREDORES VIALES SA
f117d958-d838-4256-a8b1-396fe7e1b82e,2026-07-23 21:19:33+00,15255.79,AH351RT,pasadas_2026-07-29_5009A02060191.csv,AUSA
f13b6af3-22b9-4718-9686-d4a363d514b5,2026-07-12 21:00:48+00,9935.82,AG309CO,pasadas_2026-07-15_5009A02037803.csv,AUSA
f1433e63-61d5-491b-82e9-5da41922268d,2026-07-05 22:59:59+00,13466.55,AG309CO,pasadas_2026-07-15_5364164.csv,AUBASA
f15acc3a-337d-4140-803c-102584fc3def,2026-07-05 00:04:41+00,6044.83,AH185KI,pasadas_2026-07-08_5009A02027769.csv,AUSA
f16c2927-70ce-4d37-8d16-b3a3d0145f24,2026-07-03 11:28:31+00,3976.59,AE952TH,pasadas_2026-07-16_343555.csv,AUTOPISTA DEL OESTE
f1da5f85-2071-45f4-bc8b-133d4141c062,2026-07-10 08:18:47+00,4771.95,AB456CU,pasadas_2026-07-16_343555.csv,AUTOPISTA DEL OESTE
f1f5fe79-8451-4ec0-8058-557912fd122e,2026-07-06 17:07:40+00,4771.95,AB633TY,pasadas_2026-07-16_343555.csv,AUTOPISTA DEL OESTE
f205939a-b326-4973-8ce5-e64cf25c525f,2026-07-08 22:59:58+00,6044.83,AH351RT,pasadas_2026-07-15_5009A02037803.csv,AUSA
f208694b-705d-411c-8a93-91c9a85d53f7,2026-07-21 12:31:30+00,6000.00,AG822HO,ConsumosResumen.xlsx,CORREDORES VIALES SA
f22b9fff-5200-4046-906c-aa0f92cad3f9,2026-07-10 06:13:37+00,3976.59,AD985XP,pasadas_2026-07-16_343555.csv,AUTOPISTA DEL OESTE
f22e0dd3-bfd2-4417-8389-12d49ffb0b00,2026-07-09 23:27:55+00,2244.43,AI348TS,pasadas_2026-07-15_5364165.csv,AUBASA
f232d3b7-4de0-4cdc-be18-6dc0c64d02ad,2026-07-22 10:05:29+00,7500.00,AG110LK,ConsumosResumen.xlsx,CORREDORES VIALES SA
f25d2402-7d71-4ef3-b725-90bf619c5af1,2026-07-15 12:58:37+00,8935.49,AH554RP,ConsumosResumen.xlsx,CORREDOR VIAL 5 S.A.U.
f280b33d-d53f-4409-bb68-20094c14162f,2026-07-15 06:31:39+00,1500.00,AG249HS,ConsumosResumen.xlsx,CORREDORES VIALES SA
f285590e-71b0-4f38-b37e-9752b596615e,2026-07-13 13:33:11+00,9935.82,AH033DL,pasadas_2026-07-15_5009A02037803.csv,AUSA
f29711c5-b279-4fbb-b56c-066a9076853a,2026-07-20 12:56:48+00,7148.39,AH351RS,ConsumosResumen.xlsx,CORREDOR VIAL 5 S.A.U.
f2a75b49-8df4-46ed-b5b0-48cdef8f9a69,2026-07-01 05:05:45+00,6044.83,AI042WD,pasadas_2026-07-15_5009A02037760.csv,AUSA
f2a7823c-33b5-4dd9-92c6-a56b9cb8af70,2026-07-10 15:22:14+00,7500.00,AH554RP,ConsumosResumen-202607-1.xlsx,CORREDORES VIALES SA
f2bfdf4d-38e8-4cd1-aa53-66c5a304088b,2026-07-03 20:21:31+00,9935.82,AF533SR,pasadas_2026-07-08_5009A02027769.csv,AUSA
f2c98040-636d-4cd0-b435-d036e46de487,2026-07-16 16:22:22+00,8935.49,AH554RQ,ConsumosResumen.xlsx,CORREDOR VIAL 5 S.A.U.
f2d3093f-e6a3-466d-8297-ca066c5c8f3c,2026-07-22 18:43:58+00,5361.29,AF389UV,ConsumosResumen.xlsx,RUTAS SUR ATLANTICO S.A.
f2ebc010-3f98-4549-8284-517537b1039c,2026-07-17 22:43:58+00,7148.39,AG822HO,ConsumosResumen.xlsx,CORREDOR VIAL 5 S.A.U.
f2ee0a8d-bef6-4153-bcdf-9575967886a4,2026-07-08 21:21:26+00,1439.11,AI348TS,pasadas_2026-07-15_5009A02037760.csv,AUSA
f30c4c8b-2c48-47de-82d2-c9610f098cbb,2026-07-05 23:11:21+00,13466.55,AG939HR,pasadas_2026-07-15_5364164.csv,AUBASA
f30dd250-63f1-4f31-ba13-79892afe295b,2026-07-02 23:42:00+00,3976.59,AE469PH,pasadas_2026-07-16_493556.csv,AUSOL
f311889a-d459-4ae0-85a3-64c3e9266579,2026-07-27 15:36:07+00,8935.49,AH554RQ,ConsumosResumen.xlsx,CORREDOR VIAL 5 S.A.U.
f3227a55-f04d-4380-9654-d06c27e9ca08,2026-07-06 17:40:37+00,4500.00,AD625QB,ConsumosResumen-202607-1.xlsx,CORREDORES VIALES SA
f3267774-d16e-487e-a58b-08419a3eed0c,2026-07-09 02:00:48+00,7500.00,AH351RT,ConsumosResumen-202607-1.xlsx,CORREDORES VIALES SA
f32cf993-0387-41b4-9b26-5f3f468b8fce,2026-07-13 12:28:50+00,3976.59,AB633TY,pasadas_2026-07-16_343555.csv,AUTOPISTA DEL OESTE
f35c0ede-bd66-4281-85bf-cc27b9314c37,2026-06-30 03:34:36+00,6000.00,AF231PZ,ConsumosResumen-202607-1.xlsx,CORREDORES VIALES SA
f3603fd3-3ddc-4e52-a98b-dfd1323b594e,2026-07-14 22:31:31+00,21000.00,AG893YR,pasadas_2026-07-22_1947768.csv,UNIDAD EJECUTORA (SANTA FE)
f36e7f3e-c08d-4cc9-8465-b0d0fbb76a46,2026-07-05 02:55:28+00,7148.39,AG822HO,ConsumosResumen.xlsx,CORREDOR VIAL 5 S.A.U.
f373c066-f949-40d0-882b-f1afc38f87b7,2026-07-22 10:57:09+00,9935.82,AH543IQ,pasadas_2026-07-29_5009A02060191.csv,AUSA
f38aab6f-c214-444e-8d0a-45fd97d8360e,2026-07-13 05:08:57+00,6044.83,AI042WD,pasadas_2026-07-15_5009A02037760.csv,AUSA
f3a436ff-3571-47a0-87bf-84ec8c982bc0,2026-07-02 13:58:00+00,13466.55,AH351RT,pasadas_2026-07-15_5364164.csv,AUBASA
f3ba3f97-ceef-4c4f-95e8-9f0c308ffe64,2026-07-22 16:09:37+00,7148.39,AG893YR,ConsumosResumen.xlsx,RUTAS SUR ATLANTICO S.A.
f3dbbe6f-034e-4c61-92cf-1019ef8a4964,2026-07-24 08:26:52+00,6000.00,AC264UA,ConsumosResumen.xlsx,CORREDORES VIALES SA
f40bfadc-3eb9-418c-bff5-7fcf391d7a7b,2026-07-16 11:19:37+00,15255.79,AH033DL,pasadas_2026-07-23_5009A02044703.csv,AUSA
f40c5993-f44d-44a5-9281-b9ee0f377588,2026-07-27 06:06:45+00,9935.82,AB151SM,pasadas_2026-07-29_5009A02060191.csv,AUSA
f412553b-d977-4a47-88c3-8546019cfe27,2026-07-17 04:46:34+00,3097.65,AF436WI,ConsumosResumen.xlsx,RUTAS SUR ATLANTICO S.A.
f434eb77-38ce-43fe-b9be-10c473c26a95,2026-07-01 17:05:31+00,5964.94,AH543IQ,pasadas_2026-07-16_493556.csv,AUSOL
f43633a3-ac6a-4963-b42d-b03249982b5c,2026-06-26 10:23:43+00,17400.00,AD625QB,pasadas_2026-07-22_1947768.csv,UNIDAD EJECUTORA (SANTA FE)
f438b24b-664d-4377-b1ee-f5265d2ba07a,2026-07-13 17:29:54+00,33965.25,AF202UU,pasadas_2026-07-15_5009A02037803.csv,AUSA
f4592e41-a1b3-4d00-ad0a-f3639bb42656,2026-07-27 12:10:00+00,6195.30,AG916MK,ConsumosResumen.xlsx,RUTAS SUR ATLANTICO S.A.
f47576b5-ca16-42c3-9aea-ddc207b19608,2026-06-30 06:35:11+00,6000.00,AF202UU,ConsumosResumen-202607-1.xlsx,CORREDORES VIALES SA
f49479c6-b9ae-4134-a8aa-e7c3acb292cb,2026-07-04 11:18:23+00,7500.00,AF533SR,ConsumosResumen-202607-1.xlsx,CORREDORES VIALES SA
f495c9b4-871b-42cc-a5e0-4a41086137a7,2026-07-13 05:02:10+00,4970.74,AI178ER,pasadas_2026-07-16_493557.csv,AUSOL
f4a6b1bb-9e6e-4f70-9890-47a7c6d28014,2026-06-29 14:39:42+00,6500.00,AG916MK,pasadas_2026-07-03_3313955.csv,CORREDORES VIALES SA
f4af0810-e70e-4849-bc14-f8ddfd39ab59,2026-07-13 14:15:52+00,6000.00,AD482MT,ConsumosResumen.xlsx,CORREDORES VIALES SA
f4af307b-7dcb-46eb-a5e9-5f89da500dc4,2026-07-08 19:11:43+00,8935.49,AH554RQ,ConsumosResumen.xlsx,CORREDOR VIAL 5 S.A.U.
f4b8af53-9d30-4192-87f1-a4a4ced8aae9,2026-07-03 07:13:49+00,16833.20,AF091AI,pasadas_2026-07-15_5364164.csv,AUBASA
f4ba26fa-284d-41cd-b0bd-4034f175868d,2026-07-03 17:06:15+00,6000.00,AC264UA,ConsumosResumen-202607-1.xlsx,CORREDORES VIALES SA
f4ca72d3-8d88-473d-8474-8a7a43e260e7,2026-07-03 17:58:23+00,8935.49,AH729QW,ConsumosResumen.xlsx,RUTAS SUR ATLANTICO S.A.
f4e2d1ef-356b-404b-bd3e-bcae02a1e8f1,2026-06-28 14:27:50+00,4500.00,AF436WI,ConsumosResumen-202607-1.xlsx,CORREDORES VIALES SA
f4e3f8da-2b2c-4413-974f-33d73606b618,2026-07-22 11:42:52+00,9935.82,AG507DK,pasadas_2026-07-23_5009A02044703.csv,AUSA
f5027355-8c98-4694-8f23-bda560ed37d7,2026-07-16 17:10:14+00,8935.49,AD736OU,ConsumosResumen.xlsx,CORREDOR VIAL 5 S.A.U.
f51bd725-f9f0-4d62-bb3d-2a9fc28d98e8,2026-07-01 22:31:47+00,1500.00,AG533MF,ConsumosResumen-202607-1.xlsx,CORREDORES VIALES SA
f529d094-c639-49b3-9336-39d29408fb9d,2026-07-23 18:06:58+00,6000.00,AF231PZ,ConsumosResumen.xlsx,CORREDORES VIALES SA
f52b6bf3-0877-47d5-91f0-1bc171c4dd09,2026-07-14 16:05:36+00,16982.69,AH185KI,pasadas_2026-07-15_5009A02037803.csv,AUSA
f5479a0d-dcd4-4f37-ac76-3ed83b42feb9,2026-07-18 09:30:19+00,7500.00,AE831SI,ConsumosResumen.xlsx,CORREDORES VIALES SA
f55262ce-0cfe-4107-b96d-5d660451a3df,2026-07-25 05:15:52+00,6000.00,AE469PL,ConsumosResumen.xlsx,CORREDORES VIALES SA
f55ea001-869d-4543-894e-fcfde9931159,2026-06-26 19:15:10+00,6000.00,AF411UY,pasadas_2026-07-03_3313955.csv,CORREDORES VIALES SA
f59a7b2b-a917-45cd-8ce3-3637e9d00b2a,2026-07-20 19:30:26+00,6000.00,AD667DM,ConsumosResumen.xlsx,CORREDORES VIALES SA
f5cdfe30-c26c-4bd1-b319-e120758cd959,2026-07-03 15:56:39+00,3976.59,AC264UA,pasadas_2026-07-16_343555.csv,AUTOPISTA DEL OESTE
f5cf05fe-7c9c-4285-9149-9e78b3fc5b43,2026-07-22 17:12:49+00,6000.00,AG939HR,ConsumosResumen.xlsx,CORREDORES VIALES SA
f5d0f9fc-7cfd-44d6-8928-33ffa8aa02b2,2026-07-03 14:21:17+00,3976.59,AB247VR,pasadas_2026-07-16_343555.csv,AUTOPISTA DEL OESTE
f6056e9b-8504-4f68-8e1f-65e678b591b5,2026-07-22 22:37:10+00,6000.00,AF136HN,ConsumosResumen.xlsx,CORREDORES VIALES SA
f61319b9-9262-44cf-9d24-d5b5b0254227,2026-07-14 11:59:16+00,14370.19,AH185KI,pasadas_2026-07-15_5364164.csv,AUBASA
f62a6221-7cc4-4560-8624-29345691142f,2026-07-13 20:59:34+00,1548.82,PMK414,ConsumosResumen.xlsx,RUTAS SUR ATLANTICO S.A.
f640e24b-c37e-410c-ae5e-dfd3bd94f08d,2026-07-03 17:15:19+00,16833.20,AG309CO,pasadas_2026-07-15_5364164.csv,AUBASA
f64f3e86-c861-44c5-8efa-d662372f2d21,2026-07-11 17:20:18+00,7148.39,AG822HO,ConsumosResumen.xlsx,CORREDOR VIAL 5 S.A.U.
f6546de6-8e88-4f15-b7c1-818e6d9c5936,2026-07-23 14:20:24+00,9935.82,AC561DQ,pasadas_2026-07-29_5009A02060191.csv,AUSA
f65bd54d-efb8-401a-84b0-03b83875916a,2026-07-01 08:46:25+00,4500.00,AD625QB,ConsumosResumen-202607-1.xlsx,CORREDORES VIALES SA
f6876b0d-4e18-4b69-a38a-2c6fac4de9bf,2026-07-27 17:10:19+00,6000.00,AB456CP,ConsumosResumen.xlsx,CORREDORES VIALES SA
f699b936-4877-46a6-ac5b-b6c9a8b03781,2026-07-01 08:10:51+00,16833.20,AH729QW,pasadas_2026-07-15_5364164.csv,AUBASA
f6b87e43-d379-4288-9b35-de2da8df4421,2026-07-06 16:34:21+00,4771.95,AF103ZL,pasadas_2026-07-16_343555.csv,AUTOPISTA DEL OESTE
f6d37c03-0735-4d9f-b4b1-2da41a9d2ac7,2026-06-29 17:39:21+00,7500.00,AH729QW,ConsumosResumen-202607-1.xlsx,CORREDORES VIALES SA
f6d6c110-2f9f-4245-ae2c-8398d332f228,2026-07-01 12:29:05+00,6000.00,AG309CO,ConsumosResumen-202607-1.xlsx,CORREDORES VIALES SA
f6dd42eb-a1b7-4159-98c5-2bea5a45def4,2026-07-21 11:34:33+00,6000.00,AB456CP,ConsumosResumen.xlsx,CORREDORES VIALES SA
f6fc99c8-5c55-4ca0-a73e-1ef5198515e7,2026-06-28 09:04:54+00,7500.00,AG862VH,ConsumosResumen-202607-1.xlsx,CORREDORES VIALES SA
f7248215-e8b7-4c06-a83b-2c8a7a681732,2026-07-04 18:09:25+00,13466.55,AH185KI,pasadas_2026-07-15_5364164.csv,AUBASA
f72595f0-d57b-4ad4-9b99-e1e0245fb794,2026-07-02 10:16:31+00,9935.82,AE469PL,pasadas_2026-07-08_5009A02027769.csv,AUSA
f7342bfa-5940-4c99-9a8c-94cd9021c7ce,2026-07-02 10:16:56+00,7500.00,AE952TH,ConsumosResumen-202607-1.xlsx,CORREDORES VIALES SA
f73e6b21-fed5-49ba-aef8-d9947138848b,2026-07-02 03:35:50+00,6000.00,AG939HX,ConsumosResumen-202607-1.xlsx,CORREDORES VIALES SA
f7797630-b6fb-465a-afb5-afc90cbc9a2e,2026-07-21 06:11:42+00,6000.00,AG309CO,ConsumosResumen.xlsx,CORREDORES VIALES SA
f7932478-3058-426c-8c18-80227f723948,2026-07-24 08:48:40+00,7500.00,AH285SP,ConsumosResumen.xlsx,CORREDORES VIALES SA
f797fab6-752b-4ce9-95e1-6a20b1da5e4a,2026-07-03 13:28:08+00,6044.83,AF436WI,pasadas_2026-07-08_5009A02027769.csv,AUSA
f7dcde88-b86a-48eb-be05-b97743b21d82,2026-07-13 04:02:34+00,4970.74,AH351RT,pasadas_2026-07-16_493556.csv,AUSOL
f7ec7011-62aa-4098-ab84-e7d139960251,2026-07-06 05:35:42+00,11222.12,AF791ER,pasadas_2026-07-15_5364164.csv,AUBASA
f7ee0453-1aef-4c6e-87d0-303a199378c1,2026-07-14 16:01:13+00,7500.00,AE831SI,ConsumosResumen.xlsx,CORREDORES VIALES SA
f7fd4cf9-8e84-4961-8086-473731f531bf,2026-07-20 06:17:47+00,6044.83,AI178ER,pasadas_2026-07-29_5009A02052902.csv,AUSA
f802b6c8-801d-45be-a6fe-9008489d6bf7,2026-07-03 13:33:29+00,4970.74,AG507DK,pasadas_2026-07-16_343555.csv,AUTOPISTA DEL OESTE
f80b12c4-0b42-49c3-b5fa-85096006bdc4,2026-07-03 21:51:12+00,6000.00,AF791ER,ConsumosResumen-202607-1.xlsx,CORREDORES VIALES SA
f8144859-952f-4e27-87da-9dc62dcebeca,2026-07-21 13:18:59+00,1500.00,AG249HS,ConsumosResumen.xlsx,CORREDORES VIALES SA
f826371f-c5f8-47bb-9e23-7ee98fcabf75,2026-06-26 12:18:06+00,6500.00,AF436WI,pasadas_2026-07-03_3313955.csv,CORREDORES VIALES SA
f8368aaa-2a82-4b38-9fc9-c4e6f78cbdb8,2026-07-06 05:28:18+00,6044.83,AH351RT,pasadas_2026-07-08_5009A02027769.csv,AUSA
f838fc2f-07f6-4430-b4c6-eb6ba2b2c198,2026-07-02 16:44:32+00,5964.94,AG309CO,pasadas_2026-07-16_493556.csv,AUSOL
f83ba600-3066-47ee-9ac8-9fd5b5a4611b,2026-07-04 09:40:43+00,6044.83,AF533SR,pasadas_2026-07-08_5009A02027769.csv,AUSA
f845103a-8cb4-4a89-b03c-43c7329183e9,2026-07-24 11:30:37+00,9935.82,AF993HA,pasadas_2026-07-29_5009A02052902.csv,AUSA
f85c6cd6-84d7-4ddf-98ad-a2ec25eecc2f,2026-07-12 18:19:36+00,6000.00,AF202UU,ConsumosResumen-202607-1.xlsx,CORREDORES VIALES SA
f86cc96c-ffcb-4493-b8fb-754977f589f4,2026-07-24 15:38:17+00,6000.00,AC561DQ,ConsumosResumen.xlsx,CORREDORES VIALES SA
f86e2b36-d956-490c-9f70-450f9d4e365b,2026-07-21 10:37:50+00,3574.19,AE751PA,ConsumosResumen.xlsx,RUTAS SUR ATLANTICO S.A.
f8829d70-5626-4cb2-ab37-3e813298f9bb,2026-07-27 17:52:31+00,8935.49,AE952TH,ConsumosResumen.xlsx,CORREDOR VIAL 5 S.A.U.
f8915230-2223-4ea3-9aea-ba8b73c8dba6,2026-07-20 17:48:25+00,7500.00,AH251LE,ConsumosResumen.xlsx,CORREDORES VIALES SA
f89e4e3a-803e-4817-83b8-36c4bf6b52c6,2026-07-05 09:56:07+00,15255.79,AH543IQ,pasadas_2026-07-08_5009A02027769.csv,AUSA
f8bc914d-c167-45f2-8058-e1d4e1f50e15,2026-07-10 00:46:39+00,4970.74,AG939HR,pasadas_2026-07-16_493556.csv,AUSOL
f8bdfa9a-24f6-440f-bf35-6338196a8082,2026-07-26 22:01:11+00,6044.83,AG916MK,pasadas_2026-07-29_5009A02060191.csv,AUSA
f8d26c9a-41a3-4f61-b096-0bd1451e09c8,2026-07-14 15:54:05+00,14370.19,AH185KI,pasadas_2026-07-15_5364164.csv,AUBASA
f8d79f12-5b00-4acb-aa77-50ba51ed0664,2026-07-03 20:32:26+00,4970.74,AG939HX,pasadas_2026-07-16_493556.csv,AUSOL
f8d822df-3b54-44b6-a5f0-ed39973cc42a,2026-07-06 02:45:40+00,9935.82,AE751PA,pasadas_2026-07-08_5009A02027769.csv,AUSA
f8d88a7a-15fe-4322-8e46-99da3d8dd218,2026-07-25 10:17:34+00,7500.00,AG309CO,ConsumosResumen.xlsx,CORREDORES VIALES SA
f9067870-16ba-4b00-93d8-e04076d693f3,2026-07-23 15:41:37+00,15255.79,AB456CP,pasadas_2026-07-29_5009A02060191.csv,AUSA
f9411c9e-818b-46d8-97cf-fda033c610f1,2026-07-08 14:57:21+00,6600.00,AF103ZL,pasadas_2026-07-22_1947768.csv,UNIDAD EJECUTORA (SANTA FE)
f9422f0a-dd81-43d5-b530-3ee19289a300,2026-06-26 17:53:27+00,7500.00,AG309CO,pasadas_2026-07-03_3313955.csv,CORREDORES VIALES SA
f944e232-2466-4a92-ab9c-a475cdd88987,2026-07-08 23:29:32+00,1787.10,AG533MF,ConsumosResumen.xlsx,CORREDOR VIAL 5 S.A.U.
f957cdaf-d946-4445-9223-b3b1f210a56c,2026-07-01 06:11:34+00,6000.00,AD625QB,ConsumosResumen-202607-1.xlsx,CORREDORES VIALES SA
f9b78400-bb12-47cd-aa4f-2be5288dea36,2026-07-15 05:23:26+00,3976.59,AB151SM,pasadas_2026-07-16_343555.csv,AUTOPISTA DEL OESTE
f9bb7bb0-9398-4c10-82ef-e865c6d1057e,2026-07-24 03:52:06+00,7744.12,AH729QW,ConsumosResumen.xlsx,RUTAS SUR ATLANTICO S.A.
f9cb02c1-a2d3-4fc3-8d85-85054d978e0d,2026-07-01 10:33:46+00,6000.00,AG309CO,ConsumosResumen-202607-1.xlsx,CORREDORES VIALES SA
f9edb248-1c7c-45aa-a4a7-8fb71dc87cb7,2026-07-06 17:16:16+00,7148.39,AH351RS,ConsumosResumen.xlsx,CORREDOR VIAL 5 S.A.U.
f9f980f8-b611-4bc0-a562-dbd370f17ec2,2026-07-23 11:29:03+00,9935.82,AF103ZL,pasadas_2026-07-29_5009A02060191.csv,AUSA
f9f98daa-4c58-4495-ae31-e9817599898b,2026-07-03 10:13:51+00,1192.99,AI042WA,pasadas_2026-07-16_493557.csv,AUSOL
fa057fcd-5054-41d2-89cc-1681f6c98a2b,2026-07-12 17:44:42+00,7500.00,AH800QR,ConsumosResumen-202607-1.xlsx,CORREDORES VIALES SA
fa07d974-02df-4ee1-aa0c-6756f0f4232c,2026-07-09 01:06:36+00,9935.82,AH729QW,pasadas_2026-07-15_5009A02037803.csv,AUSA
fa0e8404-16c6-4e67-9a86-ef6b78403cae,2026-07-07 14:09:43+00,13466.55,AG309CO,pasadas_2026-07-15_5364164.csv,AUBASA
fa1a397d-5a85-437a-8de0-0f765ec2e583,2026-07-23 17:02:14+00,7500.00,AH185KI,ConsumosResumen.xlsx,CORREDORES VIALES SA
fa7dfe49-134f-423e-b15a-935401138e38,2026-07-23 15:33:09+00,9935.82,AH185KI,pasadas_2026-07-29_5009A02060191.csv,AUSA
fa90487e-e0c3-4902-a800-54dbd428f402,2026-07-25 18:56:08+00,6000.00,AG916MK,ConsumosResumen.xlsx,CORREDORES VIALES SA
fac7bec6-c4c8-44c8-bdfd-4ac2815c1c2f,2026-07-06 19:54:36+00,7148.39,AH351RS,ConsumosResumen.xlsx,CORREDOR VIAL 5 S.A.U.
fad00f49-a64c-44d0-9b9d-597b09615721,2026-07-16 20:54:40+00,3000.00,AC295IE,ConsumosResumen.xlsx,CORREDORES VIALES SA
faf66056-63b4-4fb8-a619-5ff48b5335c2,2026-07-06 03:28:26+00,6000.00,AF791ER,ConsumosResumen-202607-1.xlsx,CORREDORES VIALES SA
fb16e341-583a-4c5c-a86c-f3cefaf28e44,2026-07-02 19:47:28+00,16833.20,AF202UU,pasadas_2026-07-15_5364164.csv,AUBASA
fb284da5-2926-4346-bfe7-c69cdbc50a2f,2026-07-10 03:06:53+00,6000.00,AF231PZ,ConsumosResumen-202607-1.xlsx,CORREDORES VIALES SA
fb2caddc-92f7-43be-aec4-6c8cdcf32d00,2026-07-22 11:13:10+00,6000.00,AF791ER,ConsumosResumen.xlsx,CORREDORES VIALES SA
fb2e4590-76df-42e4-8a5a-901109edf803,2026-07-13 16:52:03+00,4500.00,AD625QB,ConsumosResumen.xlsx,CORREDORES VIALES SA
fb502ef1-7564-4b81-9ab6-9b0a6ca6b4a2,2026-06-29 22:05:29+00,6000.00,AF103ZL,ConsumosResumen-202607-1.xlsx,CORREDORES VIALES SA
fb55a2e5-3f94-453e-895b-2f15f6540bfc,2026-06-26 14:54:37+00,5200.00,OWG130,pasadas_2026-07-03_3313955.csv,CORREDORES VIALES SA
fb5f7364-5ee0-4d47-8f1a-6c70407ae24c,2026-07-01 05:41:52+00,15255.79,AG916MK,pasadas_2026-07-08_5009A02027769.csv,AUSA
fb661950-813d-471d-9ee2-41d2139e5c98,2026-07-06 21:59:35+00,994.15,AI348TS,pasadas_2026-07-16_329454.csv,AUTOPISTA DEL OESTE
fb70b14b-ec9f-47fe-8236-6d551ebab0de,2026-07-02 10:14:38+00,6000.00,AF103ZL,ConsumosResumen-202607-1.xlsx,CORREDORES VIALES SA
fb8c6caa-07d1-4731-9fca-70e0f9ccb2d7,2026-07-19 09:56:17+00,8935.49,AH554RP,ConsumosResumen.xlsx,CORREDOR VIAL 5 S.A.U.
fb952d86-369b-489e-a356-9f2444adf68c,2026-06-26 10:10:52+00,1500.00,AG533MF,pasadas_2026-07-03_3313955.csv,CORREDORES VIALES SA
fb96e4ee-ba73-49a2-bf74-622598e6de56,2026-07-17 20:28:11+00,3000.00,AC295IE,ConsumosResumen.xlsx,CORREDORES VIALES SA
fbac27ea-d2be-4c35-bcc9-b6e0ea2097b4,2026-07-17 00:30:06+00,7148.39,AH351RS,ConsumosResumen.xlsx,CORREDOR VIAL 5 S.A.U.
fbb83776-430e-4507-bbd4-d65c34a553ee,2026-07-02 16:17:05+00,4771.95,AB633TY,pasadas_2026-07-16_343555.csv,AUTOPISTA DEL OESTE
fbc39dcb-6b1a-4b9d-ab7e-f6463e0bc382,2026-07-02 11:17:58+00,3976.59,AB456CQ,pasadas_2026-07-16_343555.csv,AUTOPISTA DEL OESTE
fbd32f8d-ab1f-482d-a9fd-6cf126bc6153,2026-07-12 21:26:00+00,1439.11,AI348TS,pasadas_2026-07-15_5009A02037760.csv,AUSA
fbda1167-9807-4160-9983-2dfa9e4a09a5,2026-07-03 00:41:40+00,4970.74,AI178EY,pasadas_2026-07-16_493557.csv,AUSOL
fbe9a128-2199-4c1a-998c-8e40d30618da,2026-07-08 17:36:37+00,4771.95,AC264UA,pasadas_2026-07-16_343555.csv,AUTOPISTA DEL OESTE
fbfbadd1-294a-45e0-a755-6a324d089969,2026-07-05 22:57:45+00,7500.00,AE952TH,ConsumosResumen-202607-1.xlsx,CORREDORES VIALES SA
fc0f6a5c-6079-4fc6-ab3b-e90d02cb4071,2026-07-15 13:48:34+00,3000.00,AD985XP,ConsumosResumen.xlsx,CORREDORES VIALES SA
fc2e52b2-d8bb-4035-b52c-979d0933941e,2026-07-21 17:16:57+00,16982.69,AF791ER,pasadas_2026-07-23_5009A02044703.csv,AUSA
fc50d22c-a54e-44f3-b4e7-6dbb733d7690,2026-07-25 02:20:21+00,6044.83,AH729QW,pasadas_2026-07-29_5009A02060191.csv,AUSA
fc5f85c1-88b9-4aee-b9d0-1e508c5e9bbe,2026-07-04 12:58:21+00,26933.11,AH351RT,pasadas_2026-07-15_5364164.csv,AUBASA
fc709d25-e5eb-4ff3-9227-23c0f3cf1356,2026-07-04 17:51:07+00,13466.55,AH185KI,pasadas_2026-07-15_5364164.csv,AUBASA
fc7650bd-223e-4bac-ab61-8d6bf4f10538,2026-07-04 16:54:15+00,6195.30,AF136HN,ConsumosResumen.xlsx,RUTAS SUR ATLANTICO S.A.
fc77c223-f17d-4ef2-a421-5899aa0b2ae5,2026-07-21 12:02:41+00,6000.00,AG939HR,ConsumosResumen.xlsx,CORREDORES VIALES SA
fc934fd2-2402-44d6-870b-96a84a34674e,2026-07-06 09:43:17+00,4771.95,AB633TY,pasadas_2026-07-16_493556.csv,AUSOL
fc9aee7f-ab68-41b9-9b89-57431db0c68c,2026-07-23 13:44:08+00,6000.00,AF993HK,ConsumosResumen.xlsx,CORREDORES VIALES SA
fcb51de6-1843-491b-a120-98e746d3adcd,2026-07-02 07:19:33+00,4500.00,AF436WI,ConsumosResumen-202607-1.xlsx,CORREDORES VIALES SA
fcb6b062-6432-4b4c-82d3-888df64e3c6d,2026-07-03 14:50:04+00,3976.59,AB633TZ,pasadas_2026-07-16_343555.csv,AUTOPISTA DEL OESTE
fcc6b5cf-b1e8-4fc9-8e5d-f8f7d6c27a56,2026-07-02 10:53:50+00,4771.95,AE469PL,pasadas_2026-07-16_493556.csv,AUSOL
fce53ad2-b0a4-4ede-91ea-9f46ce3de934,2026-07-13 08:56:22+00,7500.00,AH272KN,ConsumosResumen.xlsx,CORREDORES VIALES SA
fcfcb8ff-2197-4b5c-84bf-b51f9d9bbaff,2026-07-02 23:33:45+00,15255.79,AI178EY,pasadas_2026-07-15_5009A02037760.csv,AUSA
fcfde63c-e60f-4140-b511-02faec0889a5,2026-07-07 21:02:46+00,7500.00,AH351RT,ConsumosResumen-202607-1.xlsx,CORREDORES VIALES SA
fd4b2138-8316-4e3c-8ff4-4f869c71fd6c,2026-07-11 12:37:16+00,1787.10,AG249HS,ConsumosResumen.xlsx,CORREDOR VIAL 5 S.A.U.
fd4c2bbe-eca3-41f4-bb43-e851acaca37e,2026-07-08 11:34:45+00,3000.00,AD985XP,ConsumosResumen-202607-1.xlsx,CORREDORES VIALES SA
fd6754ad-24b3-4626-8545-1510d4a0de13,2026-07-10 16:05:40+00,4771.95,EXT374,pasadas_2026-07-16_343555.csv,AUTOPISTA DEL OESTE
fd974982-a387-42b7-bdaa-d4ebdee4ca46,2026-07-14 16:31:50+00,6000.00,AC264UA,ConsumosResumen.xlsx,CORREDORES VIALES SA
fdb7e09d-7433-42a9-9df4-9103253d7d19,2026-06-30 14:48:46+00,7500.00,AH351RT,ConsumosResumen-202607-1.xlsx,CORREDORES VIALES SA
fdbbbcea-939e-423c-8d60-eeceab5cad85,2026-07-24 08:12:21+00,7500.00,AH543IQ,ConsumosResumen.xlsx,CORREDORES VIALES SA
fdbe41bb-55d8-4c73-b79c-3d41befa57e1,2026-07-06 18:23:26+00,16833.20,AH185KI,pasadas_2026-07-15_5364164.csv,AUBASA
fdc5cfca-41eb-4269-b7a5-08af9a549441,2026-07-01 12:44:39+00,6000.00,AD328WK,ConsumosResumen-202607-1.xlsx,CORREDORES VIALES SA
fdcf9c65-c596-4160-888d-6fb50a28954b,2026-07-11 11:47:01+00,6000.00,AC264UA,ConsumosResumen-202607-1.xlsx,CORREDORES VIALES SA
fddae518-9364-4e4b-9685-2052ba754665,2026-07-13 09:30:36+00,4500.00,AE284KH,ConsumosResumen.xlsx,CORREDORES VIALES SA
fdde3ec7-480d-4010-af62-902a5a1973ad,2026-07-14 02:17:23+00,15255.79,AH185KI,pasadas_2026-07-15_5009A02037803.csv,AUSA
fe0e5884-ae5d-4122-a00d-98d0cd0ab0c3,2026-07-22 00:42:53+00,6000.00,AF103ZL,ConsumosResumen.xlsx,CORREDORES VIALES SA
fe2599ca-e20d-406b-b232-00a1f6f7316c,2026-07-07 10:43:57+00,16982.69,AB633TZ,pasadas_2026-07-08_5009A02027769.csv,AUSA
fe2ed57d-c94b-4242-81d9-ae6b1174c9f2,2026-07-14 01:44:04+00,994.15,AG533MF,pasadas_2026-07-16_343555.csv,AUTOPISTA DEL OESTE
fe42e983-d19c-4a41-aeb8-fe9577af5589,2026-07-07 20:35:14+00,3976.59,AD239PP,pasadas_2026-07-16_343555.csv,AUTOPISTA DEL OESTE
fe436c91-346c-486e-9488-8243b7cf225f,2026-07-23 06:15:56+00,15255.79,AB247VR,pasadas_2026-07-29_5009A02060191.csv,AUSA
fe4a7ad6-38d4-474f-83f6-b881edcf552e,2026-07-14 04:16:53+00,4970.74,AF993HA,pasadas_2026-07-16_329454.csv,AUTOPISTA DEL OESTE
fe69207b-dc64-40a0-9e6c-8bc02e7a5f84,2026-07-03 11:27:18+00,9935.82,AH543IQ,pasadas_2026-07-08_5009A02027769.csv,AUSA
fe742018-e083-4a5f-84c9-6917fed50acc,2026-07-04 10:17:22+00,994.15,AG309CH,pasadas_2026-07-16_493556.csv,AUSOL
fe749806-cd5b-4b1c-85cc-9bb89aa7ddeb,2026-07-17 12:16:16+00,9935.82,AD625QA,pasadas_2026-07-23_5009A02044703.csv,AUSA
fe82f8b0-b9e2-483c-904f-8b1bf926ebd7,2026-07-22 23:40:34+00,9935.82,AG916MK,pasadas_2026-07-29_5009A02060191.csv,AUSA
fe88552b-af53-4170-8d48-83a28639fe76,2026-07-01 09:27:11+00,9935.82,AD096FX,pasadas_2026-07-08_5009A02027769.csv,AUSA
fecb02af-d754-4dc3-95fb-8a35740c72fc,2026-06-29 13:13:40+00,5200.00,AE284KH,pasadas_2026-07-03_3313955.csv,CORREDORES VIALES SA
feee29b0-1d91-4a51-bfc4-89427b3a8605,2026-06-29 08:37:31+00,6000.00,AE469PL,ConsumosResumen-202607-1.xlsx,CORREDORES VIALES SA
ff1152cc-5b63-429e-b240-19aab8f5df83,2026-07-20 20:34:59+00,7500.00,AE831SI,ConsumosResumen.xlsx,CORREDORES VIALES SA
ff2761af-96f6-4a30-96f6-d47c014fd9f2,2026-07-14 17:56:37+00,6000.00,AD328WK,ConsumosResumen.xlsx,CORREDORES VIALES SA
ff2dadd2-02db-40c6-b94d-3dd2ce3509e7,2026-07-05 19:20:19+00,994.15,AF740MG,pasadas_2026-07-16_493556.csv,AUSOL
ff3ba449-befa-45b7-a6a3-aa826c7ae883,2026-07-07 16:44:20+00,4771.95,AD985XP,pasadas_2026-07-16_343555.csv,AUTOPISTA DEL OESTE
ff3d2f7a-bdd1-4a1b-84e6-f2526a6cef37,2026-07-27 14:31:29+00,6000.00,AF136HN,ConsumosResumen.xlsx,CORREDORES VIALES SA
ff4e1a4b-effe-48f3-9b73-9f4c9b7c5bbc,2026-07-02 15:31:34+00,6000.00,AD667DM,ConsumosResumen.xlsx,CORREDOR VIAL 5 S.A.U.
ff4f4228-14a6-421b-9b59-0ea1c880c23f,2026-07-09 15:29:10+00,6000.00,AF791ER,ConsumosResumen-202607-1.xlsx,CORREDORES VIALES SA
ff50f11e-f2e2-4961-8cbe-2b45c62ab22f,2026-07-06 11:25:53+00,4970.74,AG893YR,pasadas_2026-07-16_343555.csv,AUTOPISTA DEL OESTE
ff592753-257e-4cd5-85bd-313e186476d5,2026-07-07 13:31:47+00,3976.59,AD625QB,pasadas_2026-07-16_343555.csv,AUTOPISTA DEL OESTE
ff6deafe-7f72-4f33-9808-71074caf8a81,2026-07-27 15:55:51+00,6044.83,AG507DK,pasadas_2026-07-29_5009A02060191.csv,AUSA
ff831478-8fa7-4b4c-871a-b07f0830ba01,2026-07-25 13:06:08+00,1787.10,AF202UU,ConsumosResumen.xlsx,RUTAS SUR ATLANTICO S.A.
ff8d1157-6377-4098-9fff-f09222c9d999,2026-07-25 01:31:43+00,6000.00,AG939HX,ConsumosResumen.xlsx,CORREDORES VIALES SA
ff9ee7d2-8ef8-4b85-bf28-dc35ac7b3c50,2026-07-27 05:35:12+00,9935.82,AH351RT,pasadas_2026-07-29_5009A02060191.csv,AUSA
ffa68490-b922-4b27-9a76-eedc9a723286,2026-07-07 12:14:50+00,3976.59,EXT374,pasadas_2026-07-16_343555.csv,AUTOPISTA DEL OESTE
ffb5f150-a217-4c3e-812f-137a23ccfd23,2026-07-15 22:08:16+00,6000.00,AF791ER,ConsumosResumen.xlsx,CORREDORES VIALES SA
ffb68790-5dd2-43f6-b225-97e630377b53,2026-07-03 11:20:03+00,6044.83,AH543IQ,pasadas_2026-07-08_5009A02027769.csv,AUSA
ffd24021-7928-4c25-a015-5109a1cf67e6,2026-07-09 23:04:43+00,9935.82,AI348TS,pasadas_2026-07-15_5009A02037760.csv,AUSA
ffd374b4-caf6-4107-93ee-037b82671eba,2026-07-10 03:13:53+00,7500.00,AE469PH,ConsumosResumen-202607-1.xlsx,CORREDORES VIALES SA
ffd43b46-5ae5-4ebf-8fc7-32b5ab280418,2026-07-13 19:45:20+00,7148.39,AD328WK,ConsumosResumen.xlsx,CORREDOR VIAL 5 S.A.U.
ffe0f400-ceec-4e21-ba49-7f19a8592206,2026-07-28 03:34:12+00,6044.83,AF136HN,pasadas_2026-07-29_5009A02060191.csv,AUSA
fff26886-6331-45b7-bb6a-142aef83e9af,2026-07-27 08:33:17+00,6000.00,AD328WK,ConsumosResumen.xlsx,CORREDORES VIALES SA
