id,file_name,patente,tarifa,fecha_hora,concesion,reason
0044c6b5-39a6-4cde-9ab0-6374fbb2fc03,ConsumosResumen.xlsx,AG822HO,7148.39,2026-07-21 21:37:52+00,CORREDOR VIAL 5 S.A.U.,no_categoria_in_source
005a6301-83b8-40e4-8781-0149f29593a1,ConsumosResumen.xlsx,AC295IE,3000.00,2026-07-22 03:06:46+00,CORREDORES VIALES SA,no_categoria_in_source
00a66dfd-49c7-44e3-b3fe-558e71f5c51f,ConsumosResumen.xlsx,AD736OU,7500.00,2026-07-23 13:26:16+00,CORREDORES VIALES SA,no_categoria_in_source
00c0c615-0652-4ddb-b1cb-bd78a6259b39,ConsumosResumen-202607-1.xlsx,AF411UY,6195.30,2026-07-10 13:26:44+00,RUTAS SUR ATLANTICO S.A.,no_categoria_in_source
00d4149c-55f4-441a-ae2e-2f58833987ac,ConsumosResumen-202607-1.xlsx,AD482MT,6000.00,2026-07-02 11:07:14+00,CORREDORES VIALES SA,no_categoria_in_source
00dff6c0-9c2b-4266-9764-ea9ea8b56ce3,ConsumosResumen.xlsx,AG939HR,7148.39,2026-07-16 10:07:18+00,RUTAS SUR ATLANTICO S.A.,no_categoria_in_source
00ed2eae-c463-4f61-bd84-dca2eaef32de,ConsumosResumen.xlsx,AD625QB,3097.65,2026-07-23 04:53:15+00,RUTAS SUR ATLANTICO S.A.,no_categoria_in_source
010225fd-9834-4219-82e8-f9ac4525217c,ConsumosResumen.xlsx,AH543IQ,7744.12,2026-07-18 01:30:27+00,RUTAS SUR ATLANTICO S.A.,no_categoria_in_source
01100740-67f7-40a9-b299-2fbd61f0777d,ConsumosResumen.xlsx,AF103ZL,6000.00,2026-07-24 12:45:06+00,CORREDORES VIALES SA,no_categoria_in_source
01107e7d-612e-465c-847c-84a972f1891e,ConsumosResumen.xlsx,AF411UY,6000.00,2026-07-22 14:54:03+00,CORREDORES VIALES SA,no_categoria_in_source
01a03b93-cb83-4861-bb35-f0ef0be49fe6,ConsumosResumen.xlsx,AB151SM,6000.00,2026-07-22 13:37:29+00,CORREDORES VIALES SA,no_categoria_in_source
02047daf-451d-439d-856a-68f77e53d7c3,ConsumosResumen.xlsx,AB456CU,6000.00,2026-07-27 14:33:33+00,CORREDORES VIALES SA,no_categoria_in_source
023e134c-15d2-4690-83ba-3ef8dec132ea,ConsumosResumen.xlsx,AG533MF,1500.00,2026-07-16 00:45:25+00,CORREDORES VIALES SA,no_categoria_in_source
02442240-8691-4b6b-a233-c9ef4b1b4d1b,ConsumosResumen.xlsx,AF436WI,1548.82,2026-07-27 14:10:27+00,RUTAS SUR ATLANTICO S.A.,no_categoria_in_source
0260e2ea-429e-4a78-a0e4-1a9d8bdb6b76,ConsumosResumen-202607-1.xlsx,AD625QB,4500.00,2026-07-07 22:33:48+00,CORREDORES VIALES SA,no_categoria_in_source
028b635f-2a1d-42ed-a6b6-39c2af5118c4,ConsumosResumen-202607-1.xlsx,AF136HN,6000.00,2026-07-02 06:48:25+00,CORREDORES VIALES SA,no_categoria_in_source
02e67ffc-50c9-478f-8ef6-2ee1542ae1d5,ConsumosResumen.xlsx,AE469PH,7500.00,2026-07-23 02:38:13+00,CORREDORES VIALES SA,no_categoria_in_source
034cda6b-9248-4c1d-a379-6f8e49663915,ConsumosResumen-202607-1.xlsx,AG862VH,6000.00,2026-07-09 18:55:55+00,CORREDORES VIALES SA,no_categoria_in_source
0373db57-e7b7-4fb8-97cb-975d10cb9be9,ConsumosResumen-202607-1.xlsx,AG249HS,1500.00,2026-07-04 14:19:44+00,CORREDORES VIALES SA,no_categoria_in_source
03f43994-906a-4313-b000-b5a2283b896b,ConsumosResumen.xlsx,AH033DL,6000.00,2026-07-14 13:07:02+00,CORREDORES VIALES SA,no_categoria_in_source
040b1702-5d00-419c-89d2-f279844a2c0a,ConsumosResumen.xlsx,AG533MF,1500.00,2026-07-22 16:15:22+00,CORREDORES VIALES SA,no_categoria_in_source
041aec4c-7988-4e66-a4df-924c41f00b7c,ConsumosResumen-202607-1.xlsx,AE831SI,7500.00,2026-07-07 14:27:25+00,CORREDORES VIALES SA,no_categoria_in_source
043d3843-3b9c-4d01-954d-6d7f176a57db,ConsumosResumen.xlsx,AD096FX,6000.00,2026-07-27 18:33:50+00,CORREDORES VIALES SA,no_categoria_in_source
044a8cb3-eaa2-4c6e-84cb-95b19454bc67,ConsumosResumen-202607-1.xlsx,AC561DQ,6000.00,2026-07-01 09:01:08+00,CORREDORES VIALES SA,no_categoria_in_source
0462d5b9-6f53-4320-9c30-0f22561e05bd,ConsumosResumen-202607-1.xlsx,AG862VH,6000.00,2026-07-03 11:00:33+00,CORREDORES VIALES SA,no_categoria_in_source
047686b2-96b1-4b6c-a123-cc1947680f6c,ConsumosResumen.xlsx,AD239PP,6000.00,2026-07-22 08:04:20+00,CORREDORES VIALES SA,no_categoria_in_source
047877bc-3d94-4909-b19a-50625ff2706f,ConsumosResumen.xlsx,AG893YR,7500.00,2026-07-26 22:01:50+00,CORREDORES VIALES SA,no_categoria_in_source
04bdab62-6d75-42a7-aa39-e394d2c2d0a0,ConsumosResumen.xlsx,AH543IQ,1548.82,2026-07-22 23:28:32+00,RUTAS SUR ATLANTICO S.A.,no_categoria_in_source
04cf06f1-0b3f-4e5b-a667-d710e63bcfe2,ConsumosResumen-202607-1.xlsx,AE284KH,4500.00,2026-07-07 12:34:16+00,CORREDORES VIALES SA,no_categoria_in_source
04d76b4f-31ec-4fce-b091-0d37f07a7f1b,ConsumosResumen.xlsx,AH554RQ,8935.49,2026-07-19 13:45:49+00,CORREDOR VIAL 5 S.A.U.,no_categoria_in_source
04d9f4e2-eee0-4913-ab39-0fa3a255dcbd,ConsumosResumen.xlsx,AD667DM,6000.00,2026-07-22 13:25:33+00,CORREDORES VIALES SA,no_categoria_in_source
04f9b4e8-d36c-49e1-be6f-ccb2e868c972,ConsumosResumen.xlsx,AH251LE,7500.00,2026-07-16 07:50:15+00,CORREDORES VIALES SA,no_categoria_in_source
051c961c-5647-4018-a66e-c34c87af93de,ConsumosResumen.xlsx,AD736OU,8935.49,2026-07-15 12:50:23+00,CORREDOR VIAL 5 S.A.U.,no_categoria_in_source
05257801-de59-43d5-830b-d32f241a4f6a,ConsumosResumen.xlsx,AE284KH,4500.00,2026-07-16 12:39:52+00,CORREDORES VIALES SA,no_categoria_in_source
0530124a-a1de-4720-adb5-d2e023c19d5e,ConsumosResumen.xlsx,AF202UU,6000.00,2026-07-17 17:54:24+00,CORREDORES VIALES SA,no_categoria_in_source
0552910b-9bed-473f-b5de-b610ec99e437,ConsumosResumen.xlsx,AD985XP,3000.00,2026-07-14 08:55:53+00,CORREDORES VIALES SA,no_categoria_in_source
055dcb33-e27b-4154-9751-b6eb1207a478,ConsumosResumen-202607-1.xlsx,AB151SM,6000.00,2026-07-07 22:15:47+00,CORREDORES VIALES SA,no_categoria_in_source
05702938-a813-4c20-8637-e2b1460bd727,ConsumosResumen.xlsx,AF231PZ,6000.00,2026-07-27 11:10:23+00,CORREDORES VIALES SA,no_categoria_in_source
05720cec-0fb8-421e-9213-cd99638f678c,ConsumosResumen-202607-1.xlsx,AF136HN,6000.00,2026-07-03 17:48:37+00,CORREDORES VIALES SA,no_categoria_in_source
057b01d2-dac3-4097-92e8-e9f94f8bb223,ConsumosResumen-202607-1.xlsx,AF136HN,6000.00,2026-07-02 14:19:22+00,CORREDORES VIALES SA,no_categoria_in_source
05ffbd08-c59b-4f7a-8864-f004b485584c,ConsumosResumen-202607-1.xlsx,AF389UV,7500.00,2026-07-06 18:31:28+00,CORREDORES VIALES SA,no_categoria_in_source
05ffda02-ac12-44bb-af6c-9480431cf8e1,ConsumosResumen-202607-1.xlsx,AD239PP,6000.00,2026-07-04 17:32:08+00,CORREDORES VIALES SA,no_categoria_in_source
060103dd-4769-4a8d-8f14-7ae91819d15b,ConsumosResumen.xlsx,AH543IQ,7500.00,2026-07-14 08:37:31+00,CORREDORES VIALES SA,no_categoria_in_source
0620e988-23dd-4adb-ac92-b53bbbc5475a,ConsumosResumen-202607-1.xlsx,AF231PZ,6000.00,2026-06-30 11:24:14+00,CORREDORES VIALES SA,no_categoria_in_source
06227f11-dbc2-472c-ac9f-8c6ea87b87cd,ConsumosResumen.xlsx,AD482MT,6000.00,2026-07-23 21:30:56+00,CORREDORES VIALES SA,no_categoria_in_source
0633c40c-a8fc-444e-9b7b-de33ed1a5f77,pasadas_2026-07-03_3313955.csv,OWG130,5200.00,2026-06-27 00:50:20+00,CORREDORES VIALES SA,no_match
0658f4e3-2398-437b-a8d2-7f183e0a98aa,ConsumosResumen-202607-1.xlsx,AG862VH,6000.00,2026-07-08 19:40:19+00,CORREDORES VIALES SA,no_categoria_in_source
066ca2f0-b63c-4044-a51b-62c11f8913ba,ConsumosResumen.xlsx,AG533MF,1500.00,2026-07-02 18:02:58+00,CORREDOR VIAL 5 S.A.U.,no_categoria_in_source
0675c236-ce53-4bff-b334-e0d6bfbc2b3d,ConsumosResumen.xlsx,AF231PZ,6000.00,2026-07-16 11:10:37+00,CORREDORES VIALES SA,no_categoria_in_source
067654d2-7a50-471d-a2f7-2e1a26790354,ConsumosResumen.xlsx,AF231PZ,1548.82,2026-07-24 04:18:12+00,RUTAS SUR ATLANTICO S.A.,no_categoria_in_source
0679d146-02f5-451b-9d6f-2b389b64c5e4,ConsumosResumen.xlsx,AH554RP,8935.49,2026-07-07 09:43:23+00,CORREDOR VIAL 5 S.A.U.,no_categoria_in_source
0679f133-fd4e-47d1-8a8c-0d7f2c072108,ConsumosResumen-202607-1.xlsx,AE952TH,7500.00,2026-07-07 12:19:38+00,CORREDORES VIALES SA,no_categoria_in_source
06ecaa6f-65e3-4092-ab3b-3542ef2ab68a,ConsumosResumen.xlsx,AE751PA,3097.65,2026-07-21 21:12:15+00,RUTAS SUR ATLANTICO S.A.,no_categoria_in_source
070060a1-6035-401e-aa78-e7f16603a981,ConsumosResumen-202607-1.xlsx,AG507DK,7500.00,2026-07-07 19:57:10+00,CORREDORES VIALES SA,no_categoria_in_source
0715c321-3883-420d-9601-a1bec0e28b7e,ConsumosResumen-202607-1.xlsx,AF436WI,4500.00,2026-06-28 02:53:33+00,CORREDORES VIALES SA,no_categoria_in_source
071c49c0-6281-4959-ac3b-13bbad6d5508,ConsumosResumen.xlsx,AH800QR,7500.00,2026-07-14 11:07:59+00,CORREDORES VIALES SA,no_categoria_in_source
07217da0-1e9c-4cec-95be-9c3a541f6908,ConsumosResumen-202607-1.xlsx,AC295IE,3000.00,2026-07-11 21:59:13+00,CORREDORES VIALES SA,no_categoria_in_source
073b4e6b-074f-4a47-b90c-aedb31aaa148,ConsumosResumen.xlsx,AE831SI,7500.00,2026-07-21 06:14:12+00,CORREDORES VIALES SA,no_categoria_in_source
073d1700-9494-4298-8982-62278ea1e710,ConsumosResumen.xlsx,AE469PH,7500.00,2026-07-24 15:38:35+00,CORREDORES VIALES SA,no_categoria_in_source
07456ccf-771d-4ad4-a212-edd0ec1fd60b,ConsumosResumen.xlsx,AF436WI,3097.65,2026-07-22 04:47:01+00,RUTAS SUR ATLANTICO S.A.,no_categoria_in_source
075278af-52b4-47fd-8949-0fd786af2160,ConsumosResumen.xlsx,AH554RP,8935.49,2026-07-27 01:33:47+00,CORREDOR VIAL 5 S.A.U.,no_categoria_in_source
0771444e-4d47-4137-8746-845821c41def,ConsumosResumen.xlsx,AB151SM,6000.00,2026-07-23 20:52:12+00,CORREDORES VIALES SA,no_categoria_in_source
07870ae4-5be8-4b17-94e6-fcde5af0c7c4,ConsumosResumen-202607-1.xlsx,AF509QF,6000.00,2026-06-30 11:55:40+00,CORREDORES VIALES SA,no_categoria_in_source
07968d55-a071-4085-8625-ab894be987a1,ConsumosResumen-202607-1.xlsx,AB456CP,6000.00,2026-06-30 15:11:14+00,CORREDORES VIALES SA,no_categoria_in_source
07dd148c-2f42-40f1-8b3d-a2d0dd3f1117,ConsumosResumen-202607-1.xlsx,AG916MK,6000.00,2026-06-30 22:15:50+00,CORREDORES VIALES SA,no_categoria_in_source
082f8d09-53c4-412d-a446-936d3b78f91d,ConsumosResumen-202607-1.xlsx,AD096FX,6000.00,2026-07-04 11:13:00+00,CORREDORES VIALES SA,no_categoria_in_source
0835a711-64b3-4a7f-91b3-2ca04614d6b6,ConsumosResumen-202607-1.xlsx,AF993HK,6000.00,2026-07-06 12:17:32+00,CORREDORES VIALES SA,no_categoria_in_source
084708ff-475b-4b82-a3dd-8ffca52fbd62,ConsumosResumen.xlsx,AG916MK,7148.39,2026-07-25 16:31:02+00,RUTAS SUR ATLANTICO S.A.,no_categoria_in_source
0877727b-1692-4926-bd94-a2c510553c2a,ConsumosResumen.xlsx,AG939HX,6000.00,2026-07-24 01:41:25+00,CORREDORES VIALES SA,no_categoria_in_source
08a8464b-5aa6-49bc-aba7-34b1c541b55a,ConsumosResumen.xlsx,AE469PH,7500.00,2026-07-18 10:23:13+00,CORREDORES VIALES SA,no_categoria_in_source
08b70181-3272-4de8-a64e-1073f086ae07,ConsumosResumen-202607-1.xlsx,AF103ZL,6000.00,2026-07-08 16:04:10+00,CORREDORES VIALES SA,no_categoria_in_source
08bdb9ca-262e-43c2-a661-29a0aa58404d,ConsumosResumen.xlsx,AD239PP,6000.00,2026-07-24 07:50:44+00,CORREDORES VIALES SA,no_categoria_in_source
08e5a9bc-1cf8-4f37-8e78-e2c35e5933bb,ConsumosResumen.xlsx,AG533MF,1500.00,2026-07-18 15:06:28+00,CORREDORES VIALES SA,no_categoria_in_source
08f19822-ab52-4fa8-af6a-6985c73bae52,ConsumosResumen-202607-1.xlsx,AD985XP,3000.00,2026-06-29 17:49:29+00,CORREDORES VIALES SA,no_categoria_in_source
0916ea49-54a5-4cd5-b035-de479239c9c4,ConsumosResumen.xlsx,AG939HR,6195.30,2026-07-24 14:58:02+00,RUTAS SUR ATLANTICO S.A.,no_categoria_in_source
09368ad7-00d1-4eda-b0e7-288ef9eef109,ConsumosResumen.xlsx,AF791ER,6000.00,2026-07-21 21:53:26+00,CORREDORES VIALES SA,no_categoria_in_source
09648caf-756e-4b7c-b82e-5cca55a5a803,ConsumosResumen-202607-1.xlsx,AH729QW,7500.00,2026-06-30 11:42:59+00,CORREDORES VIALES SA,no_categoria_in_source
096f899a-4acb-4299-999a-20f8aa10a189,ConsumosResumen-202607-1.xlsx,AF411UY,6000.00,2026-07-08 08:43:53+00,CORREDORES VIALES SA,no_categoria_in_source
099d76eb-7c39-4097-8f8c-52fb785ae589,ConsumosResumen.xlsx,AD096FX,6000.00,2026-07-27 15:13:32+00,CORREDORES VIALES SA,no_categoria_in_source
09a8f417-9eeb-4b0f-8dee-44d176bcef6f,ConsumosResumen.xlsx,AH554RP,8935.49,2026-07-03 11:41:59+00,CORREDOR VIAL 5 S.A.U.,no_categoria_in_source
09e5460a-1f2c-4a73-a938-2dbcdb2f2cfc,ConsumosResumen.xlsx,AG939HX,7500.00,2026-07-25 18:39:43+00,CORREDORES VIALES SA,no_categoria_in_source
09ea7f5c-2db9-4d9d-9435-ba4c0ec28c65,ConsumosResumen.xlsx,AH554RP,8935.49,2026-07-22 15:30:26+00,CORREDOR VIAL 5 S.A.U.,no_categoria_in_source
09f1cb3c-dec8-4ca3-9f98-8c30acc1ddc2,ConsumosResumen.xlsx,AC812DO,6000.00,2026-07-20 16:16:18+00,CORREDORES VIALES SA,no_categoria_in_source
0a0f173c-3a0c-4bf5-99d6-ad995c9cef86,ConsumosResumen-202607-1.xlsx,AD239PP,6000.00,2026-06-29 13:27:51+00,CORREDORES VIALES SA,no_categoria_in_source
0a5053cc-17c9-4593-aa32-8cb2e3c45d2f,ConsumosResumen.xlsx,AH351RS,7148.39,2026-07-03 10:32:08+00,CORREDOR VIAL 5 S.A.U.,no_categoria_in_source
0a8fb5b6-b87c-431c-ab5c-c60426c769fa,ConsumosResumen-202607-1.xlsx,AF509QF,6000.00,2026-07-04 06:50:05+00,CORREDORES VIALES SA,no_categoria_in_source
0acc9239-9227-4bc6-a82c-99bce4f5e11f,ConsumosResumen.xlsx,AD482MT,6000.00,2026-07-14 07:03:06+00,CORREDORES VIALES SA,no_categoria_in_source
0b0eba75-bca7-487b-83be-14c9c529a05b,ConsumosResumen.xlsx,AG110LK,7500.00,2026-07-27 14:14:58+00,CORREDORES VIALES SA,no_categoria_in_source
0b49b202-9ed4-433e-be71-ffb8dff1b51f,ConsumosResumen.xlsx,AH800QT,7500.00,2026-07-23 15:19:25+00,CORREDORES VIALES SA,no_categoria_in_source
0b7518b2-9df9-458d-a752-42be2aa4433e,ConsumosResumen.xlsx,AD625QA,6000.00,2026-07-18 11:10:29+00,CORREDORES VIALES SA,no_categoria_in_source
0b7e834e-ae39-4bec-a66f-dfad1257ac46,ConsumosResumen.xlsx,AD667DM,6000.00,2026-07-24 12:17:32+00,CORREDORES VIALES SA,no_categoria_in_source
0b9e71c5-d30a-4d85-94cb-d71d9954aea4,ConsumosResumen-202607-1.xlsx,AF389UV,4500.00,2026-07-01 22:29:12+00,CORREDORES VIALES SA,no_categoria_in_source
0b9fbe4e-2389-4699-b2cf-a36ddb64529b,ConsumosResumen.xlsx,AB247VR,1548.82,2026-07-24 12:19:01+00,RUTAS SUR ATLANTICO S.A.,no_categoria_in_source
0bf38da3-e8f8-4dfd-81c4-1e8e6e7fc024,ConsumosResumen.xlsx,AF411UY,6000.00,2026-07-16 14:36:29+00,CORREDORES VIALES SA,no_categoria_in_source
0bfb92c5-30c3-456c-bee5-c9f3cda1f4f7,ConsumosResumen.xlsx,AG309CO,6195.30,2026-07-13 14:51:18+00,RUTAS SUR ATLANTICO S.A.,no_categoria_in_source
0c119862-9473-4640-80c2-6a4cb85b5857,ConsumosResumen.xlsx,AG507DK,8935.49,2026-07-03 17:12:24+00,RUTAS SUR ATLANTICO S.A.,no_categoria_in_source
0c3a0150-2fe1-4e82-98e3-aef8e14f8f0d,ConsumosResumen.xlsx,AH351RT,7500.00,2026-07-26 09:31:31+00,CORREDORES VIALES SA,no_categoria_in_source
0c68ef95-dde8-401c-8cc9-36acd6242fb7,ConsumosResumen.xlsx,AF202UU,6195.30,2026-07-22 22:08:33+00,RUTAS SUR ATLANTICO S.A.,no_categoria_in_source
0c6985c0-d831-418d-88da-8474d9f41ad1,ConsumosResumen-202607-1.xlsx,AF791ER,6000.00,2026-07-09 10:55:17+00,CORREDORES VIALES SA,no_categoria_in_source
0c7b9e98-18d7-4eeb-a08a-f51cb8b2046d,ConsumosResumen-202607-1.xlsx,AE469PH,7500.00,2026-07-11 13:34:02+00,CORREDORES VIALES SA,no_categoria_in_source
0ca5f888-0303-499e-9c48-26b55693f680,ConsumosResumen.xlsx,AG916MK,6000.00,2026-07-13 22:03:16+00,CORREDORES VIALES SA,no_categoria_in_source
0cb9c1b5-2448-428e-a32d-a5de1af032fb,ConsumosResumen.xlsx,AF436WI,4500.00,2026-07-25 11:40:08+00,CORREDORES VIALES SA,no_categoria_in_source
0cd7f54d-2041-4b70-9f12-6e84c3983800,ConsumosResumen.xlsx,AF202UU,6195.30,2026-07-21 12:09:32+00,RUTAS SUR ATLANTICO S.A.,no_categoria_in_source
0cdd908a-cbf9-4ca9-b8bc-1a12738adc53,ConsumosResumen-202607-1.xlsx,AH800QT,7500.00,2026-07-01 21:57:07+00,CORREDORES VIALES SA,no_categoria_in_source
0cf57091-07c1-40a9-8626-198d9407c352,ConsumosResumen-202607-1.xlsx,AG533MF,1500.00,2026-07-09 05:38:22+00,CORREDORES VIALES SA,no_categoria_in_source
0d4526e9-c1bb-4460-8225-8d2112354e48,ConsumosResumen-202607-1.xlsx,AH185KI,7500.00,2026-07-06 09:02:43+00,CORREDORES VIALES SA,no_categoria_in_source
0d4c105d-32dd-43c3-b58a-15e80fc545d6,ConsumosResumen.xlsx,AG916MK,6000.00,2026-07-18 02:21:02+00,CORREDORES VIALES SA,no_categoria_in_source
0d91d93f-dad3-47f1-95d4-42c17f671cf2,ConsumosResumen-202607-1.xlsx,AG893YR,7500.00,2026-07-11 10:34:57+00,CORREDORES VIALES SA,no_categoria_in_source
0da5f53b-49c8-4068-9664-533a987388a9,ConsumosResumen-202607-1.xlsx,AG862VH,6000.00,2026-06-30 13:57:52+00,CORREDORES VIALES SA,no_categoria_in_source
0e3c09cc-345e-4afe-87c1-e6c21f4d6af3,ConsumosResumen-202607-1.xlsx,AD625QB,4500.00,2026-07-03 17:11:11+00,CORREDORES VIALES SA,no_categoria_in_source
0e4776ce-6c52-4c05-adb0-40c9d1325c25,ConsumosResumen-202607-1.xlsx,AD985XP,3000.00,2026-07-07 17:31:11+00,CORREDORES VIALES SA,no_categoria_in_source
0e759156-0500-4fd6-9a3f-1cf65fcc01ed,ConsumosResumen-202607-1.xlsx,AD482MT,6000.00,2026-07-02 17:13:16+00,CORREDORES VIALES SA,no_categoria_in_source
0e78af1c-55be-46f1-92bb-796f8c8fa298,ConsumosResumen-202607-1.xlsx,AF103ZL,6000.00,2026-07-07 14:26:54+00,CORREDORES VIALES SA,no_categoria_in_source
0e9031d1-09cc-41d6-9e11-a4004622518b,ConsumosResumen-202607-1.xlsx,AF791ER,6000.00,2026-07-04 07:11:07+00,CORREDORES VIALES SA,no_categoria_in_source
0ea53d27-c2f0-4be0-b3de-adac5eec9988,ConsumosResumen.xlsx,AH554RP,8935.49,2026-07-15 15:40:03+00,CORREDOR VIAL 5 S.A.U.,no_categoria_in_source
0ea5f4fa-5508-43f8-89d5-6460ed2aadc1,ConsumosResumen.xlsx,AD328WK,6000.00,2026-07-23 19:58:58+00,CORREDORES VIALES SA,no_categoria_in_source
0ea9d696-f4d5-487e-9173-5b184c99b7f6,ConsumosResumen-202607-1.xlsx,AG916MK,3097.65,2026-07-05 21:13:18+00,RUTAS SUR ATLANTICO S.A.,no_categoria_in_source
0eaa43b1-203e-4a23-b845-058ce379d459,ConsumosResumen-202607-1.xlsx,AD096FX,6000.00,2026-07-03 14:47:02+00,CORREDORES VIALES SA,no_categoria_in_source
0eb739a2-9a07-4a49-bd49-e65affd1cdbe,ConsumosResumen.xlsx,AG309CO,6000.00,2026-07-15 12:55:00+00,CORREDORES VIALES SA,no_categoria_in_source
0ebf9efa-6182-4f18-96c2-dff07826c7c1,ConsumosResumen.xlsx,AH554RP,8935.49,2026-07-03 14:22:31+00,CORREDOR VIAL 5 S.A.U.,no_categoria_in_source
0eeac9c8-74b6-4f2c-9765-4b9da187685f,ConsumosResumen-202607-1.xlsx,AH543IQ,7500.00,2026-07-02 10:52:12+00,CORREDORES VIALES SA,no_categoria_in_source
0f01263b-3446-46a2-a5fc-5b94287a287d,ConsumosResumen-202607-1.xlsx,AB456CU,6000.00,2026-07-01 22:26:04+00,CORREDORES VIALES SA,no_categoria_in_source
0f0ad0dd-2261-462e-afb2-73231fff74d0,ConsumosResumen.xlsx,AE952TH,8935.49,2026-07-20 08:31:45+00,CORREDOR VIAL 5 S.A.U.,no_categoria_in_source
0f3bc847-f0bd-463f-9852-d5586028b5b5,ConsumosResumen.xlsx,AD667DM,6000.00,2026-07-02 11:34:39+00,CORREDOR VIAL 5 S.A.U.,no_categoria_in_source
0f809367-4f5b-45f3-8340-fa776acaf2e1,ConsumosResumen.xlsx,AF389UV,4500.00,2026-07-16 14:23:22+00,CORREDORES VIALES SA,no_categoria_in_source
0fca1422-17b8-473e-be4f-500a47014279,ConsumosResumen-202607-1.xlsx,AF103ZL,6000.00,2026-06-29 17:24:53+00,CORREDORES VIALES SA,no_categoria_in_source
0fd373a2-6f80-405e-adec-e232b0bd2cc1,ConsumosResumen-202607-1.xlsx,AF231PZ,6000.00,2026-07-03 09:21:50+00,CORREDORES VIALES SA,no_categoria_in_source
0fdc86b3-6a9a-4925-9154-25b6f34bd936,ConsumosResumen-202607-1.xlsx,AG507DK,7500.00,2026-06-29 18:15:27+00,CORREDORES VIALES SA,no_categoria_in_source
0ff0f9d9-2caf-4054-a7b7-59c2074407e5,ConsumosResumen.xlsx,AH554RP,8935.49,2026-07-06 09:00:59+00,CORREDOR VIAL 5 S.A.U.,no_categoria_in_source
1016e98f-21b0-4c44-af09-3cfc3a46fa50,ConsumosResumen.xlsx,AG309CH,1500.00,2026-07-14 22:13:07+00,CORREDORES VIALES SA,no_categoria_in_source
101ae42a-23e6-4720-a7ba-67f14eb43dc9,ConsumosResumen.xlsx,AB456CP,774.41,2026-07-22 14:50:11+00,RUTAS SUR ATLANTICO S.A.,no_categoria_in_source
10464ca0-f20b-4ca1-8060-8480f0737da7,ConsumosResumen-202607-1.xlsx,AE284KH,4500.00,2026-07-05 20:14:14+00,CORREDORES VIALES SA,no_categoria_in_source
10496d29-ee63-4974-aa8a-9b311fce420d,ConsumosResumen.xlsx,AD625QB,4500.00,2026-07-14 13:06:01+00,CORREDORES VIALES SA,no_categoria_in_source
10531398-9c96-4dbe-bd4d-3879dfc8c00e,ConsumosResumen-202607-1.xlsx,AF411UY,6000.00,2026-07-01 08:34:29+00,CORREDORES VIALES SA,no_categoria_in_source
107a72a9-3af8-41ac-ae5a-79db31e0dde5,ConsumosResumen.xlsx,AG893YR,6195.30,2026-07-24 01:04:37+00,RUTAS SUR ATLANTICO S.A.,no_categoria_in_source
108cb755-c178-432f-a07b-933e5a7117ae,ConsumosResumen.xlsx,AC812DO,6000.00,2026-07-27 10:04:29+00,CORREDORES VIALES SA,no_categoria_in_source
10e6d636-9609-4664-b34c-46fb2747bded,ConsumosResumen.xlsx,AG533MF,1500.00,2026-07-16 22:19:51+00,CORREDORES VIALES SA,no_categoria_in_source
11228176-f547-4dba-8150-d5a6c73bd48f,ConsumosResumen.xlsx,EXT374,6195.30,2026-07-20 14:18:27+00,RUTAS SUR ATLANTICO S.A.,no_categoria_in_source
11801265-65c7-4928-8d0b-7c066e7720b3,ConsumosResumen-202607-1.xlsx,AE469PH,6500.00,2026-07-02 22:21:46+00,RUTAS SUR ATLANTICO S.A.,no_categoria_in_source
1181bf38-88b3-47ec-97e3-62b2920ac039,ConsumosResumen-202607-1.xlsx,AE284KH,4500.00,2026-06-30 20:58:51+00,CORREDORES VIALES SA,no_categoria_in_source
11a71bb9-9a98-4963-9b0a-2f57acf98ffc,ConsumosResumen-202607-1.xlsx,AF791ER,6000.00,2026-07-07 16:20:22+00,CORREDORES VIALES SA,no_categoria_in_source
11ba7c69-e435-42a1-b5a2-c2bb53e20073,ConsumosResumen.xlsx,AF993HK,6000.00,2026-07-27 09:10:58+00,CORREDORES VIALES SA,no_categoria_in_source
11bcd33b-70aa-4bb8-a241-db26113b013a,ConsumosResumen.xlsx,AH800QR,7500.00,2026-07-18 11:07:14+00,CORREDORES VIALES SA,no_categoria_in_source
11d5c528-60c5-4a02-80c8-251f28b05d4b,ConsumosResumen-202607-1.xlsx,AH272KN,7500.00,2026-07-01 05:43:33+00,CORREDORES VIALES SA,no_categoria_in_source
11d9d45a-3f91-42b0-b5ef-b200b5b0085b,ConsumosResumen.xlsx,AH554RQ,8935.49,2026-07-06 15:41:37+00,CORREDOR VIAL 5 S.A.U.,no_categoria_in_source
11e11d83-746d-47ff-8d49-7f849826087b,ConsumosResumen-202607-1.xlsx,AD239PP,6000.00,2026-06-29 16:44:29+00,CORREDORES VIALES SA,no_categoria_in_source
121713df-8b20-4fde-a43e-bc15a4cb8398,ConsumosResumen.xlsx,AF533SR,7500.00,2026-07-14 14:43:30+00,CORREDORES VIALES SA,no_categoria_in_source
1242543b-3b52-49a7-85fb-636aec43eb96,ConsumosResumen.xlsx,AC295IE,3097.65,2026-07-16 11:22:55+00,RUTAS SUR ATLANTICO S.A.,no_categoria_in_source
127cff62-89b0-4ae3-aec4-04a61038be50,ConsumosResumen.xlsx,AC295IE,3097.65,2026-07-21 04:02:29+00,RUTAS SUR ATLANTICO S.A.,no_categoria_in_source
12863af8-8ff7-464d-97dc-498ebd8a6dbc,ConsumosResumen-202607-1.xlsx,AB456CU,6000.00,2026-07-03 18:21:00+00,CORREDORES VIALES SA,no_categoria_in_source
12be7e66-cb2d-47f0-81a2-c9ba4d7ad7c8,ConsumosResumen.xlsx,AF389UV,5361.29,2026-07-22 05:33:44+00,RUTAS SUR ATLANTICO S.A.,no_categoria_in_source
12dd2a0c-ca4e-4b2f-8ab8-08ef416492c6,ConsumosResumen.xlsx,AF103ZL,6000.00,2026-07-27 01:00:46+00,CORREDORES VIALES SA,no_categoria_in_source
1319ba5e-e825-4c28-a703-27712debbb1f,ConsumosResumen.xlsx,AD985XP,3000.00,2026-07-20 13:08:35+00,CORREDORES VIALES SA,no_categoria_in_source
139bf722-180e-4b55-977a-63e4e6bc2df5,ConsumosResumen-202607-1.xlsx,AE454PH,6000.00,2026-06-29 08:45:52+00,CORREDORES VIALES SA,no_categoria_in_source
13bbd268-58c5-409c-a08b-f3439119ba02,ConsumosResumen.xlsx,AF993HK,6000.00,2026-07-23 05:13:32+00,CORREDORES VIALES SA,no_categoria_in_source
13fd2883-cbf0-41dc-b015-4c9db865593e,ConsumosResumen-202607-1.xlsx,AE952TH,7500.00,2026-07-07 16:25:37+00,CORREDORES VIALES SA,no_categoria_in_source
14219533-8e49-4aa4-8288-e7718bc27266,ConsumosResumen.xlsx,AH554RQ,8935.49,2026-07-27 10:23:35+00,CORREDOR VIAL 5 S.A.U.,no_categoria_in_source
1454db5f-a6d7-4413-a0fe-4f1b8b4922d9,ConsumosResumen.xlsx,OWG130,6000.00,2026-07-13 21:08:12+00,CORREDORES VIALES SA,no_categoria_in_source
1491c9ab-6459-4eca-b0a7-357af9ec0646,ConsumosResumen-202607-1.xlsx,AF202UU,6000.00,2026-07-07 10:02:16+00,CORREDORES VIALES SA,no_categoria_in_source
14ad5b80-5d4f-4893-bdd0-d7c3b2897fcd,ConsumosResumen-202607-1.xlsx,AF791ER,6000.00,2026-07-05 21:04:43+00,CORREDORES VIALES SA,no_categoria_in_source
14b53892-8e64-4b10-a0ec-31a6a2235f98,ConsumosResumen.xlsx,AB456CU,6000.00,2026-07-27 16:54:05+00,CORREDORES VIALES SA,no_categoria_in_source
14c31cfb-a142-448c-92fe-1b35e6427a3e,ConsumosResumen-202607-1.xlsx,AG862VH,6000.00,2026-07-02 18:37:29+00,CORREDORES VIALES SA,no_categoria_in_source
14d0446a-6129-44ed-b704-03771699b752,ConsumosResumen.xlsx,AG309CO,6195.30,2026-07-14 21:49:07+00,RUTAS SUR ATLANTICO S.A.,no_categoria_in_source
14f4f15b-8d7b-4b67-804c-871b622308e0,ConsumosResumen.xlsx,AH033DL,6000.00,2026-07-17 21:03:36+00,CORREDORES VIALES SA,no_categoria_in_source
15408184-33a4-451e-b3d6-37c0b2e792b4,ConsumosResumen.xlsx,AF103ZL,6000.00,2026-07-26 03:14:14+00,CORREDORES VIALES SA,no_categoria_in_source
15425e27-222b-438e-bb55-a75f46a9d27a,ConsumosResumen.xlsx,AH251LE,7500.00,2026-07-19 15:59:16+00,CORREDORES VIALES SA,no_categoria_in_source
15512ec5-5680-4589-a616-5e852420245b,ConsumosResumen.xlsx,AD328WK,6000.00,2026-07-27 18:31:45+00,CORREDORES VIALES SA,no_categoria_in_source
15596d3b-b432-4e37-a27b-90046646fc72,ConsumosResumen.xlsx,AC812DO,6000.00,2026-07-21 10:58:02+00,CORREDORES VIALES SA,no_categoria_in_source
15611a70-191c-4767-ac4c-18dd5a9488e9,ConsumosResumen.xlsx,AB456CU,6000.00,2026-07-16 20:02:46+00,CORREDORES VIALES SA,no_categoria_in_source
15645f78-3aeb-4c0d-830c-464e5eaf1ff8,ConsumosResumen-202607-1.xlsx,AE469PL,6000.00,2026-06-29 15:12:03+00,CORREDORES VIALES SA,no_categoria_in_source
15a3c4be-0b3e-472b-b3fb-78279f6f07e4,ConsumosResumen-202607-1.xlsx,AG862VH,6000.00,2026-07-04 06:53:41+00,CORREDORES VIALES SA,no_categoria_in_source
15d034ed-bbfd-443f-989b-daf5bb819a66,ConsumosResumen-202607-1.xlsx,AF231PZ,7148.39,2026-07-08 16:50:10+00,RUTAS SUR ATLANTICO S.A.,no_categoria_in_source
16046031-6ef9-4c37-9b7f-3456645c73d2,ConsumosResumen.xlsx,AH351RS,7148.39,2026-07-15 02:22:01+00,CORREDOR VIAL 5 S.A.U.,no_categoria_in_source
160e093a-a882-466f-8047-61605ae47f2b,ConsumosResumen.xlsx,AH351RS,7148.39,2026-07-17 03:32:00+00,CORREDOR VIAL 5 S.A.U.,no_categoria_in_source
16e7b250-d2b3-4d03-9a73-98a786d7b8fe,ConsumosResumen-202607-1.xlsx,AB456CP,893.55,2026-07-03 17:06:18+00,RUTAS SUR ATLANTICO S.A.,no_categoria_in_source
16f989c2-14b8-4dfd-8255-31bed2368f4b,ConsumosResumen-202607-1.xlsx,AE908YR,1500.00,2026-07-07 10:16:05+00,CORREDORES VIALES SA,no_categoria_in_source
16fa26f6-21f5-402e-b0f7-5301f19440ce,ConsumosResumen-202607-1.xlsx,AD328WK,6000.00,2026-06-29 19:43:36+00,CORREDORES VIALES SA,no_categoria_in_source
170000b1-30e9-4881-8643-910e70f8dce4,ConsumosResumen-202607-1.xlsx,AF791ER,6000.00,2026-06-29 17:50:22+00,CORREDORES VIALES SA,no_categoria_in_source
1717c067-a6ef-438a-9a04-74e9fcd32551,ConsumosResumen-202607-1.xlsx,AG916MK,6000.00,2026-07-01 18:54:25+00,CORREDORES VIALES SA,no_categoria_in_source
1743bdce-1fd5-4d03-855e-2d36b0377c90,ConsumosResumen-202607-1.xlsx,AG423BT,1500.00,2026-07-09 18:59:05+00,CORREDORES VIALES SA,no_categoria_in_source
17589327-a2ca-43ec-88f7-0928bc47ad1e,ConsumosResumen.xlsx,AG916MK,1548.82,2026-07-18 21:21:56+00,RUTAS SUR ATLANTICO S.A.,no_categoria_in_source
175c7a6c-b82d-46e5-8353-8f8494223760,ConsumosResumen.xlsx,AH185KI,7500.00,2026-07-23 19:23:27+00,CORREDORES VIALES SA,no_categoria_in_source
175f7f48-af34-4ccf-b1cd-8f8c9f2f7d01,ConsumosResumen.xlsx,AC561DQ,6000.00,2026-07-21 14:38:39+00,CORREDORES VIALES SA,no_categoria_in_source
177dcfcd-4d9b-447a-b6bf-9e615f7a1f1a,ConsumosResumen-202607-1.xlsx,AF103ZL,6000.00,2026-07-02 18:05:33+00,CORREDORES VIALES SA,no_categoria_in_source
1782f97f-2c91-456d-9991-328e2d082ce7,ConsumosResumen-202607-1.xlsx,AG916MK,6000.00,2026-07-06 03:13:51+00,CORREDORES VIALES SA,no_categoria_in_source
1819a183-8611-4e79-ab16-b78beb19f59e,ConsumosResumen.xlsx,AG939HX,7500.00,2026-07-14 13:04:46+00,CORREDORES VIALES SA,no_categoria_in_source
1855a441-915b-477c-997a-fb3ab150e835,ConsumosResumen-202607-1.xlsx,AH554RQ,7500.00,2026-06-28 22:48:36+00,CORREDORES VIALES SA,no_categoria_in_source
186aa8ae-63d1-48bb-8eef-cc62b01b659e,ConsumosResumen-202607-1.xlsx,AG507DK,7500.00,2026-07-04 13:43:11+00,CORREDORES VIALES SA,no_categoria_in_source
1873608e-683b-4930-a22b-53a8b7022a07,ConsumosResumen-202607-1.xlsx,AF436WI,4500.00,2026-07-06 10:48:47+00,CORREDORES VIALES SA,no_categoria_in_source
18e5cb51-e0c3-4e48-b8d0-fdc251598963,ConsumosResumen-202607-1.xlsx,AF509QF,6000.00,2026-06-30 14:33:55+00,CORREDORES VIALES SA,no_categoria_in_source
18e92523-6a3c-483a-b615-1c9cb41e9fd8,ConsumosResumen-202607-1.xlsx,AG309CO,6000.00,2026-07-03 04:22:52+00,CORREDORES VIALES SA,no_categoria_in_source
191b8a17-a5ce-4425-b937-7817bc957fa2,ConsumosResumen.xlsx,AG862VH,6000.00,2026-07-16 07:40:37+00,CORREDORES VIALES SA,no_categoria_in_source
191f6b2f-a659-4507-80d4-ce25df757e6c,ConsumosResumen-202607-1.xlsx,AE952TH,7500.00,2026-07-05 22:00:42+00,CORREDORES VIALES SA,no_categoria_in_source
19319709-e362-4eba-8bb9-f826bcb66d81,ConsumosResumen-202607-1.xlsx,AH543IQ,7500.00,2026-06-25 06:43:49+00,CORREDORES VIALES SA,no_categoria_in_source
1933d72c-a0f1-455f-8709-f3374c88ce32,ConsumosResumen.xlsx,AF103ZL,6000.00,2026-07-23 22:36:23+00,CORREDORES VIALES SA,no_categoria_in_source
194acda0-2811-4035-ac40-553c32083c76,ConsumosResumen.xlsx,AE284KH,4500.00,2026-07-13 19:23:37+00,CORREDORES VIALES SA,no_categoria_in_source
198add78-13f2-4448-ab79-3a47a66b5a41,ConsumosResumen-202607-1.xlsx,AH351RT,7500.00,2026-06-30 10:41:33+00,CORREDORES VIALES SA,no_categoria_in_source
19b34fac-4b2d-4f4b-a154-e6e91454fcf9,ConsumosResumen-202607-1.xlsx,AG309CO,6000.00,2026-07-09 10:35:53+00,CORREDORES VIALES SA,no_categoria_in_source
19cca799-168f-49ac-b61d-b7494c52c661,ConsumosResumen-202607-1.xlsx,AG862VH,6000.00,2026-07-09 09:50:52+00,CORREDORES VIALES SA,no_categoria_in_source
19ec1b8c-43cb-4880-83de-b35a28a1b997,ConsumosResumen-202607-1.xlsx,AG893YR,6000.00,2026-07-01 03:14:04+00,CORREDORES VIALES SA,no_categoria_in_source
1a83332c-c15d-4509-b295-b612a90b5e8c,ConsumosResumen.xlsx,AD239PP,6000.00,2026-07-24 08:44:31+00,CORREDORES VIALES SA,no_categoria_in_source
1abfbb25-39f2-4f43-83be-abd6fa7acce3,ConsumosResumen-202607-1.xlsx,AG939HR,6195.30,2026-07-10 13:39:32+00,RUTAS SUR ATLANTICO S.A.,no_categoria_in_source
1ac37fc0-f938-4c9a-8a1f-e719696473be,ConsumosResumen-202607-1.xlsx,AG110LK,7500.00,2026-07-04 17:32:36+00,CORREDORES VIALES SA,no_categoria_in_source
1afedb64-d2b3-4af4-908e-8f7696ffd97c,ConsumosResumen.xlsx,AH351RS,7148.39,2026-07-26 09:46:56+00,CORREDOR VIAL 5 S.A.U.,no_categoria_in_source
1b107030-ab47-4bc3-b772-e96315410356,ConsumosResumen.xlsx,AG309CO,7500.00,2026-07-23 10:31:47+00,CORREDORES VIALES SA,no_categoria_in_source
1b4e8f64-da5c-4492-8452-abd2ef69df32,ConsumosResumen-202607-1.xlsx,AD933WS,3000.00,2026-07-03 10:14:21+00,CORREDORES VIALES SA,no_categoria_in_source
1b6eed27-a06e-4a2e-a883-f0b6e6f03f94,ConsumosResumen.xlsx,AG916MK,6000.00,2026-07-27 21:36:38+00,CORREDORES VIALES SA,no_categoria_in_source
1b7e2631-19e0-49b7-b14c-e1aa9f71e6c3,ConsumosResumen.xlsx,AH729QW,7500.00,2026-07-16 03:01:21+00,CORREDORES VIALES SA,no_categoria_in_source
1b95a94e-ad79-4d5e-8053-fa0d83869cd3,ConsumosResumen-202607-1.xlsx,AF533SR,7500.00,2026-07-03 18:14:16+00,CORREDORES VIALES SA,no_categoria_in_source
1ba8e5d6-ccca-43b2-9504-61315b707278,ConsumosResumen.xlsx,AB456CU,6000.00,2026-07-24 21:41:01+00,CORREDORES VIALES SA,no_categoria_in_source
1c433d8f-61fe-47d0-99da-0dd99fa048a8,ConsumosResumen-202607-1.xlsx,AG309CO,6000.00,2026-07-05 12:09:56+00,CORREDORES VIALES SA,no_categoria_in_source
1c450db8-1dee-44f1-be32-75183bc005c1,ConsumosResumen.xlsx,AE751PA,7500.00,2026-07-26 16:54:10+00,CORREDORES VIALES SA,no_categoria_in_source
1c682f1d-1f7a-408e-a608-beb85b9a334a,ConsumosResumen-202607-1.xlsx,AE908YR,1500.00,2026-07-07 08:28:08+00,CORREDORES VIALES SA,no_categoria_in_source
1cb9e0c4-21fa-4566-833b-1477a069dd10,ConsumosResumen.xlsx,AG916MK,3097.65,2026-07-13 12:11:54+00,RUTAS SUR ATLANTICO S.A.,no_categoria_in_source
1cbd774f-7ab3-4674-a128-84ef39eff62a,ConsumosResumen.xlsx,AD482MT,6000.00,2026-07-14 10:51:04+00,CORREDORES VIALES SA,no_categoria_in_source
1ce5cfc3-b6bd-439d-a296-fdc963e3a98b,ConsumosResumen.xlsx,AG822HO,7148.39,2026-07-24 00:56:07+00,CORREDOR VIAL 5 S.A.U.,no_categoria_in_source
1cf95203-b0be-40eb-a0fc-89edcf66bf17,ConsumosResumen.xlsx,AH351RS,7148.39,2026-07-20 19:05:51+00,CORREDOR VIAL 5 S.A.U.,no_categoria_in_source
1d0c1c2d-f0a0-4536-8e70-517977ba3e12,ConsumosResumen.xlsx,AH554RQ,8935.49,2026-07-27 12:50:25+00,CORREDOR VIAL 5 S.A.U.,no_categoria_in_source
1d30a0ad-617a-4700-b060-fe69fa151bb2,ConsumosResumen.xlsx,AF436WI,4646.47,2026-07-20 01:18:10+00,RUTAS SUR ATLANTICO S.A.,no_categoria_in_source
1d400c5b-b487-408b-b01d-e6df71813753,ConsumosResumen.xlsx,AG507DK,7744.12,2026-07-27 11:37:23+00,RUTAS SUR ATLANTICO S.A.,no_categoria_in_source
1d4eddc9-6485-4e65-8a37-11c1d60d6133,ConsumosResumen.xlsx,AF389UV,3574.19,2026-07-24 17:22:44+00,RUTAS SUR ATLANTICO S.A.,no_categoria_in_source
1d9ed250-7808-4844-b5ba-f60e31d286bf,ConsumosResumen.xlsx,AH543IQ,7744.12,2026-07-14 12:09:56+00,RUTAS SUR ATLANTICO S.A.,no_categoria_in_source
1daa7382-bd21-4689-99e9-51d952678392,ConsumosResumen-202607-1.xlsx,AH351RT,7500.00,2026-07-11 01:05:05+00,CORREDORES VIALES SA,no_categoria_in_source
1dabd835-cdfc-4cb3-bcde-ad8b8e67507d,ConsumosResumen.xlsx,AH554RP,8935.49,2026-07-09 19:58:01+00,CORREDOR VIAL 5 S.A.U.,no_categoria_in_source
1dd0b2d1-eed9-4411-98d6-d98e2a156c8c,ConsumosResumen-202607-1.xlsx,AG893YR,6000.00,2026-07-01 21:55:58+00,CORREDORES VIALES SA,no_categoria_in_source
1dd7305f-0023-48e6-9b1b-655bd1a14609,ConsumosResumen.xlsx,AF389UV,4500.00,2026-07-13 01:40:58+00,CORREDORES VIALES SA,no_categoria_in_source
1e78511d-57b3-4380-a543-33b8400d35a1,ConsumosResumen.xlsx,AH351RS,7148.39,2026-07-07 16:23:50+00,CORREDOR VIAL 5 S.A.U.,no_categoria_in_source
1e8bd039-b93a-4653-afd1-0abc4586c13c,ConsumosResumen-202607-1.xlsx,AD625QB,4500.00,2026-07-07 12:23:06+00,CORREDORES VIALES SA,no_categoria_in_source
1e8c8bdd-0480-4ee6-8c50-d70caf919ca2,ConsumosResumen-202607-1.xlsx,AG676SP,7500.00,2026-06-29 17:54:56+00,CORREDORES VIALES SA,no_categoria_in_source
1e99f278-e174-4ee2-96b3-873b37734b0b,ConsumosResumen-202607-1.xlsx,AF136HN,6000.00,2026-06-29 18:03:57+00,CORREDORES VIALES SA,no_categoria_in_source
1f086687-ad3b-4bc0-bad4-32d7cc36f70b,ConsumosResumen.xlsx,AG309CH,1500.00,2026-07-16 03:33:12+00,CORREDORES VIALES SA,no_categoria_in_source
1f246dd9-922a-46d8-a20d-3188f7845616,ConsumosResumen.xlsx,AE469PL,7148.39,2026-07-21 19:38:41+00,CORREDOR VIAL 5 S.A.U.,no_categoria_in_source
1f2c7a29-6c1b-4835-b4b5-0f3521a68078,ConsumosResumen-202607-1.xlsx,AH543IQ,7500.00,2026-06-25 23:38:32+00,CORREDORES VIALES SA,no_categoria_in_source
1f3e6f71-404f-4117-b1ad-b068ed893bcd,ConsumosResumen-202607-1.xlsx,AF231PZ,6000.00,2026-07-10 11:01:12+00,CORREDORES VIALES SA,no_categoria_in_source
1f40ca3f-6c12-44f9-b850-b4dec94e735e,ConsumosResumen.xlsx,AD736OU,7500.00,2026-07-14 13:45:22+00,CORREDORES VIALES SA,no_categoria_in_source
1fcfdb2a-471b-43e8-95ca-10d0890dbb9a,ConsumosResumen-202607-1.xlsx,AF136HN,6000.00,2026-07-07 22:49:31+00,CORREDORES VIALES SA,no_categoria_in_source
1fd288e9-ee35-4b25-84f0-4bf28ab93253,ConsumosResumen.xlsx,AE831SI,7500.00,2026-07-13 14:03:27+00,CORREDORES VIALES SA,no_categoria_in_source
1fe8503d-d55f-4827-ba8d-11f1508bca04,ConsumosResumen-202607-1.xlsx,AE469PH,7500.00,2026-07-10 14:49:39+00,CORREDORES VIALES SA,no_categoria_in_source
1ffc173a-fb15-4fc9-9952-68d6e73c3f7f,ConsumosResumen.xlsx,AH251LE,7500.00,2026-07-23 15:20:08+00,CORREDORES VIALES SA,no_categoria_in_source
20262a4b-b2fd-43d8-a453-f51e3d821dba,ConsumosResumen-202607-1.xlsx,AC561DQ,6000.00,2026-06-29 17:03:50+00,CORREDORES VIALES SA,no_categoria_in_source
2081318a-9ed2-4fb0-94c6-0dcce87795d8,ConsumosResumen-202607-1.xlsx,AB151SM,6000.00,2026-07-08 20:25:34+00,CORREDORES VIALES SA,no_categoria_in_source
20cf1c5e-aae1-4e44-abd2-6136e4774e40,ConsumosResumen.xlsx,AF231PZ,6000.00,2026-07-15 14:18:25+00,CORREDORES VIALES SA,no_categoria_in_source
20d480ae-7c5b-428d-9796-d22d4e905f1f,ConsumosResumen.xlsx,AG309CH,1500.00,2026-07-16 06:08:34+00,CORREDORES VIALES SA,no_categoria_in_source
20dddcfa-1c56-420f-b53b-368cc7d3ba14,ConsumosResumen-202607-1.xlsx,AG939HX,6000.00,2026-06-30 19:17:32+00,CORREDORES VIALES SA,no_categoria_in_source
20ee3427-d913-4766-a997-47883a8004e7,ConsumosResumen-202607-1.xlsx,AC812DO,3097.65,2026-07-04 10:03:59+00,RUTAS SUR ATLANTICO S.A.,no_categoria_in_source
213782dd-17c7-44ff-843e-c9b042a6fd5b,ConsumosResumen.xlsx,AH351RS,7148.39,2026-07-03 01:05:01+00,CORREDOR VIAL 5 S.A.U.,no_categoria_in_source
21459e80-50ab-4a5b-8afe-8458d5b6ce0b,ConsumosResumen.xlsx,AG822HO,7148.39,2026-07-25 12:25:44+00,CORREDOR VIAL 5 S.A.U.,no_categoria_in_source
2175a3fd-e20b-4efd-83e9-0c213883c5b3,ConsumosResumen.xlsx,AH554RP,7500.00,2026-07-02 14:23:43+00,CORREDOR VIAL 5 S.A.U.,no_categoria_in_source
21860519-d2c3-410d-aa74-86974444e682,ConsumosResumen.xlsx,AD625QB,6000.00,2026-07-16 17:04:09+00,CORREDORES VIALES SA,no_categoria_in_source
21eeeaf9-5daf-4460-aaa8-af044fe89d9e,ConsumosResumen-202607-1.xlsx,AD667DM,6000.00,2026-07-02 16:13:17+00,CORREDORES VIALES SA,no_categoria_in_source
22280d7b-6bc1-4160-9672-552c6ce54c6b,ConsumosResumen.xlsx,AG893YR,6000.00,2026-07-14 20:05:38+00,CORREDORES VIALES SA,no_categoria_in_source
222a87ad-7b3b-4e08-a707-ee161fa782ab,ConsumosResumen-202607-1.xlsx,AC561DQ,6000.00,2026-07-01 20:31:27+00,CORREDORES VIALES SA,no_categoria_in_source
2231fb44-8256-432a-ae51-dfefd69b436d,ConsumosResumen.xlsx,AF202UU,6000.00,2026-07-27 20:32:00+00,CORREDORES VIALES SA,no_categoria_in_source
225fddae-4200-4bda-a6b6-e7322391dc27,ConsumosResumen.xlsx,AH554RP,8935.49,2026-07-05 19:51:35+00,CORREDOR VIAL 5 S.A.U.,no_categoria_in_source
226030ac-99ea-41ff-b7ec-529778c9cfba,ConsumosResumen-202607-1.xlsx,AG916MK,6000.00,2026-07-02 23:36:17+00,CORREDORES VIALES SA,no_categoria_in_source
2261f09f-fef6-495c-b27f-cac8accc4344,ConsumosResumen-202607-1.xlsx,AB633TZ,3097.65,2026-07-07 12:02:07+00,RUTAS SUR ATLANTICO S.A.,no_categoria_in_source
22736645-6317-477b-b23b-413aaebb575c,ConsumosResumen.xlsx,AH554RQ,8935.49,2026-07-21 17:28:04+00,CORREDOR VIAL 5 S.A.U.,no_categoria_in_source
2274fa2b-769e-4dd2-9a3e-b73007af40df,ConsumosResumen.xlsx,AG939HR,7744.12,2026-07-24 14:39:29+00,RUTAS SUR ATLANTICO S.A.,no_categoria_in_source
22dd24db-cf1c-49fc-92c1-38ba833a55c0,ConsumosResumen.xlsx,AD584GR,1500.00,2026-07-23 11:28:00+00,CORREDORES VIALES SA,no_categoria_in_source
22de0a5a-27a1-46a9-9e08-b2282972edd9,ConsumosResumen-202607-1.xlsx,AH033DL,6000.00,2026-06-29 20:29:23+00,CORREDORES VIALES SA,no_categoria_in_source
22ed1a83-92ca-453d-ac8f-8c21a49f2b21,ConsumosResumen-202607-1.xlsx,AH351RT,7500.00,2026-07-02 01:22:56+00,CORREDORES VIALES SA,no_categoria_in_source
231f9214-8f36-4b8f-9d72-03e306205bb9,ConsumosResumen.xlsx,AE469PL,6000.00,2026-07-14 06:39:46+00,CORREDORES VIALES SA,no_categoria_in_source
232cac75-cbc4-4695-b9b1-b2fc1a8605cf,ConsumosResumen.xlsx,AG916MK,3097.65,2026-07-21 20:26:19+00,RUTAS SUR ATLANTICO S.A.,no_categoria_in_source
23343871-ef8b-49d1-af70-2006b4b1ca3b,ConsumosResumen.xlsx,AG249HS,1500.00,2026-07-19 05:53:29+00,CORREDORES VIALES SA,no_categoria_in_source
2390a35f-6e53-411a-8883-65fcaea9d758,ConsumosResumen.xlsx,AH729QW,1548.82,2026-07-24 03:35:24+00,RUTAS SUR ATLANTICO S.A.,no_categoria_in_source
23da7304-5712-43ad-b07a-f51938baea48,ConsumosResumen-202607-1.xlsx,AF533SR,1548.82,2026-07-03 20:39:09+00,RUTAS SUR ATLANTICO S.A.,no_categoria_in_source
23ee3659-188a-4f79-a105-8871c1b3cc33,ConsumosResumen.xlsx,AB456CQ,6000.00,2026-07-20 16:21:20+00,CORREDORES VIALES SA,no_categoria_in_source
23ee76e0-a80e-4ecb-ba82-4eacbb49fe81,ConsumosResumen-202607-1.xlsx,AG676SP,6000.00,2026-07-10 04:21:13+00,CORREDORES VIALES SA,no_categoria_in_source
2463505a-e897-4b4c-b1b0-51e4c0e9fcb9,ConsumosResumen.xlsx,AH185KI,8935.49,2026-07-07 17:04:12+00,RUTAS SUR ATLANTICO S.A.,no_categoria_in_source
24f447ec-9f83-458c-817f-11a76480d688,ConsumosResumen-202607-1.xlsx,AF533SR,7500.00,2026-07-06 07:34:50+00,CORREDORES VIALES SA,no_categoria_in_source
25482380-7c7f-4af9-8899-ae8321a46039,ConsumosResumen-202607-1.xlsx,AH729QW,7500.00,2026-07-06 20:15:06+00,CORREDORES VIALES SA,no_categoria_in_source
256b728c-25c9-4486-994b-90da708692e6,ConsumosResumen.xlsx,AH351RT,7500.00,2026-07-24 15:08:13+00,CORREDORES VIALES SA,no_categoria_in_source
25bc7069-0f33-4209-a239-abe4b51b098b,ConsumosResumen.xlsx,AD584GR,1500.00,2026-07-27 15:37:31+00,CORREDORES VIALES SA,no_categoria_in_source
25db3a6b-3ed5-450d-8e25-58cba41638bf,ConsumosResumen-202607-1.xlsx,AH185KI,7500.00,2026-07-03 09:46:28+00,CORREDORES VIALES SA,no_categoria_in_source
25efdbf5-3470-40d5-8dfd-61046041d00d,ConsumosResumen.xlsx,AH554RP,8935.49,2026-07-07 16:35:37+00,CORREDOR VIAL 5 S.A.U.,no_categoria_in_source
25f3764f-898b-474c-a626-95f94807f1cd,ConsumosResumen-202607-1.xlsx,AE952TH,6000.00,2026-07-06 11:18:01+00,CORREDORES VIALES SA,no_categoria_in_source
26063948-7608-4e4d-a379-4c81b31cb8bc,ConsumosResumen.xlsx,AG249HS,1500.00,2026-07-16 06:31:44+00,CORREDORES VIALES SA,no_categoria_in_source
261a5a1d-7cde-46fa-824f-024defc575ce,ConsumosResumen-202607-1.xlsx,AG309CO,6000.00,2026-07-12 12:26:59+00,CORREDORES VIALES SA,no_categoria_in_source
26432546-bee7-4613-884c-9fa52bb38662,ConsumosResumen-202607-1.xlsx,AG309CO,6000.00,2026-07-02 20:23:07+00,CORREDORES VIALES SA,no_categoria_in_source
264c8b4a-1876-463d-ba77-793f9705b207,ConsumosResumen-202607-1.xlsx,EXT374,6000.00,2026-06-26 13:38:12+00,CORREDORES VIALES SA,no_categoria_in_source
2683c6d1-4a6b-4bf7-8def-5e7331b9f119,ConsumosResumen-202607-1.xlsx,AF231PZ,6000.00,2026-07-01 23:58:37+00,CORREDORES VIALES SA,no_categoria_in_source
269f565b-2e26-4027-a5cc-434a630b4efb,ConsumosResumen.xlsx,AD736OU,8935.49,2026-07-20 07:24:08+00,CORREDOR VIAL 5 S.A.U.,no_categoria_in_source
270883c7-b571-46cf-bfc6-7ba6919c8989,ConsumosResumen.xlsx,AG822HO,6000.00,2026-07-14 18:20:43+00,CORREDORES VIALES SA,no_categoria_in_source
27518db2-7e3c-4119-8219-659f7c18ddfa,ConsumosResumen.xlsx,AD736OU,7500.00,2026-07-17 13:30:27+00,CORREDORES VIALES SA,no_categoria_in_source
278557a4-a251-472b-a9b4-d6d70e863a2e,ConsumosResumen-202607-1.xlsx,AC295IE,3000.00,2026-07-06 15:48:52+00,CORREDORES VIALES SA,no_categoria_in_source
279e9e7b-6318-48df-a0c2-5b54755f5682,ConsumosResumen.xlsx,AD328WK,7148.39,2026-07-03 18:29:16+00,RUTAS SUR ATLANTICO S.A.,no_categoria_in_source
27d11710-53fe-4f39-921a-cde5ddba1d53,ConsumosResumen.xlsx,AB151SM,6000.00,2026-07-23 12:41:20+00,CORREDORES VIALES SA,no_categoria_in_source
27d274f5-3bbe-4fe9-871e-8806e5bbe68a,ConsumosResumen.xlsx,AH554RP,7500.00,2026-07-02 12:06:31+00,CORREDOR VIAL 5 S.A.U.,no_categoria_in_source
27d83487-eabc-46f7-ab59-55712a64f8d4,ConsumosResumen-202607-1.xlsx,AG862VH,6000.00,2026-06-30 17:36:49+00,CORREDORES VIALES SA,no_categoria_in_source
282b5190-8116-4cd1-9790-465161b21b5d,ConsumosResumen-202607-1.xlsx,AH543IQ,7500.00,2026-07-04 08:58:11+00,CORREDORES VIALES SA,no_categoria_in_source
282dfe42-3d52-4dae-93ef-883edc18829a,ConsumosResumen-202607-1.xlsx,AH185KI,7500.00,2026-07-04 16:20:11+00,CORREDORES VIALES SA,no_categoria_in_source
2872435b-b412-4a7c-a4db-5f9c4c99d341,ConsumosResumen-202607-1.xlsx,AH800QT,7500.00,2026-07-02 06:20:52+00,CORREDORES VIALES SA,no_categoria_in_source
287d7cd4-d3bd-48d1-bf9a-c52b4facda24,ConsumosResumen-202607-1.xlsx,AG309CH,1500.00,2026-07-04 14:09:54+00,CORREDORES VIALES SA,no_categoria_in_source
28826e04-4c15-4fdd-afad-65b9a11dc5a6,ConsumosResumen.xlsx,AF533SR,7500.00,2026-07-21 21:34:50+00,CORREDORES VIALES SA,no_categoria_in_source
288523fa-8d25-42d6-9c0a-b074344d85dc,ConsumosResumen.xlsx,AH351RT,7500.00,2026-07-27 03:39:11+00,CORREDORES VIALES SA,no_categoria_in_source
2888ea32-1dbc-42b7-b6ae-b5c8492756cd,ConsumosResumen.xlsx,AF202UU,6195.30,2026-07-17 20:07:42+00,RUTAS SUR ATLANTICO S.A.,no_categoria_in_source
28acae6a-501f-495c-8d52-2d3257203a36,ConsumosResumen-202607-1.xlsx,AG916MK,6000.00,2026-06-30 11:54:07+00,CORREDORES VIALES SA,no_categoria_in_source
28bf7458-aafb-404c-ba20-a63cfca3d8a5,ConsumosResumen-202607-1.xlsx,AD736OU,7500.00,2026-07-06 12:37:52+00,CORREDORES VIALES SA,no_categoria_in_source
28cb686a-d023-4bf2-a4de-81e3147f3b56,ConsumosResumen-202607-1.xlsx,AD239PP,6000.00,2026-06-29 12:31:39+00,CORREDORES VIALES SA,no_categoria_in_source
28d8f1ba-eb46-4d91-ab75-e8aa3e86ef27,ConsumosResumen-202607-1.xlsx,AG507DK,6000.00,2026-06-29 09:26:08+00,CORREDORES VIALES SA,no_categoria_in_source
28d9bef2-b4b7-4b07-b02c-6b378d8777c0,ConsumosResumen.xlsx,AG309CO,6195.30,2026-07-17 12:39:40+00,RUTAS SUR ATLANTICO S.A.,no_categoria_in_source
28de07f4-345d-43a2-aa30-aa2ac94ba753,ConsumosResumen.xlsx,AG309CH,1500.00,2026-07-14 19:56:03+00,CORREDORES VIALES SA,no_categoria_in_source
292157b8-65e4-4d10-b292-bf56c222a3a6,ConsumosResumen-202607-1.xlsx,AF791ER,6000.00,2026-07-07 18:37:23+00,CORREDORES VIALES SA,no_categoria_in_source
2925032d-70d2-49e9-ae52-73f16686838b,ConsumosResumen.xlsx,AG939HX,7500.00,2026-07-23 07:07:29+00,CORREDORES VIALES SA,no_categoria_in_source
2931d20f-c074-460c-9fe5-aace9df76e21,ConsumosResumen-202607-1.xlsx,AE469PL,6000.00,2026-07-07 20:33:46+00,CORREDORES VIALES SA,no_categoria_in_source
297c9be9-34c9-4113-a6cb-7739a56894fd,ConsumosResumen.xlsx,AF202UU,6000.00,2026-07-15 09:55:40+00,CORREDORES VIALES SA,no_categoria_in_source
29d24128-d6e9-4be5-9642-4fbc0bc05e85,ConsumosResumen-202607-1.xlsx,AF231PZ,6000.00,2026-07-03 01:34:56+00,CORREDORES VIALES SA,no_categoria_in_source
2a19b3ae-43d0-4e50-bfa1-d7b3f37205f7,ConsumosResumen-202607-1.xlsx,AF103ZL,6000.00,2026-07-09 00:58:51+00,CORREDORES VIALES SA,no_categoria_in_source
2a49fee5-88b4-44a3-a3de-977974f2f2ab,ConsumosResumen.xlsx,AG822HO,7148.39,2026-07-17 01:49:42+00,CORREDOR VIAL 5 S.A.U.,no_categoria_in_source
2a4ce76d-030c-4d6a-be38-0c3a94d79915,ConsumosResumen-202607-1.xlsx,AD328WK,6000.00,2026-07-08 14:17:38+00,CORREDORES VIALES SA,no_categoria_in_source
2a50b31f-f994-4118-a4a4-887c8e4db04f,ConsumosResumen-202607-1.xlsx,AG309CO,3097.65,2026-07-03 22:31:36+00,RUTAS SUR ATLANTICO S.A.,no_categoria_in_source
2a586356-b357-4ba6-a8b0-2923ccb19d91,ConsumosResumen-202607-1.xlsx,AH351RT,7500.00,2026-07-05 22:28:34+00,CORREDORES VIALES SA,no_categoria_in_source
2a673c13-011d-4550-b013-a1b1378e3d98,ConsumosResumen.xlsx,AF791ER,7148.39,2026-07-23 17:23:39+00,RUTAS SUR ATLANTICO S.A.,no_categoria_in_source
2a90af20-4972-41e6-bf56-205d263f0ca0,ConsumosResumen-202607-1.xlsx,AD096FX,6000.00,2026-07-03 06:06:25+00,CORREDORES VIALES SA,no_categoria_in_source
2a97fad4-35f8-48bc-a0f2-3175c3075a84,ConsumosResumen.xlsx,AH351RT,7744.12,2026-07-21 22:02:00+00,RUTAS SUR ATLANTICO S.A.,no_categoria_in_source
2ab75e12-3a81-4d15-97b3-350d3eb3ff23,ConsumosResumen-202607-1.xlsx,AG862VH,7500.00,2026-06-30 14:53:07+00,CORREDORES VIALES SA,no_categoria_in_source
2ae35ebb-7d65-44d4-ab49-242753347ae3,ConsumosResumen.xlsx,AG939HR,6000.00,2026-07-15 11:24:28+00,CORREDORES VIALES SA,no_categoria_in_source
2ae76d6c-2790-4c31-a958-bd5e8d0cf47e,ConsumosResumen-202607-1.xlsx,AD482MT,6000.00,2026-07-04 13:35:30+00,CORREDORES VIALES SA,no_categoria_in_source
2afed664-40fd-4a2c-86b2-1c1b1e5a8454,ConsumosResumen-202607-1.xlsx,AE454PH,6000.00,2026-06-30 02:13:45+00,CORREDORES VIALES SA,no_categoria_in_source
2b147b08-3550-443c-97ab-4399c1836554,ConsumosResumen-202607-1.xlsx,AD625QA,6000.00,2026-07-04 06:53:59+00,CORREDORES VIALES SA,no_categoria_in_source
2b2aa7c2-c7ec-4911-a5b2-2d37bafe83c2,ConsumosResumen.xlsx,AD667DM,6000.00,2026-07-18 08:43:28+00,CORREDORES VIALES SA,no_categoria_in_source
2b6bf12d-6c6f-462a-9207-a7128b7f3ba4,ConsumosResumen.xlsx,AF103ZL,6000.00,2026-07-13 15:27:07+00,CORREDORES VIALES SA,no_categoria_in_source
2b73773f-73a0-43e6-93bc-605576fb1d51,ConsumosResumen.xlsx,OWG130,6000.00,2026-07-22 10:09:00+00,CORREDORES VIALES SA,no_categoria_in_source
2b75362d-ee56-4c57-971f-b270c08ed09c,ConsumosResumen.xlsx,AH543IQ,7744.12,2026-07-14 15:27:48+00,RUTAS SUR ATLANTICO S.A.,no_categoria_in_source
2bc78a9d-a95c-43db-a1be-b9fa7ae4b26d,ConsumosResumen.xlsx,AF436WI,4500.00,2026-07-13 20:59:44+00,CORREDORES VIALES SA,no_categoria_in_source
2bcde8b2-993f-40ce-b210-72a7cf3aa196,ConsumosResumen.xlsx,AH185KI,7500.00,2026-07-27 22:00:17+00,CORREDORES VIALES SA,no_categoria_in_source
2be6a941-fd48-43b5-83d0-0082ed068916,ConsumosResumen.xlsx,AH351RS,7148.39,2026-07-11 02:35:16+00,CORREDOR VIAL 5 S.A.U.,no_categoria_in_source
2bff8215-5813-4e8d-8e79-2e681180199c,ConsumosResumen-202607-1.xlsx,AH543IQ,7500.00,2026-07-01 14:54:22+00,CORREDORES VIALES SA,no_categoria_in_source
2c0e5682-0c98-43f6-a0bc-123fb3e749b5,ConsumosResumen.xlsx,AF389UV,1548.82,2026-07-22 06:36:04+00,RUTAS SUR ATLANTICO S.A.,no_categoria_in_source
2c1e98d3-866b-401c-8f2b-4110bba72df9,ConsumosResumen-202607-1.xlsx,AF136HN,6000.00,2026-07-04 13:43:23+00,CORREDORES VIALES SA,no_categoria_in_source
2cdb21ba-e8c8-40de-8691-cc9f48c22e29,ConsumosResumen-202607-1.xlsx,AF103ZL,6000.00,2026-07-05 23:57:00+00,CORREDORES VIALES SA,no_categoria_in_source
2ce8f7e8-4c71-43d3-b0bd-560a54aa3e74,ConsumosResumen.xlsx,AD625QB,4500.00,2026-07-23 14:02:35+00,CORREDORES VIALES SA,no_categoria_in_source
2d14fb5e-8e4f-40ba-a5ef-adebf68aff96,ConsumosResumen-202607-1.xlsx,AG939HX,7500.00,2026-06-30 21:04:46+00,CORREDORES VIALES SA,no_categoria_in_source
2d2e1361-7720-4cbd-80bc-9aa105f3d7b3,ConsumosResumen.xlsx,AB456CQ,6000.00,2026-07-21 12:56:39+00,CORREDORES VIALES SA,no_categoria_in_source
2d60df25-b82a-4fe0-8b27-e262c51c1ba5,ConsumosResumen.xlsx,AG309CH,1500.00,2026-07-15 06:36:03+00,CORREDORES VIALES SA,no_categoria_in_source
2d75f6ad-4aa2-4393-901d-da481deae42f,ConsumosResumen.xlsx,AC264UA,6000.00,2026-07-25 01:28:28+00,CORREDORES VIALES SA,no_categoria_in_source
2e333647-2666-4b87-b7c2-6bbe2172c0e8,ConsumosResumen-202607-1.xlsx,AG939HX,7500.00,2026-07-08 18:26:59+00,CORREDORES VIALES SA,no_categoria_in_source
2e6dd856-955e-40f7-bbb4-26fa1b6acc02,ConsumosResumen-202607-1.xlsx,AF136HN,6000.00,2026-07-02 22:30:16+00,CORREDORES VIALES SA,no_categoria_in_source
2e986c8d-5f7e-44c7-9844-5b0e8f9de5f9,ConsumosResumen.xlsx,AH554RQ,8935.49,2026-07-24 19:49:18+00,CORREDOR VIAL 5 S.A.U.,no_categoria_in_source
2ede32b9-8d89-4ed7-bddf-b38c04e65887,ConsumosResumen.xlsx,AE469PL,6000.00,2026-07-24 04:08:56+00,CORREDORES VIALES SA,no_categoria_in_source
2ee28312-5c47-4f76-b324-5cb2764324b1,ConsumosResumen.xlsx,AD985XP,6000.00,2026-07-24 11:03:12+00,CORREDORES VIALES SA,no_categoria_in_source
2ef91ee0-c840-4091-a517-7ba27dfacfdd,ConsumosResumen-202607-1.xlsx,AD328WK,6000.00,2026-07-02 07:15:36+00,CORREDORES VIALES SA,no_categoria_in_source
2f55f52c-9737-42a0-baf7-a2ef5aa192ba,ConsumosResumen-202607-1.xlsx,AD667DM,6000.00,2026-07-02 22:44:34+00,CORREDORES VIALES SA,no_categoria_in_source
2f568052-76ba-49d8-a394-9a68fbf18396,ConsumosResumen-202607-1.xlsx,AG862VH,6000.00,2026-06-28 05:51:40+00,CORREDORES VIALES SA,no_categoria_in_source
2fa08bb9-9a89-464f-9187-aa752916cfb8,ConsumosResumen-202607-1.xlsx,AF136HN,6000.00,2026-07-03 21:27:33+00,CORREDORES VIALES SA,no_categoria_in_source
2ff15db6-6022-4920-8be4-e26932185f83,ConsumosResumen.xlsx,AH729QW,7500.00,2026-07-22 21:07:42+00,CORREDORES VIALES SA,no_categoria_in_source
30282fac-4a47-4845-9911-f3415d577a67,ConsumosResumen-202607-1.xlsx,AF103ZL,6000.00,2026-07-09 02:38:42+00,CORREDORES VIALES SA,no_categoria_in_source
303edd28-96bc-4659-8741-cff7bc68c4f4,ConsumosResumen.xlsx,AD096FX,6000.00,2026-07-27 07:11:12+00,CORREDORES VIALES SA,no_categoria_in_source
30638427-2aef-4155-820c-349398397d57,ConsumosResumen.xlsx,AD482MT,6000.00,2026-07-27 13:10:57+00,CORREDORES VIALES SA,no_categoria_in_source
30e2c64f-767d-41c5-95a6-29bc0053be8a,ConsumosResumen-202607-1.xlsx,AF993HK,6000.00,2026-07-09 16:38:58+00,CORREDORES VIALES SA,no_categoria_in_source
310459d1-f369-4f3a-883f-90e9b8eafdbe,ConsumosResumen.xlsx,AF389UV,7500.00,2026-07-16 10:42:59+00,CORREDORES VIALES SA,no_categoria_in_source
3130f364-7d87-4102-9341-a4da2ed6a89b,ConsumosResumen.xlsx,AB456CU,6000.00,2026-07-14 07:18:27+00,CORREDORES VIALES SA,no_categoria_in_source
31493f24-e1d9-47d1-98c6-67416964dd74,ConsumosResumen.xlsx,AF202UU,3574.19,2026-07-15 16:16:07+00,RUTAS SUR ATLANTICO S.A.,no_categoria_in_source
315a294f-510a-4074-a2e9-36a7b570b2d3,ConsumosResumen-202607-1.xlsx,AD667DM,6000.00,2026-07-02 20:45:22+00,CORREDORES VIALES SA,no_categoria_in_source
315ac581-f85f-4f1d-b3ec-5ff68ecfdf5d,ConsumosResumen-202607-1.xlsx,AD255OC,1500.00,2026-06-30 13:16:09+00,CORREDORES VIALES SA,no_categoria_in_source
31906f41-979d-45b2-806e-68b981e22d11,ConsumosResumen.xlsx,AF436WI,7744.12,2026-07-16 13:27:57+00,RUTAS SUR ATLANTICO S.A.,no_categoria_in_source
31bb9869-ed1e-4d82-8151-4f6eb115617f,ConsumosResumen.xlsx,AG309CO,6195.30,2026-07-15 00:34:47+00,RUTAS SUR ATLANTICO S.A.,no_categoria_in_source
31bb9c23-fee0-4419-92f4-ccd3df4d657f,ConsumosResumen-202607-1.xlsx,AD625QB,4500.00,2026-07-04 00:27:50+00,CORREDORES VIALES SA,no_categoria_in_source
31cbc5b3-ca59-4a53-90c6-689e8420df63,ConsumosResumen.xlsx,AH033DL,4646.47,2026-07-16 11:31:04+00,RUTAS SUR ATLANTICO S.A.,no_categoria_in_source
31cd0b51-0cde-4fc9-a0c3-9de03efc7ea0,ConsumosResumen.xlsx,AC812DO,6000.00,2026-07-26 22:07:44+00,CORREDORES VIALES SA,no_categoria_in_source
31e186e1-230e-4df8-b73a-a55b2137c9e6,ConsumosResumen.xlsx,AD096FX,6000.00,2026-07-20 16:43:22+00,CORREDORES VIALES SA,no_categoria_in_source
32245c55-98f8-4748-8b2f-f05d66386cf6,ConsumosResumen.xlsx,AH554RP,8935.49,2026-07-22 20:23:57+00,CORREDOR VIAL 5 S.A.U.,no_categoria_in_source
326b9eda-dad5-4330-a5e4-f23b5a5fc8fe,ConsumosResumen.xlsx,AB456CU,6000.00,2026-07-20 14:55:14+00,CORREDORES VIALES SA,no_categoria_in_source
32cea834-dcb2-4455-9f68-7df80d1ea92c,ConsumosResumen.xlsx,AG309CH,1500.00,2026-07-13 19:34:56+00,CORREDORES VIALES SA,no_categoria_in_source
32cfff2e-e8e2-4801-b325-621c474857b6,ConsumosResumen-202607-1.xlsx,AD328WK,6000.00,2026-06-29 20:50:33+00,CORREDORES VIALES SA,no_categoria_in_source
32d817d2-0e81-4b3d-b76a-48ad6f6bcc9a,ConsumosResumen.xlsx,AH554RQ,8935.49,2026-07-14 10:56:42+00,CORREDOR VIAL 5 S.A.U.,no_categoria_in_source
3328796a-6314-418f-ae06-22d5220492a2,ConsumosResumen-202607-1.xlsx,AC812DO,6000.00,2026-07-07 10:21:46+00,CORREDORES VIALES SA,no_categoria_in_source
332a4045-e649-40c7-b2d7-7b7069eb016a,ConsumosResumen-202607-1.xlsx,AH285SP,7500.00,2026-07-06 19:12:26+00,CORREDORES VIALES SA,no_categoria_in_source
3340edee-8ce5-4133-90e0-447b6ba725e6,ConsumosResumen.xlsx,AH729QW,7500.00,2026-07-25 01:01:21+00,CORREDORES VIALES SA,no_categoria_in_source
33767d4e-c1f6-492a-b1fe-d596578f1073,ConsumosResumen-202607-1.xlsx,AG249HS,1500.00,2026-07-06 15:30:16+00,CORREDORES VIALES SA,no_categoria_in_source
3392d129-c8f3-44c8-a599-ecb531e23694,ConsumosResumen-202607-1.xlsx,AH185KI,7500.00,2026-06-29 03:22:57+00,CORREDORES VIALES SA,no_categoria_in_source
3399006f-247f-4bcd-8d56-4e1d7d0d2e54,ConsumosResumen.xlsx,AG249HS,1500.00,2026-07-14 06:32:08+00,CORREDORES VIALES SA,no_categoria_in_source
34110756-6f1f-4970-94ad-8a8b1612f0a9,ConsumosResumen.xlsx,AF436WI,4500.00,2026-07-15 22:47:48+00,CORREDORES VIALES SA,no_categoria_in_source
34160467-b027-4578-a31e-23a34dbe764b,ConsumosResumen-202607-1.xlsx,AE469PH,7500.00,2026-07-03 14:49:59+00,CORREDORES VIALES SA,no_categoria_in_source
3447d84e-6eb8-4088-8cda-3c137ca67745,ConsumosResumen-202607-1.xlsx,AC264UA,6000.00,2026-06-30 11:03:13+00,CORREDORES VIALES SA,no_categoria_in_source
344d5064-3cd4-42c4-9980-92cebb07b9f5,ConsumosResumen-202607-1.xlsx,AD482MT,6000.00,2026-07-06 20:54:19+00,CORREDORES VIALES SA,no_categoria_in_source
34671282-5110-48b4-b1c4-d97cee694830,ConsumosResumen.xlsx,AE469PH,7500.00,2026-07-14 04:57:06+00,CORREDORES VIALES SA,no_categoria_in_source
347a50b4-5ab6-4d1f-89c3-4a0d58b1904f,ConsumosResumen-202607-1.xlsx,AF436WI,4500.00,2026-07-02 13:48:33+00,CORREDORES VIALES SA,no_categoria_in_source
348883e5-e115-4f8f-9cb0-6a232614bd9c,ConsumosResumen.xlsx,AF791ER,6000.00,2026-07-24 16:29:07+00,CORREDORES VIALES SA,no_categoria_in_source
34eef44e-d3f3-4c76-9471-4d5f55c71c54,ConsumosResumen.xlsx,AD625QB,4500.00,2026-07-27 17:46:44+00,CORREDORES VIALES SA,no_categoria_in_source
3532711d-66b5-41c2-bb9f-d50422e1aca1,ConsumosResumen.xlsx,AD096FX,6000.00,2026-07-23 13:37:31+00,CORREDORES VIALES SA,no_categoria_in_source
353fd3d8-5864-46dc-a95e-f2350fb231d8,ConsumosResumen-202607-1.xlsx,AF202UU,6195.30,2026-07-09 16:26:47+00,RUTAS SUR ATLANTICO S.A.,no_categoria_in_source
355d5d00-d267-45b6-a407-288b4589505f,ConsumosResumen.xlsx,AD625QB,4646.47,2026-07-22 14:22:30+00,RUTAS SUR ATLANTICO S.A.,no_categoria_in_source
359e8d86-7bb9-4684-9a28-e5b6990ba47a,ConsumosResumen.xlsx,AG893YR,7500.00,2026-07-15 13:03:46+00,CORREDORES VIALES SA,no_categoria_in_source
35eb0fd3-e074-4896-bd4c-77e309edb087,ConsumosResumen.xlsx,AF993HK,6000.00,2026-07-27 11:08:47+00,CORREDORES VIALES SA,no_categoria_in_source
35f30a0f-e941-4c07-b993-c946f5368178,ConsumosResumen-202607-1.xlsx,AF103ZL,6000.00,2026-06-29 21:08:28+00,CORREDORES VIALES SA,no_categoria_in_source
36159018-a638-4343-ba1c-29869d819c45,ConsumosResumen-202607-1.xlsx,AF202UU,6000.00,2026-07-06 17:27:17+00,CORREDORES VIALES SA,no_categoria_in_source
366f7289-da3d-4f36-b10a-d012e5e26bf5,ConsumosResumen.xlsx,AG939HR,7148.39,2026-07-22 10:53:16+00,RUTAS SUR ATLANTICO S.A.,no_categoria_in_source
367acca6-897c-4f5c-976d-1e744fb399bd,ConsumosResumen-202607-1.xlsx,AG893YR,6000.00,2026-07-09 20:57:30+00,CORREDORES VIALES SA,no_categoria_in_source
367cda79-d873-40e8-a58a-527648910159,ConsumosResumen.xlsx,AC812DO,4646.47,2026-07-23 13:17:00+00,RUTAS SUR ATLANTICO S.A.,no_categoria_in_source
368652fd-1fd7-4b53-a1c4-d229e19dfc87,ConsumosResumen.xlsx,AG893YR,7500.00,2026-07-19 23:12:29+00,CORREDORES VIALES SA,no_categoria_in_source
36889cbe-fb4c-4c64-babc-56175b164c3e,ConsumosResumen.xlsx,AG939HX,6000.00,2026-07-14 15:23:47+00,CORREDORES VIALES SA,no_categoria_in_source
369e6179-2f09-4dde-bb58-fa2dfdccb15f,ConsumosResumen-202607-1.xlsx,AD482MT,6000.00,2026-07-02 19:42:24+00,CORREDORES VIALES SA,no_categoria_in_source
36c93d3e-3c67-48aa-a8f8-caae43a3208f,ConsumosResumen.xlsx,AG939HR,7500.00,2026-07-25 05:19:12+00,CORREDORES VIALES SA,no_categoria_in_source
36d0aeed-e06f-4bc3-bcaf-dcfbdc778233,ConsumosResumen.xlsx,AH251LE,7500.00,2026-07-17 00:12:54+00,CORREDORES VIALES SA,no_categoria_in_source
36f61e85-0bfd-427a-a041-0db64ff745bd,ConsumosResumen.xlsx,AH543IQ,7500.00,2026-07-21 13:29:17+00,CORREDORES VIALES SA,no_categoria_in_source
36fa598f-4155-43b4-811e-68591b59f206,ConsumosResumen.xlsx,AF202UU,6000.00,2026-07-21 18:27:50+00,CORREDORES VIALES SA,no_categoria_in_source
372fc10d-8752-4ec0-91ea-3bcc80f7e5d7,ConsumosResumen.xlsx,AE751PA,7500.00,2026-07-14 17:42:53+00,CORREDORES VIALES SA,no_categoria_in_source
373aab34-0c66-4315-ac72-085fb1da6802,ConsumosResumen.xlsx,AD933WS,3000.00,2026-07-14 13:13:12+00,CORREDORES VIALES SA,no_categoria_in_source
376de8ef-4f26-4d2b-bb39-d4de1aba2630,ConsumosResumen.xlsx,AD985XP,3000.00,2026-07-21 17:46:04+00,CORREDORES VIALES SA,no_categoria_in_source
378732cf-f4ef-4f40-a4f0-a89259cf4d07,ConsumosResumen-202607-1.xlsx,AA561YA,6000.00,2026-07-03 09:29:10+00,CORREDORES VIALES SA,no_categoria_in_source
37adfce3-8c76-4eb2-b0fd-a49475fc5538,ConsumosResumen.xlsx,AD239PP,6000.00,2026-07-16 21:30:12+00,CORREDORES VIALES SA,no_categoria_in_source
37f5765d-6cff-4795-957d-83ec9be3b2b5,ConsumosResumen.xlsx,AH351RT,7500.00,2026-07-25 12:25:29+00,CORREDORES VIALES SA,no_categoria_in_source
383910ff-e554-441d-9848-669bd4693a7e,ConsumosResumen-202607-1.xlsx,AF103ZL,6000.00,2026-07-11 03:47:15+00,CORREDORES VIALES SA,no_categoria_in_source
3843eeb5-ec7f-44b9-961a-4703e0945dad,ConsumosResumen.xlsx,OWG130,1548.82,2026-07-24 11:58:47+00,RUTAS SUR ATLANTICO S.A.,no_categoria_in_source
3848de07-8db2-412a-9858-65d538a70045,ConsumosResumen-202607-1.xlsx,AH800QT,7500.00,2026-07-11 18:39:24+00,CORREDORES VIALES SA,no_categoria_in_source
38c0e317-30e1-4150-a44a-f29bd5b99628,ConsumosResumen.xlsx,AH729QW,7500.00,2026-07-16 06:06:01+00,CORREDORES VIALES SA,no_categoria_in_source
38f9208f-0dc8-4963-b296-9e3c7ce15661,ConsumosResumen.xlsx,AG533MF,1500.00,2026-07-18 16:41:20+00,CORREDORES VIALES SA,no_categoria_in_source
392627e8-8540-49e3-baff-39bfb905047d,ConsumosResumen.xlsx,AG939HR,6195.30,2026-07-14 02:11:58+00,RUTAS SUR ATLANTICO S.A.,no_categoria_in_source
397553ba-ed4a-483f-8474-1992d6551290,ConsumosResumen-202607-1.xlsx,AF231PZ,6000.00,2026-07-04 13:44:19+00,CORREDORES VIALES SA,no_categoria_in_source
39767cab-9934-44ea-bd0c-241ef926a644,ConsumosResumen.xlsx,AH351RS,7148.39,2026-07-07 19:25:43+00,CORREDOR VIAL 5 S.A.U.,no_categoria_in_source
397cfb96-8f9c-448e-8536-e715eacd0f3c,ConsumosResumen.xlsx,AH351RT,7500.00,2026-07-14 03:50:17+00,CORREDORES VIALES SA,no_categoria_in_source
3985a103-c37d-4e47-afa5-a8cdc01a3291,ConsumosResumen-202607-1.xlsx,AB456CU,893.55,2026-07-06 19:12:53+00,RUTAS SUR ATLANTICO S.A.,no_categoria_in_source
39a42c4f-dece-4075-a544-7747760eae00,ConsumosResumen.xlsx,AG249HS,1500.00,2026-07-14 06:10:57+00,CORREDORES VIALES SA,no_categoria_in_source
39f1e1db-fc87-46f7-93cb-b5868bb34082,ConsumosResumen.xlsx,AD239PP,6195.30,2026-07-21 15:09:03+00,RUTAS SUR ATLANTICO S.A.,no_categoria_in_source
3a3c4dff-528f-48d6-8ada-34527cf8f0e4,ConsumosResumen.xlsx,AH554RP,8935.49,2026-07-19 23:33:18+00,CORREDOR VIAL 5 S.A.U.,no_categoria_in_source
3a8ff25d-74dc-4100-a067-26a578dc0df1,ConsumosResumen.xlsx,AD985XP,6000.00,2026-07-25 12:31:51+00,CORREDORES VIALES SA,no_categoria_in_source
3ab09e94-476d-4953-9104-5af9ec4d0bdb,ConsumosResumen.xlsx,AG309CH,1500.00,2026-07-15 22:53:52+00,CORREDORES VIALES SA,no_categoria_in_source
3b07dc06-af24-47ee-bd4d-6e4366351eb6,ConsumosResumen-202607-1.xlsx,AB456CU,6000.00,2026-07-09 15:46:00+00,CORREDORES VIALES SA,no_categoria_in_source
3b1b593c-49bc-4380-9126-a9334b5cb962,ConsumosResumen.xlsx,AF791ER,6000.00,2026-07-24 07:06:55+00,CORREDORES VIALES SA,no_categoria_in_source
3b51ba5d-ad76-41b1-9a32-9341006210c9,ConsumosResumen.xlsx,AF436WI,4500.00,2026-07-16 10:52:44+00,CORREDORES VIALES SA,no_categoria_in_source
3b6184bb-6ac4-4df2-b1b1-bb438d5893d7,ConsumosResumen.xlsx,AG533MF,1500.00,2026-07-17 19:44:06+00,CORREDORES VIALES SA,no_categoria_in_source
3bb4a90c-861c-44f7-86f7-0c1b335e39bb,ConsumosResumen.xlsx,AF202UU,6195.30,2026-07-25 13:42:09+00,RUTAS SUR ATLANTICO S.A.,no_categoria_in_source
3bd7f100-02ff-4208-8eb5-79a95702ef75,ConsumosResumen-202607-1.xlsx,AG893YR,6000.00,2026-06-28 15:36:54+00,CORREDORES VIALES SA,no_categoria_in_source
3be428f3-c27b-405e-b2e2-7362204a8a3d,ConsumosResumen-202607-1.xlsx,AF791ER,6000.00,2026-07-07 19:30:33+00,CORREDORES VIALES SA,no_categoria_in_source
3bed5e59-8c83-4f45-a19d-8ca632be0833,ConsumosResumen.xlsx,AG862VH,6000.00,2026-07-21 09:02:15+00,CORREDORES VIALES SA,no_categoria_in_source
3c0c7807-f981-42ff-8b9b-95c184e11db2,ConsumosResumen-202607-1.xlsx,AF791ER,6000.00,2026-07-09 20:03:18+00,CORREDORES VIALES SA,no_categoria_in_source
3c194a43-e5d9-499c-9bff-b9882e3b0184,ConsumosResumen.xlsx,AD482MT,6000.00,2026-07-15 13:45:22+00,CORREDORES VIALES SA,no_categoria_in_source
3c2699e4-1775-4c5d-a047-81f2caba6a94,ConsumosResumen.xlsx,AB456CQ,6000.00,2026-07-15 19:13:23+00,CORREDORES VIALES SA,no_categoria_in_source
3c4b98c3-af8f-4a1f-8ef6-4880a81fd6ba,ConsumosResumen.xlsx,AH351RS,7148.39,2026-07-04 16:29:52+00,CORREDOR VIAL 5 S.A.U.,no_categoria_in_source
3c7bfc1d-8fc3-450b-a08e-373a0cd838a7,ConsumosResumen-202607-1.xlsx,AF103ZL,6000.00,2026-07-07 09:31:01+00,CORREDORES VIALES SA,no_categoria_in_source
3c83a138-f41e-4f57-a684-e044d9d47bd9,ConsumosResumen.xlsx,AF791ER,6000.00,2026-07-16 08:58:17+00,CORREDORES VIALES SA,no_categoria_in_source
3d275524-13e5-4b65-a67a-19a29e615574,ConsumosResumen.xlsx,AF231PZ,6000.00,2026-07-21 11:56:17+00,CORREDORES VIALES SA,no_categoria_in_source
3d2896b3-528d-4ce0-820f-ed523ef88388,ConsumosResumen.xlsx,AF091AI,7500.00,2026-07-17 19:56:54+00,CORREDORES VIALES SA,no_categoria_in_source
3d558857-8f20-48e0-bff6-258a178cd8e2,ConsumosResumen.xlsx,PMK414,1548.82,2026-07-13 14:40:43+00,RUTAS SUR ATLANTICO S.A.,no_categoria_in_source
3d5d96c3-196c-40ba-9d27-4bc8abb061e7,ConsumosResumen-202607-1.xlsx,AF091AI,7500.00,2026-07-11 14:13:51+00,CORREDORES VIALES SA,no_categoria_in_source
3d7255f4-937e-441d-a7ed-d8c75acba166,ConsumosResumen-202607-1.xlsx,AG309CH,1500.00,2026-07-11 15:17:38+00,CORREDORES VIALES SA,no_categoria_in_source
3d77317c-7b90-4994-8e36-a9b4d63047eb,ConsumosResumen-202607-1.xlsx,AC295IE,3000.00,2026-07-07 22:00:37+00,CORREDORES VIALES SA,no_categoria_in_source
3d82dfe4-4c7a-4320-8e07-b4a538d24551,ConsumosResumen-202607-1.xlsx,AH554RQ,7500.00,2026-07-01 09:39:05+00,CORREDORES VIALES SA,no_categoria_in_source
3dde897d-06ae-4af6-ac18-328d3bf400af,ConsumosResumen.xlsx,AD625QA,6000.00,2026-07-17 13:50:52+00,CORREDORES VIALES SA,no_categoria_in_source
3df156aa-b0c9-4aa3-a6a8-541ceced6806,ConsumosResumen.xlsx,AF791ER,6195.30,2026-07-21 05:07:45+00,RUTAS SUR ATLANTICO S.A.,no_categoria_in_source
3e17578b-957d-454a-9a7f-3da98de34d61,ConsumosResumen.xlsx,AE469PL,6000.00,2026-07-22 11:33:04+00,CORREDORES VIALES SA,no_categoria_in_source
3e2d4f05-0b04-41a6-b5f0-d49b883b2463,ConsumosResumen-202607-1.xlsx,AB151SM,6000.00,2026-07-06 14:15:53+00,CORREDORES VIALES SA,no_categoria_in_source
3e4aadcc-d350-4fe9-852e-0d885ced4e0b,ConsumosResumen.xlsx,AD239PP,6000.00,2026-07-21 21:45:57+00,CORREDORES VIALES SA,no_categoria_in_source
3e6ce4bc-6e47-46c4-a8eb-55371851041d,ConsumosResumen.xlsx,AC295IE,3000.00,2026-07-15 06:17:42+00,CORREDORES VIALES SA,no_categoria_in_source
3e741b50-fcc3-4ecd-81dd-e9ff95a39abf,ConsumosResumen-202607-1.xlsx,AF436WI,6000.00,2026-07-01 08:14:22+00,CORREDORES VIALES SA,no_categoria_in_source
3e997808-bcf6-4ac1-8715-d7c8412933ff,ConsumosResumen.xlsx,AF136HN,6000.00,2026-07-24 22:39:24+00,CORREDORES VIALES SA,no_categoria_in_source
3ea69256-efcd-4da0-8db5-d5347dc80379,ConsumosResumen.xlsx,AG916MK,6000.00,2026-07-17 19:28:09+00,CORREDORES VIALES SA,no_categoria_in_source
3ef45f32-9fd6-45da-a86d-7e5eb53d4c37,ConsumosResumen.xlsx,AG862VH,7500.00,2026-07-22 06:24:36+00,CORREDORES VIALES SA,no_categoria_in_source
3f17339c-c38f-435e-96fa-3d5618f1ea58,ConsumosResumen.xlsx,AG916MK,7500.00,2026-07-25 23:54:29+00,CORREDORES VIALES SA,no_categoria_in_source
3f20245f-c75d-4a46-800f-9338fd8c1720,ConsumosResumen-202607-1.xlsx,AF136HN,6000.00,2026-07-02 15:34:07+00,CORREDORES VIALES SA,no_categoria_in_source
3f20f639-6673-4cd2-81d6-ab60b961c4ab,ConsumosResumen.xlsx,AH285SP,7500.00,2026-07-16 21:29:14+00,CORREDORES VIALES SA,no_categoria_in_source
3f38ebc4-94fd-4811-ac11-dcba0d9e9b7a,ConsumosResumen.xlsx,AC561DQ,3574.19,2026-07-27 10:50:49+00,RUTAS SUR ATLANTICO S.A.,no_categoria_in_source
3f3bc311-57e5-406e-aa4c-2b3ef2546c66,ConsumosResumen.xlsx,AH554RQ,8935.49,2026-07-19 15:50:03+00,CORREDOR VIAL 5 S.A.U.,no_categoria_in_source
3f84c65b-2718-485d-bd22-337a1ed6956b,ConsumosResumen.xlsx,AF202UU,6000.00,2026-07-26 09:11:58+00,CORREDORES VIALES SA,no_categoria_in_source
400c6188-eeb2-425c-95d8-1bdbacac1644,ConsumosResumen-202607-1.xlsx,EXT374,6000.00,2026-06-30 06:39:34+00,CORREDORES VIALES SA,no_categoria_in_source
40390e3d-67fc-4624-b0fb-3dcc4462e54a,ConsumosResumen.xlsx,AE469PL,6000.00,2026-07-22 16:56:25+00,CORREDORES VIALES SA,no_categoria_in_source
4058760e-5ecb-400f-ac42-7fd583b1cc10,ConsumosResumen-202607-1.xlsx,AE284KH,4500.00,2026-07-05 17:34:44+00,CORREDORES VIALES SA,no_categoria_in_source
4059c4c5-f1b6-40be-8756-bda53e003df0,ConsumosResumen.xlsx,AG862VH,6000.00,2026-07-17 11:51:54+00,CORREDORES VIALES SA,no_categoria_in_source
4070b7c4-6d2f-4fd4-8237-90d12724836c,ConsumosResumen.xlsx,AG507DK,7500.00,2026-07-17 19:28:40+00,CORREDORES VIALES SA,no_categoria_in_source
407d7f0c-5f50-468d-a312-04082ba5d854,ConsumosResumen.xlsx,AE751PA,8935.49,2026-07-21 16:34:06+00,RUTAS SUR ATLANTICO S.A.,no_categoria_in_source
4087829a-5504-4625-97af-cc2598712414,ConsumosResumen-202607-1.xlsx,AH285SP,7500.00,2026-07-03 22:43:30+00,CORREDORES VIALES SA,no_categoria_in_source
40adc131-22b4-490f-824e-f7964392a5cd,ConsumosResumen-202607-1.xlsx,AC812DO,6000.00,2026-06-28 22:47:32+00,CORREDORES VIALES SA,no_categoria_in_source
40d2a162-6080-4dfc-95d3-4fcb5a1a6dc0,ConsumosResumen-202607-1.xlsx,AF509QF,6000.00,2026-06-30 22:12:52+00,CORREDORES VIALES SA,no_categoria_in_source
412629c3-112f-4bb3-9c16-5f821b7c0f0f,ConsumosResumen-202607-1.xlsx,AA561YA,6000.00,2026-07-01 19:33:25+00,RUTAS SUR ATLANTICO S.A.,no_categoria_in_source
4131984f-ec91-4c63-85ff-baa5132bfe54,ConsumosResumen.xlsx,AH272KN,7500.00,2026-07-21 07:13:15+00,CORREDORES VIALES SA,no_categoria_in_source
414367e8-3b23-4f08-8d25-c87a30e33f51,ConsumosResumen.xlsx,AH554RP,8935.49,2026-07-13 16:06:27+00,CORREDOR VIAL 5 S.A.U.,no_categoria_in_source
41453c69-6205-4ac5-966a-28108c26902a,ConsumosResumen-202607-1.xlsx,AC812DO,6000.00,2026-07-06 16:37:36+00,CORREDORES VIALES SA,no_categoria_in_source
416bb328-5120-4e3d-8ff5-30becad29c84,ConsumosResumen-202607-1.xlsx,AC295IE,3000.00,2026-07-05 15:49:44+00,CORREDORES VIALES SA,no_categoria_in_source
418de927-5788-45c5-ab31-e853892af916,ConsumosResumen-202607-1.xlsx,AC295IE,6000.00,2026-07-11 19:38:45+00,CORREDORES VIALES SA,no_categoria_in_source
419e1054-21ed-4eb2-86fc-d2daab9c98e6,ConsumosResumen.xlsx,AH351RS,7148.39,2026-07-26 07:37:15+00,CORREDOR VIAL 5 S.A.U.,no_categoria_in_source
41a725e3-57d5-4c49-aa63-928712d98587,ConsumosResumen-202607-1.xlsx,AD328WK,6000.00,2026-06-30 07:51:22+00,CORREDORES VIALES SA,no_categoria_in_source
42008ff3-6577-4024-ac3a-f180607b43f9,ConsumosResumen-202607-1.xlsx,AH800QT,7500.00,2026-07-01 18:20:11+00,CORREDORES VIALES SA,no_categoria_in_source
4234c236-7107-4120-a7c5-69e14fbd9ecc,ConsumosResumen-202607-1.xlsx,AF231PZ,6000.00,2026-07-03 10:58:37+00,CORREDORES VIALES SA,no_categoria_in_source
42512423-9031-411d-b985-f6d5e381423e,ConsumosResumen.xlsx,AH543IQ,7500.00,2026-07-15 08:31:13+00,CORREDORES VIALES SA,no_categoria_in_source
425eaac4-7b50-4330-a1c4-14dab1ed4fd1,ConsumosResumen-202607-1.xlsx,EXT374,6000.00,2026-06-29 11:08:01+00,CORREDORES VIALES SA,no_categoria_in_source
426cd987-3a54-47f6-b2fc-c1ab8abe9daa,ConsumosResumen-202607-1.xlsx,AB151SM,6000.00,2026-07-05 14:45:14+00,CORREDORES VIALES SA,no_categoria_in_source
429a9495-efe9-4900-8ce5-2b008bfab7db,ConsumosResumen.xlsx,AH543IQ,7500.00,2026-07-19 20:09:32+00,CORREDORES VIALES SA,no_categoria_in_source
42b90e4b-c259-477f-ac19-720788163cf2,ConsumosResumen-202607-1.xlsx,AG309CO,6000.00,2026-07-04 21:38:33+00,CORREDORES VIALES SA,no_categoria_in_source
42bf77f1-4e8e-41f0-8f5c-486a27530d94,ConsumosResumen.xlsx,AF791ER,7744.12,2026-07-16 12:28:18+00,RUTAS SUR ATLANTICO S.A.,no_categoria_in_source
4309d715-2d2e-496c-9833-47e61d5be3fe,ConsumosResumen-202607-1.xlsx,AH554RQ,7500.00,2026-07-09 08:41:27+00,CORREDORES VIALES SA,no_categoria_in_source
43224b9e-25e5-4b95-b769-1811c78f1bb0,ConsumosResumen-202607-1.xlsx,AF389UV,4500.00,2026-07-10 06:35:57+00,CORREDORES VIALES SA,no_categoria_in_source
4333acbe-b08f-46b0-ae28-9d5e9e4af515,ConsumosResumen.xlsx,AG110LK,7500.00,2026-07-21 19:13:47+00,CORREDORES VIALES SA,no_categoria_in_source
433f271b-c49a-42a5-82c0-6d661482f591,ConsumosResumen-202607-1.xlsx,AD239PP,6000.00,2026-07-01 08:43:39+00,CORREDORES VIALES SA,no_categoria_in_source
437835ca-1962-4511-8203-53a21c31c544,ConsumosResumen-202607-1.xlsx,AH251LE,7500.00,2026-07-08 12:44:36+00,CORREDORES VIALES SA,no_categoria_in_source
4396e73b-949c-499b-a1a0-5eceb194d26a,ConsumosResumen.xlsx,AH800QT,7500.00,2026-07-14 06:05:15+00,CORREDORES VIALES SA,no_categoria_in_source
43da546d-c9a0-4c7f-add7-3406e09bbf24,ConsumosResumen-202607-1.xlsx,AG862VH,7500.00,2026-07-01 20:33:03+00,CORREDORES VIALES SA,no_categoria_in_source
440643d0-a48c-4c59-96de-a2d6bb13922f,ConsumosResumen.xlsx,AH543IQ,7500.00,2026-07-23 04:36:53+00,CORREDORES VIALES SA,no_categoria_in_source
44133dcd-ea1e-4168-9d3f-b32a4a180024,ConsumosResumen-202607-1.xlsx,AG939HR,6000.00,2026-07-05 07:50:13+00,CORREDORES VIALES SA,no_categoria_in_source
4420a155-d576-496f-b2ba-07faeaea90ee,ConsumosResumen-202607-1.xlsx,AH800QR,7500.00,2026-06-29 21:29:46+00,CORREDORES VIALES SA,no_categoria_in_source
44656f2f-0d35-407a-80a6-e1c1138c0ef5,ConsumosResumen-202607-1.xlsx,AG862VH,7500.00,2026-07-03 10:07:18+00,CORREDORES VIALES SA,no_categoria_in_source
44776fa3-e618-413a-8f65-5605c46893d9,ConsumosResumen-202607-1.xlsx,AA561YA,6000.00,2026-07-04 13:24:45+00,CORREDORES VIALES SA,no_categoria_in_source
4485a187-32ec-4a4a-affa-bd59b525f18a,ConsumosResumen.xlsx,AG309CH,1500.00,2026-07-15 22:10:00+00,CORREDORES VIALES SA,no_categoria_in_source
44b0d92c-9499-4c9a-865a-85c0ac7cb7da,ConsumosResumen.xlsx,AE469PL,6000.00,2026-07-27 14:28:53+00,CORREDORES VIALES SA,no_categoria_in_source
44b5f351-de6e-4db0-a7dc-442ad734ddd1,ConsumosResumen.xlsx,AH543IQ,7500.00,2026-07-18 06:04:26+00,CORREDORES VIALES SA,no_categoria_in_source
44bacb8e-f5c4-486b-a69b-cd174c3fd8cf,ConsumosResumen.xlsx,AE952TH,7500.00,2026-07-17 17:30:05+00,CORREDORES VIALES SA,no_categoria_in_source
44e3d5cb-b4dc-4d28-a7c5-5952c7906a28,ConsumosResumen-202607-1.xlsx,AG533MF,1500.00,2026-07-10 14:47:14+00,CORREDORES VIALES SA,no_categoria_in_source
44e695dc-7d09-4be6-b299-35f7749ade39,ConsumosResumen.xlsx,AD482MT,6000.00,2026-07-15 09:43:11+00,CORREDORES VIALES SA,no_categoria_in_source
45623ce0-c17c-4c9e-b4b6-0dc6654b2156,ConsumosResumen-202607-1.xlsx,AB456CU,6000.00,2026-07-03 14:26:46+00,CORREDORES VIALES SA,no_categoria_in_source
45b0858d-ed90-408b-b40d-44c8b438421a,ConsumosResumen.xlsx,AG822HO,7148.39,2026-07-07 19:27:28+00,CORREDOR VIAL 5 S.A.U.,no_categoria_in_source
45b94ae1-fe2b-487d-a9a1-3f829cf01916,ConsumosResumen.xlsx,AG939HX,7500.00,2026-07-24 11:30:01+00,CORREDORES VIALES SA,no_categoria_in_source
45c74d89-bc80-4673-8469-28f93483b1f5,ConsumosResumen-202607-1.xlsx,AE469PL,6000.00,2026-06-29 13:47:53+00,CORREDORES VIALES SA,no_categoria_in_source
45ca07ef-5d32-40c4-96e5-747c0ede5f18,ConsumosResumen-202607-1.xlsx,AG249HS,1500.00,2026-06-29 13:28:40+00,CORREDORES VIALES SA,no_categoria_in_source
45cafe5d-f739-4c39-9f8b-1977e95f93d5,ConsumosResumen.xlsx,AG309CH,1500.00,2026-07-14 22:55:47+00,CORREDORES VIALES SA,no_categoria_in_source
45e3fb32-cc92-49b1-ab57-1ed10cfc31c3,ConsumosResumen-202607-1.xlsx,AD328WK,6000.00,2026-07-02 10:02:59+00,CORREDORES VIALES SA,no_categoria_in_source
45f501ac-43e8-4dd3-a25d-dbea1822fb87,ConsumosResumen-202607-1.xlsx,AF509QF,6000.00,2026-07-03 15:44:29+00,CORREDORES VIALES SA,no_categoria_in_source
465f6843-6bab-4361-a91c-6ec146c22014,ConsumosResumen-202607-1.xlsx,AF136HN,6000.00,2026-07-10 16:34:26+00,CORREDORES VIALES SA,no_categoria_in_source
4664d23b-8ca1-4cc3-a666-bf03dc19536d,ConsumosResumen.xlsx,AH729QW,7500.00,2026-07-24 11:04:26+00,CORREDORES VIALES SA,no_categoria_in_source
4692f270-c7cc-4fc7-a9b7-fe52ed8c5fcc,ConsumosResumen.xlsx,AG507DK,7500.00,2026-07-14 18:03:52+00,CORREDORES VIALES SA,no_categoria_in_source
46c60edb-4ed5-4e93-9008-3d7594ababe6,ConsumosResumen.xlsx,AH351RT,7500.00,2026-07-19 09:27:01+00,CORREDORES VIALES SA,no_categoria_in_source
46e4fdfa-3cf2-44fd-8d2d-9aa611906012,ConsumosResumen.xlsx,AH351RT,7500.00,2026-07-20 08:27:12+00,CORREDORES VIALES SA,no_categoria_in_source
46e843ba-8ccb-494a-ac95-f7ca72d8a079,ConsumosResumen-202607-1.xlsx,AF411UY,6000.00,2026-06-30 12:30:06+00,CORREDORES VIALES SA,no_categoria_in_source
47b2b08f-fea8-411c-aa76-556ef7c2b6d7,ConsumosResumen.xlsx,AH554RQ,8935.49,2026-07-17 10:45:22+00,CORREDOR VIAL 5 S.A.U.,no_categoria_in_source
47b3c57e-776e-4b24-a8f7-f45b6e99e91c,ConsumosResumen.xlsx,AG862VH,6000.00,2026-07-20 15:15:22+00,CORREDORES VIALES SA,no_categoria_in_source
47e8a2a5-96e6-4b09-abee-64ff931c0231,ConsumosResumen.xlsx,AG939HX,6000.00,2026-07-14 17:20:06+00,CORREDORES VIALES SA,no_categoria_in_source
4814d129-2620-4628-b239-8958a1060f97,ConsumosResumen.xlsx,AB151SM,6000.00,2026-07-24 21:03:57+00,CORREDORES VIALES SA,no_categoria_in_source
48411bbc-e4c7-4c6a-bd79-919fa7b2d27b,ConsumosResumen.xlsx,AG916MK,6195.30,2026-07-05 21:30:10+00,RUTAS SUR ATLANTICO S.A.,no_categoria_in_source
4855ab03-8661-4339-81cc-5bd758d7c793,ConsumosResumen-202607-1.xlsx,AH543IQ,7500.00,2026-07-04 04:42:24+00,CORREDORES VIALES SA,no_categoria_in_source
48ac95de-e1b9-408a-a8e3-790993bbd28e,ConsumosResumen.xlsx,AG939HR,6000.00,2026-07-25 10:02:43+00,CORREDORES VIALES SA,no_categoria_in_source
48fd8966-b060-4f28-a62d-73ed436675a1,ConsumosResumen.xlsx,AH543IQ,7500.00,2026-07-13 11:29:52+00,CORREDORES VIALES SA,no_categoria_in_source
49038b26-88ef-446f-ac1d-03d41f759120,ConsumosResumen.xlsx,AG822HO,7148.39,2026-07-11 20:51:40+00,CORREDOR VIAL 5 S.A.U.,no_categoria_in_source
491fb889-313d-4912-83ee-6eb7fa568dc0,ConsumosResumen-202607-1.xlsx,AH033DL,6000.00,2026-06-29 19:42:47+00,CORREDORES VIALES SA,no_categoria_in_source
4959f6ba-1c2f-4032-8a37-9d4ae65fbbca,ConsumosResumen-202607-1.xlsx,AE831SI,7500.00,2026-07-03 09:52:01+00,CORREDORES VIALES SA,no_categoria_in_source
4979ca59-02d1-4668-9873-7d54c454c4de,ConsumosResumen.xlsx,AF136HN,6000.00,2026-07-25 10:23:05+00,CORREDORES VIALES SA,no_categoria_in_source
4982f4d3-e866-4382-8e57-597e945a485c,ConsumosResumen.xlsx,AC295IE,3000.00,2026-07-21 13:57:56+00,CORREDORES VIALES SA,no_categoria_in_source
49bd0be9-9bdc-4b10-a007-4198d7cb850e,ConsumosResumen-202607-1.xlsx,AG309CO,6000.00,2026-06-30 10:26:58+00,CORREDORES VIALES SA,no_categoria_in_source
49e1ab0e-6c37-4b1c-b4bf-05feee00c483,ConsumosResumen.xlsx,AE831SI,7500.00,2026-07-18 18:37:02+00,CORREDORES VIALES SA,no_categoria_in_source
49e60625-dc52-4372-836f-ab0522bbbc0b,ConsumosResumen-202607-1.xlsx,AE469PH,7500.00,2026-07-07 14:59:49+00,CORREDORES VIALES SA,no_categoria_in_source
49f0dcb0-3fcf-4d91-8513-b3dc38155067,ConsumosResumen.xlsx,AE952TH,3574.19,2026-07-17 10:37:38+00,RUTAS SUR ATLANTICO S.A.,no_categoria_in_source
4a09f950-30b0-4035-b813-49b47759059b,ConsumosResumen.xlsx,AD255OC,1500.00,2026-07-16 15:14:19+00,CORREDORES VIALES SA,no_categoria_in_source
4a2266bb-767b-473b-9d55-0c29c0415cd0,ConsumosResumen.xlsx,AG533MF,1500.00,2026-07-20 14:04:33+00,CORREDORES VIALES SA,no_categoria_in_source
4a35ce6f-c895-4b1a-b6fb-c7950bab3190,ConsumosResumen.xlsx,AF202UU,6000.00,2026-07-20 17:21:53+00,CORREDORES VIALES SA,no_categoria_in_source
4a4f2fe6-a832-48b0-b0b0-4d9fffe6f159,ConsumosResumen-202607-1.xlsx,AG309CH,1500.00,2026-06-26 08:33:42+00,CORREDORES VIALES SA,no_categoria_in_source
4a5f3591-ee23-4317-88d7-bf484ec78a9d,ConsumosResumen.xlsx,AE454PH,6000.00,2026-07-13 04:48:55+00,CORREDORES VIALES SA,no_categoria_in_source
4a792a40-2055-4d3d-a088-eedae11699b1,ConsumosResumen.xlsx,OWG130,6000.00,2026-07-21 05:28:36+00,CORREDORES VIALES SA,no_categoria_in_source
4a955c52-9f6a-4a3b-ade5-ae02c6302507,ConsumosResumen-202607-1.xlsx,AD328WK,6000.00,2026-07-09 19:51:20+00,CORREDORES VIALES SA,no_categoria_in_source
4ac331c1-3546-41dc-81ae-12f68f087e1e,ConsumosResumen.xlsx,AG893YR,6000.00,2026-07-21 02:36:43+00,CORREDORES VIALES SA,no_categoria_in_source
4af75cdf-4230-4a17-a3a8-82eb8ee9d9cd,ConsumosResumen.xlsx,AB456CU,6000.00,2026-07-27 03:23:05+00,CORREDORES VIALES SA,no_categoria_in_source
4b0de890-feb5-4450-9e41-d7e228a3ae35,ConsumosResumen.xlsx,AD985XP,6000.00,2026-07-22 15:08:31+00,CORREDORES VIALES SA,no_categoria_in_source
4b1fefef-4a6b-4e78-90f6-51beaa18cedd,ConsumosResumen-202607-1.xlsx,AG862VH,6000.00,2026-07-01 11:12:40+00,CORREDORES VIALES SA,no_categoria_in_source
4b2527b3-7a93-4b76-8041-c1b60f526f52,ConsumosResumen-202607-1.xlsx,AG533MF,1500.00,2026-07-06 04:38:36+00,CORREDORES VIALES SA,no_categoria_in_source
4b3624a5-e2a6-4a03-afaf-606472780ddb,ConsumosResumen-202607-1.xlsx,AD096FX,6000.00,2026-07-10 13:21:03+00,CORREDORES VIALES SA,no_categoria_in_source
4b4b47ec-6a36-4efd-9d08-22ac9e6ddb7c,ConsumosResumen.xlsx,AE469PH,7500.00,2026-07-14 14:45:35+00,CORREDORES VIALES SA,no_categoria_in_source
4b5284e3-2917-4202-92d5-0bd0700e3e35,ConsumosResumen-202607-1.xlsx,AG939HR,6000.00,2026-06-29 17:36:38+00,CORREDORES VIALES SA,no_categoria_in_source
4ba8ae7e-bab6-40d8-b930-4be96e60a457,ConsumosResumen.xlsx,AF533SR,7500.00,2026-07-13 15:20:36+00,CORREDORES VIALES SA,no_categoria_in_source
4bac7101-acc5-49ce-ad38-a6d6e7096131,ConsumosResumen.xlsx,AH351RT,1548.82,2026-07-14 01:02:22+00,RUTAS SUR ATLANTICO S.A.,no_categoria_in_source
4bb36918-3df7-4c70-8a5a-3ed063a59d49,ConsumosResumen.xlsx,AG507DK,8935.49,2026-07-07 10:19:50+00,RUTAS SUR ATLANTICO S.A.,no_categoria_in_source
4bb9943a-7409-4bd9-b148-0cd49577e801,ConsumosResumen.xlsx,AE469PL,6000.00,2026-07-13 22:44:29+00,CORREDORES VIALES SA,no_categoria_in_source
4bef4493-53be-4461-8b82-a7a6eb09b62d,ConsumosResumen-202607-1.xlsx,AF791ER,6000.00,2026-07-04 09:47:13+00,CORREDORES VIALES SA,no_categoria_in_source
4bf2c56c-e9c5-4f54-aca1-772e0cb1520c,ConsumosResumen.xlsx,AG309CH,1500.00,2026-07-16 04:38:21+00,CORREDORES VIALES SA,no_categoria_in_source
4c556990-e396-4ba8-8727-f9d646786795,ConsumosResumen-202607-1.xlsx,AG939HR,6000.00,2026-07-01 20:31:48+00,CORREDORES VIALES SA,no_categoria_in_source
4c595a3e-fd3d-42db-8186-c996a77a7704,ConsumosResumen-202607-1.xlsx,AF533SR,7500.00,2026-07-02 23:39:26+00,CORREDORES VIALES SA,no_categoria_in_source
4c5cc49b-6509-4a9a-9f15-e38b4e4bc889,ConsumosResumen.xlsx,AH351RT,7744.12,2026-07-22 04:33:44+00,RUTAS SUR ATLANTICO S.A.,no_categoria_in_source
4caf1ce8-75d6-4b73-9108-2f66abb8e454,ConsumosResumen.xlsx,AG507DK,8935.49,2026-07-23 18:30:09+00,RUTAS SUR ATLANTICO S.A.,no_categoria_in_source
4cd3d8d2-2d8d-404f-a493-76fc657dda14,ConsumosResumen.xlsx,AG916MK,6195.30,2026-07-13 12:28:33+00,RUTAS SUR ATLANTICO S.A.,no_categoria_in_source
4cd55677-c98d-4992-aa02-ab815e89f02d,ConsumosResumen-202607-1.xlsx,AH185KI,7500.00,2026-07-08 12:33:04+00,CORREDORES VIALES SA,no_categoria_in_source
4d0b15c6-9832-49e9-b941-b34adc236545,ConsumosResumen.xlsx,AG309CO,6000.00,2026-07-21 17:12:07+00,CORREDORES VIALES SA,no_categoria_in_source
4d37c82d-378b-46b1-9d5b-623b8102e0ad,ConsumosResumen.xlsx,AF202UU,6195.30,2026-07-27 23:28:33+00,RUTAS SUR ATLANTICO S.A.,no_categoria_in_source
4d8139c7-395b-4371-bc99-34e41411fdf0,ConsumosResumen.xlsx,AG893YR,3574.19,2026-07-20 19:15:07+00,RUTAS SUR ATLANTICO S.A.,no_categoria_in_source
4d82742b-e0c5-4c52-8c7e-8c111a9dd941,ConsumosResumen.xlsx,AG249HS,1500.00,2026-07-17 06:12:25+00,CORREDORES VIALES SA,no_categoria_in_source
4d89ff70-4b84-4d63-a005-97228203c907,ConsumosResumen-202607-1.xlsx,AD584GR,1500.00,2026-06-30 17:09:45+00,CORREDORES VIALES SA,no_categoria_in_source
4d922e8c-336f-4eb4-8e11-6bfabdafb775,ConsumosResumen.xlsx,AG916MK,1548.82,2026-07-23 00:00:55+00,RUTAS SUR ATLANTICO S.A.,no_categoria_in_source
4daba881-f432-4a57-ba64-c07f099dbede,ConsumosResumen.xlsx,AG249HS,1500.00,2026-07-27 13:25:02+00,CORREDORES VIALES SA,no_categoria_in_source
4e700441-a898-4f4e-ba65-aeafdd315f1b,ConsumosResumen-202607-1.xlsx,AE469PH,7500.00,2026-07-10 05:31:56+00,CORREDORES VIALES SA,no_categoria_in_source
4e73a634-0c6e-4517-ab65-76b2e492e49d,ConsumosResumen-202607-1.xlsx,AD239PP,6000.00,2026-07-02 05:39:53+00,CORREDORES VIALES SA,no_categoria_in_source
4e7766dd-bf0d-4af4-871f-0a5254266baf,ConsumosResumen.xlsx,AH351RT,3097.65,2026-07-22 04:50:15+00,RUTAS SUR ATLANTICO S.A.,no_categoria_in_source
4e90bc30-c60e-4673-91b8-5f2020e81652,ConsumosResumen.xlsx,AH351RS,7148.39,2026-07-09 23:29:21+00,CORREDOR VIAL 5 S.A.U.,no_categoria_in_source
4ea368cb-7612-44e0-8691-e2a0f6215ef6,ConsumosResumen.xlsx,AB151SM,6000.00,2026-07-18 08:37:46+00,CORREDORES VIALES SA,no_categoria_in_source
4eb08863-36b6-4e53-abf7-f5be68cea341,ConsumosResumen.xlsx,AB151SM,1548.82,2026-07-27 14:46:31+00,RUTAS SUR ATLANTICO S.A.,no_categoria_in_source
4eb533bf-0ce6-463f-bfc9-b70a54d6fb65,ConsumosResumen.xlsx,AH554RQ,8935.49,2026-07-04 16:36:21+00,CORREDOR VIAL 5 S.A.U.,no_categoria_in_source
4f3faba2-7fdf-4ff6-8ddf-1e5f535d218d,ConsumosResumen.xlsx,AF136HN,6000.00,2026-07-24 00:15:39+00,CORREDORES VIALES SA,no_categoria_in_source
4fb32845-155d-4660-9640-d1e8bec6bc83,ConsumosResumen.xlsx,AF103ZL,6000.00,2026-07-20 17:35:50+00,CORREDORES VIALES SA,no_categoria_in_source
4fc939f0-3a4b-4ecb-bbaf-bccd6c5f56c5,ConsumosResumen.xlsx,AH351RS,7148.39,2026-07-25 14:23:37+00,CORREDOR VIAL 5 S.A.U.,no_categoria_in_source
4ff25e7e-0bdf-43c9-b603-b57b756415b4,ConsumosResumen.xlsx,AG916MK,6000.00,2026-07-23 22:04:44+00,CORREDORES VIALES SA,no_categoria_in_source
50181d37-e55d-4ea8-a18b-41bd4adbf342,ConsumosResumen.xlsx,AG110LK,7500.00,2026-07-13 22:05:07+00,CORREDORES VIALES SA,no_categoria_in_source
50281b43-049a-4cd9-ba7b-be9d16b47310,ConsumosResumen-202607-1.xlsx,AB456CU,6000.00,2026-07-02 01:05:05+00,CORREDORES VIALES SA,no_categoria_in_source
50425de4-884a-46c7-8389-9c6b87d2d63a,ConsumosResumen-202607-1.xlsx,AD482MT,6000.00,2026-07-02 16:30:57+00,CORREDORES VIALES SA,no_categoria_in_source
5070447e-79f3-4955-b2c4-1be047e8ec64,ConsumosResumen.xlsx,AH554RQ,7500.00,2026-07-02 14:29:07+00,CORREDOR VIAL 5 S.A.U.,no_categoria_in_source
50886eb7-0ae6-4b4d-b589-9479bcc922d5,ConsumosResumen-202607-1.xlsx,AG939HX,6000.00,2026-07-05 20:23:43+00,CORREDORES VIALES SA,no_categoria_in_source
50e882ce-a4d5-420f-8f2f-81d9a9fccb2c,ConsumosResumen-202607-1.xlsx,AF436WI,7500.00,2026-07-02 14:54:57+00,CORREDORES VIALES SA,no_categoria_in_source
50f9de74-adb0-4968-a6dd-b7f06274d2a4,ConsumosResumen.xlsx,AG822HO,6000.00,2026-07-20 14:09:50+00,CORREDORES VIALES SA,no_categoria_in_source
51194242-ef49-440b-9df6-ba716fc77b13,ConsumosResumen-202607-1.xlsx,AC561DQ,6000.00,2026-07-03 14:09:09+00,CORREDORES VIALES SA,no_categoria_in_source
513d6956-1e52-40ff-b158-19c491493aa5,ConsumosResumen.xlsx,AF791ER,6000.00,2026-07-27 18:42:24+00,CORREDORES VIALES SA,no_categoria_in_source
516e787b-dfbe-46a2-92fb-e8b945e506e5,ConsumosResumen.xlsx,AH554RP,8935.49,2026-07-18 20:30:09+00,CORREDOR VIAL 5 S.A.U.,no_categoria_in_source
516f4373-4352-44d9-bf45-39f895a5ee48,ConsumosResumen.xlsx,AH185KI,7500.00,2026-07-13 01:50:48+00,CORREDORES VIALES SA,no_categoria_in_source
5189c5aa-459b-430c-9949-d19bf2d133b7,ConsumosResumen-202607-1.xlsx,AF411UY,6000.00,2026-07-03 10:04:38+00,CORREDORES VIALES SA,no_categoria_in_source
51d4924f-886b-4d75-b171-04a9000f193f,ConsumosResumen.xlsx,AD625QA,6000.00,2026-07-23 12:02:57+00,CORREDORES VIALES SA,no_categoria_in_source
51d56629-171e-4a20-800f-7f25848c4044,ConsumosResumen.xlsx,AF231PZ,6195.30,2026-07-20 23:48:58+00,RUTAS SUR ATLANTICO S.A.,no_categoria_in_source
51fcae1d-fd5a-4bad-97ea-8e965ef43178,ConsumosResumen-202607-1.xlsx,AG893YR,6000.00,2026-06-28 02:30:31+00,CORREDORES VIALES SA,no_categoria_in_source
51fd2b86-00dc-49e3-989f-4ef29c0b594a,ConsumosResumen.xlsx,AD667DM,6000.00,2026-07-13 21:11:26+00,CORREDORES VIALES SA,no_categoria_in_source
521cd697-239c-4e9d-b20a-2cbfe54cc3b2,ConsumosResumen.xlsx,AF734UP,4500.00,2026-07-17 16:20:11+00,CORREDORES VIALES SA,no_categoria_in_source
52313a65-8214-4b31-9f05-57dc46ad2d60,ConsumosResumen-202607-1.xlsx,AH729QW,7500.00,2026-07-06 00:10:51+00,CORREDORES VIALES SA,no_categoria_in_source
5247d57d-e18e-442a-b62e-2c7832a25359,ConsumosResumen.xlsx,AG822HO,7148.39,2026-07-10 16:31:44+00,CORREDOR VIAL 5 S.A.U.,no_categoria_in_source
524d2293-89fa-41af-8859-4777091dd79f,ConsumosResumen-202607-1.xlsx,AH033DL,6000.00,2026-06-30 15:31:25+00,CORREDORES VIALES SA,no_categoria_in_source
525b6ea8-d9b9-418a-b872-b088b76f0d33,ConsumosResumen.xlsx,AE952TH,7500.00,2026-07-23 18:43:48+00,CORREDORES VIALES SA,no_categoria_in_source
52cceed8-0ff8-4174-bbb8-33e95b08a720,ConsumosResumen.xlsx,AG893YR,5200.00,2026-07-02 13:07:49+00,RUTAS SUR ATLANTICO S.A.,no_categoria_in_source
52fbf440-6e04-45ed-8078-29a0012daf12,ConsumosResumen-202607-1.xlsx,AC812DO,6000.00,2026-07-02 11:58:57+00,CORREDORES VIALES SA,no_categoria_in_source
53029b82-003e-4af5-98ee-5cb7342aac6d,ConsumosResumen.xlsx,AF436WI,4500.00,2026-07-14 15:32:04+00,CORREDORES VIALES SA,no_categoria_in_source
532a4165-1cfa-4e0e-aa99-0a6639fd174b,ConsumosResumen.xlsx,AH351RS,7148.39,2026-07-17 23:23:51+00,CORREDOR VIAL 5 S.A.U.,no_categoria_in_source
533a307b-9092-4b8e-b67f-16e8ffc01498,ConsumosResumen-202607-1.xlsx,AG507DK,7500.00,2026-07-03 11:37:01+00,CORREDORES VIALES SA,no_categoria_in_source
533b03f6-66f7-4495-9f9d-cbd9ace253f7,ConsumosResumen-202607-1.xlsx,AF436WI,4500.00,2026-07-03 11:25:32+00,CORREDORES VIALES SA,no_categoria_in_source
53554439-0dba-4793-9fb0-f7c2aea2d350,ConsumosResumen-202607-1.xlsx,AD625QB,4500.00,2026-07-02 14:35:53+00,CORREDORES VIALES SA,no_categoria_in_source
53c43487-0560-49d6-9b25-ecfa0295475c,ConsumosResumen-202607-1.xlsx,AF091AI,7500.00,2026-07-11 18:02:07+00,CORREDORES VIALES SA,no_categoria_in_source
5407b53a-e632-4df7-9709-808858c459aa,ConsumosResumen-202607-1.xlsx,AA561YA,6000.00,2026-07-02 16:11:00+00,CORREDORES VIALES SA,no_categoria_in_source
541650e3-47b5-4d7d-8950-0ea44c4e4f4a,ConsumosResumen.xlsx,AH272KN,5219.58,2026-07-21 13:11:52+00,CONEXION ALTO DELTA S.A.,no_categoria_in_source
541dfcf1-ce27-4ee9-9c91-96dbe0c2516d,ConsumosResumen.xlsx,AH554RP,7500.00,2026-07-02 09:13:40+00,CORREDOR VIAL 5 S.A.U.,no_categoria_in_source
542a19b9-d581-4c74-bb84-71cf1282be78,ConsumosResumen-202607-1.xlsx,AG939HX,6000.00,2026-07-05 16:37:55+00,CORREDORES VIALES SA,no_categoria_in_source
54459944-3e6c-4e12-bece-49ea2b80d538,ConsumosResumen.xlsx,AG939HR,6195.30,2026-07-06 15:33:17+00,RUTAS SUR ATLANTICO S.A.,no_categoria_in_source
54a7651a-1f30-4e04-aa90-79a948d3950a,ConsumosResumen-202607-1.xlsx,AF533SR,7500.00,2026-06-30 09:49:00+00,CORREDORES VIALES SA,no_categoria_in_source
54ae2b46-3f40-44b8-9f8e-080c13e120a8,ConsumosResumen.xlsx,AF202UU,6000.00,2026-07-22 16:53:40+00,CORREDORES VIALES SA,no_categoria_in_source
54da43d6-3bc0-40bd-b328-76e339a0cfa6,ConsumosResumen-202607-1.xlsx,AH800QT,7500.00,2026-07-12 23:08:11+00,CORREDORES VIALES SA,no_categoria_in_source
54e54d04-8e93-4200-b40c-11831955977f,ConsumosResumen.xlsx,AF103ZL,6000.00,2026-07-25 01:04:52+00,CORREDORES VIALES SA,no_categoria_in_source
55249889-0146-4b96-80bf-8d55d68c802d,ConsumosResumen.xlsx,AE751PA,7500.00,2026-07-14 11:47:55+00,CORREDORES VIALES SA,no_categoria_in_source
5537ee49-9aa3-4ce5-8ba9-e02d8ee42ffa,ConsumosResumen-202607-1.xlsx,AG822HO,6000.00,2026-06-28 17:22:08+00,CORREDORES VIALES SA,no_categoria_in_source
554e0d5c-6a51-4246-b4e0-a25868944228,ConsumosResumen-202607-1.xlsx,AA561YA,6000.00,2026-07-08 11:10:02+00,CORREDORES VIALES SA,no_categoria_in_source
55571266-2c06-4700-9ba3-15d8bf31453f,ConsumosResumen-202607-1.xlsx,AH351RT,7500.00,2026-07-02 11:34:37+00,CORREDORES VIALES SA,no_categoria_in_source
556c0527-c23f-47e8-9584-0e0b91dbb04a,ConsumosResumen.xlsx,AG822HO,7148.39,2026-07-24 04:03:37+00,CORREDOR VIAL 5 S.A.U.,no_categoria_in_source
55aa35d0-e46b-44e7-9747-8576cb7a127d,ConsumosResumen-202607-1.xlsx,AD625QA,6000.00,2026-06-29 17:40:17+00,CORREDORES VIALES SA,no_categoria_in_source
55bf98a2-2121-4be6-b38f-ca3a2d272281,ConsumosResumen.xlsx,AH351RT,7500.00,2026-07-22 07:08:06+00,CORREDORES VIALES SA,no_categoria_in_source
55c64973-c849-4e89-a9f2-e5f1d3b37f11,ConsumosResumen.xlsx,AD328WK,6000.00,2026-07-15 13:46:18+00,CORREDORES VIALES SA,no_categoria_in_source
5621512b-3642-4267-9b52-7b6df4ae87ab,ConsumosResumen.xlsx,AH033DL,6000.00,2026-07-23 18:52:00+00,CORREDORES VIALES SA,no_categoria_in_source
565686bc-c81c-43a1-971d-6af797ad3cd4,ConsumosResumen-202607-1.xlsx,AF136HN,6000.00,2026-07-06 22:50:59+00,CORREDORES VIALES SA,no_categoria_in_source
5656e81c-7749-41d7-a3e7-eeaa74e94c4a,ConsumosResumen.xlsx,AG893YR,3097.65,2026-07-17 04:47:59+00,RUTAS SUR ATLANTICO S.A.,no_categoria_in_source
56721a63-ad1f-4ace-9ba1-d6ab76a31a16,ConsumosResumen.xlsx,AE952TH,7500.00,2026-07-27 17:09:32+00,CORREDORES VIALES SA,no_categoria_in_source
568ab075-63ed-48c6-95df-2e3c211cc94f,ConsumosResumen.xlsx,AE952TH,7500.00,2026-07-23 09:45:01+00,CORREDORES VIALES SA,no_categoria_in_source
56d2da05-58f7-4b03-aaf9-4c0292cfe0b9,ConsumosResumen-202607-1.xlsx,AF436WI,4500.00,2026-07-02 20:54:09+00,CORREDORES VIALES SA,no_categoria_in_source
5723678f-927d-4258-8ff2-cfc9bb9d644f,ConsumosResumen.xlsx,AH351RT,7500.00,2026-07-21 00:22:28+00,CORREDORES VIALES SA,no_categoria_in_source
5729be72-fb30-4a17-9c35-9fc9ee74c8ed,ConsumosResumen.xlsx,AF091AI,7500.00,2026-07-20 07:27:59+00,CORREDORES VIALES SA,no_categoria_in_source
57363d48-f80a-49d6-979f-09e4550ccbc6,ConsumosResumen-202607-1.xlsx,AG533MF,1500.00,2026-07-01 22:05:58+00,CORREDORES VIALES SA,no_categoria_in_source
5764330f-20f9-4a51-aeba-42729eb87ab7,ConsumosResumen.xlsx,AD736OU,8935.49,2026-07-14 14:29:04+00,CORREDOR VIAL 5 S.A.U.,no_categoria_in_source
5798560c-903f-4e33-8092-ade24ea7b047,ConsumosResumen-202607-1.xlsx,AH185KI,7500.00,2026-06-28 07:26:39+00,CORREDORES VIALES SA,no_categoria_in_source
57a0d480-3282-4877-95f4-59bd0b12da1f,ConsumosResumen-202607-1.xlsx,AC812DO,6000.00,2026-07-06 11:46:04+00,CORREDORES VIALES SA,no_categoria_in_source
57cf3f6d-c05b-412a-be8a-c0a154b982b8,ConsumosResumen-202607-1.xlsx,AD625QB,4500.00,2026-07-02 18:12:41+00,CORREDORES VIALES SA,no_categoria_in_source
57f5aceb-afb9-453f-aeef-c01f72545efe,ConsumosResumen-202607-1.xlsx,AE952TH,7500.00,2026-07-12 20:05:14+00,CORREDORES VIALES SA,no_categoria_in_source
58060cbe-3d83-4feb-98b0-b0bd11435a21,ConsumosResumen.xlsx,AH351RS,7148.39,2026-07-07 13:51:38+00,CORREDOR VIAL 5 S.A.U.,no_categoria_in_source
58315e98-d77c-4d7a-aabe-2de0b1e7f69b,ConsumosResumen-202607-1.xlsx,AE469PH,7500.00,2026-07-02 09:22:57+00,CORREDORES VIALES SA,no_categoria_in_source
584b43d8-ce18-40c3-9e2d-b387744d69d1,ConsumosResumen.xlsx,AC295IE,3000.00,2026-07-15 17:53:41+00,CORREDORES VIALES SA,no_categoria_in_source
585296ee-22ce-4e7b-84f4-bb26c34391e6,ConsumosResumen-202607-1.xlsx,AG533MF,1500.00,2026-07-10 15:13:33+00,CORREDORES VIALES SA,no_categoria_in_source
5855adfb-f335-4020-9e3b-f32d306b327a,ConsumosResumen-202607-1.xlsx,AA561YA,6000.00,2026-07-11 10:13:28+00,CORREDORES VIALES SA,no_categoria_in_source
5874f7df-0a21-4d26-a4fa-90b044a3e1aa,ConsumosResumen.xlsx,AH543IQ,7500.00,2026-07-21 16:53:48+00,CORREDORES VIALES SA,no_categoria_in_source
588cef0e-b7a3-4dc8-8cdc-83e964ff2c28,ConsumosResumen-202607-1.xlsx,AG939HX,6000.00,2026-07-08 21:27:50+00,CORREDORES VIALES SA,no_categoria_in_source
588e6d22-fb89-4aab-8ff2-3c2449266cf6,ConsumosResumen.xlsx,AB151SM,6000.00,2026-07-15 09:44:12+00,CORREDORES VIALES SA,no_categoria_in_source
58c7d3fd-1b7e-4a8d-8227-6130f7a01e06,ConsumosResumen-202607-1.xlsx,AE284KH,7500.00,2026-07-06 12:21:40+00,CORREDORES VIALES SA,no_categoria_in_source
58cfde97-497a-4774-83eb-24ff8d07e9c0,ConsumosResumen-202607-1.xlsx,AH729QW,7500.00,2026-07-03 21:45:05+00,CORREDORES VIALES SA,no_categoria_in_source
58d61905-4ab9-4a4b-9b77-22df5c6e395b,ConsumosResumen-202607-1.xlsx,AB456CQ,6000.00,2026-07-07 11:56:34+00,CORREDORES VIALES SA,no_categoria_in_source
58f4bb67-8407-40c5-bd43-82f3ed01fb33,ConsumosResumen-202607-1.xlsx,AD328WK,6000.00,2026-06-30 06:55:17+00,CORREDORES VIALES SA,no_categoria_in_source
590c536b-c083-483c-a305-a21e3ae79f0b,ConsumosResumen-202607-1.xlsx,AB151SM,6000.00,2026-07-07 09:36:35+00,CORREDORES VIALES SA,no_categoria_in_source
592aceb9-e290-406f-a66e-ca9dff98e77a,ConsumosResumen.xlsx,AF103ZL,3097.65,2026-07-23 11:04:45+00,RUTAS SUR ATLANTICO S.A.,no_categoria_in_source
59871eae-0984-43a8-8694-e2caab133672,ConsumosResumen-202607-1.xlsx,AE469PH,7500.00,2026-07-01 14:11:20+00,CORREDORES VIALES SA,no_categoria_in_source
5a83c7dc-326d-4408-8dde-763ac35655e4,ConsumosResumen-202607-1.xlsx,AH285SP,7500.00,2026-07-06 13:35:23+00,CORREDORES VIALES SA,no_categoria_in_source
5abc9492-9461-425a-b6c4-eb8c78ec67a0,ConsumosResumen.xlsx,AG249HS,1787.10,2026-07-11 13:29:03+00,CORREDOR VIAL 5 S.A.U.,no_categoria_in_source
5accb38b-2304-4904-825b-ecae04215b7e,ConsumosResumen-202607-1.xlsx,AD933WS,3000.00,2026-07-02 20:41:51+00,CORREDORES VIALES SA,no_categoria_in_source
5ada8089-4b05-4b4d-8868-5321af8e041c,ConsumosResumen.xlsx,AB633TY,6000.00,2026-07-22 18:21:45+00,CORREDORES VIALES SA,no_categoria_in_source
5aef0d65-8429-43d1-a27c-3bd920e12cad,ConsumosResumen-202607-1.xlsx,AG676SP,6000.00,2026-07-02 16:31:59+00,CORREDORES VIALES SA,no_categoria_in_source
5b2e3036-6613-4026-91b7-2de72ce7b51a,ConsumosResumen-202607-1.xlsx,AE952TH,7500.00,2026-07-01 11:20:19+00,CORREDORES VIALES SA,no_categoria_in_source
5b37bdfc-24d6-42b8-a2fc-dfd917c8cd11,ConsumosResumen-202607-1.xlsx,AF791ER,6000.00,2026-07-01 16:50:22+00,CORREDORES VIALES SA,no_categoria_in_source
5b3b2d81-edc8-4f23-839e-e2ea7ca0aeed,ConsumosResumen.xlsx,AG309CH,1500.00,2026-07-13 18:56:37+00,CORREDORES VIALES SA,no_categoria_in_source
5b440526-c382-43cd-98b4-de523d5a8850,ConsumosResumen.xlsx,AD625QA,6000.00,2026-07-16 04:48:04+00,CORREDORES VIALES SA,no_categoria_in_source
5b7caf55-85df-48e3-a1f2-f9ed91bf0fbc,ConsumosResumen.xlsx,AH554RQ,8935.49,2026-07-25 10:43:58+00,CORREDOR VIAL 5 S.A.U.,no_categoria_in_source
5bc884da-dbc0-4d98-8ac1-dc2f472e26aa,ConsumosResumen.xlsx,AF202UU,6195.30,2026-07-18 10:43:00+00,RUTAS SUR ATLANTICO S.A.,no_categoria_in_source
5bd5b973-4d29-4774-afe5-2b3e088e8b9d,ConsumosResumen.xlsx,AD985XP,3000.00,2026-07-21 10:15:48+00,CORREDORES VIALES SA,no_categoria_in_source
5bd5fe9f-b96f-4086-9efc-7ab258121708,ConsumosResumen.xlsx,AH729QW,7500.00,2026-07-21 22:36:19+00,CORREDORES VIALES SA,no_categoria_in_source
5c33613c-c415-4f05-beff-49ed360cb429,ConsumosResumen-202607-1.xlsx,AC295IE,3000.00,2026-06-29 18:54:09+00,CORREDORES VIALES SA,no_categoria_in_source
5c6b91ba-b02c-4a72-a13b-732996a6178a,ConsumosResumen.xlsx,AH543IQ,3097.65,2026-07-20 15:42:07+00,RUTAS SUR ATLANTICO S.A.,no_categoria_in_source
5c70bf4a-d352-4fe1-a039-855d9e91f04b,ConsumosResumen.xlsx,AG309CO,3097.65,2026-07-23 23:59:30+00,RUTAS SUR ATLANTICO S.A.,no_categoria_in_source
5ca3f597-dda0-4781-9efa-ebec1e45d660,ConsumosResumen-202607-1.xlsx,AH272KN,7500.00,2026-07-01 11:48:38+00,CORREDORES VIALES SA,no_categoria_in_source
5cb6af31-8fb5-4ebd-acfd-2180e238c814,ConsumosResumen-202607-1.xlsx,AD482MT,6000.00,2026-07-03 08:40:05+00,CORREDORES VIALES SA,no_categoria_in_source
5d0e24f4-211a-4934-9497-75cb1c1fae2f,ConsumosResumen.xlsx,AG939HX,6000.00,2026-07-23 11:38:03+00,CORREDORES VIALES SA,no_categoria_in_source
5d65821a-7938-43b9-973d-5c44165203ba,ConsumosResumen-202607-1.xlsx,AF136HN,6195.30,2026-07-04 16:35:42+00,RUTAS SUR ATLANTICO S.A.,no_categoria_in_source
5d878ca8-1780-4032-a9d2-438fca23005b,ConsumosResumen-202607-1.xlsx,AH800QT,7500.00,2026-07-06 11:57:07+00,CORREDORES VIALES SA,no_categoria_in_source
5dbb7ddf-1aec-4c1b-be7e-08d4a5faf51e,ConsumosResumen-202607-1.xlsx,AH800QT,7500.00,2026-07-06 15:13:59+00,CORREDORES VIALES SA,no_categoria_in_source
5e0fa535-d12b-4ddb-83fe-efbaa982467e,ConsumosResumen-202607-1.xlsx,AG893YR,6000.00,2026-07-09 02:26:06+00,CORREDORES VIALES SA,no_categoria_in_source
5e1729ed-795c-4398-bb23-babd6538bb5c,ConsumosResumen-202607-1.xlsx,AG309CO,6000.00,2026-07-07 11:01:20+00,CORREDORES VIALES SA,no_categoria_in_source
5ea04721-4b75-4da3-bfc3-ba0afb58960c,ConsumosResumen.xlsx,AG533MF,1787.10,2026-07-08 23:06:23+00,CORREDOR VIAL 5 S.A.U.,no_categoria_in_source
5ee8d786-547d-46d9-a662-ba4da3c6acf2,ConsumosResumen.xlsx,AF791ER,4646.47,2026-07-17 05:34:38+00,RUTAS SUR ATLANTICO S.A.,no_categoria_in_source
5ee9adb0-95db-4417-854c-730b745755c8,ConsumosResumen.xlsx,AG533MF,1787.10,2026-07-05 00:46:09+00,CORREDOR VIAL 5 S.A.U.,no_categoria_in_source
5eea5fd1-91a5-4a51-97d7-9b5dd5595296,ConsumosResumen.xlsx,AF202UU,3097.65,2026-07-22 21:34:08+00,RUTAS SUR ATLANTICO S.A.,no_categoria_in_source
5eeb8ea5-8c2a-440b-92dd-72e93e57baa6,ConsumosResumen.xlsx,AD239PP,6000.00,2026-07-23 16:26:42+00,CORREDORES VIALES SA,no_categoria_in_source
5efda0f8-4998-4745-a656-a9004d8f3356,ConsumosResumen-202607-1.xlsx,AG939HR,6000.00,2026-06-28 19:50:18+00,CORREDORES VIALES SA,no_categoria_in_source
5f3fcef8-61f3-4d4a-a118-efd89f02f779,ConsumosResumen-202607-1.xlsx,AG939HR,6000.00,2026-07-08 06:08:39+00,CORREDORES VIALES SA,no_categoria_in_source
5f6d80f2-2702-42a2-942a-4f49ef3206c6,ConsumosResumen.xlsx,AF136HN,6000.00,2026-07-24 10:15:22+00,CORREDORES VIALES SA,no_categoria_in_source
5f7f8a20-36c2-446f-9814-a59dac505fbb,ConsumosResumen.xlsx,AG309CH,1500.00,2026-07-17 22:46:13+00,CORREDORES VIALES SA,no_categoria_in_source
5f95da15-ce04-4a55-98e2-1fa40672d786,ConsumosResumen-202607-1.xlsx,AD667DM,6000.00,2026-07-03 13:24:47+00,CORREDORES VIALES SA,no_categoria_in_source
60353bab-746f-4b06-9552-2b02bbe755cd,ConsumosResumen.xlsx,OWG130,6000.00,2026-07-16 17:26:16+00,CORREDORES VIALES SA,no_categoria_in_source
603956f9-e70d-4035-96dd-006a1d4ef291,ConsumosResumen.xlsx,AH251LE,7500.00,2026-07-23 08:15:13+00,CORREDORES VIALES SA,no_categoria_in_source
606ba730-101b-4862-9bf9-952a11b6f761,ConsumosResumen.xlsx,AG862VH,6000.00,2026-07-14 11:10:50+00,CORREDORES VIALES SA,no_categoria_in_source
608727a7-b174-43e7-a166-e5f6096fcb9d,ConsumosResumen.xlsx,AE751PA,3574.19,2026-07-16 10:24:01+00,RUTAS SUR ATLANTICO S.A.,no_categoria_in_source
609f5138-841b-40ff-b782-891211045b68,ConsumosResumen.xlsx,AG916MK,6000.00,2026-07-24 11:54:48+00,CORREDORES VIALES SA,no_categoria_in_source
60adcad0-6ff2-43e6-994f-529e21383dbe,ConsumosResumen.xlsx,AE831SI,7500.00,2026-07-18 06:40:55+00,CORREDORES VIALES SA,no_categoria_in_source
60b399f8-4b58-43ab-80e8-68ce4891e149,ConsumosResumen.xlsx,AH185KI,7500.00,2026-07-22 18:57:14+00,CORREDORES VIALES SA,no_categoria_in_source
60b757df-55e9-4b6d-888f-f7d8f3448fd7,ConsumosResumen.xlsx,AH554RP,8935.49,2026-07-10 08:16:59+00,CORREDOR VIAL 5 S.A.U.,no_categoria_in_source
60dc19b5-9799-4437-8c80-7da43124f806,ConsumosResumen-202607-1.xlsx,AG533MF,1500.00,2026-06-30 01:47:25+00,CORREDORES VIALES SA,no_categoria_in_source
60f78594-2117-4587-be83-71396c436638,ConsumosResumen.xlsx,AD239PP,6000.00,2026-07-22 02:31:52+00,CORREDORES VIALES SA,no_categoria_in_source
6139bcf9-330e-407f-8744-b979772f3ab3,ConsumosResumen.xlsx,AG862VH,6000.00,2026-07-25 14:33:12+00,CORREDORES VIALES SA,no_categoria_in_source
61e02e03-d5e4-4f95-b89c-c36975d4276b,ConsumosResumen.xlsx,AF136HN,6000.00,2026-07-16 01:41:33+00,CORREDORES VIALES SA,no_categoria_in_source
61ee4f67-5721-4e63-b0b9-a8890614ecd0,ConsumosResumen.xlsx,AG309CH,1500.00,2026-07-14 06:38:03+00,CORREDORES VIALES SA,no_categoria_in_source
620eb2a3-54b3-4c74-a682-8941f0b5b3df,ConsumosResumen-202607-1.xlsx,AH285SP,7500.00,2026-07-08 18:04:26+00,CORREDORES VIALES SA,no_categoria_in_source
62694e5f-7100-42c0-8af1-b8691247583a,ConsumosResumen-202607-1.xlsx,AG939HR,6000.00,2026-06-30 09:42:56+00,CORREDORES VIALES SA,no_categoria_in_source
626e2ed9-3071-47e1-b976-33cd78783fc5,ConsumosResumen.xlsx,AF202UU,6195.30,2026-07-08 11:26:05+00,RUTAS SUR ATLANTICO S.A.,no_categoria_in_source
627889c0-96f1-4b6a-aace-804eb9e7a5d9,ConsumosResumen.xlsx,AF411UY,6000.00,2026-07-13 18:26:52+00,CORREDORES VIALES SA,no_categoria_in_source
628b992f-5f84-4d9d-b49d-d764eb268703,ConsumosResumen.xlsx,AH554RP,8935.49,2026-07-09 17:15:57+00,CORREDOR VIAL 5 S.A.U.,no_categoria_in_source
62cf38ce-7e1e-49be-9e22-69691c301f50,ConsumosResumen.xlsx,AG110LK,7500.00,2026-07-27 10:22:23+00,CORREDORES VIALES SA,no_categoria_in_source
630a4b40-14fb-4bfd-9754-f9c69e2ff658,ConsumosResumen.xlsx,AE469PL,7148.39,2026-07-21 16:16:09+00,CORREDOR VIAL 5 S.A.U.,no_categoria_in_source
6370f178-6824-4466-94d5-1e87149aff06,ConsumosResumen-202607-1.xlsx,AH351RT,7500.00,2026-07-07 05:04:31+00,CORREDORES VIALES SA,no_categoria_in_source
63ac0a91-7fd0-48ad-8c52-886f117afee9,ConsumosResumen.xlsx,AD667DM,6000.00,2026-07-23 22:04:25+00,CORREDORES VIALES SA,no_categoria_in_source
63baca1a-934d-4bec-b913-eae9d8cf6e0b,ConsumosResumen-202607-1.xlsx,AG916MK,6000.00,2026-07-03 16:54:18+00,CORREDORES VIALES SA,no_categoria_in_source
63e09f59-e834-48ad-816f-9d24a6134138,ConsumosResumen-202607-1.xlsx,AG533MF,1500.00,2026-07-09 05:10:23+00,CORREDORES VIALES SA,no_categoria_in_source
63ec7c5d-8fae-4233-87a4-bd7a3e39b034,ConsumosResumen-202607-1.xlsx,AH800QT,7500.00,2026-07-04 00:22:33+00,CORREDORES VIALES SA,no_categoria_in_source
63f9caf3-e372-4c0c-97e2-00efe38afd6c,ConsumosResumen-202607-1.xlsx,AH800QR,7500.00,2026-07-08 18:58:15+00,CORREDORES VIALES SA,no_categoria_in_source
6429e172-3a10-418e-9600-fc37d5b65018,ConsumosResumen.xlsx,AH543IQ,7500.00,2026-07-21 06:19:01+00,CORREDORES VIALES SA,no_categoria_in_source
64734e22-b856-42c5-8249-b74c7c7c4d3c,ConsumosResumen.xlsx,AG916MK,7744.12,2026-07-15 04:16:41+00,RUTAS SUR ATLANTICO S.A.,no_categoria_in_source
64971a0e-ce37-466c-947f-0ba98d67cf4a,ConsumosResumen.xlsx,AC295IE,3000.00,2026-07-26 19:52:25+00,CORREDORES VIALES SA,no_categoria_in_source
64a206a8-7547-4c76-8dfc-ad62e1795866,ConsumosResumen-202607-1.xlsx,AE284KH,5219.58,2026-07-06 13:16:04+00,CONEXION ALTO DELTA S.A.,no_categoria_in_source
64a4319c-d557-49d2-900e-a8b46ca18a02,ConsumosResumen-202607-1.xlsx,AG939HX,6000.00,2026-07-09 08:46:14+00,CORREDORES VIALES SA,no_categoria_in_source
64cbac24-8f13-488b-bd19-c3f2b0205ffc,ConsumosResumen.xlsx,AF136HN,6000.00,2026-07-26 05:23:18+00,CORREDORES VIALES SA,no_categoria_in_source
64f57bd8-bce0-410c-be76-b9ec321dd78f,ConsumosResumen.xlsx,AF993HK,6195.30,2026-07-24 20:00:54+00,RUTAS SUR ATLANTICO S.A.,no_categoria_in_source
65287448-fdad-40dc-a701-a95bd4158586,ConsumosResumen-202607-1.xlsx,AF103ZL,6000.00,2026-07-08 11:13:14+00,CORREDORES VIALES SA,no_categoria_in_source
65614421-13aa-4db3-b1d1-ec726ae69c38,ConsumosResumen.xlsx,AD625QB,5361.29,2026-07-27 23:45:57+00,CORREDOR VIAL 5 S.A.U.,no_categoria_in_source
6579c30f-2c53-4c0e-b252-eba6f81f6828,ConsumosResumen.xlsx,AH185KI,7500.00,2026-07-15 09:07:32+00,CORREDORES VIALES SA,no_categoria_in_source
658f2ef6-fedf-461b-946e-22e1851f123e,ConsumosResumen-202607-1.xlsx,AH351RT,7500.00,2026-07-09 23:57:57+00,CORREDORES VIALES SA,no_categoria_in_source
6594b236-2d59-4fb4-865b-cdfc5b7838dc,ConsumosResumen.xlsx,AG893YR,6000.00,2026-07-25 01:01:38+00,CORREDORES VIALES SA,no_categoria_in_source
65970fe7-5b85-42b5-819c-1fa1fe8b08cd,ConsumosResumen.xlsx,AE751PA,7500.00,2026-07-24 11:05:46+00,CORREDORES VIALES SA,no_categoria_in_source
65a3d3f6-951c-471a-bb1a-d49565203862,ConsumosResumen.xlsx,AF136HN,6000.00,2026-07-16 13:02:05+00,CORREDORES VIALES SA,no_categoria_in_source
65afe651-4ea0-44fb-8dbf-aa25dc3ece42,ConsumosResumen.xlsx,AG862VH,6000.00,2026-07-17 20:18:35+00,CORREDORES VIALES SA,no_categoria_in_source
65c924bf-6464-4665-b470-8c5985f4365c,ConsumosResumen-202607-1.xlsx,AG862VH,6000.00,2026-07-08 09:30:00+00,CORREDORES VIALES SA,no_categoria_in_source
65c97483-0369-4742-9f35-ab2d2d871eed,ConsumosResumen-202607-1.xlsx,AD667DM,6000.00,2026-07-04 08:48:38+00,CORREDORES VIALES SA,no_categoria_in_source
65e4accd-f041-40c8-8fe5-d363f274476e,ConsumosResumen.xlsx,AD482MT,6000.00,2026-07-13 17:36:44+00,CORREDORES VIALES SA,no_categoria_in_source
65f06f27-639c-4d37-833d-f6d26b2112b6,ConsumosResumen.xlsx,AE469PH,7500.00,2026-07-13 15:27:44+00,CORREDORES VIALES SA,no_categoria_in_source
66260720-7fc0-4b06-ac27-71d8476945c3,ConsumosResumen.xlsx,AC264UA,6195.30,2026-07-20 13:08:56+00,RUTAS SUR ATLANTICO S.A.,no_categoria_in_source
662fc319-9bce-4437-b414-c992e03e9994,ConsumosResumen-202607-1.xlsx,AB456CP,6000.00,2026-07-07 11:58:30+00,CORREDORES VIALES SA,no_categoria_in_source
668a7cb8-abbc-4d47-91cb-e7b0973ead5b,ConsumosResumen-202607-1.xlsx,AG916MK,6000.00,2026-06-30 01:24:05+00,CORREDORES VIALES SA,no_categoria_in_source
668b6090-56b7-41b3-bce9-401eca6e3c7e,ConsumosResumen-202607-1.xlsx,AG939HX,7500.00,2026-07-01 02:21:13+00,CORREDORES VIALES SA,no_categoria_in_source
66ef24b9-3166-4073-abd6-46bae7abf96a,ConsumosResumen.xlsx,AH285SP,7500.00,2026-07-16 17:18:52+00,CORREDORES VIALES SA,no_categoria_in_source
66fe94d3-fa96-4d23-a30b-02d230701a84,ConsumosResumen.xlsx,AG939HX,6000.00,2026-07-25 03:49:50+00,CORREDORES VIALES SA,no_categoria_in_source
673d98fd-8452-4d0d-8645-b284bf99be32,ConsumosResumen-202607-1.xlsx,AF533SR,7500.00,2026-07-01 08:41:50+00,CORREDORES VIALES SA,no_categoria_in_source
67a69bc4-f589-45e6-a515-a94148f636ec,ConsumosResumen.xlsx,AD985XP,3000.00,2026-07-16 22:27:03+00,CORREDORES VIALES SA,no_categoria_in_source
67daec3f-f24b-40b6-a2fe-072194a37084,ConsumosResumen-202607-1.xlsx,AF533SR,7500.00,2026-06-28 03:00:30+00,CORREDORES VIALES SA,no_categoria_in_source
683d2747-8c79-44b5-967b-5b5a8a06ea97,ConsumosResumen-202607-1.xlsx,AF734UP,4500.00,2026-06-30 20:27:22+00,CORREDORES VIALES SA,no_categoria_in_source
68588be0-e912-4b2c-8abf-f1c715c93b3e,ConsumosResumen-202607-1.xlsx,AG309CH,1500.00,2026-07-01 15:52:57+00,CORREDORES VIALES SA,no_categoria_in_source
6871d203-75a3-4d7f-a373-6c59cfee92c3,ConsumosResumen.xlsx,AF436WI,4646.47,2026-07-06 13:35:44+00,RUTAS SUR ATLANTICO S.A.,no_categoria_in_source
6877a003-12c0-410c-9ce6-75aba702b3e3,ConsumosResumen.xlsx,AC264UA,6000.00,2026-07-24 12:45:33+00,CORREDORES VIALES SA,no_categoria_in_source
6879511d-88dc-482c-9444-40f64009b6f4,ConsumosResumen.xlsx,AH285SP,7500.00,2026-07-24 11:24:38+00,CORREDORES VIALES SA,no_categoria_in_source
6889f73b-a3e9-448e-97eb-77eb290369a9,ConsumosResumen.xlsx,AD625QB,4500.00,2026-07-24 17:01:14+00,CORREDORES VIALES SA,no_categoria_in_source
68f51517-9a74-4791-8712-c9da81a9422b,ConsumosResumen-202607-1.xlsx,AF231PZ,6000.00,2026-07-07 23:34:51+00,CORREDORES VIALES SA,no_categoria_in_source
6934a181-ef3f-41cb-bf95-a2e8ba082603,ConsumosResumen.xlsx,AG533MF,1500.00,2026-07-15 22:52:47+00,CORREDORES VIALES SA,no_categoria_in_source
6937e016-3378-4507-8f26-c2d0c5a0ead7,ConsumosResumen.xlsx,AF533SR,7500.00,2026-07-22 23:12:59+00,CORREDORES VIALES SA,no_categoria_in_source
6946770b-f51f-470a-b21f-98a89232ba42,ConsumosResumen.xlsx,AG822HO,7148.39,2026-07-10 18:40:31+00,CORREDOR VIAL 5 S.A.U.,no_categoria_in_source
699982ee-d90b-4762-b0cf-7e44c6fbfab7,ConsumosResumen.xlsx,AH285SP,7500.00,2026-07-16 06:26:46+00,CORREDORES VIALES SA,no_categoria_in_source
69ee91e3-3f31-40dc-a232-75b0215b65b8,ConsumosResumen.xlsx,AG533MF,1500.00,2026-07-17 19:16:59+00,CORREDORES VIALES SA,no_categoria_in_source
69fb2dfa-a27a-4371-8bfa-04b68e578c42,ConsumosResumen-202607-1.xlsx,AC812DO,6000.00,2026-06-24 13:54:41+00,CORREDORES VIALES SA,no_categoria_in_source
69fc52f9-dbe8-4738-ad3a-2f797de3e4b1,ConsumosResumen.xlsx,AG249HS,1500.00,2026-07-15 06:09:57+00,CORREDORES VIALES SA,no_categoria_in_source
6a258559-4498-44f6-a77e-13a42a5a4158,ConsumosResumen.xlsx,AG309CO,6000.00,2026-07-17 10:03:55+00,CORREDORES VIALES SA,no_categoria_in_source
6a3d36ec-3429-422f-b596-f26d8449ffe2,ConsumosResumen.xlsx,AF231PZ,6000.00,2026-07-21 22:52:09+00,CORREDORES VIALES SA,no_categoria_in_source
6a4727f1-ddd7-4fa6-8195-aa63f45e45af,ConsumosResumen-202607-1.xlsx,AF103ZL,6000.00,2026-06-30 08:23:52+00,CORREDORES VIALES SA,no_categoria_in_source
6ab0a1e6-08fd-41df-bde0-625d888fcc47,ConsumosResumen.xlsx,AD096FX,6000.00,2026-07-13 17:59:10+00,CORREDORES VIALES SA,no_categoria_in_source
6ac6e2bb-4f0e-4d29-856d-b45881f1a73d,ConsumosResumen-202607-1.xlsx,AH185KI,7500.00,2026-06-26 15:44:02+00,CORREDORES VIALES SA,no_categoria_in_source
6ad0c268-34a8-4d77-a91d-18510be09acb,ConsumosResumen.xlsx,AF791ER,6000.00,2026-07-20 14:58:06+00,CORREDORES VIALES SA,no_categoria_in_source
6b713488-c010-4d56-8b94-5a00dce96a46,ConsumosResumen-202607-1.xlsx,AG533MF,1500.00,2026-06-30 03:03:12+00,CORREDORES VIALES SA,no_categoria_in_source
6bdd3355-3aaa-4cb3-8787-2ccf8c585e5d,ConsumosResumen.xlsx,AH554RQ,7500.00,2026-07-24 15:42:40+00,CORREDORES VIALES SA,no_categoria_in_source
6be81199-91a5-484a-aada-e291f05b097b,ConsumosResumen.xlsx,AE751PA,7500.00,2026-07-01 18:40:00+00,RUTAS SUR ATLANTICO S.A.,no_categoria_in_source
6c490662-83b1-4a6e-b9a5-3b33d74608a9,ConsumosResumen.xlsx,AD933WS,3000.00,2026-07-24 14:11:40+00,CORREDORES VIALES SA,no_categoria_in_source
6caeb4a5-bf6d-4bc2-a06c-ad43940307cc,ConsumosResumen.xlsx,AC812DO,6000.00,2026-07-21 19:28:31+00,CORREDORES VIALES SA,no_categoria_in_source
6cd1fbfb-178e-416f-8283-8261487af14b,ConsumosResumen.xlsx,AH351RS,6000.00,2026-07-14 21:51:40+00,CORREDORES VIALES SA,no_categoria_in_source
6d0afc0f-e8a8-4370-b6b8-8ff917d5fa10,ConsumosResumen.xlsx,AF231PZ,6000.00,2026-07-23 01:50:24+00,CORREDORES VIALES SA,no_categoria_in_source
6d48dfea-5ad7-4d36-93bb-1721ac2e12ff,ConsumosResumen.xlsx,AB456CU,6000.00,2026-07-13 11:23:24+00,CORREDORES VIALES SA,no_categoria_in_source
6d95f44b-5f4f-49f6-88c0-1a40db456e52,ConsumosResumen.xlsx,AH185KI,1548.82,2026-07-21 15:16:35+00,RUTAS SUR ATLANTICO S.A.,no_categoria_in_source
6da25c60-ac5f-4138-a052-27eca053ac61,ConsumosResumen.xlsx,AE469PH,7500.00,2026-07-22 11:11:06+00,CORREDORES VIALES SA,no_categoria_in_source
6de1ba54-e5b4-4a0c-b1d0-55b8a53d9273,ConsumosResumen.xlsx,AF509QF,6000.00,2026-07-13 17:15:16+00,CORREDORES VIALES SA,no_categoria_in_source
6de3c7da-adfb-431c-bbc2-66a89ec3494f,ConsumosResumen.xlsx,AC264UA,6000.00,2026-07-22 23:45:21+00,CORREDORES VIALES SA,no_categoria_in_source
6e5cf14b-a32e-44dd-ab95-8b3f05a718e2,ConsumosResumen-202607-1.xlsx,AF103ZL,6000.00,2026-07-05 13:14:46+00,CORREDORES VIALES SA,no_categoria_in_source
6e844b1c-e925-4c82-acc7-4515866f55cc,ConsumosResumen.xlsx,AE751PA,7500.00,2026-07-23 11:36:20+00,CORREDORES VIALES SA,no_categoria_in_source
6e87fcf9-3953-436e-8f16-8764368bd750,ConsumosResumen.xlsx,AF411UY,6000.00,2026-07-14 13:56:49+00,CORREDORES VIALES SA,no_categoria_in_source
6ea71100-f77e-4edc-bcb2-db9d1a45e9b0,ConsumosResumen.xlsx,AG916MK,6195.30,2026-07-21 20:08:01+00,RUTAS SUR ATLANTICO S.A.,no_categoria_in_source
6eadb95a-9076-4f91-bf37-699be2d46af7,ConsumosResumen-202607-1.xlsx,AF389UV,4500.00,2026-07-02 10:02:30+00,CORREDORES VIALES SA,no_categoria_in_source
6eb836b3-c415-4162-8c77-61c7f530118a,ConsumosResumen-202607-1.xlsx,AG507DK,7500.00,2026-07-02 10:15:21+00,RUTAS SUR ATLANTICO S.A.,no_categoria_in_source
6efcff9d-618f-4ffc-922b-1e47327c2590,ConsumosResumen.xlsx,AH351RS,7148.39,2026-07-26 12:55:00+00,CORREDOR VIAL 5 S.A.U.,no_categoria_in_source
6f29c281-3018-4546-8f47-5f1cb365562a,ConsumosResumen-202607-1.xlsx,AG507DK,7500.00,2026-07-02 18:59:53+00,CORREDORES VIALES SA,no_categoria_in_source
6f45f6d7-8958-4232-bbc7-8fcdc70d9f54,ConsumosResumen-202607-1.xlsx,AC264UA,6000.00,2026-07-07 09:32:53+00,CORREDORES VIALES SA,no_categoria_in_source
6f515704-db98-4dac-8014-04ebfd6437b1,ConsumosResumen.xlsx,AG939HR,6000.00,2026-07-17 12:14:01+00,CORREDORES VIALES SA,no_categoria_in_source
6f5eccee-fa4f-4ac3-8688-3a703e1f272f,ConsumosResumen.xlsx,AG822HO,7148.39,2026-07-15 15:41:22+00,CORREDOR VIAL 5 S.A.U.,no_categoria_in_source
6f9f59ed-67e7-4db0-9ab7-ae1de87f15a9,ConsumosResumen-202607-1.xlsx,AF734UP,4500.00,2026-06-30 10:55:52+00,CORREDORES VIALES SA,no_categoria_in_source
6fba3fab-12ce-47cf-b38f-152930548b9f,ConsumosResumen.xlsx,AG822HO,6000.00,2026-07-15 10:38:59+00,CORREDORES VIALES SA,no_categoria_in_source
700cb9f4-3989-4bdb-bec2-973ee2a31f49,ConsumosResumen.xlsx,AF436WI,4646.47,2026-07-04 02:07:44+00,RUTAS SUR ATLANTICO S.A.,no_categoria_in_source
7030ad6e-a149-4b07-9cc6-141f9e18f828,ConsumosResumen-202607-1.xlsx,AF136HN,6000.00,2026-07-02 23:31:35+00,CORREDORES VIALES SA,no_categoria_in_source
706bd9cf-32bc-4359-898c-ad5bc90edc19,ConsumosResumen.xlsx,AG249HS,1500.00,2026-07-21 09:41:51+00,CORREDORES VIALES SA,no_categoria_in_source
707b0f82-74eb-4243-a08b-e6e0ac34eccf,ConsumosResumen.xlsx,AC812DO,6000.00,2026-07-27 01:09:40+00,CORREDORES VIALES SA,no_categoria_in_source
70985aeb-8b4e-42c3-a859-6cf1c0c1f40f,ConsumosResumen-202607-1.xlsx,AH800QT,7500.00,2026-07-01 19:37:21+00,CORREDORES VIALES SA,no_categoria_in_source
70ecf2c7-3c3a-42e1-b260-0d2adddcf63f,ConsumosResumen-202607-1.xlsx,AD667DM,6000.00,2026-07-03 04:57:11+00,CORREDORES VIALES SA,no_categoria_in_source
713ea303-f97a-4fd7-9c6f-0276ed419396,ConsumosResumen-202607-1.xlsx,AG893YR,6000.00,2026-07-07 11:42:20+00,CORREDORES VIALES SA,no_categoria_in_source
713ebe3d-5e38-44f3-b3e4-184c6c48ff0b,ConsumosResumen.xlsx,AF993HK,6000.00,2026-07-27 18:46:59+00,CORREDORES VIALES SA,no_categoria_in_source
715d650f-da2a-4c6b-bfb9-7cb55b28bdba,ConsumosResumen.xlsx,AF231PZ,6000.00,2026-07-22 13:15:00+00,CORREDORES VIALES SA,no_categoria_in_source
71e1a9a4-0c94-479d-9517-aad61e1d996f,ConsumosResumen-202607-1.xlsx,AF231PZ,6000.00,2026-07-10 00:49:59+00,CORREDORES VIALES SA,no_categoria_in_source
72032b60-5af0-4be0-9cef-a3c249c252ee,ConsumosResumen.xlsx,AC561DQ,6000.00,2026-07-22 04:00:46+00,CORREDORES VIALES SA,no_categoria_in_source
721a2dce-1fe2-44e1-bbc5-d0392706156b,ConsumosResumen-202607-1.xlsx,AH800QT,7500.00,2026-07-03 18:53:36+00,CORREDORES VIALES SA,no_categoria_in_source
7260c154-6cf6-41ee-82a1-34aa774c8e44,ConsumosResumen-202607-1.xlsx,AH351RT,7500.00,2026-07-12 21:32:05+00,CORREDORES VIALES SA,no_categoria_in_source
726af88a-129d-4113-9219-d4a4914c1f5f,ConsumosResumen.xlsx,AB456CU,6000.00,2026-07-17 00:46:26+00,CORREDORES VIALES SA,no_categoria_in_source
72713670-729c-4292-a5a8-6b746feb6be7,ConsumosResumen.xlsx,AF202UU,6000.00,2026-07-24 15:26:54+00,CORREDORES VIALES SA,no_categoria_in_source
7274b5ee-4305-4db8-bcb4-b66802d09d34,ConsumosResumen.xlsx,AG249HS,1787.10,2026-07-16 09:43:40+00,RUTAS SUR ATLANTICO S.A.,no_categoria_in_source
7289dbb5-a489-4d24-972a-3e9820926fd5,ConsumosResumen-202607-1.xlsx,AF136HN,6000.00,2026-07-01 18:38:54+00,CORREDORES VIALES SA,no_categoria_in_source
7303f759-3ab8-44bb-9b28-f1dea2115f0d,ConsumosResumen.xlsx,AD328WK,6000.00,2026-07-15 10:11:46+00,CORREDORES VIALES SA,no_categoria_in_source
7360516f-1859-4c32-9ebb-eefde53e253d,ConsumosResumen.xlsx,AG893YR,6000.00,2026-07-23 08:36:50+00,CORREDORES VIALES SA,no_categoria_in_source
740b05d9-50b3-43b1-a8d1-0fad577fab6e,ConsumosResumen.xlsx,AG822HO,6000.00,2026-07-14 13:07:21+00,CORREDORES VIALES SA,no_categoria_in_source
7416b998-8cdb-4b76-8823-6c65d715d930,ConsumosResumen.xlsx,AG822HO,7148.39,2026-07-10 08:31:22+00,CORREDOR VIAL 5 S.A.U.,no_categoria_in_source
746aa363-c1f6-4383-9e50-068711ee5c81,ConsumosResumen.xlsx,AF136HN,6000.00,2026-07-23 23:19:31+00,CORREDORES VIALES SA,no_categoria_in_source
74b6a3aa-4de6-46b3-b0cb-30f5fe28513f,ConsumosResumen-202607-1.xlsx,AH351RT,7500.00,2026-07-04 21:22:09+00,CORREDORES VIALES SA,no_categoria_in_source
74e38ff5-9098-49d7-9173-c811b245eb3e,ConsumosResumen-202607-1.xlsx,AD239PP,6000.00,2026-07-02 20:52:49+00,CORREDORES VIALES SA,no_categoria_in_source
74ee1dd9-4742-4d73-b4e2-fcad97d9f8eb,ConsumosResumen-202607-1.xlsx,AG309CH,1500.00,2026-06-30 13:33:40+00,CORREDORES VIALES SA,no_categoria_in_source
75212840-8ecb-4164-b1a8-b433cc261133,ConsumosResumen.xlsx,AH554RP,8935.49,2026-07-20 09:03:37+00,CORREDOR VIAL 5 S.A.U.,no_categoria_in_source
75676ea6-91e1-432e-a2c6-a64972c8d2a6,ConsumosResumen-202607-1.xlsx,AF136HN,6000.00,2026-07-01 07:49:50+00,CORREDORES VIALES SA,no_categoria_in_source
758deaf6-4ea1-4c4c-b09b-f86c8cb6f4d2,ConsumosResumen.xlsx,AB456CU,3097.65,2026-07-24 06:19:13+00,RUTAS SUR ATLANTICO S.A.,no_categoria_in_source
75e0cff5-d4ae-4d61-b18c-aaa24e097b18,ConsumosResumen.xlsx,AG916MK,6000.00,2026-07-23 12:16:12+00,CORREDORES VIALES SA,no_categoria_in_source
75eb3f13-f211-423a-8b88-e86048a95293,ConsumosResumen-202607-1.xlsx,AG862VH,6000.00,2026-07-03 13:57:16+00,CORREDORES VIALES SA,no_categoria_in_source
7606fd10-7320-4d93-a0bf-7d9e1e262580,ConsumosResumen.xlsx,AH185KI,7500.00,2026-07-15 17:30:21+00,CORREDORES VIALES SA,no_categoria_in_source
76113dcd-fe3d-4ea7-a464-d306ed2196fe,ConsumosResumen.xlsx,AH554RQ,8935.49,2026-07-17 13:46:26+00,CORREDOR VIAL 5 S.A.U.,no_categoria_in_source
763aeb64-64a7-468e-b8b2-e02e22238f3a,ConsumosResumen-202607-1.xlsx,AH185KI,7500.00,2026-06-28 00:36:44+00,CORREDORES VIALES SA,no_categoria_in_source
7652c2c8-6ad7-444d-a6be-a7e2d83ffc42,ConsumosResumen.xlsx,AD096FX,6000.00,2026-07-20 18:51:06+00,CORREDORES VIALES SA,no_categoria_in_source
76755d5e-b2c1-4395-9cef-6108e482b5f3,ConsumosResumen-202607-1.xlsx,AD239PP,6000.00,2026-07-07 21:36:59+00,CORREDORES VIALES SA,no_categoria_in_source
767c7ca8-753e-4316-bd66-495f3b234e8f,ConsumosResumen.xlsx,AD096FX,6000.00,2026-07-22 17:44:14+00,CORREDORES VIALES SA,no_categoria_in_source
76c79fca-293d-470d-8906-1f6ee182895c,ConsumosResumen.xlsx,AF436WI,7744.12,2026-07-21 14:37:08+00,RUTAS SUR ATLANTICO S.A.,no_categoria_in_source
76dbbd16-bfd4-4f80-9737-7ce482eab7f3,ConsumosResumen-202607-1.xlsx,AG533MF,1500.00,2026-06-29 04:24:21+00,CORREDORES VIALES SA,no_categoria_in_source
770f7264-094e-4ab3-be9a-4c7a46fa038f,ConsumosResumen.xlsx,AE469PL,7148.39,2026-07-19 14:35:50+00,CORREDOR VIAL 5 S.A.U.,no_categoria_in_source
778dcfad-4193-4e3c-a369-30eaf9488742,ConsumosResumen.xlsx,AE751PA,7500.00,2026-07-15 16:08:38+00,CORREDORES VIALES SA,no_categoria_in_source
77a1338e-83f2-4feb-8724-d07f1db847b2,ConsumosResumen-202607-1.xlsx,AB456CU,6000.00,2026-07-08 07:55:59+00,CORREDORES VIALES SA,no_categoria_in_source
77c96f2e-67a0-4b33-8b92-f6e2e85d3e25,ConsumosResumen.xlsx,AG822HO,6000.00,2026-07-02 18:49:18+00,CORREDOR VIAL 5 S.A.U.,no_categoria_in_source
77f112a4-95c8-45b3-a742-30db38a66ed8,ConsumosResumen.xlsx,AB151SM,6000.00,2026-07-17 10:48:14+00,CORREDORES VIALES SA,no_categoria_in_source
781423f6-8283-457a-a48a-e200126ab34d,ConsumosResumen.xlsx,AB456CU,6000.00,2026-07-16 23:07:15+00,CORREDORES VIALES SA,no_categoria_in_source
789f07e0-705d-4c89-924e-afe807c26206,ConsumosResumen.xlsx,AF202UU,6000.00,2026-07-16 06:48:07+00,CORREDORES VIALES SA,no_categoria_in_source
78abfc76-47d9-479d-9959-35163c60a0f3,ConsumosResumen.xlsx,AG533MF,1500.00,2026-07-14 04:13:33+00,CORREDORES VIALES SA,no_categoria_in_source
78c25e10-7a8d-4137-8c64-628badfef7b9,ConsumosResumen.xlsx,OWG130,6000.00,2026-07-13 05:59:42+00,CORREDORES VIALES SA,no_categoria_in_source
78f49cba-0f86-480b-8f55-7eedab071e5e,ConsumosResumen.xlsx,AF734UP,4500.00,2026-07-22 12:29:44+00,CORREDORES VIALES SA,no_categoria_in_source
791d1af0-f15a-4efc-9afb-94a1ee48e141,ConsumosResumen.xlsx,AH251LE,7500.00,2026-07-13 17:37:56+00,CORREDORES VIALES SA,no_categoria_in_source
79459030-0d60-478e-9f85-9cca25377df9,ConsumosResumen.xlsx,AG939HR,7500.00,2026-07-21 00:44:20+00,CORREDORES VIALES SA,no_categoria_in_source
794cbe3f-2fcb-4d26-bbd2-785c638557f7,ConsumosResumen-202607-1.xlsx,AG862VH,6000.00,2026-06-28 12:51:17+00,CORREDORES VIALES SA,no_categoria_in_source
795e0982-d3a8-469d-b8df-8ecdb64b4f57,ConsumosResumen-202607-1.xlsx,AH285SP,7500.00,2026-06-28 01:17:08+00,CORREDORES VIALES SA,no_categoria_in_source
79c0f711-e2e7-48e4-a68a-93acc9cba3e0,ConsumosResumen.xlsx,AD239PP,6000.00,2026-07-24 11:05:25+00,CORREDORES VIALES SA,no_categoria_in_source
79cf1803-8d42-4939-9318-baa724e97d15,ConsumosResumen.xlsx,AD096FX,6000.00,2026-07-24 16:16:35+00,CORREDORES VIALES SA,no_categoria_in_source
7a0295c2-f972-43bc-8e94-6203537e7ffd,ConsumosResumen.xlsx,AH800QT,7500.00,2026-07-18 10:09:58+00,CORREDORES VIALES SA,no_categoria_in_source
7a1bbc1f-b0c1-45ff-8b86-83b82c0ca0d1,ConsumosResumen-202607-1.xlsx,AD625QB,4500.00,2026-07-02 21:51:17+00,CORREDORES VIALES SA,no_categoria_in_source
7a2b62ec-808d-4254-bd8c-ab7aa2016d39,ConsumosResumen-202607-1.xlsx,AH251LE,7500.00,2026-06-30 14:09:35+00,CORREDORES VIALES SA,no_categoria_in_source
7a3ffa5a-7eec-4e28-bea6-fde46410bdde,ConsumosResumen-202607-1.xlsx,AA561YA,6000.00,2026-07-02 13:39:31+00,CORREDORES VIALES SA,no_categoria_in_source
7a44e1e1-06f0-470a-92b6-4cb9e631be6a,ConsumosResumen.xlsx,AB456CP,6195.30,2026-07-13 15:52:51+00,RUTAS SUR ATLANTICO S.A.,no_categoria_in_source
7a4f0c09-cd4d-4a74-af5c-3cf938322682,ConsumosResumen.xlsx,AH185KI,7744.12,2026-07-21 15:34:42+00,RUTAS SUR ATLANTICO S.A.,no_categoria_in_source
7a6a30ab-d8b9-41da-9c56-e39cf78bb126,ConsumosResumen.xlsx,AH185KI,7500.00,2026-07-27 03:11:08+00,CORREDORES VIALES SA,no_categoria_in_source
7a7ec151-5da8-4133-b9b3-a3cd0210993b,ConsumosResumen-202607-1.xlsx,PMK414,1787.10,2026-07-11 20:44:22+00,RUTAS SUR ATLANTICO S.A.,no_categoria_in_source
7aeb727a-180a-4afe-bd58-36887a549d7e,ConsumosResumen-202607-1.xlsx,AE284KH,5361.29,2026-07-03 03:58:19+00,RUTAS SUR ATLANTICO S.A.,no_categoria_in_source
7af03298-3190-45f7-95d7-04fe697973e6,ConsumosResumen.xlsx,AH554RQ,8935.49,2026-07-12 18:46:29+00,CORREDOR VIAL 5 S.A.U.,no_categoria_in_source
7b1da3a7-6b63-4178-8e4e-09fb768e302a,ConsumosResumen.xlsx,AG507DK,7744.12,2026-07-03 21:06:14+00,RUTAS SUR ATLANTICO S.A.,no_categoria_in_source
7b2945db-558b-4ab1-8bef-169b9270e887,ConsumosResumen.xlsx,AH729QW,7500.00,2026-07-17 12:09:07+00,CORREDORES VIALES SA,no_categoria_in_source
7b47fb7c-8369-45f7-a2fc-7f3616fcd542,ConsumosResumen-202607-1.xlsx,AF411UY,6000.00,2026-07-07 17:31:26+00,CORREDORES VIALES SA,no_categoria_in_source
7b4ea1f8-8666-4326-9601-5fb227bf12a5,ConsumosResumen-202607-1.xlsx,AG533MF,1500.00,2026-06-29 22:06:12+00,CORREDORES VIALES SA,no_categoria_in_source
7b853a76-5461-4375-af9d-a6a1d6618aa7,ConsumosResumen.xlsx,AD625QB,6000.00,2026-07-13 14:15:30+00,CORREDORES VIALES SA,no_categoria_in_source
7bb28462-3d77-41ff-a708-1832eef8fe48,ConsumosResumen-202607-1.xlsx,AH543IQ,7500.00,2026-07-07 06:27:49+00,CORREDORES VIALES SA,no_categoria_in_source
7bb9a307-1b14-48e3-8ccd-f80daf80b030,ConsumosResumen.xlsx,AH554RQ,8935.49,2026-07-06 21:03:57+00,CORREDOR VIAL 5 S.A.U.,no_categoria_in_source
7c410318-b45a-48aa-ba32-956ce258732c,ConsumosResumen.xlsx,AD736OU,8935.49,2026-07-20 13:44:07+00,CORREDOR VIAL 5 S.A.U.,no_categoria_in_source
7c48ca08-2a6b-434b-b223-3175a922a98d,ConsumosResumen-202607-1.xlsx,AF202UU,6000.00,2026-07-01 10:13:50+00,CORREDORES VIALES SA,no_categoria_in_source
7cab13da-b302-43b4-9726-48c1e89cd685,ConsumosResumen.xlsx,AB151SM,6000.00,2026-07-17 16:57:20+00,CORREDORES VIALES SA,no_categoria_in_source
7d1a866d-bbd4-454c-8217-42c35b5e5ba8,ConsumosResumen-202607-1.xlsx,AH543IQ,7500.00,2026-07-07 09:11:16+00,CORREDORES VIALES SA,no_categoria_in_source
7d474aa9-c1a0-4a2a-8e99-40eb8de92bb2,ConsumosResumen.xlsx,AD625QB,5361.29,2026-07-20 16:07:57+00,RUTAS SUR ATLANTICO S.A.,no_categoria_in_source
7dae5ec4-c348-4046-a769-dbaaa4cc6dd6,ConsumosResumen.xlsx,AG916MK,6195.30,2026-07-18 21:09:18+00,RUTAS SUR ATLANTICO S.A.,no_categoria_in_source
7dc72148-1fc9-44dd-aedd-3c0963573b15,ConsumosResumen.xlsx,AH554RQ,8935.49,2026-07-23 21:19:25+00,CORREDOR VIAL 5 S.A.U.,no_categoria_in_source
7dc9a367-970d-44e9-a887-146fa2639c53,ConsumosResumen.xlsx,AH554RP,8935.49,2026-07-26 22:52:16+00,CORREDOR VIAL 5 S.A.U.,no_categoria_in_source
7dfe5b80-8f9a-40a3-9e07-74714906abd7,ConsumosResumen.xlsx,AH033DL,6000.00,2026-07-24 20:02:02+00,CORREDORES VIALES SA,no_categoria_in_source
7e48ea8a-04c5-4859-88f8-8a374d3b2069,ConsumosResumen.xlsx,AG862VH,6000.00,2026-07-13 07:19:54+00,CORREDORES VIALES SA,no_categoria_in_source
7e50abe3-8598-4de4-bf63-5fda54dd740d,ConsumosResumen-202607-1.xlsx,AG893YR,6000.00,2026-07-11 07:57:12+00,CORREDORES VIALES SA,no_categoria_in_source
7e6e9a2f-3db6-4feb-9f04-5c64879bce9b,ConsumosResumen.xlsx,AD239PP,6000.00,2026-07-17 21:13:45+00,CORREDORES VIALES SA,no_categoria_in_source
7edcf303-ed0c-4a28-9a61-090d8d4c54a7,ConsumosResumen.xlsx,AH185KI,7500.00,2026-07-14 19:50:27+00,CORREDORES VIALES SA,no_categoria_in_source
7eece5ce-79ea-4829-8f66-05abf3ad0cd0,ConsumosResumen-202607-1.xlsx,AE831SI,7500.00,2026-07-08 10:57:10+00,CORREDORES VIALES SA,no_categoria_in_source
7f48ace2-d981-4fce-9375-0fc18f5b5b34,ConsumosResumen.xlsx,AD985XP,3000.00,2026-07-24 21:43:59+00,CORREDORES VIALES SA,no_categoria_in_source
7f4b73ba-7d05-4fe4-a53c-ee18095fbb84,ConsumosResumen.xlsx,AH351RS,7148.39,2026-07-10 13:45:49+00,CORREDOR VIAL 5 S.A.U.,no_categoria_in_source
7f583c11-078c-4769-bf5c-3fe0e705152a,ConsumosResumen-202607-1.xlsx,AG916MK,6000.00,2026-07-06 22:43:07+00,CORREDORES VIALES SA,no_categoria_in_source
7f6daa05-17c5-4726-b31a-a1cbcd553034,ConsumosResumen.xlsx,AD625QA,6000.00,2026-07-21 08:46:58+00,CORREDORES VIALES SA,no_categoria_in_source
7fc28f1c-0ccb-4e3f-a2e3-bb78a6ca3a87,ConsumosResumen.xlsx,AH351RS,6000.00,2026-07-14 13:29:44+00,CORREDORES VIALES SA,no_categoria_in_source
7fd99fa4-bf93-4df5-8815-f316d512b6e6,ConsumosResumen.xlsx,AD096FX,6000.00,2026-07-17 16:11:14+00,CORREDORES VIALES SA,no_categoria_in_source
8026d56a-5e8c-4833-b365-1a7c1423bb37,ConsumosResumen-202607-1.xlsx,AE284KH,7500.00,2026-06-29 14:10:34+00,CORREDORES VIALES SA,no_categoria_in_source
8064b128-a9a2-4419-9d19-4ba761f62ba2,ConsumosResumen-202607-1.xlsx,AD933WS,3000.00,2026-07-09 00:14:42+00,CORREDORES VIALES SA,no_categoria_in_source
808271b1-5ecf-4870-95b9-c8f3d94509d1,ConsumosResumen.xlsx,AD736OU,8935.49,2026-07-20 05:21:18+00,CORREDOR VIAL 5 S.A.U.,no_categoria_in_source
8093fb3f-6f76-4508-bc23-dc55b4b3b02d,ConsumosResumen.xlsx,AG676SP,6000.00,2026-07-14 20:43:12+00,CORREDORES VIALES SA,no_categoria_in_source
8098bd2f-0fa9-40b9-99b0-3c2872e5f095,ConsumosResumen-202607-1.xlsx,AG862VH,6000.00,2026-07-04 18:14:59+00,CORREDORES VIALES SA,no_categoria_in_source
809f379a-b27c-4621-ab81-6b50faade8f5,ConsumosResumen-202607-1.xlsx,AF533SR,7500.00,2026-06-30 15:12:28+00,CORREDORES VIALES SA,no_categoria_in_source
80b6b6ee-d007-4261-b82b-32e40b47a08f,ConsumosResumen-202607-1.xlsx,AH351RT,7744.12,2026-07-08 23:14:10+00,RUTAS SUR ATLANTICO S.A.,no_categoria_in_source
80d48de8-a404-442f-8623-4599410e60df,ConsumosResumen-202607-1.xlsx,OWG130,6000.00,2026-07-03 16:27:00+00,CORREDORES VIALES SA,no_categoria_in_source
811afda6-60ca-49b5-8c9c-b9b67ecc2da6,ConsumosResumen-202607-1.xlsx,AD667DM,6000.00,2026-07-04 05:04:39+00,CORREDORES VIALES SA,no_categoria_in_source
811e0eb0-1f47-43aa-929e-22356cc42050,ConsumosResumen-202607-1.xlsx,AC295IE,3000.00,2026-07-06 18:04:16+00,CORREDORES VIALES SA,no_categoria_in_source
81336aa9-89a5-446b-b404-79f7f8eb7f7b,ConsumosResumen-202607-1.xlsx,AF202UU,6000.00,2026-07-10 15:57:07+00,CORREDORES VIALES SA,no_categoria_in_source
81675157-118b-4c74-b8b3-d737507b2bd5,ConsumosResumen.xlsx,AE952TH,7500.00,2026-07-22 14:40:36+00,CORREDORES VIALES SA,no_categoria_in_source
81828fc0-7e96-43b9-9130-31830b217217,ConsumosResumen-202607-1.xlsx,AE952TH,7500.00,2026-07-05 19:31:54+00,CORREDORES VIALES SA,no_categoria_in_source
81c473d9-10f4-4da1-bac6-ba2f9b853a82,ConsumosResumen.xlsx,AD584GR,1500.00,2026-07-23 16:48:02+00,CORREDORES VIALES SA,no_categoria_in_source
820fe1f5-8810-4a6d-964f-0077fe4986da,ConsumosResumen.xlsx,AH185KI,7500.00,2026-07-13 13:41:42+00,CORREDORES VIALES SA,no_categoria_in_source
821b71ea-275d-4221-b28c-408e5d2bac2f,ConsumosResumen.xlsx,AE469PL,7148.39,2026-07-22 07:25:50+00,CORREDOR VIAL 5 S.A.U.,no_categoria_in_source
823791de-2b0f-4185-8369-222808d19625,ConsumosResumen.xlsx,AG309CO,6000.00,2026-07-15 20:36:20+00,CORREDORES VIALES SA,no_categoria_in_source
8255373e-ff13-4710-aa8e-52169aff9df5,ConsumosResumen.xlsx,AH251LE,7500.00,2026-07-13 03:00:46+00,CORREDORES VIALES SA,no_categoria_in_source
82a1ad05-ff8f-48c6-aef9-f919ec17bfcf,ConsumosResumen-202607-1.xlsx,AB151SM,6000.00,2026-07-05 20:01:17+00,CORREDORES VIALES SA,no_categoria_in_source
82ae8f4c-8c07-4b09-a3de-deafe43fc397,ConsumosResumen-202607-1.xlsx,AH285SP,7500.00,2026-06-30 14:01:35+00,CORREDORES VIALES SA,no_categoria_in_source
82b03d4b-914a-4762-b367-6d4bd1817a30,ConsumosResumen.xlsx,AF091AI,7744.12,2026-07-14 21:20:00+00,RUTAS SUR ATLANTICO S.A.,no_categoria_in_source
82bf0e42-087e-4b9a-8785-28d04ac6a28b,ConsumosResumen-202607-1.xlsx,AE952TH,7500.00,2026-07-12 13:32:11+00,CORREDORES VIALES SA,no_categoria_in_source
82f02687-7411-45a7-85e3-38b875108dd4,ConsumosResumen-202607-1.xlsx,AC812DO,6000.00,2026-06-29 10:47:06+00,CORREDORES VIALES SA,no_categoria_in_source
832c8afd-3253-4994-b602-128da77ba6b6,ConsumosResumen-202607-1.xlsx,AG939HR,6000.00,2026-06-28 13:01:05+00,CORREDORES VIALES SA,no_categoria_in_source
8388fe98-0f9c-4b4c-87eb-65a696989f43,ConsumosResumen.xlsx,AG507DK,7500.00,2026-07-21 22:43:30+00,CORREDORES VIALES SA,no_categoria_in_source
83b9b481-04c3-4350-aec1-d0af10bfb497,pasadas_2026-07-15_5364165.csv,AF993HA,14370.19,2026-07-14 00:29:33+00,AUBASA,no_match
83c5ad8d-c205-4c75-9a64-e8a3c0f422ff,ConsumosResumen.xlsx,AH729QW,7500.00,2026-07-21 02:37:23+00,CORREDORES VIALES SA,no_categoria_in_source
83e9ffff-606f-45d8-ab28-d9802efd77d7,ConsumosResumen.xlsx,AB151SM,6000.00,2026-07-17 06:33:37+00,CORREDORES VIALES SA,no_categoria_in_source
83f4c2ed-904c-44a2-8c04-f91a61760f48,ConsumosResumen.xlsx,AE469PL,6000.00,2026-07-22 08:11:37+00,CORREDORES VIALES SA,no_categoria_in_source
840bfc76-cb60-4d7d-8b65-880915cc7a6c,ConsumosResumen.xlsx,AD667DM,6000.00,2026-07-25 11:12:18+00,CORREDORES VIALES SA,no_categoria_in_source
8435af32-b9f0-40f4-8288-d0db6ad7ec88,ConsumosResumen-202607-1.xlsx,AG309CH,1500.00,2026-06-28 16:27:30+00,CORREDORES VIALES SA,no_categoria_in_source
8437d46a-708b-4d52-bd52-ced46613282d,ConsumosResumen-202607-1.xlsx,AH800QT,7500.00,2026-06-29 14:41:38+00,CORREDORES VIALES SA,no_categoria_in_source
843f157e-9585-4c1f-bf2c-7968aaa584fa,ConsumosResumen.xlsx,AD625QB,6195.30,2026-07-21 04:27:42+00,RUTAS SUR ATLANTICO S.A.,no_categoria_in_source
8480d1e3-286c-45cd-9ddd-25641d12f780,ConsumosResumen.xlsx,AH543IQ,7744.12,2026-07-22 23:46:24+00,RUTAS SUR ATLANTICO S.A.,no_categoria_in_source
84890b61-c9e4-40cc-bc1d-7d7b8699b3a9,ConsumosResumen.xlsx,AH285SP,7500.00,2026-07-15 10:40:08+00,CORREDORES VIALES SA,no_categoria_in_source
8490d34c-f8c3-4a39-867f-e343e24a1c41,ConsumosResumen.xlsx,AG893YR,6000.00,2026-07-16 07:36:03+00,CORREDORES VIALES SA,no_categoria_in_source
84a8f69a-1092-4481-ac04-756fbe98158f,ConsumosResumen-202607-1.xlsx,AG676SP,6000.00,2026-07-03 16:38:56+00,CORREDORES VIALES SA,no_categoria_in_source
84b1ecb0-3e08-471e-90c3-42565cf246a3,ConsumosResumen.xlsx,AE469PH,7500.00,2026-07-25 11:07:46+00,CORREDORES VIALES SA,no_categoria_in_source
84eaf1d3-1063-4c44-adea-0fcc4c4fca48,ConsumosResumen.xlsx,AC264UA,6000.00,2026-07-21 13:13:39+00,CORREDORES VIALES SA,no_categoria_in_source
851ca05b-d84b-4b70-abc0-28379f639577,ConsumosResumen.xlsx,AG507DK,7500.00,2026-07-23 02:25:43+00,CORREDORES VIALES SA,no_categoria_in_source
85293559-d904-4379-ad14-75231a3e1dd5,ConsumosResumen.xlsx,AF136HN,6000.00,2026-07-14 04:40:08+00,CORREDORES VIALES SA,no_categoria_in_source
85914058-8df6-4ff3-9817-e986ba563b56,ConsumosResumen.xlsx,AG862VH,7500.00,2026-07-23 22:21:37+00,CORREDORES VIALES SA,no_categoria_in_source
85a3009d-c7a6-4466-b328-7cd1bb147261,ConsumosResumen.xlsx,AH554RP,8935.49,2026-07-22 18:12:56+00,CORREDOR VIAL 5 S.A.U.,no_categoria_in_source
85b67431-bf90-4422-b452-1707ab4cf388,ConsumosResumen-202607-1.xlsx,AD667DM,6000.00,2026-07-03 01:23:30+00,CORREDORES VIALES SA,no_categoria_in_source
85bf37e8-43c7-449c-aeae-97056f167889,ConsumosResumen.xlsx,AF103ZL,6000.00,2026-07-13 16:22:12+00,CORREDORES VIALES SA,no_categoria_in_source
861376c3-a4e7-49b5-9a8e-16b6fa8e8aa7,ConsumosResumen.xlsx,AH554RP,8935.49,2026-07-18 23:35:04+00,CORREDOR VIAL 5 S.A.U.,no_categoria_in_source
8623f966-d4b2-4866-82da-dc2436114bf1,ConsumosResumen.xlsx,AH543IQ,7500.00,2026-07-12 20:38:43+00,CORREDORES VIALES SA,no_categoria_in_source
866c6c40-3052-4310-aa4c-f706fa1c77c0,ConsumosResumen.xlsx,AF411UY,6000.00,2026-07-14 13:26:31+00,CORREDORES VIALES SA,no_categoria_in_source
8676bedd-db97-4b7c-bf21-d1a5d1089449,ConsumosResumen.xlsx,AE469PH,7500.00,2026-07-22 16:13:53+00,CORREDORES VIALES SA,no_categoria_in_source
8681e1ab-5bf9-4d68-b8bb-3cea63766850,ConsumosResumen-202607-1.xlsx,AH285SP,7500.00,2026-07-06 18:08:29+00,CORREDORES VIALES SA,no_categoria_in_source
869a66f8-398b-43bb-bbdc-5643d404b73c,ConsumosResumen.xlsx,AB151SM,6000.00,2026-07-24 11:14:17+00,CORREDORES VIALES SA,no_categoria_in_source
86b7e1ed-96f9-4c07-bb46-f7972af53169,ConsumosResumen.xlsx,AD667DM,6000.00,2026-07-14 19:05:48+00,CORREDORES VIALES SA,no_categoria_in_source
86c17117-5678-46df-ae54-8e14ea60fd6e,ConsumosResumen.xlsx,AF103ZL,6000.00,2026-07-14 05:48:08+00,CORREDORES VIALES SA,no_categoria_in_source
8739cc97-56ed-4d56-8e35-a49a6a325807,ConsumosResumen.xlsx,AH554RQ,8935.49,2026-07-19 11:15:31+00,CORREDOR VIAL 5 S.A.U.,no_categoria_in_source
87519e5a-3740-4b07-ad0e-e7cfd4022aa3,ConsumosResumen.xlsx,AH285SP,7500.00,2026-07-15 00:29:04+00,CORREDORES VIALES SA,no_categoria_in_source
8766311f-aec9-44c6-8563-e4e49f0eff0f,ConsumosResumen-202607-1.xlsx,AG676SP,6000.00,2026-06-28 23:35:15+00,CORREDORES VIALES SA,no_categoria_in_source
87675bf9-5e82-4242-95d3-4aee410d2cf7,ConsumosResumen.xlsx,AG249HS,1500.00,2026-07-20 20:06:44+00,CORREDORES VIALES SA,no_categoria_in_source
87b6c12b-c8eb-48d3-ae77-def7145a9ad2,ConsumosResumen.xlsx,AF136HN,6000.00,2026-07-16 12:03:17+00,CORREDORES VIALES SA,no_categoria_in_source
882989ce-2b47-4a00-bf36-426f2eaeaef7,ConsumosResumen-202607-1.xlsx,AG309CH,1500.00,2026-07-11 14:51:34+00,CORREDORES VIALES SA,no_categoria_in_source
884b9181-f4ed-4331-b8cb-efe69a0fb8e9,ConsumosResumen.xlsx,AD625QB,4646.47,2026-07-22 14:01:57+00,RUTAS SUR ATLANTICO S.A.,no_categoria_in_source
88670995-994a-48d9-8452-9d4879f941e8,ConsumosResumen-202607-1.xlsx,AD933WS,3000.00,2026-07-07 17:09:11+00,CORREDORES VIALES SA,no_categoria_in_source
88a6cead-943c-4082-a902-c7c351daf8e7,ConsumosResumen.xlsx,AG822HO,7148.39,2026-07-17 05:01:05+00,CORREDOR VIAL 5 S.A.U.,no_categoria_in_source
88caa5ae-56db-4397-92b6-b3da5eea3365,ConsumosResumen.xlsx,AF993HK,1548.82,2026-07-24 13:16:52+00,RUTAS SUR ATLANTICO S.A.,no_categoria_in_source
88da26cb-7273-4b89-a1d1-7d76be36d20b,ConsumosResumen.xlsx,AG822HO,7148.39,2026-07-24 22:12:16+00,CORREDOR VIAL 5 S.A.U.,no_categoria_in_source
88fcc38f-1ef9-4c3a-a7d0-7b6002131e59,ConsumosResumen-202607-1.xlsx,AD239PP,6000.00,2026-07-01 11:06:58+00,CORREDORES VIALES SA,no_categoria_in_source
88fcde4d-f8c5-4788-86be-250bd562c999,ConsumosResumen.xlsx,AG507DK,7500.00,2026-07-22 04:52:40+00,CORREDORES VIALES SA,no_categoria_in_source
89100394-7481-4273-b669-5854749c29be,ConsumosResumen-202607-1.xlsx,AH185KI,7500.00,2026-06-30 17:51:42+00,CORREDORES VIALES SA,no_categoria_in_source
899aa9f0-cc2f-4b25-a6aa-3399b412dea0,ConsumosResumen-202607-1.xlsx,AH351RT,7500.00,2026-06-30 13:14:00+00,CORREDORES VIALES SA,no_categoria_in_source
89c4d733-8062-4a81-90c1-8b4c24fe8d5d,ConsumosResumen-202607-1.xlsx,AG309CH,1500.00,2026-07-06 04:58:01+00,CORREDORES VIALES SA,no_categoria_in_source
8a209bdf-6146-4178-b6fb-381cf1732686,ConsumosResumen.xlsx,AH351RT,1548.82,2026-07-24 06:12:39+00,RUTAS SUR ATLANTICO S.A.,no_categoria_in_source
8a30a82a-f4f1-4898-9d4d-5b249b43ec91,ConsumosResumen.xlsx,AH351RT,7500.00,2026-07-17 15:29:46+00,CORREDORES VIALES SA,no_categoria_in_source
8a477996-63ca-4432-9f01-1d4ac3d16dac,ConsumosResumen.xlsx,AH554RQ,8935.49,2026-07-09 22:30:13+00,CORREDOR VIAL 5 S.A.U.,no_categoria_in_source
8a50e843-2fb5-47d7-a1cc-d7f848d1da13,ConsumosResumen.xlsx,AD096FX,6000.00,2026-07-22 09:00:52+00,CORREDORES VIALES SA,no_categoria_in_source
8a80ae79-c77a-4b7a-ba16-ff126da52c9d,ConsumosResumen-202607-1.xlsx,AC295IE,3000.00,2026-07-11 18:41:59+00,CORREDORES VIALES SA,no_categoria_in_source
8a874adc-4f56-4900-be07-18645bf0aa93,ConsumosResumen-202607-1.xlsx,AH543IQ,7500.00,2026-06-29 12:10:51+00,CORREDORES VIALES SA,no_categoria_in_source
8a950908-ece6-4d60-9cbd-cbe4b80a1ae1,ConsumosResumen.xlsx,AG939HX,7500.00,2026-07-23 10:44:27+00,CORREDORES VIALES SA,no_categoria_in_source
8a9a033b-9169-4d61-80cc-84c096c60438,ConsumosResumen.xlsx,AH543IQ,7500.00,2026-07-16 06:29:51+00,CORREDORES VIALES SA,no_categoria_in_source
8aa0a344-5975-4be3-b875-e1822a371edf,ConsumosResumen.xlsx,AH185KI,7500.00,2026-07-20 19:20:35+00,CORREDORES VIALES SA,no_categoria_in_source
8abfaed3-230d-4a68-8fab-a7353fdbf48e,ConsumosResumen-202607-1.xlsx,AG309CO,6000.00,2026-07-09 22:29:44+00,CORREDORES VIALES SA,no_categoria_in_source
8ac8e0d4-9c91-47ff-aa99-378b5df4b42c,ConsumosResumen.xlsx,AH351RT,7500.00,2026-07-24 16:40:08+00,CORREDORES VIALES SA,no_categoria_in_source
8acf6924-66b3-42f5-bab4-f6727b69abe8,ConsumosResumen.xlsx,AG939HR,3574.19,2026-07-22 10:34:36+00,RUTAS SUR ATLANTICO S.A.,no_categoria_in_source
8b0dc0ee-c8c3-4d49-9299-8cb2f264ab45,ConsumosResumen.xlsx,AH351RT,7500.00,2026-07-22 19:52:40+00,CORREDORES VIALES SA,no_categoria_in_source
8b4f4877-4209-44c8-b8ed-5452aeab8a52,ConsumosResumen.xlsx,AG110LK,7500.00,2026-07-13 17:43:40+00,CORREDORES VIALES SA,no_categoria_in_source
8b8a5051-b3bb-4834-80a8-c799e088f9e2,ConsumosResumen-202607-1.xlsx,AH251LE,7500.00,2026-06-30 11:00:37+00,CORREDORES VIALES SA,no_categoria_in_source
8bce82cb-a495-4c5d-8898-95ed96395d1b,ConsumosResumen.xlsx,AD239PP,6000.00,2026-07-15 19:16:09+00,CORREDORES VIALES SA,no_categoria_in_source
8bd5eaaa-792d-432e-89e6-5ea93a674d7e,ConsumosResumen-202607-1.xlsx,AH351RS,6000.00,2026-07-10 19:18:14+00,CORREDORES VIALES SA,no_categoria_in_source
8bd89af3-acec-4d44-8554-85b76c8f337a,ConsumosResumen-202607-1.xlsx,AH554RP,7500.00,2026-07-11 00:18:51+00,CORREDORES VIALES SA,no_categoria_in_source
8c2eb792-7695-42f7-bf47-4892dd3b753c,ConsumosResumen.xlsx,AD625QA,6000.00,2026-07-20 11:48:32+00,CORREDORES VIALES SA,no_categoria_in_source
8cb694af-49cf-4afa-a304-5a66259b283b,ConsumosResumen.xlsx,AG862VH,6000.00,2026-07-16 18:10:16+00,CORREDORES VIALES SA,no_categoria_in_source
8cbf8e27-13f5-41e4-b188-25ca480bfded,ConsumosResumen.xlsx,AF136HN,7148.39,2026-07-24 19:42:37+00,RUTAS SUR ATLANTICO S.A.,no_categoria_in_source
8cd6aeea-01f6-48d3-a38e-915d65c954c1,ConsumosResumen-202607-1.xlsx,AH185KI,7500.00,2026-06-29 23:50:52+00,CORREDORES VIALES SA,no_categoria_in_source
8cff49e4-3edb-41d5-a684-d73be916ce28,ConsumosResumen-202607-1.xlsx,AF734UP,4500.00,2026-07-10 09:51:40+00,CORREDORES VIALES SA,no_categoria_in_source
8d3c69cd-4cec-4cd9-a7ef-e180d604b99c,ConsumosResumen-202607-1.xlsx,AE469PL,6000.00,2026-07-04 10:19:01+00,CORREDORES VIALES SA,no_categoria_in_source
8d5ebdb7-dc20-4922-a075-b4c5ca5c6bbf,ConsumosResumen.xlsx,AF436WI,4500.00,2026-07-18 15:36:29+00,CORREDORES VIALES SA,no_categoria_in_source
8d68a21a-0fbf-45ba-9ed2-627153d4016b,ConsumosResumen.xlsx,AG916MK,6000.00,2026-07-22 11:12:54+00,CORREDORES VIALES SA,no_categoria_in_source
8d73214e-f3a9-4eee-a255-279c0e0ba629,ConsumosResumen.xlsx,AC295IE,6000.00,2026-07-13 14:15:51+00,CORREDORES VIALES SA,no_categoria_in_source
8d922b63-077f-4594-aa88-a130745dc997,ConsumosResumen.xlsx,AH554RP,8935.49,2026-07-03 09:26:43+00,CORREDOR VIAL 5 S.A.U.,no_categoria_in_source
8d9a1317-9507-44ab-9d9f-39441638b4c8,ConsumosResumen.xlsx,AB456CU,6000.00,2026-07-25 21:19:57+00,CORREDORES VIALES SA,no_categoria_in_source
8db702bc-7033-421c-802a-bdf14eceeeab,ConsumosResumen.xlsx,AD736OU,7500.00,2026-07-17 00:14:45+00,CORREDORES VIALES SA,no_categoria_in_source
8dc88a54-0b15-4c2a-a99c-4e25a997cb5c,ConsumosResumen.xlsx,AG822HO,6000.00,2026-07-14 16:44:31+00,CORREDORES VIALES SA,no_categoria_in_source
8de6ea55-ff4d-4ddb-8887-d23b60d4ac4f,ConsumosResumen.xlsx,AF103ZL,6000.00,2026-07-19 21:24:21+00,CORREDORES VIALES SA,no_categoria_in_source
8deb8268-b729-457e-b628-0c60d54e2cca,ConsumosResumen-202607-1.xlsx,AG893YR,6000.00,2026-07-02 22:26:35+00,CORREDORES VIALES SA,no_categoria_in_source
8e0d1c94-ec54-4ee9-84b7-3d6f9d533a60,ConsumosResumen.xlsx,AG309CO,6000.00,2026-07-13 22:00:35+00,CORREDORES VIALES SA,no_categoria_in_source
8e20b0fa-7f89-4e5c-a44f-200c2f7bb1fd,ConsumosResumen.xlsx,AH543IQ,7500.00,2026-07-20 08:26:12+00,CORREDORES VIALES SA,no_categoria_in_source
8e28d641-a1a4-4a4e-b4bc-c79d1eb26935,ConsumosResumen-202607-1.xlsx,AD933WS,7500.00,2026-06-29 21:29:29+00,CORREDORES VIALES SA,no_categoria_in_source
8e2cdfb5-51e6-43d8-8d7c-84650189843d,ConsumosResumen.xlsx,AG822HO,7148.39,2026-07-11 14:51:53+00,CORREDOR VIAL 5 S.A.U.,no_categoria_in_source
8e311560-49ff-48b3-9886-25fa46bed501,ConsumosResumen.xlsx,AF993HK,6000.00,2026-07-22 18:24:32+00,CORREDORES VIALES SA,no_categoria_in_source
8e97a283-4dcd-4abf-bad9-e1c9a7e32aeb,ConsumosResumen.xlsx,AD985XP,6000.00,2026-07-18 14:49:33+00,CORREDORES VIALES SA,no_categoria_in_source
8eac9618-5a30-43c5-af69-b786c90c534c,ConsumosResumen-202607-1.xlsx,AF533SR,7500.00,2026-06-30 12:44:46+00,CORREDORES VIALES SA,no_categoria_in_source
8f08e546-b365-46a5-82d9-dddef67b3aae,ConsumosResumen-202607-1.xlsx,AD667DM,6000.00,2026-07-10 09:48:25+00,CORREDORES VIALES SA,no_categoria_in_source
8f148ccb-95ce-43c3-b40d-8990d1106916,ConsumosResumen.xlsx,AE952TH,8935.49,2026-07-19 22:24:56+00,CORREDOR VIAL 5 S.A.U.,no_categoria_in_source
8f1cbe6b-f0ca-4fc4-aec6-ad304fb11ca6,ConsumosResumen-202607-1.xlsx,AH800QT,7500.00,2026-06-30 10:21:10+00,CORREDORES VIALES SA,no_categoria_in_source
8f33161e-e260-4ba5-a327-c5f529b64efd,ConsumosResumen-202607-1.xlsx,AH285SP,7500.00,2026-07-01 19:02:32+00,CORREDORES VIALES SA,no_categoria_in_source
8f6f6ff7-1b7b-4441-8c57-009f91611c6a,ConsumosResumen-202607-1.xlsx,AH543IQ,6500.00,2026-07-01 21:29:10+00,RUTAS SUR ATLANTICO S.A.,no_categoria_in_source
8faaa474-2786-4e9c-91a3-14160e049c51,ConsumosResumen.xlsx,AH554RQ,8935.49,2026-07-25 08:01:55+00,CORREDOR VIAL 5 S.A.U.,no_categoria_in_source
8fb2dd5e-879f-474a-a053-f6a8f2feebca,ConsumosResumen-202607-1.xlsx,AD584GR,1500.00,2026-06-30 14:15:22+00,CORREDORES VIALES SA,no_categoria_in_source
8fecf04a-ad29-4663-9521-028c447639a9,ConsumosResumen.xlsx,AG309CO,6000.00,2026-07-14 10:24:35+00,CORREDORES VIALES SA,no_categoria_in_source
900c27bf-e72e-4fa5-acd8-93fcbaf649dd,ConsumosResumen.xlsx,AG309CO,6000.00,2026-07-20 21:23:47+00,CORREDORES VIALES SA,no_categoria_in_source
900ce62a-8e12-4637-8889-e37940d9f2fe,ConsumosResumen.xlsx,AH543IQ,7500.00,2026-07-13 19:43:03+00,CORREDORES VIALES SA,no_categoria_in_source
901ba2c3-caad-44dd-8775-57588439c9a9,ConsumosResumen-202607-1.xlsx,AH285SP,7500.00,2026-07-01 18:06:49+00,CORREDORES VIALES SA,no_categoria_in_source
90372009-5f5b-4b8e-8a92-0e273d5be7cb,ConsumosResumen-202607-1.xlsx,AC295IE,3000.00,2026-06-30 14:13:37+00,CORREDORES VIALES SA,no_categoria_in_source
90671187-2fdb-4aca-852d-80d8b286d61d,ConsumosResumen-202607-1.xlsx,AG309CH,1500.00,2026-06-28 22:27:49+00,CORREDORES VIALES SA,no_categoria_in_source
9081b4e8-7cf0-4a3f-ade7-bf44d5696291,ConsumosResumen.xlsx,AB456CP,6000.00,2026-07-14 14:46:13+00,CORREDORES VIALES SA,no_categoria_in_source
909b4eb4-34fe-43a4-9b95-10872f78b7bd,ConsumosResumen-202607-1.xlsx,AG916MK,6000.00,2026-06-29 23:02:29+00,CORREDORES VIALES SA,no_categoria_in_source
90ada872-e23e-4fd0-ac59-0407cf45c0a3,ConsumosResumen.xlsx,AE831SI,7500.00,2026-07-15 15:58:15+00,CORREDORES VIALES SA,no_categoria_in_source
90b92408-494a-4d39-abd1-81eae7aec367,ConsumosResumen-202607-1.xlsx,AH554RQ,7500.00,2026-07-05 13:56:33+00,CORREDORES VIALES SA,no_categoria_in_source
90d1f439-564c-4097-99d4-9b729fd5ca50,ConsumosResumen-202607-1.xlsx,AF136HN,6000.00,2026-07-08 10:35:47+00,CORREDORES VIALES SA,no_categoria_in_source
90ee4ea7-ec9c-490c-b35c-d20d87bb31fd,ConsumosResumen.xlsx,AG862VH,6000.00,2026-07-24 14:11:28+00,CORREDORES VIALES SA,no_categoria_in_source
90ffd1b8-5342-4e3a-a534-89906b65f7a3,ConsumosResumen.xlsx,EXT374,6000.00,2026-07-16 17:37:22+00,CORREDORES VIALES SA,no_categoria_in_source
910bf04d-2d3a-4a9d-b5db-1d939105c9e5,ConsumosResumen.xlsx,AG916MK,7148.39,2026-07-21 12:31:00+00,RUTAS SUR ATLANTICO S.A.,no_categoria_in_source
910efa7d-2b5d-4bc9-b1ff-011aa41af455,ConsumosResumen.xlsx,AH351RS,7148.39,2026-07-10 11:26:45+00,CORREDOR VIAL 5 S.A.U.,no_categoria_in_source
911a20e5-33cf-4fe8-8506-8e90f93ab6f7,ConsumosResumen-202607-1.xlsx,AF103ZL,6000.00,2026-07-03 21:11:14+00,CORREDORES VIALES SA,no_categoria_in_source
912704bb-6a7f-4873-a25d-b0a769196f3c,ConsumosResumen.xlsx,AG822HO,7148.39,2026-07-05 08:12:48+00,CORREDOR VIAL 5 S.A.U.,no_categoria_in_source
91aadd54-9005-44e8-8a4c-4e6408defddc,ConsumosResumen.xlsx,AF791ER,6000.00,2026-07-24 10:26:42+00,CORREDORES VIALES SA,no_categoria_in_source
91c06c64-8707-48ea-90aa-70c8c9540b8d,ConsumosResumen-202607-1.xlsx,AH185KI,7500.00,2026-07-04 08:30:09+00,CORREDORES VIALES SA,no_categoria_in_source
91ea4947-7826-4eca-9292-51ca12adb21e,ConsumosResumen.xlsx,AD736OU,8935.49,2026-07-14 16:41:50+00,CORREDOR VIAL 5 S.A.U.,no_categoria_in_source
920e9472-72a0-4588-a283-c560635ce328,ConsumosResumen-202607-1.xlsx,AH554RP,7500.00,2026-06-29 18:36:38+00,CORREDORES VIALES SA,no_categoria_in_source
920ef1aa-6848-4539-83a5-3d60c10251d3,ConsumosResumen.xlsx,AG676SP,6000.00,2026-07-17 17:53:06+00,CORREDORES VIALES SA,no_categoria_in_source
9213b715-af63-440f-b25b-30c80656556d,ConsumosResumen.xlsx,AD625QA,6000.00,2026-07-13 20:17:57+00,CORREDORES VIALES SA,no_categoria_in_source
9244bc11-ab20-4fcc-b8d5-de697722dc3b,ConsumosResumen.xlsx,AH554RQ,7148.39,2026-07-21 20:20:00+00,CORREDOR VIAL 5 S.A.U.,no_categoria_in_source
928ec165-9321-47c1-ac5f-d0b8defcd78b,ConsumosResumen.xlsx,AE751PA,8935.49,2026-07-16 10:43:08+00,RUTAS SUR ATLANTICO S.A.,no_categoria_in_source
92cff324-abf7-45b0-9a82-42966d2d2d59,ConsumosResumen.xlsx,AG822HO,6000.00,2026-07-02 16:29:30+00,CORREDOR VIAL 5 S.A.U.,no_categoria_in_source
9343f22e-4a85-41a4-b35c-91b9fa07105d,ConsumosResumen-202607-1.xlsx,AG507DK,7500.00,2026-07-05 03:58:08+00,CORREDORES VIALES SA,no_categoria_in_source
93580db1-f93d-48b3-b5e4-2764ef2930aa,ConsumosResumen.xlsx,AH285SP,7500.00,2026-07-27 01:50:09+00,CORREDORES VIALES SA,no_categoria_in_source
935f0ca9-220b-4eaa-a180-89f6ebbf645e,ConsumosResumen.xlsx,AH554RP,8935.49,2026-07-24 18:41:18+00,CORREDOR VIAL 5 S.A.U.,no_categoria_in_source
93710262-2e12-4ada-adca-9c962082f214,ConsumosResumen.xlsx,AH554RQ,8935.49,2026-07-04 18:57:59+00,CORREDOR VIAL 5 S.A.U.,no_categoria_in_source
93b471d4-da07-47ed-97d6-3e8d1d5cb46a,ConsumosResumen.xlsx,AE469PL,6000.00,2026-07-23 06:06:32+00,CORREDORES VIALES SA,no_categoria_in_source
93b82418-6bd1-49ee-87d5-aad716a8c172,ConsumosResumen.xlsx,AH351RT,8935.49,2026-07-15 19:00:52+00,RUTAS SUR ATLANTICO S.A.,no_categoria_in_source
9402f79a-10cf-4d47-9e00-d5c3a4af62e1,ConsumosResumen.xlsx,AH543IQ,7500.00,2026-07-27 01:52:49+00,CORREDORES VIALES SA,no_categoria_in_source
943f651f-7721-4f51-a330-bad70424651c,ConsumosResumen.xlsx,AC264UA,6000.00,2026-07-20 11:27:36+00,CORREDORES VIALES SA,no_categoria_in_source
94721a62-b559-4c13-88ad-66c64445fd70,ConsumosResumen-202607-1.xlsx,AG533MF,1500.00,2026-06-29 22:27:16+00,CORREDORES VIALES SA,no_categoria_in_source
94815efe-9974-4944-8011-dc2da13c0e95,ConsumosResumen-202607-1.xlsx,AF411UY,6000.00,2026-07-02 17:04:07+00,CORREDORES VIALES SA,no_categoria_in_source
948288e8-9bdf-47ed-b40d-2ac4e9dde1f7,ConsumosResumen.xlsx,AG939HR,7500.00,2026-07-24 05:06:06+00,CORREDORES VIALES SA,no_categoria_in_source
94b5670f-8b17-42e3-9f36-8c09156e986e,ConsumosResumen.xlsx,AF734UP,4500.00,2026-07-15 01:28:07+00,CORREDORES VIALES SA,no_categoria_in_source
94fd81fc-c0b7-498b-9ca1-5478b2b43e08,ConsumosResumen.xlsx,AF136HN,6000.00,2026-07-16 15:23:38+00,CORREDORES VIALES SA,no_categoria_in_source
954b3494-2f37-440a-8eb4-850d0efc6e52,ConsumosResumen-202607-1.xlsx,AH729QW,7500.00,2026-07-01 19:15:13+00,CORREDORES VIALES SA,no_categoria_in_source
957e8525-49c5-46ef-bb61-678ea39ec4c3,ConsumosResumen-202607-1.xlsx,AH554RQ,7500.00,2026-07-05 17:03:29+00,CORREDORES VIALES SA,no_categoria_in_source
957efd8c-858d-4956-8db1-691ad86d1807,ConsumosResumen-202607-1.xlsx,AG249HS,1500.00,2026-07-08 15:16:13+00,CORREDORES VIALES SA,no_categoria_in_source
9597a6f2-803c-4c02-af01-dd05d9362a41,ConsumosResumen-202607-1.xlsx,AD625QB,6000.00,2026-07-02 19:08:45+00,CORREDORES VIALES SA,no_categoria_in_source
959d15d4-541f-4795-9310-05e6225dbe3e,ConsumosResumen.xlsx,AG533MF,1500.00,2026-07-24 02:53:27+00,CORREDORES VIALES SA,no_categoria_in_source
959f4d62-1663-47ec-91ad-49f5fd7d12be,ConsumosResumen-202607-1.xlsx,AH554RP,7500.00,2026-06-29 21:35:28+00,CORREDORES VIALES SA,no_categoria_in_source
95f94331-3f70-4142-bedf-b6441377d6bc,ConsumosResumen.xlsx,AC812DO,6000.00,2026-07-14 17:55:40+00,CORREDORES VIALES SA,no_categoria_in_source
96166ccc-ef8b-4d47-a8e0-7a5cf2909320,ConsumosResumen.xlsx,AH543IQ,7500.00,2026-07-13 08:45:08+00,CORREDORES VIALES SA,no_categoria_in_source
962528c7-74b3-4c28-b0dd-5a49c75bee9b,ConsumosResumen.xlsx,AG939HX,6000.00,2026-07-25 13:22:07+00,CORREDORES VIALES SA,no_categoria_in_source
9683e6df-4944-4899-b7d8-2795515dab14,ConsumosResumen.xlsx,AF103ZL,6000.00,2026-07-14 10:06:52+00,CORREDORES VIALES SA,no_categoria_in_source
96953091-5392-4895-a95e-45955408edd6,ConsumosResumen-202607-1.xlsx,AG676SP,6000.00,2026-07-09 21:12:27+00,CORREDORES VIALES SA,no_categoria_in_source
969ab023-5fdc-4afb-b99b-ce57066150b0,ConsumosResumen.xlsx,AG507DK,7500.00,2026-07-25 01:14:10+00,CORREDORES VIALES SA,no_categoria_in_source
96be6c55-3fea-4503-95b8-2fa53b5a3b8f,ConsumosResumen.xlsx,AG507DK,7500.00,2026-07-26 03:43:26+00,CORREDORES VIALES SA,no_categoria_in_source
96c62d6a-ceb4-4e84-ba87-dbc503ba00d6,ConsumosResumen-202607-1.xlsx,AC561DQ,6000.00,2026-07-08 11:19:24+00,CORREDORES VIALES SA,no_categoria_in_source
96c95c16-9633-444c-9e4a-1248718d2d08,ConsumosResumen.xlsx,AH543IQ,7500.00,2026-07-16 11:11:31+00,CORREDORES VIALES SA,no_categoria_in_source
96f01379-b7f5-4e9e-8bb7-a468345e31b0,ConsumosResumen.xlsx,AH554RQ,8935.49,2026-07-21 15:22:14+00,CORREDOR VIAL 5 S.A.U.,no_categoria_in_source
96f157c4-b2f4-4e39-bcc3-2cfbbb6a5361,ConsumosResumen-202607-1.xlsx,OWG130,6000.00,2026-07-07 12:36:35+00,CORREDORES VIALES SA,no_categoria_in_source
96fe1de7-644e-460b-a2a9-887f53258813,ConsumosResumen.xlsx,AH543IQ,7744.12,2026-07-18 01:13:08+00,RUTAS SUR ATLANTICO S.A.,no_categoria_in_source
97145d5c-5c09-43ad-9b08-2b3db8d1db70,ConsumosResumen.xlsx,AG862VH,6000.00,2026-07-22 17:25:17+00,CORREDORES VIALES SA,no_categoria_in_source
972cdef6-4c5b-4b34-9cff-3fccec8090d6,ConsumosResumen.xlsx,AH285SP,7500.00,2026-07-14 20:10:18+00,CORREDORES VIALES SA,no_categoria_in_source
976cd423-87e7-40a6-bb8f-4c0be38bdfbc,ConsumosResumen.xlsx,AG533MF,1500.00,2026-07-17 22:20:09+00,CORREDORES VIALES SA,no_categoria_in_source
97a85e54-832c-4eb6-be62-336a183c8db6,ConsumosResumen.xlsx,AE952TH,8935.49,2026-07-27 22:50:34+00,CORREDOR VIAL 5 S.A.U.,no_categoria_in_source
97c82e37-8689-443f-bc79-ce0dde829c6e,ConsumosResumen.xlsx,AF791ER,7744.12,2026-07-21 05:25:16+00,RUTAS SUR ATLANTICO S.A.,no_categoria_in_source
980411c9-7161-4dfe-b812-83840e379dc9,ConsumosResumen-202607-1.xlsx,AA561YA,6000.00,2026-06-29 14:57:30+00,CORREDORES VIALES SA,no_categoria_in_source
98050a75-12c2-4130-b8ae-ed3f70208a9c,ConsumosResumen-202607-1.xlsx,AH251LE,7500.00,2026-06-30 20:10:38+00,CORREDORES VIALES SA,no_categoria_in_source
9820e49a-a6be-42c8-ac9f-357f728a51eb,ConsumosResumen.xlsx,AG309CO,6195.30,2026-07-18 05:22:19+00,RUTAS SUR ATLANTICO S.A.,no_categoria_in_source
982dc666-1b61-482b-8022-4df86271d4a5,ConsumosResumen.xlsx,AG110LK,7500.00,2026-07-14 17:29:19+00,CORREDORES VIALES SA,no_categoria_in_source
985b7480-f2c1-49e8-9ad0-14877cb9f9ac,ConsumosResumen-202607-1.xlsx,AG893YR,7500.00,2026-07-06 00:10:35+00,CORREDORES VIALES SA,no_categoria_in_source
98aa998c-d964-48a1-9f61-f2d3652a5fd6,ConsumosResumen.xlsx,AG309CO,6000.00,2026-07-22 20:57:18+00,CORREDORES VIALES SA,no_categoria_in_source
98d216fe-f74c-4047-a3e9-b847adfd1d69,ConsumosResumen.xlsx,AG893YR,5200.00,2026-07-02 00:41:16+00,RUTAS SUR ATLANTICO S.A.,no_categoria_in_source
990c4840-609e-4a0d-ad03-5fb92c1741c3,ConsumosResumen.xlsx,AE751PA,7500.00,2026-07-24 23:49:59+00,CORREDORES VIALES SA,no_categoria_in_source
9931f181-69e7-43d5-b07b-437e4fc65521,ConsumosResumen-202607-1.xlsx,AF791ER,6000.00,2026-06-30 08:38:37+00,CORREDORES VIALES SA,no_categoria_in_source
994cac08-d8b6-45db-9fbb-eb577d1d973b,ConsumosResumen.xlsx,AH543IQ,7500.00,2026-07-21 19:59:08+00,CORREDORES VIALES SA,no_categoria_in_source
99604a06-1ea6-4153-96ae-97e58d97bb9f,ConsumosResumen.xlsx,AG309CH,1500.00,2026-07-13 22:57:16+00,CORREDORES VIALES SA,no_categoria_in_source
99f66b84-71f0-48ef-b3c6-51309b2b2c00,ConsumosResumen.xlsx,AF389UV,4500.00,2026-07-15 22:39:43+00,CORREDORES VIALES SA,no_categoria_in_source
99f90321-1481-4bf8-8e58-258acc335087,ConsumosResumen.xlsx,AH351RT,6000.00,2026-07-20 13:49:19+00,CORREDORES VIALES SA,no_categoria_in_source
99ffad64-8265-4e2d-a7ba-235f4c5351fd,ConsumosResumen.xlsx,OWG130,6000.00,2026-07-23 20:51:49+00,CORREDORES VIALES SA,no_categoria_in_source
9a04654a-e35e-42fd-bed0-67c640dbef79,ConsumosResumen.xlsx,AG893YR,7500.00,2026-07-22 23:43:17+00,CORREDORES VIALES SA,no_categoria_in_source
9a503297-6abb-4c3b-8cb7-ee72097a031b,ConsumosResumen.xlsx,AG676SP,6000.00,2026-07-14 15:22:43+00,CORREDORES VIALES SA,no_categoria_in_source
9a543881-a827-417a-a74b-d4678e622776,ConsumosResumen-202607-1.xlsx,AB456CQ,6000.00,2026-07-08 11:46:58+00,CORREDORES VIALES SA,no_categoria_in_source
9a676d69-9721-4e7f-a138-c9212b3d9af1,ConsumosResumen-202607-1.xlsx,AG939HR,6000.00,2026-07-04 10:47:59+00,CORREDORES VIALES SA,no_categoria_in_source
9a878682-d38c-4317-9e19-84662f5bb71c,ConsumosResumen.xlsx,AG676SP,6000.00,2026-07-22 10:58:55+00,CORREDORES VIALES SA,no_categoria_in_source
9a9aea1b-9aa4-4449-988f-171c0ca9809e,ConsumosResumen-202607-1.xlsx,AG110LK,7500.00,2026-07-04 11:28:41+00,CORREDORES VIALES SA,no_categoria_in_source
9adc3de8-6d4a-48fb-b8cf-6765773b0ac9,ConsumosResumen-202607-1.xlsx,AG507DK,7500.00,2026-06-29 04:07:54+00,CORREDORES VIALES SA,no_categoria_in_source
9aecd3f0-9716-4a63-9506-23fc8cf2632d,ConsumosResumen-202607-1.xlsx,AG939HX,6000.00,2026-06-30 14:29:39+00,CORREDORES VIALES SA,no_categoria_in_source
9b2bad3f-14cc-410f-acf5-451049e7ce84,ConsumosResumen.xlsx,AH351RS,7148.39,2026-07-17 20:16:03+00,CORREDOR VIAL 5 S.A.U.,no_categoria_in_source
9b6ad9e4-296e-459b-85c8-b3455bc9c160,ConsumosResumen.xlsx,AD736OU,8935.49,2026-07-16 19:40:04+00,CORREDOR VIAL 5 S.A.U.,no_categoria_in_source
9b7bcbc3-ed02-46fd-b305-0e70ab6aba77,ConsumosResumen.xlsx,AE952TH,7500.00,2026-07-14 20:55:52+00,CORREDORES VIALES SA,no_categoria_in_source
9b8dde11-c621-404e-8132-62aa767d2057,ConsumosResumen.xlsx,AE469PL,6000.00,2026-07-24 18:59:17+00,CORREDORES VIALES SA,no_categoria_in_source
9ba17e93-a954-4c3f-8ec1-48770710baa1,ConsumosResumen.xlsx,AH351RS,7148.39,2026-07-03 13:15:50+00,CORREDOR VIAL 5 S.A.U.,no_categoria_in_source
9bb0f93d-09c1-4e78-a3a0-f88a886a4ce1,ConsumosResumen-202607-1.xlsx,AD625QB,4500.00,2026-07-01 09:44:12+00,CORREDORES VIALES SA,no_categoria_in_source
9be5b8ac-f060-47bc-a39d-bfaab414a46b,ConsumosResumen-202607-1.xlsx,AF091AI,7500.00,2026-07-11 13:28:59+00,CORREDORES VIALES SA,no_categoria_in_source
9bf3326b-da36-4599-b099-caf41ea75b63,ConsumosResumen.xlsx,AD625QB,4646.47,2026-07-21 04:10:25+00,RUTAS SUR ATLANTICO S.A.,no_categoria_in_source
9c16cd6c-2bd8-4fc0-bc8e-a32af7593154,ConsumosResumen.xlsx,AD482MT,6000.00,2026-07-13 08:49:16+00,CORREDORES VIALES SA,no_categoria_in_source
9c31b712-2106-497c-8c51-fc857a1b86e8,ConsumosResumen-202607-1.xlsx,AF136HN,6000.00,2026-06-28 08:03:06+00,CORREDORES VIALES SA,no_categoria_in_source
9cbc81d8-ba6b-4b2f-a454-6311cccf34b9,ConsumosResumen-202607-1.xlsx,AH285SP,6000.00,2026-07-03 21:44:19+00,CORREDORES VIALES SA,no_categoria_in_source
9d313b23-66c9-4a0b-98de-64fa293e4373,ConsumosResumen.xlsx,AH185KI,7744.12,2026-07-14 01:47:34+00,RUTAS SUR ATLANTICO S.A.,no_categoria_in_source
9d3e98e1-306e-4b4d-8775-d2d21461244e,ConsumosResumen.xlsx,AH351RT,7500.00,2026-07-15 01:30:37+00,CORREDORES VIALES SA,no_categoria_in_source
9dd5f5a3-48fc-49ec-8255-27c793a59704,ConsumosResumen.xlsx,AC264UA,6000.00,2026-07-17 20:49:24+00,CORREDORES VIALES SA,no_categoria_in_source
9de084fc-4cdc-4bb0-a2e5-cff26b28d176,ConsumosResumen-202607-1.xlsx,AE284KH,7744.12,2026-07-03 12:45:20+00,RUTAS SUR ATLANTICO S.A.,no_categoria_in_source
9df73f9e-3209-4bba-87a2-55e5161448a0,ConsumosResumen-202607-1.xlsx,AG939HX,6000.00,2026-07-08 22:20:52+00,CORREDORES VIALES SA,no_categoria_in_source
9df9f3f0-28f4-4126-a92c-0c2c0af53c2e,ConsumosResumen-202607-1.xlsx,AE952TH,7500.00,2026-06-30 09:05:11+00,CORREDORES VIALES SA,no_categoria_in_source
9e10c395-b98c-47c8-b702-373bbaef32c1,ConsumosResumen-202607-1.xlsx,AC295IE,3000.00,2026-07-08 06:24:25+00,CORREDORES VIALES SA,no_categoria_in_source
9e161184-ba5a-45a4-8b76-b99f0b6cfa63,ConsumosResumen.xlsx,AG893YR,6000.00,2026-07-23 10:37:46+00,CORREDORES VIALES SA,no_categoria_in_source
9e46b88f-f99d-4bc1-ab19-e47c53cd4509,ConsumosResumen.xlsx,AD239PP,6000.00,2026-07-14 10:41:48+00,CORREDORES VIALES SA,no_categoria_in_source
9e7f9b63-0eae-44d7-bd0b-d3866f53b700,ConsumosResumen.xlsx,AG893YR,7500.00,2026-07-24 11:26:18+00,CORREDORES VIALES SA,no_categoria_in_source
9e8aec82-443d-4a6f-ab47-c1774db62f32,ConsumosResumen.xlsx,AF103ZL,7148.39,2026-07-17 19:08:21+00,RUTAS SUR ATLANTICO S.A.,no_categoria_in_source
9e93e471-c9cc-4bfa-ab25-9ab0b5cee666,ConsumosResumen.xlsx,AE908YR,1500.00,2026-07-14 18:11:53+00,CORREDORES VIALES SA,no_categoria_in_source
9ee62f98-a756-4f75-a7ff-021f6b47ae87,ConsumosResumen-202607-1.xlsx,AD239PP,6000.00,2026-07-07 08:51:38+00,CORREDORES VIALES SA,no_categoria_in_source
9ef58d1c-95be-4117-ab35-065b7f9b6c7d,ConsumosResumen.xlsx,AF136HN,6000.00,2026-07-23 06:37:39+00,CORREDORES VIALES SA,no_categoria_in_source
9f0b51f2-4f47-4dfa-b342-4a215d622ce8,ConsumosResumen-202607-1.xlsx,AG309CH,1500.00,2026-07-06 14:52:57+00,CORREDORES VIALES SA,no_categoria_in_source
9f26c158-f0c1-492f-be27-bcabe55c9695,ConsumosResumen.xlsx,AG533MF,1500.00,2026-07-02 18:26:06+00,CORREDOR VIAL 5 S.A.U.,no_categoria_in_source
9f48a45e-7f5a-4c9c-808d-a622c477c2c3,ConsumosResumen-202607-1.xlsx,AC295IE,3000.00,2026-07-01 15:27:36+00,CORREDORES VIALES SA,no_categoria_in_source
9f4cb5b8-d18a-4582-9d80-b1fd170b5bf2,ConsumosResumen.xlsx,AG309CO,7500.00,2026-07-14 07:38:20+00,CORREDORES VIALES SA,no_categoria_in_source
9f5f9010-30b1-4967-aa5c-38d0483f63d5,ConsumosResumen.xlsx,AG309CO,6000.00,2026-07-27 12:04:14+00,CORREDORES VIALES SA,no_categoria_in_source
9f7061cb-ba3d-4d20-8721-00a8ba9aa067,ConsumosResumen.xlsx,AH554RP,8935.49,2026-07-13 22:03:52+00,CORREDOR VIAL 5 S.A.U.,no_categoria_in_source
9fc1d998-5d05-4295-98ee-8b2ba9d50a50,ConsumosResumen-202607-1.xlsx,AD096FX,6000.00,2026-07-09 11:44:25+00,CORREDORES VIALES SA,no_categoria_in_source
9fe5c033-c4fb-46fe-bffc-fdf61d2c4b3a,ConsumosResumen-202607-1.xlsx,AF389UV,4500.00,2026-07-07 07:12:36+00,CORREDORES VIALES SA,no_categoria_in_source
a00306da-a6bb-4269-a16b-f70c73c3590c,ConsumosResumen.xlsx,AC264UA,6000.00,2026-07-15 16:16:24+00,CORREDORES VIALES SA,no_categoria_in_source
a03d40db-eaa0-4125-907e-755db96d5586,ConsumosResumen.xlsx,AD096FX,6000.00,2026-07-13 06:18:03+00,CORREDORES VIALES SA,no_categoria_in_source
a0af0f01-d66e-4abe-9fb6-086343ae0217,ConsumosResumen.xlsx,AF231PZ,6000.00,2026-07-17 15:19:22+00,CORREDORES VIALES SA,no_categoria_in_source
a0c63bb9-597f-44c9-8474-cc7c5eeba641,ConsumosResumen-202607-1.xlsx,AE952TH,7500.00,2026-06-30 06:24:51+00,CORREDORES VIALES SA,no_categoria_in_source
a0ec8205-0c07-48a1-a1a8-a4197c9fda84,ConsumosResumen-202607-1.xlsx,AB633TY,7148.39,2026-07-03 09:18:11+00,RUTAS SUR ATLANTICO S.A.,no_categoria_in_source
a1385a40-27a0-403d-812a-4b182a9e2ce4,ConsumosResumen.xlsx,AG249HS,1500.00,2026-07-21 06:37:08+00,CORREDORES VIALES SA,no_categoria_in_source
a153230f-0e83-464f-a116-54497c0fa82a,ConsumosResumen-202607-1.xlsx,AE831SI,7500.00,2026-07-01 12:04:04+00,CORREDORES VIALES SA,no_categoria_in_source
a164a4e1-3871-4b92-ae3a-12046ad65993,ConsumosResumen.xlsx,AE454PH,6000.00,2026-07-13 12:07:31+00,CORREDORES VIALES SA,no_categoria_in_source
a18acbbc-b518-4866-afb2-156f7d02c074,ConsumosResumen-202607-1.xlsx,AG309CO,6000.00,2026-07-01 07:55:29+00,CORREDORES VIALES SA,no_categoria_in_source
a1ab616d-2c73-4d17-8495-6798d7c541ae,ConsumosResumen-202607-1.xlsx,AD933WS,6000.00,2026-07-11 14:57:14+00,CORREDORES VIALES SA,no_categoria_in_source
a1e03b78-ec5e-4abd-8ba6-5a5f5d98ccb6,ConsumosResumen-202607-1.xlsx,AG507DK,7500.00,2026-07-01 09:41:10+00,CORREDORES VIALES SA,no_categoria_in_source
a244b21d-2460-4f95-a767-a215ae95b18c,ConsumosResumen-202607-1.xlsx,AD328WK,6000.00,2026-07-02 20:28:00+00,CORREDORES VIALES SA,no_categoria_in_source
a2abbfe7-d855-4f63-86a3-f7a9edb36ed4,ConsumosResumen.xlsx,AF436WI,4500.00,2026-07-21 12:05:15+00,CORREDORES VIALES SA,no_categoria_in_source
a2b4664f-4c56-43f9-90d0-abbdae68b304,ConsumosResumen.xlsx,AG893YR,6195.30,2026-07-13 12:29:00+00,RUTAS SUR ATLANTICO S.A.,no_categoria_in_source
a2b6c5ad-f677-4660-b294-ef44962ceb5a,pasadas_2026-07-03_3305880.csv,AF993HA,6500.00,2026-06-29 00:49:36+00,CORREDORES VIALES SA,no_match
a3078d80-66c4-4df8-967f-5d09d01ac10d,ConsumosResumen.xlsx,AG862VH,6000.00,2026-07-13 17:42:48+00,CORREDORES VIALES SA,no_categoria_in_source
a3210569-3bc2-4311-a46a-21dc140c202e,ConsumosResumen.xlsx,AF091AI,7500.00,2026-07-20 17:19:53+00,CORREDORES VIALES SA,no_categoria_in_source
a327c077-38a2-4190-b9e7-ef2e093a3d5a,ConsumosResumen-202607-1.xlsx,AG533MF,1500.00,2026-06-29 03:22:01+00,CORREDORES VIALES SA,no_categoria_in_source
a3d7ab6b-6951-4e30-9371-94f6c9e19270,ConsumosResumen.xlsx,AE469PL,6000.00,2026-07-17 13:40:52+00,CORREDORES VIALES SA,no_categoria_in_source
a3f0c039-a5e2-430d-8732-966078bec4d6,ConsumosResumen-202607-1.xlsx,AD985XP,3000.00,2026-07-03 16:57:37+00,CORREDORES VIALES SA,no_categoria_in_source
a41e14f3-162e-4cdb-82a4-9c0768d3a504,ConsumosResumen-202607-1.xlsx,AH251LE,7500.00,2026-07-07 09:44:55+00,CORREDORES VIALES SA,no_categoria_in_source
a4317114-5408-4cac-95ee-976add3df058,ConsumosResumen.xlsx,AG893YR,6195.30,2026-07-17 04:34:08+00,RUTAS SUR ATLANTICO S.A.,no_categoria_in_source
a48e75b2-b127-4c5b-a9a6-b0a4634c02a1,ConsumosResumen.xlsx,AF411UY,6000.00,2026-07-23 11:47:05+00,CORREDORES VIALES SA,no_categoria_in_source
a48fcbb7-1eb6-48bd-ab68-bcb088c99893,ConsumosResumen-202607-1.xlsx,AF734UP,4500.00,2026-07-11 00:58:58+00,CORREDORES VIALES SA,no_categoria_in_source
a4ed3940-5b6f-4f0e-90a8-422713a2585b,ConsumosResumen-202607-1.xlsx,AE952TH,7500.00,2026-07-12 16:49:01+00,CORREDORES VIALES SA,no_categoria_in_source
a5306184-4656-4243-97bf-1d2c822fad32,ConsumosResumen.xlsx,AH185KI,7500.00,2026-07-15 00:31:15+00,CORREDORES VIALES SA,no_categoria_in_source
a5cde093-165a-4c8b-bbcf-0d2ae2489b38,ConsumosResumen.xlsx,AG533MF,1500.00,2026-07-17 22:52:40+00,CORREDORES VIALES SA,no_categoria_in_source
a6187f3b-85aa-4143-be53-a5b42a04b89e,ConsumosResumen-202607-1.xlsx,AG893YR,7500.00,2026-07-03 10:31:02+00,CORREDORES VIALES SA,no_categoria_in_source
a66b3f5e-94bc-418f-a613-ab2cf1da776a,ConsumosResumen-202607-1.xlsx,AG862VH,6000.00,2026-06-28 08:09:07+00,CORREDORES VIALES SA,no_categoria_in_source
a6b0a0ce-c948-4e5c-8250-74bea2e10a56,ConsumosResumen-202607-1.xlsx,AH285SP,7500.00,2026-06-30 18:26:30+00,CORREDORES VIALES SA,no_categoria_in_source
a6facf59-a432-436b-8301-cf64106b9bc2,ConsumosResumen-202607-1.xlsx,AD239PP,6000.00,2026-07-01 07:47:28+00,CORREDORES VIALES SA,no_categoria_in_source
a7223037-1068-41fd-8591-bb524c88bf6f,ConsumosResumen-202607-1.xlsx,AF091AI,7500.00,2026-07-08 10:26:17+00,CORREDORES VIALES SA,no_categoria_in_source
a723cf00-1817-4f51-820a-515b681a933d,ConsumosResumen.xlsx,AD482MT,6000.00,2026-07-23 13:12:33+00,CORREDORES VIALES SA,no_categoria_in_source
a727c913-ecb1-4940-8f32-32616ac54942,ConsumosResumen.xlsx,AC264UA,6000.00,2026-07-24 00:49:43+00,CORREDORES VIALES SA,no_categoria_in_source
a754aaf8-89bd-4d81-9d16-c49735438b6e,ConsumosResumen.xlsx,AD667DM,6000.00,2026-07-15 14:48:07+00,CORREDORES VIALES SA,no_categoria_in_source
a755b320-cb28-43bc-a7af-e227ffff6760,ConsumosResumen.xlsx,AH033DL,6000.00,2026-07-24 11:30:22+00,CORREDORES VIALES SA,no_categoria_in_source
a79e04fd-f544-448d-ae9a-b4fd0e5f91bd,ConsumosResumen-202607-1.xlsx,AH800QR,7500.00,2026-06-29 07:06:44+00,CORREDORES VIALES SA,no_categoria_in_source
a7a005e3-a4ff-4d72-a4b7-c6ab10a20c26,ConsumosResumen.xlsx,AH033DL,6195.30,2026-07-16 11:50:55+00,RUTAS SUR ATLANTICO S.A.,no_categoria_in_source
a7b34fc1-cef2-4313-b325-852ed396f969,ConsumosResumen-202607-1.xlsx,AH554RP,7500.00,2026-06-29 15:04:52+00,CORREDORES VIALES SA,no_categoria_in_source
a7d211c4-f81a-473a-bc3f-796de3655aa8,ConsumosResumen-202607-1.xlsx,AC561DQ,6000.00,2026-07-06 18:43:48+00,CORREDORES VIALES SA,no_categoria_in_source
a7e85bff-8dbf-4748-936c-ae61e994a866,ConsumosResumen-202607-1.xlsx,AH543IQ,7500.00,2026-07-02 06:09:01+00,CORREDORES VIALES SA,no_categoria_in_source
a815f5e2-19ec-4567-b135-13b573f25cf6,ConsumosResumen.xlsx,AE469PH,7500.00,2026-07-20 23:05:03+00,CORREDORES VIALES SA,no_categoria_in_source
a8c6b334-a68f-4338-bdd9-0cf7d93ddb65,ConsumosResumen.xlsx,AF436WI,4500.00,2026-07-24 21:21:52+00,CORREDORES VIALES SA,no_categoria_in_source
a8df93a8-b043-4cf7-8bd2-e0f62984696e,ConsumosResumen.xlsx,AF533SR,7500.00,2026-07-24 14:18:22+00,CORREDORES VIALES SA,no_categoria_in_source
a8ef2921-20ec-4dff-b6ba-9e68a0dfdbeb,ConsumosResumen-202607-1.xlsx,AB151SM,6000.00,2026-07-06 16:51:57+00,CORREDORES VIALES SA,no_categoria_in_source
a912e1f8-829a-47cc-b6f1-a7c270fec101,ConsumosResumen.xlsx,AH351RT,7500.00,2026-07-16 05:50:41+00,CORREDORES VIALES SA,no_categoria_in_source
a91cd0bd-8d96-404e-a2c5-1d9a50891357,ConsumosResumen.xlsx,AF103ZL,6000.00,2026-07-16 15:41:21+00,CORREDORES VIALES SA,no_categoria_in_source
a930c7e3-25d3-40ee-be9d-8b2477ecf56f,ConsumosResumen-202607-1.xlsx,AH285SP,7500.00,2026-06-30 13:02:13+00,CORREDORES VIALES SA,no_categoria_in_source
a9466bff-502b-41d9-b7cc-5708aec6e4f3,ConsumosResumen-202607-1.xlsx,AE284KH,3900.00,2026-07-01 02:48:20+00,RUTAS SUR ATLANTICO S.A.,no_categoria_in_source
a950c563-5b32-4ebb-87fc-1fb3c24b450b,ConsumosResumen.xlsx,AG110LK,7500.00,2026-07-21 20:11:54+00,CORREDORES VIALES SA,no_categoria_in_source
a9545515-7caa-4cfc-8a88-e1b82b28afb8,ConsumosResumen.xlsx,AF791ER,6000.00,2026-07-20 07:06:14+00,CORREDORES VIALES SA,no_categoria_in_source
a9da86df-ae68-4432-8690-53c14448278d,ConsumosResumen.xlsx,AE751PA,7500.00,2026-07-23 01:50:37+00,CORREDORES VIALES SA,no_categoria_in_source
a9f18228-a78a-4369-9e3e-03a4339105a5,ConsumosResumen-202607-1.xlsx,AE469PH,7500.00,2026-07-04 11:40:23+00,CORREDORES VIALES SA,no_categoria_in_source
aa196f06-1fda-4162-bbcb-7834d058492e,ConsumosResumen.xlsx,AG309CO,7500.00,2026-07-14 18:36:38+00,CORREDORES VIALES SA,no_categoria_in_source
aa47a674-eb83-42cf-9b9a-0c99202c2b36,ConsumosResumen-202607-1.xlsx,AD985XP,3000.00,2026-07-12 17:48:35+00,CORREDORES VIALES SA,no_categoria_in_source
aa586811-4d6a-43b1-adb3-e082cef93763,ConsumosResumen-202607-1.xlsx,AG862VH,6000.00,2026-07-01 16:34:10+00,CORREDORES VIALES SA,no_categoria_in_source
aa807a11-08d9-47eb-8a11-624702a5602d,ConsumosResumen-202607-1.xlsx,AF136HN,6000.00,2026-07-09 05:29:48+00,CORREDORES VIALES SA,no_categoria_in_source
aac4ddc4-b128-4881-bd2f-1349336d1bcf,ConsumosResumen-202607-1.xlsx,AH351RT,7500.00,2026-06-30 22:28:02+00,CORREDORES VIALES SA,no_categoria_in_source
ab2a6808-9a53-42c8-8611-9fe8511bf679,ConsumosResumen.xlsx,AF136HN,6000.00,2026-07-22 10:58:15+00,CORREDORES VIALES SA,no_categoria_in_source
ab66cd4b-8b74-4f78-8f61-5c522a3506cb,ConsumosResumen.xlsx,AG309CH,1500.00,2026-07-15 06:09:13+00,CORREDORES VIALES SA,no_categoria_in_source
ab807da6-9bce-4df3-b925-821ac4235357,ConsumosResumen-202607-1.xlsx,AF436WI,7500.00,2026-06-30 23:55:46+00,CORREDORES VIALES SA,no_categoria_in_source
ab91266f-0aae-4bef-abaa-465eec3cbe51,ConsumosResumen.xlsx,AE469PH,7500.00,2026-07-23 12:20:03+00,CORREDORES VIALES SA,no_categoria_in_source
abc904b1-e19a-4734-bece-a6f78180bf28,ConsumosResumen-202607-1.xlsx,AG939HR,7744.12,2026-07-10 13:19:36+00,RUTAS SUR ATLANTICO S.A.,no_categoria_in_source
abec416e-27bc-4da3-ac98-ac6412a541ee,ConsumosResumen.xlsx,AH351RS,7148.39,2026-07-04 10:07:31+00,CORREDOR VIAL 5 S.A.U.,no_categoria_in_source
ac048f4b-3c2a-49bb-a52c-1b64c7b027bb,ConsumosResumen.xlsx,AB456CU,6000.00,2026-07-23 06:32:53+00,CORREDORES VIALES SA,no_categoria_in_source
ac38a86e-e00e-4760-aa91-9be59ab96473,ConsumosResumen.xlsx,AH351RT,7744.12,2026-07-15 03:43:09+00,RUTAS SUR ATLANTICO S.A.,no_categoria_in_source
ac5784c5-a55b-454f-a0af-fd39b4dd92fb,ConsumosResumen.xlsx,AE831SI,7500.00,2026-07-18 21:56:12+00,CORREDORES VIALES SA,no_categoria_in_source
ac5cc554-6a3c-4ef9-a688-7adb28104da7,ConsumosResumen-202607-1.xlsx,AF533SR,7500.00,2026-07-01 19:39:21+00,CORREDORES VIALES SA,no_categoria_in_source
acc4dcf9-7305-431a-a971-39e1a872da2f,ConsumosResumen.xlsx,AG309CO,6000.00,2026-07-15 18:05:49+00,CORREDORES VIALES SA,no_categoria_in_source
acc6032f-c98a-4f44-b6c2-4ad13d927942,ConsumosResumen.xlsx,AH729QW,7500.00,2026-07-16 10:15:29+00,CORREDORES VIALES SA,no_categoria_in_source
acc66b9a-e679-4f78-9006-c82104940c39,ConsumosResumen.xlsx,AG533MF,1500.00,2026-07-15 22:16:55+00,CORREDORES VIALES SA,no_categoria_in_source
ad544172-9e9c-4b74-acd3-5c18db1b22cf,ConsumosResumen-202607-1.xlsx,AG939HR,7500.00,2026-07-04 06:35:22+00,CORREDORES VIALES SA,no_categoria_in_source
ad673f16-34a3-46d6-8ea8-b0d55ebbe4a6,ConsumosResumen.xlsx,AE908YR,1500.00,2026-07-14 19:50:26+00,CORREDORES VIALES SA,no_categoria_in_source
ad7441b3-bab4-40ef-843b-016f04be9360,ConsumosResumen-202607-1.xlsx,AE952TH,7500.00,2026-07-07 15:31:11+00,CORREDORES VIALES SA,no_categoria_in_source
ada61a26-4884-470a-8f74-6c0b1a23ec4c,ConsumosResumen-202607-1.xlsx,AG249HS,1500.00,2026-07-06 05:45:39+00,CORREDORES VIALES SA,no_categoria_in_source
addabba0-684a-49a8-a5c9-04f300898925,ConsumosResumen.xlsx,AG110LK,7500.00,2026-07-21 16:02:29+00,CORREDORES VIALES SA,no_categoria_in_source
ae15f6a4-ffff-44ec-bcff-3840013c5f02,ConsumosResumen.xlsx,AH554RQ,8935.49,2026-07-16 14:10:47+00,CORREDOR VIAL 5 S.A.U.,no_categoria_in_source
ae260408-6893-4334-993e-a66482af81a4,ConsumosResumen.xlsx,AF103ZL,3097.65,2026-07-18 06:43:20+00,RUTAS SUR ATLANTICO S.A.,no_categoria_in_source
ae5f7537-323a-44ea-837e-f4c3be2c3992,ConsumosResumen.xlsx,AG916MK,3574.19,2026-07-23 10:56:39+00,RUTAS SUR ATLANTICO S.A.,no_categoria_in_source
ae65fa92-7357-4a6c-88cc-86f9cc471f92,ConsumosResumen-202607-1.xlsx,AG862VH,6000.00,2026-07-07 13:24:48+00,CORREDORES VIALES SA,no_categoria_in_source
ae88282b-8f8e-4c2a-afd9-d59b048b7399,ConsumosResumen.xlsx,AD933WS,3000.00,2026-07-14 00:29:29+00,CORREDORES VIALES SA,no_categoria_in_source
aef9caea-2d82-47ac-a5b0-e95762d8ac31,ConsumosResumen.xlsx,AG893YR,3097.65,2026-07-13 12:12:20+00,RUTAS SUR ATLANTICO S.A.,no_categoria_in_source
afa0e767-3f31-4eac-aeb8-bb8b8cb8e6e7,ConsumosResumen-202607-1.xlsx,AC295IE,6000.00,2026-07-05 18:19:19+00,CORREDORES VIALES SA,no_categoria_in_source
afc062a9-3d3a-4c2a-a532-7a2a6022c9a6,ConsumosResumen-202607-1.xlsx,AF103ZL,6000.00,2026-07-10 14:21:17+00,CORREDORES VIALES SA,no_categoria_in_source
afe6ae38-5fde-4709-b05b-1a5c1d547aeb,ConsumosResumen.xlsx,AD667DM,6000.00,2026-07-01 20:37:37+00,CORREDOR VIAL 5 S.A.U.,no_categoria_in_source
b001ece3-93aa-4e8c-9a8c-d0d79d6b56cd,ConsumosResumen.xlsx,AF202UU,7148.39,2026-07-15 16:34:19+00,RUTAS SUR ATLANTICO S.A.,no_categoria_in_source
b003d000-1e18-46b4-9e51-56277193bc17,ConsumosResumen.xlsx,AH554RQ,7500.00,2026-07-02 11:37:05+00,CORREDOR VIAL 5 S.A.U.,no_categoria_in_source
b0576a4a-6d59-4251-8a6d-a4a57d85bf3c,ConsumosResumen-202607-1.xlsx,AH543IQ,7500.00,2026-06-24 22:16:36+00,CORREDORES VIALES SA,no_categoria_in_source
b065aef9-654a-419b-90c9-b37c44859835,ConsumosResumen-202607-1.xlsx,AD667DM,6000.00,2026-07-01 18:54:24+00,CORREDORES VIALES SA,no_categoria_in_source
b0abd540-c4de-4464-ab60-c0f9061baf6f,ConsumosResumen.xlsx,AH543IQ,7500.00,2026-07-21 12:42:03+00,CORREDORES VIALES SA,no_categoria_in_source
b0bec9ca-4ee5-49b1-b49c-6bb31fa854ac,ConsumosResumen-202607-1.xlsx,AF136HN,6000.00,2026-07-03 22:22:13+00,CORREDORES VIALES SA,no_categoria_in_source
b0c7e49a-9e5e-494b-8a75-8a381cd277e2,ConsumosResumen.xlsx,AD625QB,4500.00,2026-07-16 19:56:27+00,CORREDORES VIALES SA,no_categoria_in_source
b0d023e3-e08e-445a-8a01-a8e5ac8a645a,ConsumosResumen.xlsx,AH351RS,7148.39,2026-07-04 12:44:44+00,CORREDOR VIAL 5 S.A.U.,no_categoria_in_source
b0dd3a40-cc73-47c8-8f68-51333fcaf14c,ConsumosResumen-202607-1.xlsx,AH800QT,7500.00,2026-07-03 14:41:22+00,CORREDORES VIALES SA,no_categoria_in_source
b1245ba5-6376-43e5-a4c4-0da96daf41b0,ConsumosResumen.xlsx,AB456CU,7148.39,2026-07-15 16:05:41+00,RUTAS SUR ATLANTICO S.A.,no_categoria_in_source
b13aa76c-edc5-4245-97a0-3c003bf23687,ConsumosResumen.xlsx,AH285SP,7500.00,2026-07-14 23:34:12+00,CORREDORES VIALES SA,no_categoria_in_source
b14404dd-ce29-4324-af34-c1aeac4007c6,ConsumosResumen-202607-1.xlsx,AF231PZ,6000.00,2026-06-30 13:24:00+00,CORREDORES VIALES SA,no_categoria_in_source
b1948de8-f6ca-4b35-afb9-82584248505e,ConsumosResumen-202607-1.xlsx,AH033DL,6000.00,2026-07-08 17:28:23+00,CORREDORES VIALES SA,no_categoria_in_source
b1ecf4a8-c573-44e0-bf76-a3ef6d3882ad,ConsumosResumen.xlsx,AG533MF,1787.10,2026-07-05 00:14:23+00,CORREDOR VIAL 5 S.A.U.,no_categoria_in_source
b2009825-0687-449c-bcb6-293d99551c7c,ConsumosResumen.xlsx,AC295IE,3000.00,2026-07-26 16:37:38+00,CORREDORES VIALES SA,no_categoria_in_source
b210f662-221c-43ac-af6c-b2e288eca28d,ConsumosResumen-202607-1.xlsx,AG939HR,6000.00,2026-07-03 08:46:11+00,CORREDORES VIALES SA,no_categoria_in_source
b2395c8c-7ef4-4dc4-bba3-632b886f4864,ConsumosResumen.xlsx,AF202UU,7500.00,2026-07-18 18:28:30+00,CORREDORES VIALES SA,no_categoria_in_source
b274f5fd-c90a-4c68-8fbb-c7a2f75bbf91,ConsumosResumen-202607-1.xlsx,AG939HR,6000.00,2026-07-02 19:26:04+00,CORREDORES VIALES SA,no_categoria_in_source
b27502d6-f2c5-45ac-8e30-7af0572391d0,ConsumosResumen.xlsx,AC812DO,6000.00,2026-07-27 02:05:00+00,CORREDORES VIALES SA,no_categoria_in_source
b28320bc-c3e5-470f-b842-f4dd1f21c71f,ConsumosResumen-202607-1.xlsx,AE284KH,4500.00,2026-07-05 21:15:39+00,CORREDORES VIALES SA,no_categoria_in_source
b2916a7e-18cb-40b3-a93a-814eed0316c1,ConsumosResumen.xlsx,AG507DK,7500.00,2026-07-27 21:36:55+00,CORREDORES VIALES SA,no_categoria_in_source
b2d7e7d9-4c8d-4795-b393-c3f6f2d7c551,ConsumosResumen-202607-1.xlsx,AH351RT,7500.00,2026-07-09 11:13:58+00,CORREDORES VIALES SA,no_categoria_in_source
b2db2768-da0a-42d9-ac92-b01cd85b64ff,ConsumosResumen.xlsx,AH272KN,7500.00,2026-07-14 06:32:09+00,CORREDORES VIALES SA,no_categoria_in_source
b2de7bc1-5664-4fdf-9f60-e327734773df,ConsumosResumen.xlsx,AE908YL,7500.00,2026-07-18 11:26:21+00,CORREDORES VIALES SA,no_categoria_in_source
b2f04c84-f842-4d2a-a9c3-5dd06f0e8d7f,ConsumosResumen.xlsx,AG893YR,6000.00,2026-07-13 20:28:03+00,CORREDORES VIALES SA,no_categoria_in_source
b2f8d82f-bb07-4669-bce5-96c4c3a72fd5,ConsumosResumen-202607-1.xlsx,AH543IQ,7500.00,2026-06-28 02:22:27+00,CORREDORES VIALES SA,no_categoria_in_source
b3135dff-405a-4f33-a473-e2787d524a68,ConsumosResumen.xlsx,AD667DM,6000.00,2026-07-22 12:27:49+00,CORREDORES VIALES SA,no_categoria_in_source
b3496828-c669-424f-9994-f6ffb309497b,ConsumosResumen-202607-1.xlsx,AH185KI,7500.00,2026-07-06 16:07:22+00,CORREDORES VIALES SA,no_categoria_in_source
b3534c13-adbc-4638-801c-a4a7f8be5fad,ConsumosResumen.xlsx,AD096FX,6000.00,2026-07-25 11:32:11+00,CORREDORES VIALES SA,no_categoria_in_source
b3579c0c-da58-4476-8446-4786acb1e792,ConsumosResumen-202607-1.xlsx,AB456CU,6000.00,2026-07-02 10:45:53+00,CORREDORES VIALES SA,no_categoria_in_source
b3927a29-d99f-4984-9087-ee5b4a6c1de0,ConsumosResumen.xlsx,AE751PA,7500.00,2026-07-27 13:37:08+00,CORREDORES VIALES SA,no_categoria_in_source
b3928fc9-3f9d-4023-bee8-f7cc694ce5cb,ConsumosResumen-202607-1.xlsx,AG862VH,6000.00,2026-06-30 09:53:21+00,CORREDORES VIALES SA,no_categoria_in_source
b39fa790-e9ed-468f-a0ec-23b7164d3a71,ConsumosResumen.xlsx,AF091AI,7148.39,2026-07-14 17:14:20+00,RUTAS SUR ATLANTICO S.A.,no_categoria_in_source
b40d6d98-2b8f-49de-8a80-04dd6e9466f3,ConsumosResumen.xlsx,AF202UU,1787.10,2026-07-13 17:46:03+00,RUTAS SUR ATLANTICO S.A.,no_categoria_in_source
b411af74-1bc5-424b-a4da-a1e9b60d3529,ConsumosResumen-202607-1.xlsx,AD667DM,6000.00,2026-07-04 04:19:48+00,CORREDORES VIALES SA,no_categoria_in_source
b43803ad-e4e0-4b31-821b-e219c7da35c6,ConsumosResumen.xlsx,AE469PH,7500.00,2026-07-20 12:03:33+00,CORREDORES VIALES SA,no_categoria_in_source
b440c204-cc5d-4e2b-b766-d2393c719018,ConsumosResumen.xlsx,AG309CO,6000.00,2026-07-21 08:24:44+00,CORREDORES VIALES SA,no_categoria_in_source
b4541213-cdd1-4480-90d7-d30e481bda07,ConsumosResumen-202607-1.xlsx,AG309CO,6000.00,2026-07-01 19:40:49+00,CORREDORES VIALES SA,no_categoria_in_source
b4802d49-5f4c-4d38-8cb3-cf95e9a46ff3,ConsumosResumen-202607-1.xlsx,AB456CU,6000.00,2026-07-04 16:00:09+00,CORREDORES VIALES SA,no_categoria_in_source
b56ddf8b-b19c-49cc-aa84-46fcf9b6ac29,ConsumosResumen.xlsx,AF509QF,6000.00,2026-07-13 08:28:59+00,CORREDORES VIALES SA,no_categoria_in_source
b5cab330-44ba-4ef4-88da-36c2ea821de3,ConsumosResumen-202607-1.xlsx,AD985XP,6000.00,2026-06-30 14:36:27+00,CORREDORES VIALES SA,no_categoria_in_source
b5e751b0-8d90-4fc3-8c52-33f2c915b6e5,ConsumosResumen.xlsx,AH185KI,7744.12,2026-07-20 11:06:26+00,RUTAS SUR ATLANTICO S.A.,no_categoria_in_source
b71de1b4-069e-4fc6-a231-4c97d1433840,ConsumosResumen-202607-1.xlsx,AH543IQ,7500.00,2026-07-04 20:05:43+00,CORREDORES VIALES SA,no_categoria_in_source
b770a54e-da1b-4a54-8dca-ac7329257698,ConsumosResumen.xlsx,AG533MF,1500.00,2026-07-16 02:19:57+00,CORREDORES VIALES SA,no_categoria_in_source
b786b48a-be57-40a2-a7de-323956782f23,ConsumosResumen.xlsx,AH543IQ,7500.00,2026-07-16 19:19:54+00,CORREDORES VIALES SA,no_categoria_in_source
b7a6da23-163b-47ac-8e6b-0120a39ab8e1,ConsumosResumen-202607-1.xlsx,AH554RQ,7500.00,2026-07-01 19:41:54+00,CORREDORES VIALES SA,no_categoria_in_source
b7c40190-9f80-47cf-98b9-5e033fccb3ac,ConsumosResumen.xlsx,AE469PL,6000.00,2026-07-15 11:57:41+00,CORREDORES VIALES SA,no_categoria_in_source
b8315db0-2ac1-4976-acb7-a711e71a8ab5,ConsumosResumen.xlsx,AE469PH,7500.00,2026-07-21 18:05:45+00,CORREDORES VIALES SA,no_categoria_in_source
b83b039b-ce33-405e-bf99-d94dd6e5cbe2,ConsumosResumen-202607-1.xlsx,AH729QW,7500.00,2026-07-02 10:50:49+00,CORREDORES VIALES SA,no_categoria_in_source
b85f03a8-33f1-4c99-8c43-a3ca5de006ca,ConsumosResumen.xlsx,AD736OU,8935.49,2026-07-21 19:18:23+00,CORREDOR VIAL 5 S.A.U.,no_categoria_in_source
b87fe21e-d554-4e63-86ec-4faba6116231,ConsumosResumen-202607-1.xlsx,AH185KI,7500.00,2026-07-03 03:14:52+00,CORREDORES VIALES SA,no_categoria_in_source
b8d75033-3824-44d8-ab04-2709eda6b59b,ConsumosResumen.xlsx,AD096FX,6000.00,2026-07-21 16:49:20+00,CORREDORES VIALES SA,no_categoria_in_source
b8f204ca-c512-45ee-9cfa-f1576a6c6e9f,ConsumosResumen-202607-1.xlsx,AH351RT,7500.00,2026-06-28 05:10:07+00,CORREDORES VIALES SA,no_categoria_in_source
b8f6215c-2d90-4dc2-87f8-cd280a0ce525,ConsumosResumen-202607-1.xlsx,AE469PH,7500.00,2026-07-08 01:46:58+00,CORREDORES VIALES SA,no_categoria_in_source
b8feacfd-8fe9-4203-be9f-fdbb2b5f5dd5,ConsumosResumen.xlsx,AC295IE,6000.00,2026-07-27 00:51:55+00,CORREDORES VIALES SA,no_categoria_in_source
b90a47b6-77b0-4407-a187-ece46db9c40c,ConsumosResumen.xlsx,AF231PZ,6000.00,2026-07-16 21:29:44+00,CORREDORES VIALES SA,no_categoria_in_source
b92d842f-9e45-43a9-8b39-4917a943c036,ConsumosResumen.xlsx,AD985XP,3000.00,2026-07-23 18:46:04+00,CORREDORES VIALES SA,no_categoria_in_source
b982b1f1-4c21-4511-bb45-629b28cbdd62,ConsumosResumen.xlsx,AH185KI,7500.00,2026-07-24 11:50:20+00,CORREDORES VIALES SA,no_categoria_in_source
b9970fa0-d310-4ba3-898e-4c943dc19f4c,ConsumosResumen-202607-1.xlsx,AH554RQ,7500.00,2026-06-28 19:25:34+00,CORREDORES VIALES SA,no_categoria_in_source
b9d3cb0e-1edd-4963-b6d6-4bb8e37f5495,ConsumosResumen-202607-1.xlsx,AG939HR,6000.00,2026-07-07 08:40:23+00,CORREDORES VIALES SA,no_categoria_in_source
ba2ba4c1-1fbd-4f10-8511-5831329f60c6,ConsumosResumen.xlsx,AF993HK,6000.00,2026-07-17 19:03:13+00,CORREDORES VIALES SA,no_categoria_in_source
ba34993c-1f00-474a-a3b5-e38ec33092ac,ConsumosResumen-202607-1.xlsx,AG249HS,1500.00,2026-07-06 14:42:37+00,CORREDORES VIALES SA,no_categoria_in_source
ba70b687-6c36-482e-b03c-23c3a9da4801,ConsumosResumen-202607-1.xlsx,AF791ER,6000.00,2026-07-09 16:21:22+00,CORREDORES VIALES SA,no_categoria_in_source
ba83fb23-4b06-4cb6-8143-782d02ef0ef7,ConsumosResumen.xlsx,AF202UU,6000.00,2026-07-23 17:24:46+00,CORREDORES VIALES SA,no_categoria_in_source
baa48bec-94fc-4343-b9c6-185936e6f6e6,ConsumosResumen.xlsx,AG893YR,6000.00,2026-07-21 21:39:57+00,CORREDORES VIALES SA,no_categoria_in_source
babe50e5-9be3-4ad8-bc2e-4d5236e71974,ConsumosResumen.xlsx,AG533MF,1500.00,2026-07-14 04:47:20+00,CORREDORES VIALES SA,no_categoria_in_source
bac00413-ec0a-4bf4-9c9b-a1201d3ce973,ConsumosResumen-202607-1.xlsx,AG249HS,1500.00,2026-06-29 12:39:22+00,CORREDORES VIALES SA,no_categoria_in_source
bac4d89b-36ef-4ef0-8c2b-48f94ee7947e,ConsumosResumen.xlsx,AE469PL,6000.00,2026-07-27 05:25:59+00,CORREDORES VIALES SA,no_categoria_in_source
bac6f569-b8b7-463d-a23d-3294f49dbc46,ConsumosResumen-202607-1.xlsx,AF436WI,7744.12,2026-07-04 02:25:00+00,RUTAS SUR ATLANTICO S.A.,no_categoria_in_source
badf4b82-ed02-4510-8c1e-95aabfa7f778,ConsumosResumen-202607-1.xlsx,AG249HS,1500.00,2026-07-04 20:47:11+00,CORREDORES VIALES SA,no_categoria_in_source
bb05d9c4-9b29-4c2d-9998-83e7ed79f38a,ConsumosResumen.xlsx,AH351RS,7148.39,2026-07-22 11:10:45+00,CORREDOR VIAL 5 S.A.U.,no_categoria_in_source
bb1c88d7-cc3c-4c2e-9271-c3ecaeebdf06,ConsumosResumen.xlsx,AG822HO,7148.39,2026-07-05 06:03:48+00,CORREDOR VIAL 5 S.A.U.,no_categoria_in_source
bb21842b-8ad0-4315-b843-b8f759cc4de6,ConsumosResumen.xlsx,AF389UV,5361.29,2026-07-24 17:05:22+00,RUTAS SUR ATLANTICO S.A.,no_categoria_in_source
bb220019-1bcd-48ac-9100-120ccc1b0c16,ConsumosResumen-202607-1.xlsx,AF436WI,4500.00,2026-07-06 01:39:46+00,CORREDORES VIALES SA,no_categoria_in_source
bb551ae8-0421-4e96-9635-eb5683f087ad,ConsumosResumen.xlsx,AG533MF,1500.00,2026-07-24 02:08:14+00,CORREDORES VIALES SA,no_categoria_in_source
bb623172-b0c4-4a27-9c73-d9bc9978b766,ConsumosResumen.xlsx,AF533SR,7500.00,2026-07-15 22:09:53+00,CORREDORES VIALES SA,no_categoria_in_source
bb78865e-d4eb-4b97-898c-7493f52ba68d,ConsumosResumen.xlsx,AG507DK,7500.00,2026-07-15 17:43:32+00,CORREDORES VIALES SA,no_categoria_in_source
bb7c2dd5-d7d8-4a9e-9aae-409fcd503857,ConsumosResumen.xlsx,AG533MF,1548.82,2026-07-19 04:14:56+00,RUTAS SUR ATLANTICO S.A.,no_categoria_in_source
bb8aa3fe-940d-49c6-845c-59e9eec79506,ConsumosResumen-202607-1.xlsx,AD625QA,6000.00,2026-07-10 18:40:19+00,CORREDORES VIALES SA,no_categoria_in_source
bb974702-c2ad-435c-90fe-bb69c7faa0e6,ConsumosResumen-202607-1.xlsx,AH033DL,6000.00,2026-07-09 07:39:38+00,CORREDORES VIALES SA,no_categoria_in_source
bba22a2c-088c-403d-b63c-5345c4e78d68,ConsumosResumen.xlsx,AH543IQ,8935.49,2026-07-20 16:05:15+00,RUTAS SUR ATLANTICO S.A.,no_categoria_in_source
bbda412b-8ca7-449c-b5d7-88f5145ab3db,ConsumosResumen-202607-1.xlsx,AF136HN,6000.00,2026-07-09 06:27:30+00,CORREDORES VIALES SA,no_categoria_in_source
bbe0a6bf-de49-4fca-b03e-898a2381c0dd,ConsumosResumen-202607-1.xlsx,AG249HS,1500.00,2026-07-06 05:14:02+00,CORREDORES VIALES SA,no_categoria_in_source
bbe841ca-b4ff-4438-8bd0-fcf8bcc2cddd,ConsumosResumen-202607-1.xlsx,AF091AI,7500.00,2026-07-08 18:24:05+00,CORREDORES VIALES SA,no_categoria_in_source
bc02ce84-c900-48b1-826e-887a8d135578,ConsumosResumen.xlsx,AH033DL,6000.00,2026-07-24 17:56:25+00,CORREDORES VIALES SA,no_categoria_in_source
bc04235e-fdc9-4c82-b22c-0a9d9d8df247,ConsumosResumen-202607-1.xlsx,AG309CH,1500.00,2026-07-01 17:48:21+00,CORREDORES VIALES SA,no_categoria_in_source
bc0c64d6-46f5-4ad0-a6c5-45059b5e68ef,ConsumosResumen.xlsx,AF533SR,7500.00,2026-07-17 19:03:07+00,CORREDORES VIALES SA,no_categoria_in_source
bc48a7e7-db42-4c0f-a514-48bfa363a9ea,ConsumosResumen.xlsx,AE751PA,7500.00,2026-07-13 16:40:17+00,CORREDORES VIALES SA,no_categoria_in_source
bc56f207-20d1-441e-b0bf-d8ffd18131ff,ConsumosResumen.xlsx,AF103ZL,6000.00,2026-07-21 11:14:36+00,CORREDORES VIALES SA,no_categoria_in_source
bc7ce45e-ddc4-437e-9086-2771060538a7,ConsumosResumen.xlsx,AB633TY,3574.19,2026-07-03 16:20:49+00,RUTAS SUR ATLANTICO S.A.,no_categoria_in_source
bc93a986-2538-4b41-9302-319a50af7ef6,ConsumosResumen.xlsx,AH554RQ,8935.49,2026-07-16 11:23:56+00,CORREDOR VIAL 5 S.A.U.,no_categoria_in_source
bc9f945e-1911-4458-9e41-6ddf42354919,ConsumosResumen.xlsx,AD584GR,1500.00,2026-07-23 15:00:30+00,CORREDORES VIALES SA,no_categoria_in_source
bcab4bf3-ffae-45db-9879-b0d25f970596,ConsumosResumen.xlsx,AF533SR,7500.00,2026-07-24 15:13:11+00,CORREDORES VIALES SA,no_categoria_in_source
bd47ad80-ead6-4699-8a80-2e9e325a41b8,ConsumosResumen-202607-1.xlsx,AH351RT,7500.00,2026-07-09 07:13:45+00,CORREDORES VIALES SA,no_categoria_in_source
bd58dd27-f770-4f74-857d-6863a239f8f9,ConsumosResumen.xlsx,AE751PA,1787.10,2026-07-21 16:13:25+00,RUTAS SUR ATLANTICO S.A.,no_categoria_in_source
bd75db6a-9ed3-425d-bbcb-15efd44d38b5,ConsumosResumen-202607-1.xlsx,AE751PA,6000.00,2026-07-01 18:17:32+00,RUTAS SUR ATLANTICO S.A.,no_categoria_in_source
bd7be45c-4b61-4264-b204-8217e3a47dbb,ConsumosResumen-202607-1.xlsx,AF091AI,774.41,2026-07-03 13:06:10+00,RUTAS SUR ATLANTICO S.A.,no_categoria_in_source
bdaf6473-bcd6-426b-947f-eca88619df7a,ConsumosResumen-202607-1.xlsx,AD625QB,4500.00,2026-07-01 12:49:46+00,CORREDORES VIALES SA,no_categoria_in_source
bdca84a9-9af1-41d3-91a9-f3e86f1e6577,ConsumosResumen.xlsx,AD096FX,6000.00,2026-07-24 08:26:10+00,CORREDORES VIALES SA,no_categoria_in_source
be2125e8-3855-45c4-b4d4-84bbf1a01124,ConsumosResumen-202607-1.xlsx,AG822HO,6000.00,2026-06-28 22:48:59+00,CORREDORES VIALES SA,no_categoria_in_source
be2f9d90-36c7-43f6-9cea-c7acb6d953cb,ConsumosResumen.xlsx,AH351RS,7148.39,2026-07-20 16:48:05+00,CORREDOR VIAL 5 S.A.U.,no_categoria_in_source
be5fddc6-24ab-4a65-ad96-21cd69d52f0f,ConsumosResumen.xlsx,AG822HO,7148.39,2026-07-17 15:29:45+00,CORREDOR VIAL 5 S.A.U.,no_categoria_in_source
be777303-623d-4dc4-8271-92912c5cfa9e,ConsumosResumen.xlsx,AH351RS,7148.39,2026-07-06 13:53:05+00,CORREDOR VIAL 5 S.A.U.,no_categoria_in_source
be93049d-1de1-4207-bc80-288b80e4080c,ConsumosResumen-202607-1.xlsx,AG939HR,3097.65,2026-07-06 15:14:11+00,RUTAS SUR ATLANTICO S.A.,no_categoria_in_source
befdfd15-0214-4a03-9f4e-05de39f5fa01,ConsumosResumen.xlsx,AB456CU,6000.00,2026-07-22 03:06:23+00,CORREDORES VIALES SA,no_categoria_in_source
bf45afca-0b20-4f68-ae00-f39b73034e7a,ConsumosResumen-202607-1.xlsx,AC295IE,6000.00,2026-07-08 00:41:29+00,CORREDORES VIALES SA,no_categoria_in_source
bfc8d23c-b0e0-45f0-965b-e7a534742ade,ConsumosResumen-202607-1.xlsx,AE952TH,6000.00,2026-07-12 15:54:01+00,CORREDORES VIALES SA,no_categoria_in_source
c02c3d97-b9b3-4823-b461-94a12a7eec2c,ConsumosResumen.xlsx,AG822HO,7148.39,2026-07-25 08:44:21+00,CORREDOR VIAL 5 S.A.U.,no_categoria_in_source
c0339c6c-57aa-4da0-a9b0-c756d2f5456d,ConsumosResumen-202607-1.xlsx,AG423BT,1500.00,2026-07-09 17:17:47+00,CORREDORES VIALES SA,no_categoria_in_source
c0370b4a-3307-4307-a667-f37d80b4d169,ConsumosResumen.xlsx,AG862VH,6000.00,2026-07-20 05:57:14+00,CORREDORES VIALES SA,no_categoria_in_source
c07a4818-11a4-494d-996f-336dc40cbc49,ConsumosResumen-202607-1.xlsx,AC812DO,6000.00,2026-06-29 01:36:20+00,CORREDORES VIALES SA,no_categoria_in_source
c0d5289b-531f-4990-9c34-595f3c3b21a6,ConsumosResumen-202607-1.xlsx,AF091AI,7500.00,2026-07-08 20:48:59+00,CORREDORES VIALES SA,no_categoria_in_source
c175a90c-3b9f-4d32-ac30-15e5f8234acd,ConsumosResumen.xlsx,AF791ER,3097.65,2026-07-23 22:42:55+00,RUTAS SUR ATLANTICO S.A.,no_categoria_in_source
c192a78a-6a1d-413a-9e8a-febeb9e47dcb,ConsumosResumen-202607-1.xlsx,AG822HO,6000.00,2026-06-28 19:32:39+00,CORREDORES VIALES SA,no_categoria_in_source
c19898f6-2fc4-4e24-abfe-7ca8386c80e9,ConsumosResumen-202607-1.xlsx,AD985XP,3000.00,2026-07-02 11:33:31+00,CORREDORES VIALES SA,no_categoria_in_source
c2287a45-0280-4bef-bb58-1d650709122e,ConsumosResumen.xlsx,AH554RP,8935.49,2026-07-15 10:25:57+00,CORREDOR VIAL 5 S.A.U.,no_categoria_in_source
c23cb3c3-4ecd-49c2-b03c-d84221045112,ConsumosResumen.xlsx,AF389UV,5361.29,2026-07-22 17:23:45+00,RUTAS SUR ATLANTICO S.A.,no_categoria_in_source
c23cc70d-fded-44e9-8b64-2b4011bb071a,ConsumosResumen.xlsx,AG507DK,7744.12,2026-07-21 05:07:52+00,RUTAS SUR ATLANTICO S.A.,no_categoria_in_source
c2718f8e-d27a-49d0-a1fc-e290f617f13e,ConsumosResumen.xlsx,AF791ER,6000.00,2026-07-25 01:52:55+00,CORREDORES VIALES SA,no_categoria_in_source
c2754730-70ca-422c-8148-a3f7ddedbc0a,ConsumosResumen-202607-1.xlsx,AE284KH,4500.00,2026-07-01 19:30:14+00,RUTAS SUR ATLANTICO S.A.,no_categoria_in_source
c27dbbba-ec80-4a0a-8a46-886791d6888d,ConsumosResumen-202607-1.xlsx,AH729QW,7500.00,2026-07-04 09:19:11+00,CORREDORES VIALES SA,no_categoria_in_source
c2c08e5d-ceba-413e-8976-67c9d54780f6,ConsumosResumen-202607-1.xlsx,AF389UV,4500.00,2026-07-05 17:12:29+00,CORREDORES VIALES SA,no_categoria_in_source
c2ca2044-49f9-4839-80ed-3cb9eb8f1ea5,ConsumosResumen.xlsx,AF791ER,6195.30,2026-07-23 22:26:16+00,RUTAS SUR ATLANTICO S.A.,no_categoria_in_source
c30bbaab-4fd4-4571-b75e-fa621911e540,ConsumosResumen.xlsx,AF103ZL,7148.39,2026-07-23 10:49:33+00,RUTAS SUR ATLANTICO S.A.,no_categoria_in_source
c35c932c-6ffd-4c85-b429-ca4366c0c625,ConsumosResumen-202607-1.xlsx,AH285SP,7500.00,2026-06-29 21:50:56+00,CORREDORES VIALES SA,no_categoria_in_source
c379b6ca-5d99-4e8a-9072-6002b7242773,ConsumosResumen.xlsx,AG916MK,6000.00,2026-07-24 18:48:41+00,CORREDORES VIALES SA,no_categoria_in_source
c3865986-d476-4c5b-9653-f51e5b8355aa,ConsumosResumen.xlsx,AF103ZL,6000.00,2026-07-24 09:50:29+00,CORREDORES VIALES SA,no_categoria_in_source
c3bdb735-10b2-4b0c-9529-4cb0aa416f74,ConsumosResumen.xlsx,AD584GR,1500.00,2026-07-23 13:09:20+00,CORREDORES VIALES SA,no_categoria_in_source
c3e2dcd1-6431-44e5-8339-56590ef4cf48,ConsumosResumen.xlsx,AE469PH,7500.00,2026-07-23 23:54:13+00,CORREDORES VIALES SA,no_categoria_in_source
c421c73c-6014-4926-81b1-78d4366c9976,ConsumosResumen-202607-1.xlsx,AA561YA,6000.00,2026-06-30 13:40:48+00,CORREDORES VIALES SA,no_categoria_in_source
c421fb53-bb14-4dda-9226-b24b6bf966bc,ConsumosResumen.xlsx,AH185KI,7500.00,2026-07-21 10:20:38+00,CORREDORES VIALES SA,no_categoria_in_source
c46d3c7b-20b9-4e65-8796-ec612768f11f,ConsumosResumen-202607-1.xlsx,AG939HR,6000.00,2026-07-08 23:34:22+00,CORREDORES VIALES SA,no_categoria_in_source
c47da348-b269-43fa-a363-2a71b440feb6,ConsumosResumen-202607-1.xlsx,AE469PL,6000.00,2026-07-03 16:47:12+00,CORREDORES VIALES SA,no_categoria_in_source
c496e956-f90f-4473-a206-a89db0e0b8df,ConsumosResumen.xlsx,AH285SP,7500.00,2026-07-16 10:10:00+00,CORREDORES VIALES SA,no_categoria_in_source
c49ae973-66b9-4e7a-b320-9782cb39e057,ConsumosResumen-202607-1.xlsx,AE284KH,4500.00,2026-07-01 01:36:58+00,RUTAS SUR ATLANTICO S.A.,no_categoria_in_source
c4b557ee-b819-4747-afb2-c4fcadec8d79,ConsumosResumen-202607-1.xlsx,AF091AI,7500.00,2026-07-09 09:50:33+00,CORREDORES VIALES SA,no_categoria_in_source
c4e0d575-a91d-4695-9443-945329c637de,ConsumosResumen-202607-1.xlsx,AF103ZL,6000.00,2026-07-04 20:05:24+00,CORREDORES VIALES SA,no_categoria_in_source
c4ea94e9-7bfb-429d-a877-0bba12a3520e,ConsumosResumen-202607-1.xlsx,AD625QB,4500.00,2026-07-03 00:18:59+00,CORREDORES VIALES SA,no_categoria_in_source
c50ded07-482e-4443-92f6-f3a91a86ee98,ConsumosResumen.xlsx,AE908YR,1500.00,2026-07-17 18:39:27+00,CORREDORES VIALES SA,no_categoria_in_source
c56b228b-4cb2-4e0a-9bd9-cd7060223e5d,ConsumosResumen-202607-1.xlsx,AD096FX,6000.00,2026-07-04 05:38:14+00,CORREDORES VIALES SA,no_categoria_in_source
c5782704-3a59-4ee1-8809-5bf33a5013ee,ConsumosResumen-202607-1.xlsx,AD667DM,6000.00,2026-06-29 15:01:44+00,CORREDORES VIALES SA,no_categoria_in_source
c5950b3e-99a4-4f45-b8af-e12cd5be3e4b,ConsumosResumen.xlsx,AC812DO,6000.00,2026-07-22 12:58:30+00,CORREDORES VIALES SA,no_categoria_in_source
c5d1924c-b1c7-408b-a8b5-4fc2e919ee2a,ConsumosResumen-202607-1.xlsx,AG249HS,1500.00,2026-07-08 14:42:22+00,CORREDORES VIALES SA,no_categoria_in_source
c5fd99da-517d-46ef-91e8-c62160bdedb1,ConsumosResumen.xlsx,AF231PZ,6000.00,2026-07-24 02:32:04+00,CORREDORES VIALES SA,no_categoria_in_source
c6034d3a-fb4f-4a84-a186-f736468dd8ff,ConsumosResumen.xlsx,AG916MK,3097.65,2026-07-27 12:22:35+00,RUTAS SUR ATLANTICO S.A.,no_categoria_in_source
c607e1f0-92c0-407c-a02f-cd1bbf593ec0,ConsumosResumen.xlsx,AH185KI,7500.00,2026-07-21 22:06:59+00,CORREDORES VIALES SA,no_categoria_in_source
c611dafd-a7a3-4467-ab32-eed3dafadd35,ConsumosResumen.xlsx,AH351RS,7148.39,2026-07-22 13:33:11+00,CORREDOR VIAL 5 S.A.U.,no_categoria_in_source
c65e9280-44fa-410c-a1ea-19ff1ccf3675,ConsumosResumen-202607-1.xlsx,AH351RT,7744.12,2026-07-08 22:19:02+00,RUTAS SUR ATLANTICO S.A.,no_categoria_in_source
c6e6be73-8e0c-4207-a396-aadb12165a5a,ConsumosResumen.xlsx,AG309CO,6000.00,2026-07-26 23:37:31+00,CORREDORES VIALES SA,no_categoria_in_source
c71b8a60-fb22-4077-a25d-9aaf61a3fa32,ConsumosResumen.xlsx,AD328WK,7148.39,2026-07-13 17:02:28+00,CORREDOR VIAL 5 S.A.U.,no_categoria_in_source
c7273dc4-baea-41c7-967a-b68eff7a4b8b,ConsumosResumen.xlsx,AH351RS,7148.39,2026-07-11 06:08:26+00,CORREDOR VIAL 5 S.A.U.,no_categoria_in_source
c7cb1d53-f961-48a1-b1f7-0320ca13fbe3,ConsumosResumen.xlsx,AF103ZL,6000.00,2026-07-16 01:42:07+00,CORREDORES VIALES SA,no_categoria_in_source
c7eb0b5a-e39b-476d-bff8-fe5f1d883a8e,ConsumosResumen-202607-1.xlsx,AF202UU,6000.00,2026-06-28 07:28:43+00,CORREDORES VIALES SA,no_categoria_in_source
c7f8b617-9a75-4d4c-b012-3d195febafec,ConsumosResumen.xlsx,AH351RS,7148.39,2026-07-25 16:45:30+00,CORREDOR VIAL 5 S.A.U.,no_categoria_in_source
c8252aa3-4530-40d0-8663-d2f547b391de,ConsumosResumen-202607-1.xlsx,AG916MK,6000.00,2026-07-10 15:55:14+00,CORREDORES VIALES SA,no_categoria_in_source
c82cc0ec-a7f6-4692-98bf-60b83e6f4b17,ConsumosResumen.xlsx,AD482MT,6000.00,2026-07-14 17:43:04+00,CORREDORES VIALES SA,no_categoria_in_source
c8368d3a-fb2c-47aa-826e-e032c02289de,ConsumosResumen-202607-1.xlsx,AF389UV,4500.00,2026-07-11 12:15:01+00,CORREDORES VIALES SA,no_categoria_in_source
c87f9cce-08bf-4d87-9cb0-21f1b485dc11,ConsumosResumen.xlsx,AD736OU,7500.00,2026-07-22 14:35:30+00,CORREDORES VIALES SA,no_categoria_in_source
c8b48129-0ea5-4b1d-98f5-78ba7b9f6a54,ConsumosResumen-202607-1.xlsx,AH800QT,7500.00,2026-07-07 11:52:31+00,CORREDORES VIALES SA,no_categoria_in_source
c8b8ae87-2191-4251-914b-babf9ef089ad,ConsumosResumen.xlsx,AG533MF,1500.00,2026-07-13 22:53:20+00,CORREDORES VIALES SA,no_categoria_in_source
c8d57a29-9426-4261-bd30-5d3c0ed99757,ConsumosResumen.xlsx,AG309CO,1548.82,2026-07-13 14:33:06+00,RUTAS SUR ATLANTICO S.A.,no_categoria_in_source
c8d66e01-852c-458a-8a0c-1a038c2308c5,ConsumosResumen.xlsx,AH185KI,7500.00,2026-07-17 22:49:52+00,CORREDORES VIALES SA,no_categoria_in_source
c8ffa2e0-cb91-4322-8bce-06275d64853d,ConsumosResumen-202607-1.xlsx,AH351RT,7500.00,2026-07-03 21:34:50+00,CORREDORES VIALES SA,no_categoria_in_source
c948ab7a-10b8-4524-a3a1-f41e73bec35c,ConsumosResumen-202607-1.xlsx,AF103ZL,6000.00,2026-07-10 15:14:44+00,CORREDORES VIALES SA,no_categoria_in_source
c9de4223-422e-41f8-93ef-91552b337269,ConsumosResumen.xlsx,AE952TH,7500.00,2026-07-16 00:46:53+00,CORREDORES VIALES SA,no_categoria_in_source
ca32aa37-9a2c-44df-94f8-bf5e02793fb2,ConsumosResumen-202607-1.xlsx,AB456CU,6000.00,2026-07-08 11:19:08+00,CORREDORES VIALES SA,no_categoria_in_source
ca510c9d-83f7-4f1c-864e-821796c3c5ea,ConsumosResumen-202607-1.xlsx,AH351RT,7500.00,2026-07-03 03:30:29+00,CORREDORES VIALES SA,no_categoria_in_source
ca6b8f18-e01c-4df1-b28c-90caf2f091c4,ConsumosResumen.xlsx,AH554RP,8935.49,2026-07-07 07:34:28+00,CORREDOR VIAL 5 S.A.U.,no_categoria_in_source
caa5640c-55ab-4a62-acb1-cfe3ed0c28fc,ConsumosResumen.xlsx,AF103ZL,6000.00,2026-07-16 12:02:13+00,CORREDORES VIALES SA,no_categoria_in_source
caf872d1-99d7-49a6-97f9-aaa38722f0f7,ConsumosResumen.xlsx,AE469PL,7148.39,2026-07-19 11:43:01+00,CORREDOR VIAL 5 S.A.U.,no_categoria_in_source
cb175f08-48f4-4d63-8954-8e688ff4f3d3,ConsumosResumen.xlsx,AH185KI,7744.12,2026-07-13 23:15:57+00,RUTAS SUR ATLANTICO S.A.,no_categoria_in_source
cb81ea1d-98a0-413b-9029-f4c31096ca14,ConsumosResumen-202607-1.xlsx,AD096FX,6000.00,2026-07-06 20:22:02+00,CORREDORES VIALES SA,no_categoria_in_source
cb9a916c-e6d3-4f56-ba96-0d3a88edc1d6,ConsumosResumen-202607-1.xlsx,AF436WI,4500.00,2026-06-30 18:27:36+00,CORREDORES VIALES SA,no_categoria_in_source
cbab21da-d9ad-43c8-b9a0-f556f64c0ee8,ConsumosResumen.xlsx,AF136HN,6000.00,2026-07-14 05:48:44+00,CORREDORES VIALES SA,no_categoria_in_source
cc1e36b5-abc8-431d-9b89-2e64a92409a9,ConsumosResumen.xlsx,AH554RP,8935.49,2026-07-27 03:41:45+00,CORREDOR VIAL 5 S.A.U.,no_categoria_in_source
cc21d73e-be00-440b-a3d9-8104d43b1d11,ConsumosResumen-202607-1.xlsx,AH351RT,7500.00,2026-07-11 11:08:24+00,CORREDORES VIALES SA,no_categoria_in_source
cc2d3c08-ea70-4f6a-815b-6a6dcfdf8b2f,ConsumosResumen.xlsx,AH554RP,8935.49,2026-07-24 15:12:38+00,CORREDOR VIAL 5 S.A.U.,no_categoria_in_source
cc529154-c134-4e36-9d8a-d8d45ff83217,ConsumosResumen-202607-1.xlsx,AG939HR,6000.00,2026-07-06 20:10:43+00,CORREDORES VIALES SA,no_categoria_in_source
cc930f4c-472a-4fae-a335-1911865549a8,ConsumosResumen.xlsx,AF734UP,4500.00,2026-07-14 16:38:23+00,CORREDORES VIALES SA,no_categoria_in_source
cca4e7b5-3951-41f8-8e38-584440420f7b,ConsumosResumen-202607-1.xlsx,AF103ZL,6000.00,2026-07-11 04:48:44+00,CORREDORES VIALES SA,no_categoria_in_source
ccbbc546-d7da-462b-9ee7-6df21c4cc013,ConsumosResumen.xlsx,AE469PL,7148.39,2026-07-19 17:12:39+00,CORREDOR VIAL 5 S.A.U.,no_categoria_in_source
ccc0db7a-94a7-4a8d-81b3-cb438546850a,ConsumosResumen.xlsx,AD667DM,6000.00,2026-07-02 09:29:17+00,CORREDOR VIAL 5 S.A.U.,no_categoria_in_source
ccdec685-497c-4282-b7ae-4411b2a20a28,ConsumosResumen.xlsx,AG862VH,6000.00,2026-07-15 10:44:24+00,CORREDORES VIALES SA,no_categoria_in_source
ccfa465e-5972-4a42-9b5b-163f345ba1e3,ConsumosResumen-202607-1.xlsx,AE469PL,5200.00,2026-07-02 04:01:38+00,RUTAS SUR ATLANTICO S.A.,no_categoria_in_source
cd22ddeb-8da5-4756-80bf-fc9b374b6adf,ConsumosResumen.xlsx,AE751PA,7500.00,2026-07-23 22:04:07+00,CORREDORES VIALES SA,no_categoria_in_source
cd2da9c4-6c0b-4228-a662-c0666653f410,ConsumosResumen.xlsx,AG309CH,1500.00,2026-07-14 06:09:09+00,CORREDORES VIALES SA,no_categoria_in_source
cd3f5258-b0c1-4040-84ad-56dab998b07c,ConsumosResumen-202607-1.xlsx,AH800QR,7500.00,2026-07-07 18:49:18+00,CORREDORES VIALES SA,no_categoria_in_source
cd59fd68-91fa-4131-a86a-e5d388d3b0bc,ConsumosResumen.xlsx,AG249HS,1500.00,2026-07-27 10:37:31+00,CORREDORES VIALES SA,no_categoria_in_source
cd5d767c-c451-47eb-a33f-749dd9e81a5a,ConsumosResumen.xlsx,AG939HR,6000.00,2026-07-14 12:03:30+00,CORREDORES VIALES SA,no_categoria_in_source
cd945499-d30a-45b1-8148-3539e3dadd83,ConsumosResumen.xlsx,AG862VH,6000.00,2026-07-25 05:47:58+00,CORREDORES VIALES SA,no_categoria_in_source
cdaae09f-9140-4a3b-b51a-e747ec3929d8,ConsumosResumen.xlsx,AF202UU,7148.39,2026-07-13 18:05:20+00,RUTAS SUR ATLANTICO S.A.,no_categoria_in_source
cde5a9b5-4fcb-4701-9e02-24cd7ffb18e7,ConsumosResumen.xlsx,AG309CH,1500.00,2026-07-16 06:36:05+00,CORREDORES VIALES SA,no_categoria_in_source
ce077592-f158-49c4-9f5d-8f20e678887b,ConsumosResumen.xlsx,AG822HO,6000.00,2026-07-01 19:42:06+00,CORREDOR VIAL 5 S.A.U.,no_categoria_in_source
ce3ef939-8444-449e-b24f-c731c11599fb,ConsumosResumen-202607-1.xlsx,AH800QT,7500.00,2026-07-03 17:51:52+00,CORREDORES VIALES SA,no_categoria_in_source
ce6b62b9-8daf-4332-aad5-4e48e9bceee8,ConsumosResumen.xlsx,AE469PH,7500.00,2026-07-16 14:26:54+00,CORREDORES VIALES SA,no_categoria_in_source
cebc020a-d55f-4368-9a0b-a14de13407b4,ConsumosResumen.xlsx,AB151SM,6000.00,2026-07-16 09:18:31+00,CORREDORES VIALES SA,no_categoria_in_source
cefad9ce-a6ed-421b-a1f5-ff7701c188e4,ConsumosResumen-202607-1.xlsx,AF091AI,7500.00,2026-07-08 14:23:01+00,CORREDORES VIALES SA,no_categoria_in_source
cf6ee828-086d-4dac-8559-2cf1c890db1a,ConsumosResumen-202607-1.xlsx,AB151SM,6000.00,2026-07-05 17:08:31+00,CORREDORES VIALES SA,no_categoria_in_source
cf714460-bf61-4b72-9e23-6c668ab9aa6c,ConsumosResumen.xlsx,AD985XP,6000.00,2026-07-22 08:30:06+00,CORREDORES VIALES SA,no_categoria_in_source
cff0cddf-8d05-4861-82b3-559b43c45605,ConsumosResumen.xlsx,AH251LE,7500.00,2026-07-24 12:05:57+00,CORREDORES VIALES SA,no_categoria_in_source
cff7a2ae-04f4-41f6-914d-2b58d0d8d68f,ConsumosResumen-202607-1.xlsx,AF993HK,6000.00,2026-07-09 11:46:22+00,CORREDORES VIALES SA,no_categoria_in_source
d0050fa8-faac-4928-8e69-e9e68ae96a13,ConsumosResumen.xlsx,AH543IQ,6000.00,2026-07-13 14:34:11+00,CORREDORES VIALES SA,no_categoria_in_source
d00b9ab4-81b1-48bd-a227-2d498ef9fbf1,ConsumosResumen-202607-1.xlsx,AF136HN,6000.00,2026-07-03 09:07:04+00,CORREDORES VIALES SA,no_categoria_in_source
d00cbc68-a9e8-4875-9949-eca044984b69,ConsumosResumen.xlsx,AG533MF,1500.00,2026-07-18 23:20:37+00,CORREDORES VIALES SA,no_categoria_in_source
d05c653c-9468-469a-9d38-8a2f577837bb,ConsumosResumen-202607-1.xlsx,AF136HN,6000.00,2026-07-07 23:52:44+00,CORREDORES VIALES SA,no_categoria_in_source
d0955f9c-04e4-4ef0-bd32-fb71d953deb8,ConsumosResumen.xlsx,AD667DM,6000.00,2026-07-14 14:02:47+00,CORREDORES VIALES SA,no_categoria_in_source
d0bc6463-5336-4dd5-8511-20a9fbf05038,ConsumosResumen.xlsx,AG533MF,1500.00,2026-07-13 22:16:44+00,CORREDORES VIALES SA,no_categoria_in_source
d0d8ede6-58b8-4295-9f02-493775443ed0,ConsumosResumen-202607-1.xlsx,AA561YA,6000.00,2026-06-30 23:13:10+00,CORREDORES VIALES SA,no_categoria_in_source
d0dd7b00-b32e-48b1-8788-194682964bcf,ConsumosResumen.xlsx,AF231PZ,6195.30,2026-07-06 15:35:20+00,RUTAS SUR ATLANTICO S.A.,no_categoria_in_source
d0edacfd-ecdc-4bc5-ba57-a65bc79b6511,ConsumosResumen-202607-1.xlsx,AF436WI,4500.00,2026-07-07 15:56:48+00,CORREDORES VIALES SA,no_categoria_in_source
d0f19b20-1d69-421b-9130-f68d9da442f9,ConsumosResumen-202607-1.xlsx,AF136HN,6000.00,2026-07-08 11:32:07+00,CORREDORES VIALES SA,no_categoria_in_source
d106efbf-d04e-4f7e-8982-3de9251c82bd,ConsumosResumen.xlsx,AD667DM,6000.00,2026-07-23 10:03:04+00,CORREDORES VIALES SA,no_categoria_in_source
d11453d0-df57-483b-ad77-82c3dc85cc07,ConsumosResumen.xlsx,AE751PA,7500.00,2026-07-16 00:46:13+00,CORREDORES VIALES SA,no_categoria_in_source
d11c531b-3809-4722-b74a-18c6fac38f4a,ConsumosResumen.xlsx,AE469PH,7500.00,2026-07-27 21:27:12+00,CORREDORES VIALES SA,no_categoria_in_source
d19ca791-76ce-47b5-bc4e-1edd69098583,ConsumosResumen-202607-1.xlsx,AB633TY,3574.19,2026-07-03 08:10:27+00,RUTAS SUR ATLANTICO S.A.,no_categoria_in_source
d1ffa163-08e5-4968-8cbe-11f375f47956,ConsumosResumen.xlsx,AD625QB,5361.29,2026-07-27 18:32:09+00,CORREDOR VIAL 5 S.A.U.,no_categoria_in_source
d20d893f-d710-485b-a6fd-922c1db63d91,ConsumosResumen.xlsx,AG822HO,6000.00,2026-07-01 16:36:22+00,CORREDOR VIAL 5 S.A.U.,no_categoria_in_source
d22277de-14bc-4a56-a327-9953ea278765,ConsumosResumen.xlsx,AF436WI,4500.00,2026-07-22 16:30:31+00,CORREDORES VIALES SA,no_categoria_in_source
d22b5092-70c7-4f93-8bc2-3f97d407fedf,ConsumosResumen-202607-1.xlsx,AH800QT,7500.00,2026-07-02 17:27:38+00,CORREDORES VIALES SA,no_categoria_in_source
d22e118c-a2c8-4c4d-a0ed-c11ff650d25d,ConsumosResumen-202607-1.xlsx,AG939HR,6000.00,2026-07-10 22:55:02+00,CORREDORES VIALES SA,no_categoria_in_source
d2514e76-98b7-45f2-841f-9508513673fc,ConsumosResumen.xlsx,EXT374,6000.00,2026-07-16 12:55:02+00,CORREDORES VIALES SA,no_categoria_in_source
d25336e9-1dc0-4a31-b12b-3d070675b01e,ConsumosResumen.xlsx,AF389UV,5361.29,2026-07-20 14:05:05+00,RUTAS SUR ATLANTICO S.A.,no_categoria_in_source
d299d1f2-3ebd-4388-b751-384efa02de96,ConsumosResumen-202607-1.xlsx,AG939HX,6000.00,2026-06-30 12:30:36+00,CORREDORES VIALES SA,no_categoria_in_source
d2a9ed2a-3b29-44ff-a178-99c39359e370,ConsumosResumen-202607-1.xlsx,AH543IQ,7500.00,2026-06-24 11:08:12+00,CORREDORES VIALES SA,no_categoria_in_source
d2dee44d-e95c-4bd2-8f28-c5fedf406d0d,ConsumosResumen.xlsx,AH800QR,7500.00,2026-07-27 16:56:16+00,CORREDORES VIALES SA,no_categoria_in_source
d2e704af-782b-4e22-a91d-e5e01f0be36c,ConsumosResumen-202607-1.xlsx,AD625QB,4500.00,2026-07-08 20:31:22+00,CORREDORES VIALES SA,no_categoria_in_source
d32a4c32-93d4-43ce-9c23-1ba9f08b9414,ConsumosResumen-202607-1.xlsx,AD985XP,3000.00,2026-07-01 14:11:37+00,CORREDORES VIALES SA,no_categoria_in_source
d32ad059-4a7b-4bf9-aced-e984b04e50ef,ConsumosResumen-202607-1.xlsx,AE469PH,7500.00,2026-06-29 17:46:20+00,CORREDORES VIALES SA,no_categoria_in_source
d33603d5-2844-40bd-be9f-28ed4864d601,ConsumosResumen.xlsx,AF533SR,7500.00,2026-07-15 21:01:34+00,CORREDORES VIALES SA,no_categoria_in_source
d3adbf4a-03fd-4c3e-b27d-848b82a6eb75,ConsumosResumen.xlsx,AH554RP,8935.49,2026-07-11 11:36:51+00,CORREDOR VIAL 5 S.A.U.,no_categoria_in_source
d3ec93bb-5219-46c1-b402-ea24ac04602d,ConsumosResumen.xlsx,AD625QB,4646.47,2026-07-23 04:35:42+00,RUTAS SUR ATLANTICO S.A.,no_categoria_in_source
d40d5b30-c8c2-4207-a79e-44d8178c798f,ConsumosResumen.xlsx,AH272KN,7500.00,2026-07-21 09:31:49+00,CORREDORES VIALES SA,no_categoria_in_source
d45d7c06-13f6-43c7-a81d-14842f36a650,ConsumosResumen.xlsx,AG916MK,7148.39,2026-07-20 22:52:21+00,RUTAS SUR ATLANTICO S.A.,no_categoria_in_source
d46bfecf-e219-4e8f-a576-da5530333c6e,ConsumosResumen.xlsx,AG893YR,6000.00,2026-07-23 16:44:37+00,CORREDORES VIALES SA,no_categoria_in_source
d470ecf2-483c-4435-9052-426f267cc586,pasadas_2026-07-15_5364165.csv,AF993HA,14370.19,2026-07-14 00:10:23+00,AUBASA,no_match
d474c155-ac17-454f-bd8c-1092ebad8d76,ConsumosResumen.xlsx,AB456CP,6000.00,2026-07-15 13:48:20+00,CORREDORES VIALES SA,no_categoria_in_source
d4ba9ab1-3801-43f2-8fb9-d6ca0ccaf0c6,ConsumosResumen.xlsx,AE284KH,4646.47,2026-07-03 13:23:06+00,RUTAS SUR ATLANTICO S.A.,no_categoria_in_source
d4c87d80-b45c-41ec-8f67-3ea1608228bf,ConsumosResumen-202607-1.xlsx,AG309CH,1300.00,2026-07-02 13:39:49+00,RUTAS SUR ATLANTICO S.A.,no_categoria_in_source
d4d673bb-ae0c-4082-94cf-5c8b0e71de6d,ConsumosResumen.xlsx,AG533MF,1548.82,2026-07-19 04:41:30+00,RUTAS SUR ATLANTICO S.A.,no_categoria_in_source
d4e86a4e-e426-48f9-9bd5-e30112a9e0c6,ConsumosResumen-202607-1.xlsx,AE952TH,7500.00,2026-07-07 18:56:27+00,CORREDORES VIALES SA,no_categoria_in_source
d5051945-4e88-4c71-951a-a50dd76058e0,ConsumosResumen-202607-1.xlsx,AG249HS,1500.00,2026-07-04 13:47:42+00,CORREDORES VIALES SA,no_categoria_in_source
d5392154-e290-40f8-b6d2-8775b5857ac6,ConsumosResumen-202607-1.xlsx,AE284KH,7500.00,2026-07-01 23:47:59+00,RUTAS SUR ATLANTICO S.A.,no_categoria_in_source
d5650e08-5d83-4dd5-b9a5-ab7f26904b88,ConsumosResumen-202607-1.xlsx,AG309CH,1500.00,2026-07-10 15:17:42+00,CORREDORES VIALES SA,no_categoria_in_source
d56febbb-a3c2-482e-98b7-192cca47488e,ConsumosResumen-202607-1.xlsx,AH543IQ,7500.00,2026-06-25 20:40:42+00,CORREDORES VIALES SA,no_categoria_in_source
d5797034-9b80-4f66-bc5e-7ee35557903e,ConsumosResumen.xlsx,AF202UU,6195.30,2026-07-07 12:29:41+00,RUTAS SUR ATLANTICO S.A.,no_categoria_in_source
d57cf233-4047-493c-80a9-212087a06779,ConsumosResumen-202607-1.xlsx,AB456CP,6000.00,2026-06-29 19:12:01+00,CORREDORES VIALES SA,no_categoria_in_source
d59f805d-924e-46b3-afa9-fa9dfc05db7e,ConsumosResumen-202607-1.xlsx,AG309CO,6000.00,2026-07-12 07:39:43+00,CORREDORES VIALES SA,no_categoria_in_source
d668b753-0360-4c67-8abb-fa39291a9ecf,ConsumosResumen-202607-1.xlsx,AG916MK,6000.00,2026-06-28 12:14:24+00,CORREDORES VIALES SA,no_categoria_in_source
d69e4015-aaca-4f1b-bc95-1380c602f185,ConsumosResumen.xlsx,AB456CU,6000.00,2026-07-27 00:52:50+00,CORREDORES VIALES SA,no_categoria_in_source
d6a0d30a-5073-492a-8cec-7c0a5e390e9a,ConsumosResumen.xlsx,AH351RT,7744.12,2026-07-15 03:57:30+00,RUTAS SUR ATLANTICO S.A.,no_categoria_in_source
d6a26339-4bb9-4b9e-b393-3073cc238962,ConsumosResumen.xlsx,AG822HO,6000.00,2026-07-21 16:20:02+00,CORREDORES VIALES SA,no_categoria_in_source
d6a544aa-bb96-48a9-8f36-64b668a62d02,ConsumosResumen.xlsx,AC561DQ,6000.00,2026-07-23 18:14:14+00,CORREDORES VIALES SA,no_categoria_in_source
d6aaa8a6-de20-4ea6-be1a-bd9bc2df10c9,ConsumosResumen.xlsx,AH351RS,6000.00,2026-07-01 08:22:12+00,CORREDOR VIAL 5 S.A.U.,no_categoria_in_source
d6ba4828-3717-4aa0-875c-164eb5d10f55,ConsumosResumen.xlsx,AH351RS,7148.39,2026-07-25 10:36:10+00,CORREDOR VIAL 5 S.A.U.,no_categoria_in_source
d70556b7-b316-49bf-9211-66aeff92ad7c,ConsumosResumen.xlsx,AE469PL,6000.00,2026-07-23 19:07:56+00,CORREDORES VIALES SA,no_categoria_in_source
d7142eb1-6df4-44ee-b90e-9ebad60e6040,ConsumosResumen-202607-1.xlsx,AG309CO,6000.00,2026-07-06 19:42:21+00,CORREDORES VIALES SA,no_categoria_in_source
d72e7a25-5845-4492-a588-a303e2c1ea28,ConsumosResumen-202607-1.xlsx,AF791ER,6000.00,2026-07-01 22:15:14+00,CORREDORES VIALES SA,no_categoria_in_source
d7527c90-69e0-4ed2-bb0c-efe1a65a9ee9,ConsumosResumen.xlsx,AH285SP,7500.00,2026-07-24 07:52:04+00,CORREDORES VIALES SA,no_categoria_in_source
d75c3ce5-0beb-4707-a914-5a893985900b,ConsumosResumen-202607-1.xlsx,AD482MT,6000.00,2026-07-04 17:32:24+00,CORREDORES VIALES SA,no_categoria_in_source
d763edb9-dd69-44f4-bb87-cb3c7cbbe23d,ConsumosResumen-202607-1.xlsx,AH185KI,7500.00,2026-06-29 12:16:22+00,CORREDORES VIALES SA,no_categoria_in_source
d7706983-6104-40b1-be3d-915c0fa261a7,ConsumosResumen.xlsx,AF436WI,4500.00,2026-07-18 04:02:58+00,CORREDORES VIALES SA,no_categoria_in_source
d771f88b-0bbc-47c6-b730-159b1e4478f4,ConsumosResumen.xlsx,AG862VH,6000.00,2026-07-21 18:04:41+00,CORREDORES VIALES SA,no_categoria_in_source
d7978924-31f6-4b36-b177-6631aa3f1421,ConsumosResumen-202607-1.xlsx,AD625QB,4500.00,2026-07-02 17:39:43+00,CORREDORES VIALES SA,no_categoria_in_source
d7b1dc37-092b-4372-badb-48990347d4a8,ConsumosResumen.xlsx,AD933WS,3000.00,2026-07-23 15:19:54+00,CORREDORES VIALES SA,no_categoria_in_source
d8000f33-5567-4e14-a32f-b10a7b78057f,ConsumosResumen.xlsx,AG893YR,6000.00,2026-07-17 18:49:00+00,CORREDORES VIALES SA,no_categoria_in_source
d807f688-2243-4579-952f-e1b948960777,ConsumosResumen.xlsx,AE908YR,1500.00,2026-07-17 17:46:54+00,CORREDORES VIALES SA,no_categoria_in_source
d822bbdc-dd09-4d1e-9203-01b5bfa46074,ConsumosResumen.xlsx,AF533SR,6000.00,2026-07-14 13:44:44+00,CORREDORES VIALES SA,no_categoria_in_source
d86d89e0-ddc0-4482-a08e-5f6adc337596,ConsumosResumen-202607-1.xlsx,AC264UA,6000.00,2026-07-10 08:04:50+00,CORREDORES VIALES SA,no_categoria_in_source
d8adca0b-5478-460d-b4d9-790c8c8e5270,ConsumosResumen-202607-1.xlsx,AF231PZ,6000.00,2026-07-11 05:44:36+00,CORREDORES VIALES SA,no_categoria_in_source
d8cab138-64d1-43bd-93e2-0bead07116a1,ConsumosResumen.xlsx,AH351RT,7744.12,2026-07-24 06:32:02+00,RUTAS SUR ATLANTICO S.A.,no_categoria_in_source
d8d0449a-cf69-45f1-bb4f-85db5eb2c0c1,ConsumosResumen.xlsx,AF436WI,3097.65,2026-07-27 21:42:18+00,RUTAS SUR ATLANTICO S.A.,no_categoria_in_source
d90823cc-ddf5-49d5-88dc-721fbba8301a,ConsumosResumen-202607-1.xlsx,AG939HR,7500.00,2026-07-11 15:00:46+00,CORREDORES VIALES SA,no_categoria_in_source
d93fe3a0-da28-4f8a-a087-88e438abd628,ConsumosResumen-202607-1.xlsx,AF791ER,6000.00,2026-07-03 17:36:12+00,CORREDORES VIALES SA,no_categoria_in_source
d957a94c-4020-4946-8226-b81d82916761,ConsumosResumen-202607-1.xlsx,AH185KI,7500.00,2026-07-07 22:22:57+00,CORREDORES VIALES SA,no_categoria_in_source
d978abdc-4e3c-4878-bff9-57001814c610,ConsumosResumen.xlsx,AG939HX,6000.00,2026-07-15 06:33:31+00,CORREDORES VIALES SA,no_categoria_in_source
d9cd5296-8f72-4251-827c-60e4764beade,ConsumosResumen.xlsx,AH285SP,7500.00,2026-07-23 18:09:07+00,CORREDORES VIALES SA,no_categoria_in_source
d9deb0a6-5ab9-4003-91c8-6e8121e00de0,ConsumosResumen-202607-1.xlsx,AH033DL,6000.00,2026-06-29 12:29:11+00,CORREDORES VIALES SA,no_categoria_in_source
d9f24a0d-4be7-4d97-b232-d4c1ad3c064d,ConsumosResumen.xlsx,AD239PP,6000.00,2026-07-16 11:45:43+00,CORREDORES VIALES SA,no_categoria_in_source
da111243-d135-4182-9c4b-e10624188164,ConsumosResumen.xlsx,AH554RQ,8935.49,2026-07-10 08:43:06+00,CORREDOR VIAL 5 S.A.U.,no_categoria_in_source
da47c96b-830d-4705-9cd6-f0f6e428933c,ConsumosResumen.xlsx,AG822HO,7148.39,2026-07-20 06:31:56+00,CORREDOR VIAL 5 S.A.U.,no_categoria_in_source
da4f2a96-2406-4193-8c0d-4e727fab7bc6,ConsumosResumen.xlsx,AE751PA,7500.00,2026-07-17 20:58:53+00,CORREDORES VIALES SA,no_categoria_in_source
da697b68-e1b2-4461-ac49-d4dcce415fee,ConsumosResumen.xlsx,AH554RQ,8935.49,2026-07-06 18:04:44+00,CORREDOR VIAL 5 S.A.U.,no_categoria_in_source
da6e5d85-5dbf-40f8-8d6e-eeec9c29923c,ConsumosResumen-202607-1.xlsx,AG533MF,1500.00,2026-07-07 21:28:19+00,CORREDORES VIALES SA,no_categoria_in_source
da72c38f-9e1b-4111-8e08-1146a08640f4,ConsumosResumen.xlsx,AH285SP,7500.00,2026-07-27 20:30:51+00,CORREDORES VIALES SA,no_categoria_in_source
dacfb9ef-c586-4a15-a797-f0090426257f,ConsumosResumen.xlsx,AD667DM,6000.00,2026-07-14 11:30:34+00,CORREDORES VIALES SA,no_categoria_in_source
dacfdca6-55d3-4256-82b7-458e4ae3c02d,ConsumosResumen-202607-1.xlsx,AH185KI,8935.49,2026-07-07 16:46:54+00,RUTAS SUR ATLANTICO S.A.,no_categoria_in_source
dadc96ae-d44f-40be-b9c2-0e07bcfd8544,ConsumosResumen.xlsx,AG309CH,1500.00,2026-07-23 02:07:44+00,CORREDORES VIALES SA,no_categoria_in_source
daf58c7c-eea2-409e-bb53-cb1f01b2d5c5,ConsumosResumen.xlsx,AF533SR,7500.00,2026-07-27 14:20:24+00,CORREDORES VIALES SA,no_categoria_in_source
db0b75b7-bdcf-48f7-a88c-65cd3fdd7b34,ConsumosResumen.xlsx,AF436WI,7744.12,2026-07-24 11:29:51+00,RUTAS SUR ATLANTICO S.A.,no_categoria_in_source
db47ab92-fe6f-4423-964d-83b154c632e5,ConsumosResumen-202607-1.xlsx,AE831SI,3574.19,2026-07-10 10:52:22+00,RUTAS SUR ATLANTICO S.A.,no_categoria_in_source
dbaf7f29-b0fc-40c8-af98-1d89b45e68b4,ConsumosResumen.xlsx,AH285SP,7500.00,2026-07-27 19:34:29+00,CORREDORES VIALES SA,no_categoria_in_source
dbc14b48-8194-47bd-a81b-68d4721513f6,ConsumosResumen-202607-1.xlsx,AF389UV,4500.00,2026-07-09 20:49:01+00,CORREDORES VIALES SA,no_categoria_in_source
dc00a75c-e1bd-435b-a978-94442d2004e8,ConsumosResumen-202607-1.xlsx,AH033DL,6000.00,2026-07-09 17:09:55+00,CORREDORES VIALES SA,no_categoria_in_source
dc140e95-829c-4769-bc13-ae15bfb8e76e,ConsumosResumen-202607-1.xlsx,AA561YA,6000.00,2026-06-29 18:08:16+00,CORREDORES VIALES SA,no_categoria_in_source
dc5aa6e3-90ca-4a2f-9219-d9dc4430d745,ConsumosResumen.xlsx,AF533SR,7500.00,2026-07-23 15:02:08+00,CORREDORES VIALES SA,no_categoria_in_source
dc8c96ef-1ed3-44bc-822c-e0de733616fa,ConsumosResumen.xlsx,AG822HO,7148.39,2026-07-07 15:58:29+00,CORREDOR VIAL 5 S.A.U.,no_categoria_in_source
dc932975-a102-4995-a8a6-f6a1efb1f7fb,ConsumosResumen.xlsx,AH185KI,7500.00,2026-07-24 17:29:57+00,CORREDORES VIALES SA,no_categoria_in_source
dce1e42d-12cb-43a7-b6fa-6e9f378dcd96,ConsumosResumen-202607-1.xlsx,AD239PP,6000.00,2026-07-08 12:43:24+00,CORREDORES VIALES SA,no_categoria_in_source
dd2cc81b-2e7e-4569-a2b3-d342e377c54d,ConsumosResumen.xlsx,AD625QA,6000.00,2026-07-25 11:04:42+00,CORREDORES VIALES SA,no_categoria_in_source
dd404527-36f8-40e3-8517-12632e20cbac,ConsumosResumen.xlsx,AF136HN,6000.00,2026-07-14 10:07:10+00,CORREDORES VIALES SA,no_categoria_in_source
dd5419c5-743d-46ee-9ddf-056be1cbbc93,ConsumosResumen.xlsx,AC295IE,6195.30,2026-07-21 04:20:23+00,RUTAS SUR ATLANTICO S.A.,no_categoria_in_source
dda058e8-4123-464a-88e0-01cd3d420557,ConsumosResumen.xlsx,AF436WI,7744.12,2026-07-23 13:24:23+00,RUTAS SUR ATLANTICO S.A.,no_categoria_in_source
ddbe9a56-61ba-4b86-9142-a9bf52fdf6fd,ConsumosResumen.xlsx,AG939HX,6000.00,2026-07-23 13:56:21+00,CORREDORES VIALES SA,no_categoria_in_source
ddf61198-c472-4f25-a94a-bbed585b3239,ConsumosResumen-202607-1.xlsx,AH033DL,6000.00,2026-06-29 22:41:51+00,CORREDORES VIALES SA,no_categoria_in_source
ddffb63c-380c-4632-8b19-ef60dd69f7d5,ConsumosResumen.xlsx,AF993HK,6000.00,2026-07-27 06:46:48+00,CORREDORES VIALES SA,no_categoria_in_source
de45715e-d0e3-478f-8159-8c48014f8107,ConsumosResumen.xlsx,AE952TH,7500.00,2026-07-24 17:00:47+00,CORREDORES VIALES SA,no_categoria_in_source
de51c3d8-69ff-4c8a-85c8-89cf6fe20d0e,ConsumosResumen.xlsx,AH543IQ,6000.00,2026-07-21 10:38:56+00,CORREDORES VIALES SA,no_categoria_in_source
de539b62-c26d-4bea-b63b-3da6647c7fba,ConsumosResumen.xlsx,EXT374,3097.65,2026-07-24 05:14:27+00,RUTAS SUR ATLANTICO S.A.,no_categoria_in_source
de795668-4732-4586-92ba-599c9d0d2dd7,ConsumosResumen-202607-1.xlsx,AH285SP,7500.00,2026-07-08 10:21:59+00,CORREDORES VIALES SA,no_categoria_in_source
de7b31ac-8e0f-472f-9929-10cab8b82549,ConsumosResumen-202607-1.xlsx,AH351RT,7500.00,2026-07-11 03:17:50+00,CORREDORES VIALES SA,no_categoria_in_source
de99fe71-fc10-417f-b032-13cb6006bd25,ConsumosResumen.xlsx,AH800QT,7500.00,2026-07-24 11:16:33+00,CORREDORES VIALES SA,no_categoria_in_source
dec67fdd-b61f-4fe4-b74b-eeca00182bde,ConsumosResumen-202607-1.xlsx,AE469PH,7500.00,2026-06-30 12:12:44+00,CORREDORES VIALES SA,no_categoria_in_source
dedd55d1-8dfa-40f1-9596-dc00145a49a6,ConsumosResumen.xlsx,AH351RT,7744.12,2026-07-14 00:49:29+00,RUTAS SUR ATLANTICO S.A.,no_categoria_in_source
df0906d4-752e-4d02-ab70-49d2c78fcba0,ConsumosResumen.xlsx,AH351RT,8935.49,2026-07-18 12:23:38+00,RUTAS SUR ATLANTICO S.A.,no_categoria_in_source
df5aec34-5f47-46dc-a487-fdf14a81a479,ConsumosResumen-202607-1.xlsx,AG916MK,6000.00,2026-07-02 01:16:18+00,CORREDORES VIALES SA,no_categoria_in_source
df694029-7ecf-437c-bfc7-7bf7c08d1ac1,ConsumosResumen.xlsx,AG110LK,7500.00,2026-07-25 11:10:23+00,CORREDORES VIALES SA,no_categoria_in_source
dfa98491-7c57-4cee-b59b-b46dfbd75abd,ConsumosResumen.xlsx,AF103ZL,6000.00,2026-07-16 13:07:08+00,CORREDORES VIALES SA,no_categoria_in_source
dfd53136-2bf1-4e0a-b0cd-d4acdcbe93d0,ConsumosResumen-202607-1.xlsx,AC812DO,6000.00,2026-07-06 06:38:09+00,CORREDORES VIALES SA,no_categoria_in_source
dfea89c9-ea0e-4e28-9c99-c07f9faeee9b,ConsumosResumen.xlsx,AG309CH,1500.00,2026-07-23 02:45:43+00,CORREDORES VIALES SA,no_categoria_in_source
e001a7ad-9ace-45d1-bcb4-ffbe8ad9ab0d,ConsumosResumen-202607-1.xlsx,AH285SP,7500.00,2026-07-01 21:36:53+00,CORREDORES VIALES SA,no_categoria_in_source
e02069bc-a9ee-4326-8be8-bc1e8df7eeff,ConsumosResumen.xlsx,AH543IQ,7500.00,2026-07-17 08:53:39+00,CORREDORES VIALES SA,no_categoria_in_source
e055d3a1-552c-4111-a247-08e02fddb92f,ConsumosResumen-202607-1.xlsx,AG110LK,7500.00,2026-06-30 17:21:20+00,CORREDORES VIALES SA,no_categoria_in_source
e0838ed1-fb14-43c9-92da-25e4a84515c5,ConsumosResumen.xlsx,AD985XP,3000.00,2026-07-14 18:01:37+00,CORREDORES VIALES SA,no_categoria_in_source
e0b21e16-875a-468b-aab0-1c3663894010,ConsumosResumen.xlsx,AG533MF,1500.00,2026-07-20 13:36:07+00,CORREDORES VIALES SA,no_categoria_in_source
e0b9a3c4-cfb0-41c0-ac13-8466a9aaa6c7,ConsumosResumen-202607-1.xlsx,AG507DK,7500.00,2026-07-08 19:25:10+00,CORREDORES VIALES SA,no_categoria_in_source
e114fae3-47f3-40fa-b661-4bba65baf0aa,ConsumosResumen-202607-1.xlsx,AF436WI,4500.00,2026-07-07 23:07:50+00,CORREDORES VIALES SA,no_categoria_in_source
e15930a3-133b-4611-a755-acb8b2c87e36,ConsumosResumen.xlsx,AG822HO,7148.39,2026-07-27 23:49:34+00,CORREDOR VIAL 5 S.A.U.,no_categoria_in_source
e177a715-d41a-4795-af5e-d993652c4af9,ConsumosResumen-202607-1.xlsx,AG862VH,6000.00,2026-07-06 20:23:18+00,CORREDORES VIALES SA,no_categoria_in_source
e1be2310-e251-48d9-bb8f-ceddfe109642,ConsumosResumen-202607-1.xlsx,AF533SR,7500.00,2026-07-02 11:42:39+00,CORREDORES VIALES SA,no_categoria_in_source
e237b20d-f048-4264-9ded-e635c8efb1ad,ConsumosResumen-202607-1.xlsx,AG507DK,7500.00,2026-07-01 20:29:19+00,CORREDORES VIALES SA,no_categoria_in_source
e2519c34-5c84-4969-9ae7-c0e4dffa3136,ConsumosResumen.xlsx,AH554RP,8935.49,2026-07-19 21:19:53+00,CORREDOR VIAL 5 S.A.U.,no_categoria_in_source
e26f48b7-c42d-4928-85a6-4bb48228f39b,ConsumosResumen.xlsx,AG822HO,7148.39,2026-07-14 07:33:17+00,CORREDOR VIAL 5 S.A.U.,no_categoria_in_source
e29487ad-51c5-4744-a069-843b00bf206a,ConsumosResumen-202607-1.xlsx,AH729QW,7500.00,2026-07-03 00:29:07+00,CORREDORES VIALES SA,no_categoria_in_source
e2ad170a-125b-4cdf-ab1e-551c5fe6ba43,ConsumosResumen.xlsx,AD736OU,8935.49,2026-07-16 21:53:13+00,CORREDOR VIAL 5 S.A.U.,no_categoria_in_source
e2b8d0d9-7aed-4261-98ee-758131520281,ConsumosResumen.xlsx,AH554RP,8935.49,2026-07-05 17:07:01+00,CORREDOR VIAL 5 S.A.U.,no_categoria_in_source
e2e7daeb-0239-436d-ba76-54ae2f70e7b8,ConsumosResumen-202607-1.xlsx,AB456CU,6000.00,2026-07-08 05:22:25+00,CORREDORES VIALES SA,no_categoria_in_source
e350280c-15c9-4697-bba6-87a0b52ca233,ConsumosResumen-202607-1.xlsx,AD239PP,6000.00,2026-07-04 13:35:44+00,CORREDORES VIALES SA,no_categoria_in_source
e386532c-b817-4070-b38a-bcc53b91028d,ConsumosResumen-202607-1.xlsx,AH285SP,7500.00,2026-07-08 20:47:41+00,CORREDORES VIALES SA,no_categoria_in_source
e3c7ff03-ca44-44e1-bfa9-d9427331193e,ConsumosResumen.xlsx,AG822HO,6000.00,2026-07-20 17:04:42+00,CORREDORES VIALES SA,no_categoria_in_source
e401ccaf-74e2-468f-9404-7bfd0c08f5e2,ConsumosResumen.xlsx,AD239PP,6000.00,2026-07-22 01:23:31+00,CORREDORES VIALES SA,no_categoria_in_source
e4555692-b615-4a0d-ba30-feab5b5826ee,ConsumosResumen-202607-1.xlsx,AE952TH,7500.00,2026-07-01 13:56:48+00,CORREDORES VIALES SA,no_categoria_in_source
e45c77da-be15-433c-98e8-bd04d670e53d,ConsumosResumen.xlsx,AF202UU,6000.00,2026-07-14 07:34:32+00,CORREDORES VIALES SA,no_categoria_in_source
e4aabe14-be38-4b6c-88fd-07ff4f928a7b,ConsumosResumen.xlsx,AH554RQ,8935.49,2026-07-17 16:19:46+00,CORREDOR VIAL 5 S.A.U.,no_categoria_in_source
e4b8d82f-135a-4300-85aa-319994b76efb,ConsumosResumen.xlsx,AD328WK,7148.39,2026-07-13 21:57:47+00,CORREDOR VIAL 5 S.A.U.,no_categoria_in_source
e4c44498-3438-4798-afed-56032735209c,ConsumosResumen.xlsx,AG893YR,7500.00,2026-07-26 01:49:24+00,CORREDORES VIALES SA,no_categoria_in_source
e502180a-3a17-4e30-8ef5-1ea14e493df9,ConsumosResumen.xlsx,AF509QF,6000.00,2026-07-20 18:32:33+00,CORREDORES VIALES SA,no_categoria_in_source
e505ec49-484d-482c-b37b-13fe51703d29,ConsumosResumen.xlsx,AF993HK,6000.00,2026-07-23 23:26:44+00,CORREDORES VIALES SA,no_categoria_in_source
e53834fc-6be8-41e4-baf2-0cb8c6953318,ConsumosResumen.xlsx,AH729QW,7500.00,2026-07-27 02:27:57+00,CORREDORES VIALES SA,no_categoria_in_source
e55effb1-39d2-49d4-9270-699c78abeefe,ConsumosResumen-202607-1.xlsx,AA561YA,6000.00,2026-06-26 18:37:39+00,CORREDORES VIALES SA,no_categoria_in_source
e593d091-0718-4f8a-8cea-1e79a66afea8,ConsumosResumen-202607-1.xlsx,AG249HS,1500.00,2026-07-04 21:24:53+00,CORREDORES VIALES SA,no_categoria_in_source
e5b986f7-169f-4350-91e5-8cfe45229685,ConsumosResumen.xlsx,AH554RP,8935.49,2026-07-14 08:29:53+00,CORREDOR VIAL 5 S.A.U.,no_categoria_in_source
e5fcc31a-edfd-4a9d-bccd-7a9f08d19fec,ConsumosResumen.xlsx,AE469PL,6000.00,2026-07-13 20:24:21+00,CORREDORES VIALES SA,no_categoria_in_source
e61f0742-3980-48d4-9a20-da1621e7affb,ConsumosResumen.xlsx,AD625QA,6000.00,2026-07-16 13:57:07+00,CORREDORES VIALES SA,no_categoria_in_source
e62754a9-3efc-48dc-a6fa-0520d57ba3c7,ConsumosResumen.xlsx,AH351RT,7500.00,2026-07-24 12:52:16+00,CORREDORES VIALES SA,no_categoria_in_source
e645a21a-2aa3-446d-9190-7027984caf1d,ConsumosResumen.xlsx,AD625QA,6000.00,2026-07-24 17:46:23+00,CORREDORES VIALES SA,no_categoria_in_source
e69c28cb-3d51-430c-b15d-9593079a1d29,ConsumosResumen-202607-1.xlsx,AH285SP,7500.00,2026-07-06 21:31:54+00,CORREDORES VIALES SA,no_categoria_in_source
e6ac889b-2b18-4d59-b52c-1209fe1fa248,ConsumosResumen-202607-1.xlsx,AG893YR,6000.00,2026-07-12 19:31:45+00,CORREDORES VIALES SA,no_categoria_in_source
e714339c-8a9c-4cfb-90be-ee76d3f8c040,ConsumosResumen-202607-1.xlsx,AF411UY,6000.00,2026-07-08 09:25:00+00,CORREDORES VIALES SA,no_categoria_in_source
e74b73ac-989e-4f35-aadb-b00c768a9461,ConsumosResumen.xlsx,AD625QA,6000.00,2026-07-15 02:42:45+00,CORREDORES VIALES SA,no_categoria_in_source
e78865e9-e6a0-4806-a72b-b8d3b3e0102f,ConsumosResumen.xlsx,AG507DK,7500.00,2026-07-25 13:22:34+00,CORREDORES VIALES SA,no_categoria_in_source
e7baf0d1-bdad-47cf-9eaa-d835e0441ba7,ConsumosResumen.xlsx,AD985XP,3000.00,2026-07-23 10:15:22+00,CORREDORES VIALES SA,no_categoria_in_source
e7c52585-0fc2-4324-85a2-a24429c57b18,ConsumosResumen.xlsx,AD625QA,6195.30,2026-07-27 22:39:38+00,RUTAS SUR ATLANTICO S.A.,no_categoria_in_source
e83c31f0-080c-4743-8de3-70c23574bde1,ConsumosResumen-202607-1.xlsx,AB456CP,6000.00,2026-07-06 16:05:20+00,CORREDORES VIALES SA,no_categoria_in_source
e897b9a6-62cc-456a-93a0-4b7074843f82,ConsumosResumen.xlsx,AH554RQ,8935.49,2026-07-10 11:14:11+00,CORREDOR VIAL 5 S.A.U.,no_categoria_in_source
e903efff-b96c-49f6-aa86-65c1fce8c050,ConsumosResumen-202607-1.xlsx,AH351RT,7500.00,2026-06-28 22:48:04+00,CORREDORES VIALES SA,no_categoria_in_source
e92597e4-ff4d-4734-98f7-f0ea5b6cdaeb,ConsumosResumen.xlsx,AG507DK,7500.00,2026-07-18 05:21:25+00,CORREDORES VIALES SA,no_categoria_in_source
e935b860-9526-4db4-8059-509d0d4ad554,ConsumosResumen.xlsx,AF389UV,4646.47,2026-07-20 13:08:13+00,RUTAS SUR ATLANTICO S.A.,no_categoria_in_source
e95f833c-5755-4e77-848a-cfc5f661fcc5,ConsumosResumen-202607-1.xlsx,AG893YR,6000.00,2026-07-06 20:15:46+00,CORREDORES VIALES SA,no_categoria_in_source
e96b24ed-863b-4dd0-a106-e62d5c760e59,ConsumosResumen-202607-1.xlsx,AF389UV,4500.00,2026-07-01 15:59:19+00,CORREDORES VIALES SA,no_categoria_in_source
e96b44c8-b5f6-4717-8795-f18c3cfb6424,ConsumosResumen.xlsx,AB456CQ,6000.00,2026-07-16 11:14:52+00,CORREDORES VIALES SA,no_categoria_in_source
e9799efd-5681-4752-9361-d6b30ab54490,ConsumosResumen-202607-1.xlsx,AH554RQ,7500.00,2026-07-09 16:10:34+00,CORREDORES VIALES SA,no_categoria_in_source
e9cc0f2d-ee38-4465-b7b9-d1ea4f25a4e0,ConsumosResumen.xlsx,AF389UV,4646.47,2026-07-22 06:18:39+00,RUTAS SUR ATLANTICO S.A.,no_categoria_in_source
ea2245d1-ac09-40f0-ae36-a5cccde2ea71,ConsumosResumen.xlsx,AE952TH,8935.49,2026-07-20 00:40:26+00,CORREDOR VIAL 5 S.A.U.,no_categoria_in_source
ea6db4f3-1b7e-4673-a25f-0500f07b90a6,ConsumosResumen.xlsx,AE284KH,4500.00,2026-07-17 02:51:04+00,CORREDORES VIALES SA,no_categoria_in_source
eaa228c7-8cd2-4194-adea-ec833533fe26,ConsumosResumen-202607-1.xlsx,AF136HN,6000.00,2026-07-01 10:19:22+00,CORREDORES VIALES SA,no_categoria_in_source
eab83cd2-92f7-415a-a61d-3c1cdd60ecda,ConsumosResumen.xlsx,AH554RQ,7500.00,2026-07-24 09:44:10+00,CORREDORES VIALES SA,no_categoria_in_source
eac312e3-d27d-48e6-8c4c-ad6a39092f9a,ConsumosResumen.xlsx,AG533MF,1500.00,2026-07-19 00:52:14+00,CORREDORES VIALES SA,no_categoria_in_source
ead3648b-9105-406c-8629-ba9212d3f6f5,ConsumosResumen-202607-1.xlsx,AE952TH,7500.00,2026-06-29 22:03:52+00,CORREDORES VIALES SA,no_categoria_in_source
eb07e864-e3d2-4b1b-9407-29f8c0b45761,ConsumosResumen.xlsx,AG249HS,1500.00,2026-07-16 06:02:51+00,CORREDORES VIALES SA,no_categoria_in_source
eb1fd4e3-b6e9-4c43-aeb6-4c0339aac269,ConsumosResumen.xlsx,AG309CO,6000.00,2026-07-24 20:30:39+00,CORREDORES VIALES SA,no_categoria_in_source
eb4f62ab-7744-4991-bdd2-0206c37c96b8,ConsumosResumen-202607-1.xlsx,AF202UU,7744.12,2026-07-09 16:44:52+00,RUTAS SUR ATLANTICO S.A.,no_categoria_in_source
eb687647-15f6-4a29-bdde-4782512707f1,ConsumosResumen-202607-1.xlsx,AG939HR,6000.00,2026-07-09 10:41:01+00,CORREDORES VIALES SA,no_categoria_in_source
eb69fc06-6697-4095-9fa3-6a1085209037,ConsumosResumen-202607-1.xlsx,AF436WI,4500.00,2026-06-30 08:21:20+00,CORREDORES VIALES SA,no_categoria_in_source
eb83c8ea-0563-4830-b030-8395bbf0fb96,ConsumosResumen.xlsx,AG916MK,6000.00,2026-07-15 02:04:03+00,CORREDORES VIALES SA,no_categoria_in_source
eb8a6144-68df-4cbb-ae23-a4352db4ad31,ConsumosResumen-202607-1.xlsx,AE831SI,7500.00,2026-07-02 14:07:34+00,CORREDORES VIALES SA,no_categoria_in_source
ebc008b0-3cd8-4c88-a358-799e30a74eef,ConsumosResumen.xlsx,AH554RQ,8935.49,2026-07-14 14:55:26+00,CORREDOR VIAL 5 S.A.U.,no_categoria_in_source
ebefdc60-73c5-44b4-9de4-75b75c5cbb3f,ConsumosResumen.xlsx,AC295IE,3000.00,2026-07-26 20:56:49+00,CORREDORES VIALES SA,no_categoria_in_source
ec3ff2ff-5d57-489b-8b78-f7130e94765d,ConsumosResumen-202607-1.xlsx,EXT374,6000.00,2026-06-30 10:29:02+00,CORREDORES VIALES SA,no_categoria_in_source
ec5fc6f1-2fce-4bb6-9892-ba538ff2e966,ConsumosResumen.xlsx,AH554RQ,8935.49,2026-07-14 17:32:19+00,CORREDOR VIAL 5 S.A.U.,no_categoria_in_source
ecb78497-29e4-4bb0-a6ff-3808c3348e94,ConsumosResumen-202607-1.xlsx,AG939HR,6000.00,2026-07-01 09:22:17+00,CORREDORES VIALES SA,no_categoria_in_source
ecd12c09-4566-4bd2-b24d-18770300ba62,ConsumosResumen.xlsx,AD239PP,6000.00,2026-07-15 10:44:02+00,CORREDORES VIALES SA,no_categoria_in_source
ed52cc2e-2b0f-4642-87f7-85dc3f64547f,ConsumosResumen-202607-1.xlsx,AD239PP,6000.00,2026-06-30 21:50:37+00,CORREDORES VIALES SA,no_categoria_in_source
ed5f4fbb-9d59-4a08-bea6-7b8d850235d9,ConsumosResumen.xlsx,AF436WI,4500.00,2026-07-20 17:32:32+00,CORREDORES VIALES SA,no_categoria_in_source
ed74efd5-8176-4bbe-a09d-c0d3dda46f68,ConsumosResumen-202607-1.xlsx,AD625QA,6000.00,2026-07-08 09:32:07+00,CORREDORES VIALES SA,no_categoria_in_source
ed969bd8-ea1c-4fcc-9da9-11c882c76093,ConsumosResumen-202607-1.xlsx,AD985XP,3000.00,2026-07-06 17:12:53+00,CORREDORES VIALES SA,no_categoria_in_source
ed9dd03c-cbe3-4c2d-8c8d-22ec9e750120,ConsumosResumen-202607-1.xlsx,AD933WS,3000.00,2026-06-29 06:49:16+00,CORREDORES VIALES SA,no_categoria_in_source
edda9805-00fb-4d83-baa3-d8f259764deb,ConsumosResumen.xlsx,AD667DM,6000.00,2026-07-23 18:21:55+00,CORREDORES VIALES SA,no_categoria_in_source
ee19af83-ae6c-4f1d-9fb7-b3b3c320a40a,ConsumosResumen-202607-1.xlsx,AG862VH,7500.00,2026-07-01 15:38:12+00,CORREDORES VIALES SA,no_categoria_in_source
ee26826e-fdc1-4b89-b59a-a832b16d5b89,ConsumosResumen.xlsx,AD625QA,6000.00,2026-07-22 19:47:38+00,CORREDORES VIALES SA,no_categoria_in_source
ee6d66f2-5e32-4bfd-b80c-87925c84277e,ConsumosResumen.xlsx,AD096FX,6000.00,2026-07-20 09:11:53+00,CORREDORES VIALES SA,no_categoria_in_source
ef1def35-6271-4f69-a0e9-12add6ef2d02,ConsumosResumen.xlsx,OWG130,6000.00,2026-07-23 10:30:50+00,CORREDORES VIALES SA,no_categoria_in_source
ef50c3e0-6b76-4429-8fad-1638c6c95cd9,ConsumosResumen-202607-1.xlsx,AF136HN,6000.00,2026-07-01 15:43:44+00,CORREDORES VIALES SA,no_categoria_in_source
ef5e0869-7048-4e5a-80bc-30dc33b729e1,ConsumosResumen-202607-1.xlsx,AH729QW,7500.00,2026-06-28 03:00:51+00,CORREDORES VIALES SA,no_categoria_in_source
ef79d454-d42f-4eba-8081-90cb2f69d3fa,ConsumosResumen-202607-1.xlsx,AG309CH,1500.00,2026-06-30 12:18:46+00,CORREDORES VIALES SA,no_categoria_in_source
efa01bca-4df7-4ec5-86ea-67c709c8e9cd,ConsumosResumen.xlsx,OWG130,6000.00,2026-07-16 09:23:30+00,CORREDORES VIALES SA,no_categoria_in_source
efc231c7-d2e2-4721-8fc0-d17749c41f58,ConsumosResumen.xlsx,AH543IQ,7500.00,2026-07-16 08:52:14+00,CORREDORES VIALES SA,no_categoria_in_source
efd53f56-ecca-4430-a7b6-6adcc2c200fa,ConsumosResumen-202607-1.xlsx,AF103ZL,6000.00,2026-07-06 18:50:06+00,CORREDORES VIALES SA,no_categoria_in_source
efd5b71c-4223-48bf-88fa-a29a2d394740,ConsumosResumen-202607-1.xlsx,AG893YR,6000.00,2026-07-03 07:56:22+00,CORREDORES VIALES SA,no_categoria_in_source
efdf036b-0175-4d0f-9b07-5d5fad0b38bf,ConsumosResumen-202607-1.xlsx,AG533MF,1500.00,2026-07-06 02:59:55+00,CORREDORES VIALES SA,no_categoria_in_source
efe76907-882d-4727-aac8-e7c7e4d16fd0,ConsumosResumen.xlsx,AB456CP,6000.00,2026-07-20 15:12:39+00,CORREDORES VIALES SA,no_categoria_in_source
efeba2d0-597d-4932-9a7e-f364857fb78f,ConsumosResumen.xlsx,AC812DO,6000.00,2026-07-19 23:25:59+00,CORREDORES VIALES SA,no_categoria_in_source
eff6a88a-443c-42c9-9665-904264b03b18,ConsumosResumen-202607-1.xlsx,AF136HN,6000.00,2026-07-10 17:30:12+00,CORREDORES VIALES SA,no_categoria_in_source
f02a7ddc-f1a0-456c-87d2-070f8015913d,ConsumosResumen-202607-1.xlsx,AH554RQ,7500.00,2026-06-28 17:17:46+00,CORREDORES VIALES SA,no_categoria_in_source
f02dea54-aad3-4eb2-8c68-385dc0de149c,ConsumosResumen.xlsx,AH554RP,8935.49,2026-07-24 12:42:35+00,CORREDOR VIAL 5 S.A.U.,no_categoria_in_source
f04cd1cb-b1bc-4358-90f1-45b284be8887,ConsumosResumen.xlsx,AF436WI,5361.29,2026-07-07 10:02:12+00,RUTAS SUR ATLANTICO S.A.,no_categoria_in_source
f0544a80-728d-437d-a377-f36388313465,ConsumosResumen-202607-1.xlsx,AF734UP,4500.00,2026-06-30 13:27:35+00,CORREDORES VIALES SA,no_categoria_in_source
f07edcfa-b028-4cd3-8a77-e445e4f6a62f,ConsumosResumen-202607-1.xlsx,AD239PP,6000.00,2026-07-03 08:57:08+00,CORREDORES VIALES SA,no_categoria_in_source
f095003a-be06-47a5-b49b-b2854a65f838,ConsumosResumen-202607-1.xlsx,AG916MK,6000.00,2026-07-11 14:01:14+00,CORREDORES VIALES SA,no_categoria_in_source
f09e48bd-e020-48d0-bc0a-ba696d18780b,ConsumosResumen.xlsx,AF436WI,4500.00,2026-07-23 10:37:48+00,CORREDORES VIALES SA,no_categoria_in_source
f0a55070-00ef-4b58-8958-dccac3e26539,ConsumosResumen-202607-1.xlsx,AH729QW,7500.00,2026-07-07 13:23:56+00,CORREDORES VIALES SA,no_categoria_in_source
f0ad83b6-f7f7-43f4-af0d-90006f4064f6,ConsumosResumen.xlsx,AE751PA,7500.00,2026-07-14 07:49:56+00,CORREDORES VIALES SA,no_categoria_in_source
f10723e8-be6b-4823-b6c4-a45a2f74a71f,ConsumosResumen-202607-1.xlsx,AG939HX,7500.00,2026-06-30 15:33:50+00,CORREDORES VIALES SA,no_categoria_in_source
f208694b-705d-411c-8a93-91c9a85d53f7,ConsumosResumen.xlsx,AG822HO,6000.00,2026-07-21 12:31:30+00,CORREDORES VIALES SA,no_categoria_in_source
f232d3b7-4de0-4cdc-be18-6dc0c64d02ad,ConsumosResumen.xlsx,AG110LK,7500.00,2026-07-22 10:05:29+00,CORREDORES VIALES SA,no_categoria_in_source
f25d2402-7d71-4ef3-b725-90bf619c5af1,ConsumosResumen.xlsx,AH554RP,8935.49,2026-07-15 12:58:37+00,CORREDOR VIAL 5 S.A.U.,no_categoria_in_source
f280b33d-d53f-4409-bb68-20094c14162f,ConsumosResumen.xlsx,AG249HS,1500.00,2026-07-15 06:31:39+00,CORREDORES VIALES SA,no_categoria_in_source
f29711c5-b279-4fbb-b56c-066a9076853a,ConsumosResumen.xlsx,AH351RS,7148.39,2026-07-20 12:56:48+00,CORREDOR VIAL 5 S.A.U.,no_categoria_in_source
f2a7823c-33b5-4dd9-92c6-a56b9cb8af70,ConsumosResumen-202607-1.xlsx,AH554RP,7500.00,2026-07-10 15:22:14+00,CORREDORES VIALES SA,no_categoria_in_source
f2c98040-636d-4cd0-b435-d036e46de487,ConsumosResumen.xlsx,AH554RQ,8935.49,2026-07-16 16:22:22+00,CORREDOR VIAL 5 S.A.U.,no_categoria_in_source
f2d3093f-e6a3-466d-8297-ca066c5c8f3c,ConsumosResumen.xlsx,AF389UV,5361.29,2026-07-22 18:43:58+00,RUTAS SUR ATLANTICO S.A.,no_categoria_in_source
f2ebc010-3f98-4549-8284-517537b1039c,ConsumosResumen.xlsx,AG822HO,7148.39,2026-07-17 22:43:58+00,CORREDOR VIAL 5 S.A.U.,no_categoria_in_source
f311889a-d459-4ae0-85a3-64c3e9266579,ConsumosResumen.xlsx,AH554RQ,8935.49,2026-07-27 15:36:07+00,CORREDOR VIAL 5 S.A.U.,no_categoria_in_source
f3227a55-f04d-4380-9654-d06c27e9ca08,ConsumosResumen-202607-1.xlsx,AD625QB,4500.00,2026-07-06 17:40:37+00,CORREDORES VIALES SA,no_categoria_in_source
f3267774-d16e-487e-a58b-08419a3eed0c,ConsumosResumen-202607-1.xlsx,AH351RT,7500.00,2026-07-09 02:00:48+00,CORREDORES VIALES SA,no_categoria_in_source
f35c0ede-bd66-4281-85bf-cc27b9314c37,ConsumosResumen-202607-1.xlsx,AF231PZ,6000.00,2026-06-30 03:34:36+00,CORREDORES VIALES SA,no_categoria_in_source
f36e7f3e-c08d-4cc9-8465-b0d0fbb76a46,ConsumosResumen.xlsx,AG822HO,7148.39,2026-07-05 02:55:28+00,CORREDOR VIAL 5 S.A.U.,no_categoria_in_source
f3ba3f97-ceef-4c4f-95e8-9f0c308ffe64,ConsumosResumen.xlsx,AG893YR,7148.39,2026-07-22 16:09:37+00,RUTAS SUR ATLANTICO S.A.,no_categoria_in_source
f3dbbe6f-034e-4c61-92cf-1019ef8a4964,ConsumosResumen.xlsx,AC264UA,6000.00,2026-07-24 08:26:52+00,CORREDORES VIALES SA,no_categoria_in_source
f412553b-d977-4a47-88c3-8546019cfe27,ConsumosResumen.xlsx,AF436WI,3097.65,2026-07-17 04:46:34+00,RUTAS SUR ATLANTICO S.A.,no_categoria_in_source
f4592e41-a1b3-4d00-ad0a-f3639bb42656,ConsumosResumen.xlsx,AG916MK,6195.30,2026-07-27 12:10:00+00,RUTAS SUR ATLANTICO S.A.,no_categoria_in_source
f47576b5-ca16-42c3-9aea-ddc207b19608,ConsumosResumen-202607-1.xlsx,AF202UU,6000.00,2026-06-30 06:35:11+00,CORREDORES VIALES SA,no_categoria_in_source
f49479c6-b9ae-4134-a8aa-e7c3acb292cb,ConsumosResumen-202607-1.xlsx,AF533SR,7500.00,2026-07-04 11:18:23+00,CORREDORES VIALES SA,no_categoria_in_source
f4af0810-e70e-4849-bc14-f8ddfd39ab59,ConsumosResumen.xlsx,AD482MT,6000.00,2026-07-13 14:15:52+00,CORREDORES VIALES SA,no_categoria_in_source
f4af307b-7dcb-46eb-a5e9-5f89da500dc4,ConsumosResumen.xlsx,AH554RQ,8935.49,2026-07-08 19:11:43+00,CORREDOR VIAL 5 S.A.U.,no_categoria_in_source
f4ba26fa-284d-41cd-b0bd-4034f175868d,ConsumosResumen-202607-1.xlsx,AC264UA,6000.00,2026-07-03 17:06:15+00,CORREDORES VIALES SA,no_categoria_in_source
f4ca72d3-8d88-473d-8474-8a7a43e260e7,ConsumosResumen.xlsx,AH729QW,8935.49,2026-07-03 17:58:23+00,RUTAS SUR ATLANTICO S.A.,no_categoria_in_source
f4e2d1ef-356b-404b-bd3e-bcae02a1e8f1,ConsumosResumen-202607-1.xlsx,AF436WI,4500.00,2026-06-28 14:27:50+00,CORREDORES VIALES SA,no_categoria_in_source
f5027355-8c98-4694-8f23-bda560ed37d7,ConsumosResumen.xlsx,AD736OU,8935.49,2026-07-16 17:10:14+00,CORREDOR VIAL 5 S.A.U.,no_categoria_in_source
f51bd725-f9f0-4d62-bb3d-2a9fc28d98e8,ConsumosResumen-202607-1.xlsx,AG533MF,1500.00,2026-07-01 22:31:47+00,CORREDORES VIALES SA,no_categoria_in_source
f529d094-c639-49b3-9336-39d29408fb9d,ConsumosResumen.xlsx,AF231PZ,6000.00,2026-07-23 18:06:58+00,CORREDORES VIALES SA,no_categoria_in_source
f5479a0d-dcd4-4f37-ac76-3ed83b42feb9,ConsumosResumen.xlsx,AE831SI,7500.00,2026-07-18 09:30:19+00,CORREDORES VIALES SA,no_categoria_in_source
f55262ce-0cfe-4107-b96d-5d660451a3df,ConsumosResumen.xlsx,AE469PL,6000.00,2026-07-25 05:15:52+00,CORREDORES VIALES SA,no_categoria_in_source
f59a7b2b-a917-45cd-8ce3-3637e9d00b2a,ConsumosResumen.xlsx,AD667DM,6000.00,2026-07-20 19:30:26+00,CORREDORES VIALES SA,no_categoria_in_source
f5cf05fe-7c9c-4285-9149-9e78b3fc5b43,ConsumosResumen.xlsx,AG939HR,6000.00,2026-07-22 17:12:49+00,CORREDORES VIALES SA,no_categoria_in_source
f6056e9b-8504-4f68-8e1f-65e678b591b5,ConsumosResumen.xlsx,AF136HN,6000.00,2026-07-22 22:37:10+00,CORREDORES VIALES SA,no_categoria_in_source
f62a6221-7cc4-4560-8624-29345691142f,ConsumosResumen.xlsx,PMK414,1548.82,2026-07-13 20:59:34+00,RUTAS SUR ATLANTICO S.A.,no_categoria_in_source
f64f3e86-c861-44c5-8efa-d662372f2d21,ConsumosResumen.xlsx,AG822HO,7148.39,2026-07-11 17:20:18+00,CORREDOR VIAL 5 S.A.U.,no_categoria_in_source
f65bd54d-efb8-401a-84b0-03b83875916a,ConsumosResumen-202607-1.xlsx,AD625QB,4500.00,2026-07-01 08:46:25+00,CORREDORES VIALES SA,no_categoria_in_source
f6876b0d-4e18-4b69-a38a-2c6fac4de9bf,ConsumosResumen.xlsx,AB456CP,6000.00,2026-07-27 17:10:19+00,CORREDORES VIALES SA,no_categoria_in_source
f6d37c03-0735-4d9f-b4b1-2da41a9d2ac7,ConsumosResumen-202607-1.xlsx,AH729QW,7500.00,2026-06-29 17:39:21+00,CORREDORES VIALES SA,no_categoria_in_source
f6d6c110-2f9f-4245-ae2c-8398d332f228,ConsumosResumen-202607-1.xlsx,AG309CO,6000.00,2026-07-01 12:29:05+00,CORREDORES VIALES SA,no_categoria_in_source
f6dd42eb-a1b7-4159-98c5-2bea5a45def4,ConsumosResumen.xlsx,AB456CP,6000.00,2026-07-21 11:34:33+00,CORREDORES VIALES SA,no_categoria_in_source
f6fc99c8-5c55-4ca0-a73e-1ef5198515e7,ConsumosResumen-202607-1.xlsx,AG862VH,7500.00,2026-06-28 09:04:54+00,CORREDORES VIALES SA,no_categoria_in_source
f7342bfa-5940-4c99-9a8c-94cd9021c7ce,ConsumosResumen-202607-1.xlsx,AE952TH,7500.00,2026-07-02 10:16:56+00,CORREDORES VIALES SA,no_categoria_in_source
f73e6b21-fed5-49ba-aef8-d9947138848b,ConsumosResumen-202607-1.xlsx,AG939HX,6000.00,2026-07-02 03:35:50+00,CORREDORES VIALES SA,no_categoria_in_source
f7797630-b6fb-465a-afb5-afc90cbc9a2e,ConsumosResumen.xlsx,AG309CO,6000.00,2026-07-21 06:11:42+00,CORREDORES VIALES SA,no_categoria_in_source
f7932478-3058-426c-8c18-80227f723948,ConsumosResumen.xlsx,AH285SP,7500.00,2026-07-24 08:48:40+00,CORREDORES VIALES SA,no_categoria_in_source
f7ee0453-1aef-4c6e-87d0-303a199378c1,ConsumosResumen.xlsx,AE831SI,7500.00,2026-07-14 16:01:13+00,CORREDORES VIALES SA,no_categoria_in_source
f80b12c4-0b42-49c3-b5fa-85096006bdc4,ConsumosResumen-202607-1.xlsx,AF791ER,6000.00,2026-07-03 21:51:12+00,CORREDORES VIALES SA,no_categoria_in_source
f8144859-952f-4e27-87da-9dc62dcebeca,ConsumosResumen.xlsx,AG249HS,1500.00,2026-07-21 13:18:59+00,CORREDORES VIALES SA,no_categoria_in_source
f85c6cd6-84d7-4ddf-98ad-a2ec25eecc2f,ConsumosResumen-202607-1.xlsx,AF202UU,6000.00,2026-07-12 18:19:36+00,CORREDORES VIALES SA,no_categoria_in_source
f86cc96c-ffcb-4493-b8fb-754977f589f4,ConsumosResumen.xlsx,AC561DQ,6000.00,2026-07-24 15:38:17+00,CORREDORES VIALES SA,no_categoria_in_source
f86e2b36-d956-490c-9f70-450f9d4e365b,ConsumosResumen.xlsx,AE751PA,3574.19,2026-07-21 10:37:50+00,RUTAS SUR ATLANTICO S.A.,no_categoria_in_source
f8829d70-5626-4cb2-ab37-3e813298f9bb,ConsumosResumen.xlsx,AE952TH,8935.49,2026-07-27 17:52:31+00,CORREDOR VIAL 5 S.A.U.,no_categoria_in_source
f8915230-2223-4ea3-9aea-ba8b73c8dba6,ConsumosResumen.xlsx,AH251LE,7500.00,2026-07-20 17:48:25+00,CORREDORES VIALES SA,no_categoria_in_source
f8d88a7a-15fe-4322-8e46-99da3d8dd218,ConsumosResumen.xlsx,AG309CO,7500.00,2026-07-25 10:17:34+00,CORREDORES VIALES SA,no_categoria_in_source
f944e232-2466-4a92-ab9c-a475cdd88987,ConsumosResumen.xlsx,AG533MF,1787.10,2026-07-08 23:29:32+00,CORREDOR VIAL 5 S.A.U.,no_categoria_in_source
f957cdaf-d946-4445-9223-b3b1f210a56c,ConsumosResumen-202607-1.xlsx,AD625QB,6000.00,2026-07-01 06:11:34+00,CORREDORES VIALES SA,no_categoria_in_source
f9bb7bb0-9398-4c10-82ef-e865c6d1057e,ConsumosResumen.xlsx,AH729QW,7744.12,2026-07-24 03:52:06+00,RUTAS SUR ATLANTICO S.A.,no_categoria_in_source
f9cb02c1-a2d3-4fc3-8d85-85054d978e0d,ConsumosResumen-202607-1.xlsx,AG309CO,6000.00,2026-07-01 10:33:46+00,CORREDORES VIALES SA,no_categoria_in_source
f9edb248-1c7c-45aa-a4a7-8fb71dc87cb7,ConsumosResumen.xlsx,AH351RS,7148.39,2026-07-06 17:16:16+00,CORREDOR VIAL 5 S.A.U.,no_categoria_in_source
fa057fcd-5054-41d2-89cc-1681f6c98a2b,ConsumosResumen-202607-1.xlsx,AH800QR,7500.00,2026-07-12 17:44:42+00,CORREDORES VIALES SA,no_categoria_in_source
fa1a397d-5a85-437a-8de0-0f765ec2e583,ConsumosResumen.xlsx,AH185KI,7500.00,2026-07-23 17:02:14+00,CORREDORES VIALES SA,no_categoria_in_source
fa90487e-e0c3-4902-a800-54dbd428f402,ConsumosResumen.xlsx,AG916MK,6000.00,2026-07-25 18:56:08+00,CORREDORES VIALES SA,no_categoria_in_source
fac7bec6-c4c8-44c8-bdfd-4ac2815c1c2f,ConsumosResumen.xlsx,AH351RS,7148.39,2026-07-06 19:54:36+00,CORREDOR VIAL 5 S.A.U.,no_categoria_in_source
fad00f49-a64c-44d0-9b9d-597b09615721,ConsumosResumen.xlsx,AC295IE,3000.00,2026-07-16 20:54:40+00,CORREDORES VIALES SA,no_categoria_in_source
faf66056-63b4-4fb8-a619-5ff48b5335c2,ConsumosResumen-202607-1.xlsx,AF791ER,6000.00,2026-07-06 03:28:26+00,CORREDORES VIALES SA,no_categoria_in_source
fb284da5-2926-4346-bfe7-c69cdbc50a2f,ConsumosResumen-202607-1.xlsx,AF231PZ,6000.00,2026-07-10 03:06:53+00,CORREDORES VIALES SA,no_categoria_in_source
fb2caddc-92f7-43be-aec4-6c8cdcf32d00,ConsumosResumen.xlsx,AF791ER,6000.00,2026-07-22 11:13:10+00,CORREDORES VIALES SA,no_categoria_in_source
fb2e4590-76df-42e4-8a5a-901109edf803,ConsumosResumen.xlsx,AD625QB,4500.00,2026-07-13 16:52:03+00,CORREDORES VIALES SA,no_categoria_in_source
fb502ef1-7564-4b81-9ab6-9b0a6ca6b4a2,ConsumosResumen-202607-1.xlsx,AF103ZL,6000.00,2026-06-29 22:05:29+00,CORREDORES VIALES SA,no_categoria_in_source
fb70b14b-ec9f-47fe-8236-6d551ebab0de,ConsumosResumen-202607-1.xlsx,AF103ZL,6000.00,2026-07-02 10:14:38+00,CORREDORES VIALES SA,no_categoria_in_source
fb8c6caa-07d1-4731-9fca-70e0f9ccb2d7,ConsumosResumen.xlsx,AH554RP,8935.49,2026-07-19 09:56:17+00,CORREDOR VIAL 5 S.A.U.,no_categoria_in_source
fb96e4ee-ba73-49a2-bf74-622598e6de56,ConsumosResumen.xlsx,AC295IE,3000.00,2026-07-17 20:28:11+00,CORREDORES VIALES SA,no_categoria_in_source
fbac27ea-d2be-4c35-bcc9-b6e0ea2097b4,ConsumosResumen.xlsx,AH351RS,7148.39,2026-07-17 00:30:06+00,CORREDOR VIAL 5 S.A.U.,no_categoria_in_source
fbfbadd1-294a-45e0-a755-6a324d089969,ConsumosResumen-202607-1.xlsx,AE952TH,7500.00,2026-07-05 22:57:45+00,CORREDORES VIALES SA,no_categoria_in_source
fc0f6a5c-6079-4fc6-ab3b-e90d02cb4071,ConsumosResumen.xlsx,AD985XP,3000.00,2026-07-15 13:48:34+00,CORREDORES VIALES SA,no_categoria_in_source
fc7650bd-223e-4bac-ab61-8d6bf4f10538,ConsumosResumen.xlsx,AF136HN,6195.30,2026-07-04 16:54:15+00,RUTAS SUR ATLANTICO S.A.,no_categoria_in_source
fc77c223-f17d-4ef2-a421-5899aa0b2ae5,ConsumosResumen.xlsx,AG939HR,6000.00,2026-07-21 12:02:41+00,CORREDORES VIALES SA,no_categoria_in_source
fc9aee7f-ab68-41b9-9b89-57431db0c68c,ConsumosResumen.xlsx,AF993HK,6000.00,2026-07-23 13:44:08+00,CORREDORES VIALES SA,no_categoria_in_source
fcb51de6-1843-491b-a120-98e746d3adcd,ConsumosResumen-202607-1.xlsx,AF436WI,4500.00,2026-07-02 07:19:33+00,CORREDORES VIALES SA,no_categoria_in_source
fce53ad2-b0a4-4ede-91ea-9f46ce3de934,ConsumosResumen.xlsx,AH272KN,7500.00,2026-07-13 08:56:22+00,CORREDORES VIALES SA,no_categoria_in_source
fcfde63c-e60f-4140-b511-02faec0889a5,ConsumosResumen-202607-1.xlsx,AH351RT,7500.00,2026-07-07 21:02:46+00,CORREDORES VIALES SA,no_categoria_in_source
fd4b2138-8316-4e3c-8ff4-4f869c71fd6c,ConsumosResumen.xlsx,AG249HS,1787.10,2026-07-11 12:37:16+00,CORREDOR VIAL 5 S.A.U.,no_categoria_in_source
fd4c2bbe-eca3-41f4-bb43-e851acaca37e,ConsumosResumen-202607-1.xlsx,AD985XP,3000.00,2026-07-08 11:34:45+00,CORREDORES VIALES SA,no_categoria_in_source
fd974982-a387-42b7-bdaa-d4ebdee4ca46,ConsumosResumen.xlsx,AC264UA,6000.00,2026-07-14 16:31:50+00,CORREDORES VIALES SA,no_categoria_in_source
fdb7e09d-7433-42a9-9df4-9103253d7d19,ConsumosResumen-202607-1.xlsx,AH351RT,7500.00,2026-06-30 14:48:46+00,CORREDORES VIALES SA,no_categoria_in_source
fdbbbcea-939e-423c-8d60-eeceab5cad85,ConsumosResumen.xlsx,AH543IQ,7500.00,2026-07-24 08:12:21+00,CORREDORES VIALES SA,no_categoria_in_source
fdc5cfca-41eb-4269-b7a5-08af9a549441,ConsumosResumen-202607-1.xlsx,AD328WK,6000.00,2026-07-01 12:44:39+00,CORREDORES VIALES SA,no_categoria_in_source
fdcf9c65-c596-4160-888d-6fb50a28954b,ConsumosResumen-202607-1.xlsx,AC264UA,6000.00,2026-07-11 11:47:01+00,CORREDORES VIALES SA,no_categoria_in_source
fddae518-9364-4e4b-9685-2052ba754665,ConsumosResumen.xlsx,AE284KH,4500.00,2026-07-13 09:30:36+00,CORREDORES VIALES SA,no_categoria_in_source
fe0e5884-ae5d-4122-a00d-98d0cd0ab0c3,ConsumosResumen.xlsx,AF103ZL,6000.00,2026-07-22 00:42:53+00,CORREDORES VIALES SA,no_categoria_in_source
feee29b0-1d91-4a51-bfc4-89427b3a8605,ConsumosResumen-202607-1.xlsx,AE469PL,6000.00,2026-06-29 08:37:31+00,CORREDORES VIALES SA,no_categoria_in_source
ff1152cc-5b63-429e-b240-19aab8f5df83,ConsumosResumen.xlsx,AE831SI,7500.00,2026-07-20 20:34:59+00,CORREDORES VIALES SA,no_categoria_in_source
ff2761af-96f6-4a30-96f6-d47c014fd9f2,ConsumosResumen.xlsx,AD328WK,6000.00,2026-07-14 17:56:37+00,CORREDORES VIALES SA,no_categoria_in_source
ff3d2f7a-bdd1-4a1b-84e6-f2526a6cef37,ConsumosResumen.xlsx,AF136HN,6000.00,2026-07-27 14:31:29+00,CORREDORES VIALES SA,no_categoria_in_source
ff4e1a4b-effe-48f3-9b73-9f4c9b7c5bbc,ConsumosResumen.xlsx,AD667DM,6000.00,2026-07-02 15:31:34+00,CORREDOR VIAL 5 S.A.U.,no_categoria_in_source
ff4f4228-14a6-421b-9b59-0ea1c880c23f,ConsumosResumen-202607-1.xlsx,AF791ER,6000.00,2026-07-09 15:29:10+00,CORREDORES VIALES SA,no_categoria_in_source
ff831478-8fa7-4b4c-871a-b07f0830ba01,ConsumosResumen.xlsx,AF202UU,1787.10,2026-07-25 13:06:08+00,RUTAS SUR ATLANTICO S.A.,no_categoria_in_source
ff8d1157-6377-4098-9fff-f09222c9d999,ConsumosResumen.xlsx,AG939HX,6000.00,2026-07-25 01:31:43+00,CORREDORES VIALES SA,no_categoria_in_source
ffb5f150-a217-4c3e-812f-137a23ccfd23,ConsumosResumen.xlsx,AF791ER,6000.00,2026-07-15 22:08:16+00,CORREDORES VIALES SA,no_categoria_in_source
ffd374b4-caf6-4107-93ee-037b82671eba,ConsumosResumen-202607-1.xlsx,AE469PH,7500.00,2026-07-10 03:13:53+00,CORREDORES VIALES SA,no_categoria_in_source
ffd43b46-5ae5-4ebf-8fc7-32b5ab280418,ConsumosResumen.xlsx,AD328WK,7148.39,2026-07-13 19:45:20+00,CORREDOR VIAL 5 S.A.U.,no_categoria_in_source
fff26886-6331-45b7-bb6a-142aef83e9af,ConsumosResumen.xlsx,AD328WK,6000.00,2026-07-27 08:33:17+00,CORREDORES VIALES SA,no_categoria_in_source
