file_name,fecha,hora,fecha_hora,fecha_hora_alt,patente,tarifa,categoria,concesion
pasadas_2026-07-22_1947768.csv,2026-06-29,10:43:29,2026-06-29 10:43:29+00,2026-06-29 13:43:29+00,AG507DK,6600.00,5,SANTAFE
pasadas_2026-07-22_1947768.csv,2026-07-07,10:40:25,2026-07-07 10:40:25+00,2026-07-07 13:40:25+00,AF103ZL,6600.00,5,SANTAFE
pasadas_2026-07-22_1947768.csv,2026-07-08,15:24:24,2026-07-08 15:24:24+00,2026-07-08 18:24:24+00,AF103ZL,6600.00,5,SANTAFE
pasadas_2026-07-22_1947768.csv,2026-07-07,10:10:49,2026-07-07 10:10:49+00,2026-07-07 13:10:49+00,AF103ZL,6600.00,5,SANTAFE
pasadas_2026-07-22_1947768.csv,2026-07-08,14:57:21,2026-07-08 14:57:21+00,2026-07-08 17:57:21+00,AF103ZL,6600.00,5,SANTAFE
pasadas_2026-07-22_1947768.csv,2026-06-29,10:07:18,2026-06-29 10:07:18+00,2026-06-29 13:07:18+00,AG507DK,6600.00,5,SANTAFE
pasadas_2026-07-22_1947768.csv,2026-06-26,15:57:25,2026-06-26 15:57:25+00,2026-06-26 18:57:25+00,AF136HN,8400.00,6,SANTAFE
pasadas_2026-07-22_1947768.csv,2026-06-22,12:43:52,2026-06-22 12:43:52+00,2026-06-22 15:43:52+00,AB151SM,6600.00,5,SANTAFE
pasadas_2026-07-22_1947768.csv,2026-06-22,12:02:52,2026-06-22 12:02:52+00,2026-06-22 15:02:52+00,AB151SM,6600.00,5,SANTAFE
pasadas_2026-07-22_1947768.csv,2026-06-26,10:51:04,2026-06-26 10:51:04+00,2026-06-26 13:51:04+00,AF136HN,8400.00,6,SANTAFE
pasadas_2026-07-22_1947768.csv,2026-06-24,16:07:02,2026-06-24 16:07:02+00,2026-06-24 19:07:02+00,AC295IE,17400.00,5,SANTAFE
pasadas_2026-07-22_1947768.csv,2026-06-29,16:56:16,2026-06-29 16:56:16+00,2026-06-29 19:56:16+00,AG507DK,17400.00,5,SANTAFE
pasadas_2026-07-22_1947768.csv,2026-07-01,01:13:44,2026-07-01 01:13:44+00,2026-07-01 04:13:44+00,AG939HX,17400.00,5,SANTAFE
pasadas_2026-07-22_1947768.csv,2026-07-01,12:09:01,2026-07-01 12:09:01+00,2026-07-01 15:09:01+00,AE469PH,17400.00,5,SANTAFE
pasadas_2026-07-22_1947768.csv,2026-07-01,12:19:34,2026-07-01 12:19:34+00,2026-07-01 15:19:34+00,AD985XP,17400.00,5,SANTAFE
pasadas_2026-07-22_1947768.csv,2026-07-01,13:11:15,2026-07-01 13:11:15+00,2026-07-01 16:11:15+00,AE952TH,17400.00,5,SANTAFE
pasadas_2026-07-22_1947768.csv,2026-07-06,16:05:40,2026-07-06 16:05:40+00,2026-07-06 19:05:40+00,AB151SM,17400.00,5,SANTAFE
pasadas_2026-07-22_1947768.csv,2026-07-10,13:57:42,2026-07-10 13:57:42+00,2026-07-10 16:57:42+00,AE469PH,17400.00,5,SANTAFE
pasadas_2026-07-22_1947768.csv,2026-07-15,12:17:05,2026-07-15 12:17:05+00,2026-07-15 15:17:05+00,AG893YR,21000.00,6,SANTAFE
pasadas_2026-07-22_1947768.csv,2026-06-21,20:26:41,2026-06-21 20:26:41+00,2026-06-21 23:26:41+00,AE831SI,17400.00,5,SANTAFE
pasadas_2026-07-22_1947768.csv,2026-06-22,18:36:17,2026-06-22 18:36:17+00,2026-06-22 21:36:17+00,AG916MK,21000.00,6,SANTAFE
pasadas_2026-07-22_1947768.csv,2026-06-23,21:19:01,2026-06-23 21:19:01+00,2026-06-24 00:19:01+00,AC295IE,17400.00,5,SANTAFE
pasadas_2026-07-22_1947768.csv,2026-06-24,22:02:26,2026-06-24 22:02:26+00,2026-06-25 01:02:26+00,AG507DK,17400.00,5,SANTAFE
pasadas_2026-07-22_1947768.csv,2026-06-25,08:55:57,2026-06-25 08:55:57+00,2026-06-25 11:55:57+00,AB456CU,17400.00,5,SANTAFE
pasadas_2026-07-22_1947768.csv,2026-06-25,20:50:05,2026-06-25 20:50:05+00,2026-06-25 23:50:05+00,AD625QB,17400.00,5,SANTAFE
pasadas_2026-07-22_1947768.csv,2026-06-29,10:51:59,2026-06-29 10:51:59+00,2026-06-29 13:51:59+00,AG507DK,17400.00,5,SANTAFE
pasadas_2026-07-22_1947768.csv,2026-06-30,07:11:36,2026-06-30 07:11:36+00,2026-06-30 10:11:36+00,AE952TH,17400.00,5,SANTAFE
pasadas_2026-07-22_1947768.csv,2026-06-30,13:31:07,2026-06-30 13:31:07+00,2026-06-30 16:31:07+00,AE469PH,17400.00,5,SANTAFE
pasadas_2026-07-22_1947768.csv,2026-07-03,02:12:35,2026-07-03 02:12:35+00,2026-07-03 05:12:35+00,AD667DM,17400.00,5,SANTAFE
pasadas_2026-07-22_1947768.csv,2026-07-07,10:48:31,2026-07-07 10:48:31+00,2026-07-07 13:48:31+00,AF103ZL,17400.00,5,SANTAFE
pasadas_2026-07-22_1947768.csv,2026-07-08,18:50:55,2026-07-08 18:50:55+00,2026-07-08 21:50:55+00,AH285SP,21000.00,6,SANTAFE
pasadas_2026-07-22_1947768.csv,2026-07-10,06:25:49,2026-07-10 06:25:49+00,2026-07-10 09:25:49+00,AE469PH,17400.00,5,SANTAFE
pasadas_2026-07-22_1947768.csv,2026-07-14,20:54:28,2026-07-14 20:54:28+00,2026-07-14 23:54:28+00,AG893YR,21000.00,6,SANTAFE
pasadas_2026-07-22_1947768.csv,2026-06-26,10:23:43,2026-06-26 10:23:43+00,2026-06-26 13:23:43+00,AD625QB,17400.00,5,SANTAFE
pasadas_2026-07-22_1947768.csv,2026-07-08,14:47:37,2026-07-08 14:47:37+00,2026-07-08 17:47:37+00,AF103ZL,17400.00,5,SANTAFE
pasadas_2026-07-22_1947768.csv,2026-06-30,15:23:23,2026-06-30 15:23:23+00,2026-06-30 18:23:23+00,AD985XP,17400.00,5,SANTAFE
pasadas_2026-07-22_1947768.csv,2026-07-01,22:42:22,2026-07-01 22:42:22+00,2026-07-02 01:42:22+00,AH800QT,21000.00,6,SANTAFE
pasadas_2026-07-22_1947768.csv,2026-06-29,15:24:21,2026-06-29 15:24:21+00,2026-06-29 18:24:21+00,AG507DK,17400.00,5,SANTAFE
pasadas_2026-07-22_1947768.csv,2026-06-30,23:09:28,2026-06-30 23:09:28+00,2026-07-01 02:09:28+00,AG939HX,17400.00,5,SANTAFE
pasadas_2026-07-22_1947768.csv,2026-07-01,10:34:17,2026-07-01 10:34:17+00,2026-07-01 13:34:17+00,AE469PH,17400.00,5,SANTAFE
pasadas_2026-07-22_1947768.csv,2026-07-01,10:43:45,2026-07-01 10:43:45+00,2026-07-01 13:43:45+00,AD985XP,17400.00,5,SANTAFE
pasadas_2026-07-22_1947768.csv,2026-07-01,11:37:48,2026-07-01 11:37:48+00,2026-07-01 14:37:48+00,AE952TH,17400.00,5,SANTAFE
pasadas_2026-07-22_1947768.csv,2026-07-06,14:33:28,2026-07-06 14:33:28+00,2026-07-06 17:33:28+00,AB151SM,17400.00,5,SANTAFE
pasadas_2026-07-22_1947768.csv,2026-07-10,12:24:04,2026-07-10 12:24:04+00,2026-07-10 15:24:04+00,AE469PH,17400.00,5,SANTAFE
pasadas_2026-07-22_1947768.csv,2026-07-15,10:46:33,2026-07-15 10:46:33+00,2026-07-15 13:46:33+00,AG893YR,21000.00,6,SANTAFE
pasadas_2026-07-22_1947768.csv,2026-06-26,08:50:34,2026-06-26 08:50:34+00,2026-06-26 11:50:34+00,AD625QB,17400.00,5,SANTAFE
pasadas_2026-07-22_1947768.csv,2026-07-08,13:08:03,2026-07-08 13:08:03+00,2026-07-08 16:08:03+00,AF103ZL,17400.00,5,SANTAFE
pasadas_2026-07-22_1947768.csv,2026-07-02,06:00:09,2026-07-02 06:00:09+00,2026-07-02 09:00:09+00,AH800QT,21000.00,6,SANTAFE
pasadas_2026-07-22_1947768.csv,2026-07-03,04:28:42,2026-07-03 04:28:42+00,2026-07-03 07:28:42+00,AD667DM,17400.00,5,SANTAFE
pasadas_2026-07-22_1947768.csv,2026-06-24,23:35:36,2026-06-24 23:35:36+00,2026-06-25 02:35:36+00,AG507DK,17400.00,5,SANTAFE
pasadas_2026-07-22_1947768.csv,2026-06-25,22:22:09,2026-06-25 22:22:09+00,2026-06-26 01:22:09+00,AD625QB,17400.00,5,SANTAFE
pasadas_2026-07-22_1947768.csv,2026-06-29,12:34:16,2026-06-29 12:34:16+00,2026-06-29 15:34:16+00,AG507DK,17400.00,5,SANTAFE
pasadas_2026-07-22_1947768.csv,2026-06-30,08:43:55,2026-06-30 08:43:55+00,2026-06-30 11:43:55+00,AE952TH,17400.00,5,SANTAFE
pasadas_2026-07-22_1947768.csv,2026-06-30,16:58:16,2026-06-30 16:58:16+00,2026-06-30 19:58:16+00,AE469PH,17400.00,5,SANTAFE
pasadas_2026-07-22_1947768.csv,2026-06-30,16:58:33,2026-06-30 16:58:33+00,2026-06-30 19:58:33+00,AD985XP,17400.00,5,SANTAFE
pasadas_2026-07-22_1947768.csv,2026-06-30,21:20:33,2026-06-30 21:20:33+00,2026-07-01 00:20:33+00,AF436WI,21000.00,6,SANTAFE
pasadas_2026-07-22_1947768.csv,2026-07-07,12:20:28,2026-07-07 12:20:28+00,2026-07-07 15:20:28+00,AF103ZL,17400.00,5,SANTAFE
pasadas_2026-07-22_1947768.csv,2026-07-08,20:26:09,2026-07-08 20:26:09+00,2026-07-08 23:26:09+00,AH285SP,21000.00,6,SANTAFE
pasadas_2026-07-22_1947768.csv,2026-07-10,08:27:23,2026-07-10 08:27:23+00,2026-07-10 11:27:23+00,AE469PH,17400.00,5,SANTAFE
pasadas_2026-07-22_1947768.csv,2026-07-14,22:31:31,2026-07-14 22:31:31+00,2026-07-15 01:31:31+00,AG893YR,21000.00,6,SANTAFE
pasadas_2026-07-22_1947768.csv,2026-06-30,12:14:39,2026-06-30 12:14:39+00,2026-06-30 15:14:39+00,AG939HX,6600.00,5,SANTAFE
pasadas_2026-07-22_1947768.csv,2026-06-25,23:15:26,2026-06-25 23:15:26+00,2026-06-26 02:15:26+00,AG939HX,6600.00,5,SANTAFE
pasadas_2026-07-22_1947768.csv,2026-06-30,22:26:14,2026-06-30 22:26:14+00,2026-07-01 01:26:14+00,AG939HX,6600.00,5,SANTAFE
pasadas_2026-07-22_1947768.csv,2026-07-08,13:01:17,2026-07-08 13:01:17+00,2026-07-08 16:01:17+00,AF103ZL,6600.00,5,SANTAFE
pasadas_2026-07-22_1947768.csv,2026-07-14,22:44:26,2026-07-14 22:44:26+00,2026-07-15 01:44:26+00,AG893YR,8400.00,6,SANTAFE
pasadas_2026-07-22_1947769.csv,2026-06-29,20:34:00,2026-06-29 20:34:00+00,2026-06-29 23:34:00+00,AF993HA,8400.00,6,SANTAFE
pasadas_2026-07-22_1947769.csv,2026-07-20,14:26:02,2026-07-20 14:26:02+00,2026-07-20 17:26:02+00,AF993HA,8400.00,6,SANTAFE
pasadas_2026-07-22_1947769.csv,2026-06-29,19:46:57,2026-06-29 19:46:57+00,2026-06-29 22:46:57+00,AF993HA,8400.00,6,SANTAFE
pasadas_2026-07-22_1947769.csv,2026-07-20,13:47:34,2026-07-20 13:47:34+00,2026-07-20 16:47:34+00,AF993HA,8400.00,6,SANTAFE
pasadas_2026-07-22_1947769.csv,2026-06-29,19:38:43,2026-06-29 19:38:43+00,2026-06-29 22:38:43+00,AF993HA,21000.00,6,SANTAFE
pasadas_2026-07-22_1947769.csv,2026-07-20,13:39:29,2026-07-20 13:39:29+00,2026-07-20 16:39:29+00,AF993HA,21000.00,6,SANTAFE
pasadas_2026-07-22_1947769.csv,2026-06-29,12:20:19,2026-06-29 12:20:19+00,2026-06-29 15:20:19+00,AF993HA,21000.00,6,SANTAFE
pasadas_2026-07-22_1947769.csv,2026-07-14,18:56:47,2026-07-14 18:56:47+00,2026-07-14 21:56:47+00,AI178EY,21000.00,6,SANTAFE
pasadas_2026-07-22_1947769.csv,2026-07-20,07:50:53,2026-07-20 07:50:53+00,2026-07-20 10:50:53+00,AF993HA,21000.00,6,SANTAFE
pasadas_2026-07-22_1947769.csv,2026-07-07,15:02:46,2026-07-07 15:02:46+00,2026-07-07 18:02:46+00,AI178EY,21000.00,6,SANTAFE
pasadas_2026-07-22_1947769.csv,2026-06-29,16:37:26,2026-06-29 16:37:26+00,2026-06-29 19:37:26+00,AF993HA,21000.00,6,SANTAFE
pasadas_2026-07-22_1947769.csv,2026-07-20,12:03:20,2026-07-20 12:03:20+00,2026-07-20 15:03:20+00,AF993HA,21000.00,6,SANTAFE
pasadas_2026-07-22_1947769.csv,2026-06-29,14:00:24,2026-06-29 14:00:24+00,2026-06-29 17:00:24+00,AF993HA,21000.00,6,SANTAFE
pasadas_2026-07-22_1947769.csv,2026-07-14,20:55:26,2026-07-14 20:55:26+00,2026-07-14 23:55:26+00,AI178EY,21000.00,6,SANTAFE
pasadas_2026-07-22_1947769.csv,2026-07-20,09:23:26,2026-07-20 09:23:26+00,2026-07-20 12:23:26+00,AF993HA,21000.00,6,SANTAFE
pasadas_2026-07-03_3305880.csv,2026-06-28,16:54:13,2026-06-28 16:54:13+00,2026-06-28 19:54:13+00,AG676SP,5200.00,6,CVSA
pasadas_2026-07-03_3305880.csv,2026-06-29,01:06:21,2026-06-29 01:06:21+00,2026-06-29 04:06:21+00,AF993HA,6500.00,7,CVSA
pasadas_2026-07-03_3305880.csv,2026-06-26,11:46:43,2026-06-26 11:46:43+00,2026-06-26 14:46:43+00,AI178ER,6500.00,7,CVSA
pasadas_2026-07-03_3305880.csv,2026-06-29,,,,AF993HA,6500.00,7,CVSA
pasadas_2026-07-03_3305880.csv,2026-06-26,17:34:30,2026-06-26 17:34:30+00,2026-06-26 20:34:30+00,AF993HA,7500.00,7,CVSA
pasadas_2026-07-03_3305880.csv,2026-06-26,11:27:45,2026-06-26 11:27:45+00,2026-06-26 14:27:45+00,AI178ER,6500.00,7,CVSA
pasadas_2026-07-03_3305880.csv,2026-06-26,18:00:22,2026-06-26 18:00:22+00,2026-06-26 21:00:22+00,AF993HA,7500.00,7,CVSA
pasadas_2026-07-03_3313955.csv,2026-06-29,19:08:49,2026-06-29 19:08:49+00,2026-06-29 22:08:49+00,AH351RT,7500.00,7,CVSA
pasadas_2026-07-03_3313955.csv,2026-06-29,16:55:38,2026-06-29 16:55:38+00,2026-06-29 19:55:38+00,AF091AI,7500.00,7,CVSA
pasadas_2026-07-03_3313955.csv,2026-06-29,16:03:14,2026-06-29 16:03:14+00,2026-06-29 19:03:14+00,AF202UU,7500.00,7,CVSA
pasadas_2026-07-03_3313955.csv,2026-06-28,15:54:26,2026-06-28 15:54:26+00,2026-06-28 18:54:26+00,AH185KI,6500.00,7,CVSA
pasadas_2026-07-03_3313955.csv,2026-06-26,04:36:41,2026-06-26 04:36:41+00,2026-06-26 07:36:41+00,AF436WI,6500.00,7,CVSA
pasadas_2026-07-03_3313955.csv,2026-06-25,10:56:52,2026-06-25 10:56:52+00,2026-06-25 13:56:52+00,AD482MT,6000.00,6,CVSA
pasadas_2026-07-03_3313955.csv,2026-06-26,07:55:18,2026-06-26 07:55:18+00,2026-06-26 10:55:18+00,AG533MF,1500.00,2,CVSA
pasadas_2026-07-03_3313955.csv,2026-06-26,10:10:52,2026-06-26 10:10:52+00,2026-06-26 13:10:52+00,AG533MF,1500.00,2,CVSA
pasadas_2026-07-03_3313955.csv,2026-06-29,06:26:21,2026-06-29 06:26:21+00,2026-06-29 09:26:21+00,AB456CQ,5200.00,6,CVSA
pasadas_2026-07-03_3313955.csv,2026-06-26,12:18:06,2026-06-26 12:18:06+00,2026-06-26 15:18:06+00,AF436WI,6500.00,7,CVSA
pasadas_2026-07-03_3313955.csv,2026-06-25,12:19:45,2026-06-25 12:19:45+00,2026-06-25 15:19:45+00,AE454PH,6500.00,7,CVSA
pasadas_2026-07-03_3313955.csv,2026-06-25,11:24:16,2026-06-25 11:24:16+00,2026-06-25 14:24:16+00,AF791ER,5200.00,6,CVSA
pasadas_2026-07-03_3313955.csv,2026-06-30,19:33:41,2026-06-30 19:33:41+00,2026-06-30 22:33:41+00,AF993HK,6000.00,6,CVSA
pasadas_2026-07-03_3313955.csv,2026-06-29,10:49:47,2026-06-29 10:49:47+00,2026-06-29 13:49:47+00,AD985XP,6000.00,6,CVSA
pasadas_2026-07-03_3313955.csv,2026-06-26,11:56:23,2026-06-26 11:56:23+00,2026-06-26 14:56:23+00,AE751PA,5200.00,6,CVSA
pasadas_2026-07-03_3313955.csv,2026-06-26,11:56:11,2026-06-26 11:56:11+00,2026-06-26 14:56:11+00,AF993HK,5200.00,6,CVSA
pasadas_2026-07-03_3313955.csv,2026-06-29,11:30:17,2026-06-29 11:30:17+00,2026-06-29 14:30:17+00,AD625QA,5200.00,6,CVSA
pasadas_2026-07-03_3313955.csv,2026-06-29,14:39:42,2026-06-29 14:39:42+00,2026-06-29 17:39:42+00,AG916MK,6500.00,7,CVSA
pasadas_2026-07-03_3313955.csv,2026-06-25,11:43:21,2026-06-25 11:43:21+00,2026-06-25 14:43:21+00,AE469PL,5200.00,6,CVSA
pasadas_2026-07-03_3313955.csv,2026-06-28,19:02:38,2026-06-28 19:02:38+00,2026-06-28 22:02:38+00,AG507DK,5200.00,6,CVSA
pasadas_2026-07-03_3313955.csv,2026-06-29,05:12:26,2026-06-29 05:12:26+00,2026-06-29 08:12:26+00,AD985XP,5200.00,6,CVSA
pasadas_2026-07-03_3313955.csv,2026-06-26,17:53:27,2026-06-26 17:53:27+00,2026-06-26 20:53:27+00,AG309CO,7500.00,7,CVSA
pasadas_2026-07-03_3313955.csv,2026-06-29,14:57:45,2026-06-29 14:57:45+00,2026-06-29 17:57:45+00,AG916MK,6500.00,7,CVSA
pasadas_2026-07-03_3313955.csv,2026-06-29,16:21:30,2026-06-29 16:21:30+00,2026-06-29 19:21:30+00,AF202UU,7500.00,7,CVSA
pasadas_2026-07-03_3313955.csv,2026-06-30,12:53:34,2026-06-30 12:53:34+00,2026-06-30 15:53:34+00,AF993HK,5200.00,6,CVSA
pasadas_2026-07-03_3313955.csv,2026-06-25,03:36:53,2026-06-25 03:36:53+00,2026-06-25 06:36:53+00,AF436WI,6500.00,7,CVSA
pasadas_2026-07-03_3313955.csv,2026-06-29,17:15:05,2026-06-29 17:15:05+00,2026-06-29 20:15:05+00,AF091AI,7500.00,7,CVSA
pasadas_2026-07-03_3313955.csv,2026-06-29,19:21:45,2026-06-29 19:21:45+00,2026-06-29 22:21:45+00,AF533SR,7500.00,7,CVSA
pasadas_2026-07-03_3313955.csv,2026-06-29,19:29:48,2026-06-29 19:29:48+00,2026-06-29 22:29:48+00,AH351RT,7500.00,7,CVSA
pasadas_2026-07-03_3313955.csv,2026-06-30,16:06:45,2026-06-30 16:06:45+00,2026-06-30 19:06:45+00,AH800QT,7500.00,7,CVSA
pasadas_2026-07-03_3313955.csv,2026-06-29,18:57:48,2026-06-29 18:57:48+00,2026-06-29 21:57:48+00,AF533SR,7500.00,7,CVSA
pasadas_2026-07-03_3313955.csv,2026-06-26,19:15:10,2026-06-26 19:15:10+00,2026-06-26 22:15:10+00,AF411UY,6000.00,6,CVSA
pasadas_2026-07-03_3313955.csv,2026-06-26,15:05:02,2026-06-26 15:05:02+00,2026-06-26 18:05:02+00,AH543IQ,6500.00,7,CVSA
pasadas_2026-07-03_3313955.csv,2026-06-25,18:16:13,2026-06-25 18:16:13+00,2026-06-25 21:16:13+00,AC561DQ,6000.00,6,CVSA
pasadas_2026-07-03_3313955.csv,2026-06-25,16:15:24,2026-06-25 16:15:24+00,2026-06-25 19:15:24+00,AC295IE,6000.00,6,CVSA
pasadas_2026-07-03_3313955.csv,2026-06-26,15:25:35,2026-06-26 15:25:35+00,2026-06-26 18:25:35+00,AH543IQ,6500.00,7,CVSA
pasadas_2026-07-03_3313955.csv,2026-06-25,12:02:29,2026-06-25 12:02:29+00,2026-06-25 15:02:29+00,AE469PL,5200.00,6,CVSA
pasadas_2026-07-03_3313955.csv,2026-06-26,14:09:59,2026-06-26 14:09:59+00,2026-06-26 17:09:59+00,AD239PP,5200.00,6,CVSA
pasadas_2026-07-03_3313955.csv,2026-06-25,12:09:14,2026-06-25 12:09:14+00,2026-06-25 15:09:14+00,AG110LK,5200.00,6,CVSA
pasadas_2026-07-03_3313955.csv,2026-06-26,12:15:45,2026-06-26 12:15:45+00,2026-06-26 15:15:45+00,AF993HK,5200.00,6,CVSA
pasadas_2026-07-03_3313955.csv,2026-06-26,12:15:53,2026-06-26 12:15:53+00,2026-06-26 15:15:53+00,AE751PA,5200.00,6,CVSA
pasadas_2026-07-03_3313955.csv,2026-06-26,16:07:18,2026-06-26 16:07:18+00,2026-06-26 19:07:18+00,AF791ER,6000.00,6,CVSA
pasadas_2026-07-03_3313955.csv,2026-06-26,21:32:12,2026-06-26 21:32:12+00,2026-06-27 00:32:12+00,AH729QW,6500.00,7,CVSA
pasadas_2026-07-03_3313955.csv,2026-06-28,16:11:53,2026-06-28 16:11:53+00,2026-06-28 19:11:53+00,AH185KI,6500.00,7,CVSA
pasadas_2026-07-03_3313955.csv,2026-06-28,19:19:53,2026-06-28 19:19:53+00,2026-06-28 22:19:53+00,AG507DK,5200.00,6,CVSA
pasadas_2026-07-03_3313955.csv,2026-06-29,13:13:40,2026-06-29 13:13:40+00,2026-06-29 16:13:40+00,AE284KH,5200.00,6,CVSA
pasadas_2026-07-03_3313955.csv,2026-06-26,18:47:33,2026-06-26 18:47:33+00,2026-06-26 21:47:33+00,AC812DO,6000.00,6,CVSA
pasadas_2026-07-03_3313955.csv,2026-06-25,10:54:12,2026-06-25 10:54:12+00,2026-06-25 13:54:12+00,AD239PP,6000.00,6,CVSA
pasadas_2026-07-03_3313955.csv,2026-06-29,16:06:51,2026-06-29 16:06:51+00,2026-06-29 19:06:51+00,AB151SM,6000.00,6,CVSA
pasadas_2026-07-03_3313955.csv,2026-06-26,20:11:10,2026-06-26 20:11:10+00,2026-06-26 23:11:10+00,AD239PP,5200.00,6,CVSA
pasadas_2026-07-03_3313955.csv,2026-06-27,,,,OWG130,5200.00,6,CVSA
pasadas_2026-07-03_3313955.csv,2026-06-26,18:18:45,2026-06-26 18:18:45+00,2026-06-26 21:18:45+00,AG309CO,7500.00,7,CVSA
pasadas_2026-07-03_3313955.csv,2026-06-25,10:49:23,2026-06-25 10:49:23+00,2026-06-25 13:49:23+00,AC295IE,6000.00,6,CVSA
pasadas_2026-07-03_3313955.csv,2026-06-25,12:02:29,2026-06-25 12:02:29+00,2026-06-25 15:02:29+00,AE454PH,6500.00,7,CVSA
pasadas_2026-07-03_3313955.csv,2026-06-26,05:31:10,2026-06-26 05:31:10+00,2026-06-26 08:31:10+00,AE952TH,5200.00,6,CVSA
pasadas_2026-07-03_3313955.csv,2026-06-26,14:54:37,2026-06-26 14:54:37+00,2026-06-26 17:54:37+00,OWG130,5200.00,6,CVSA
pasadas_2026-07-16_329454.csv,2026-07-01,03:06:45,2026-07-01 03:06:45+00,2026-07-01 06:06:45+00,AD736OU,3976.59,6,AUTO-OESTE
pasadas_2026-07-16_329454.csv,2026-07-01,10:07:41,2026-07-01 10:07:41+00,2026-07-01 13:07:41+00,AI178ER,5964.94,7,AUTO-OESTE
pasadas_2026-07-16_329454.csv,2026-07-01,10:32:15,2026-07-01 10:32:15+00,2026-07-01 13:32:15+00,AI178ER,5964.94,7,AUTO-OESTE
pasadas_2026-07-16_329454.csv,2026-07-01,12:21:47,2026-07-01 12:21:47+00,2026-07-01 15:21:47+00,AD736OU,3976.59,6,AUTO-OESTE
pasadas_2026-07-16_329454.csv,2026-07-01,13:06:57,2026-07-01 13:06:57+00,2026-07-01 16:06:57+00,AF993HA,4970.74,7,AUTO-OESTE
pasadas_2026-07-16_329454.csv,2026-07-01,22:00:10,2026-07-01 22:00:10+00,2026-07-02 01:00:10+00,AF993HA,4970.74,7,AUTO-OESTE
pasadas_2026-07-16_329454.csv,2026-07-01,22:36:38,2026-07-01 22:36:38+00,2026-07-02 01:36:38+00,AF993HA,4970.74,7,AUTO-OESTE
pasadas_2026-07-16_329454.csv,2026-07-05,16:06:13,2026-07-05 16:06:13+00,2026-07-05 19:06:13+00,AI042WA,994.15,2,AUTO-OESTE
pasadas_2026-07-16_329454.csv,2026-07-05,19:19:24,2026-07-05 19:19:24+00,2026-07-05 22:19:24+00,AF993HA,4970.74,7,AUTO-OESTE
pasadas_2026-07-16_329454.csv,2026-07-06,21:59:35,2026-07-06 21:59:35+00,2026-07-07 00:59:35+00,AI348TS,994.15,2,AUTO-OESTE
pasadas_2026-07-16_329454.csv,2026-07-07,05:27:06,2026-07-07 05:27:06+00,2026-07-07 08:27:06+00,AI178ER,4970.74,7,AUTO-OESTE
pasadas_2026-07-16_329454.csv,2026-07-07,05:52:51,2026-07-07 05:52:51+00,2026-07-07 08:52:51+00,AI178ER,4970.74,7,AUTO-OESTE
pasadas_2026-07-16_329454.csv,2026-07-07,08:44:36,2026-07-07 08:44:36+00,2026-07-07 11:44:36+00,AI348TS,1192.99,2,AUTO-OESTE
pasadas_2026-07-16_329454.csv,2026-07-07,09:11:40,2026-07-07 09:11:40+00,2026-07-07 12:11:40+00,AI348TS,1192.99,2,AUTO-OESTE
pasadas_2026-07-16_329454.csv,2026-07-07,11:25:42,2026-07-07 11:25:42+00,2026-07-07 14:25:42+00,AI178ER,4970.74,7,AUTO-OESTE
pasadas_2026-07-16_329454.csv,2026-07-07,11:50:16,2026-07-07 11:50:16+00,2026-07-07 14:50:16+00,AI178ER,4970.74,7,AUTO-OESTE
pasadas_2026-07-16_329454.csv,2026-07-07,12:37:07,2026-07-07 12:37:07+00,2026-07-07 15:37:07+00,AF993HA,4970.74,7,AUTO-OESTE
pasadas_2026-07-16_329454.csv,2026-07-07,20:07:32,2026-07-07 20:07:32+00,2026-07-07 23:07:32+00,AF993HA,4970.74,7,AUTO-OESTE
pasadas_2026-07-16_329454.csv,2026-07-08,07:19:26,2026-07-08 07:19:26+00,2026-07-08 10:19:26+00,AI348TS,1192.99,2,AUTO-OESTE
pasadas_2026-07-16_329454.csv,2026-07-08,07:46:40,2026-07-08 07:46:40+00,2026-07-08 10:46:40+00,AI348TS,1192.99,2,AUTO-OESTE
pasadas_2026-07-16_329454.csv,2026-07-08,08:57:41,2026-07-08 08:57:41+00,2026-07-08 11:57:41+00,AI348TS,1192.99,2,AUTO-OESTE
pasadas_2026-07-16_329454.csv,2026-07-13,03:00:44,2026-07-13 03:00:44+00,2026-07-13 06:00:44+00,AI348TS,994.15,2,AUTO-OESTE
pasadas_2026-07-16_329454.csv,2026-07-13,12:10:18,2026-07-13 12:10:18+00,2026-07-13 15:10:18+00,AI348TS,994.15,2,AUTO-OESTE
pasadas_2026-07-16_329454.csv,2026-07-13,19:57:27,2026-07-13 19:57:27+00,2026-07-13 22:57:27+00,AI348TS,1192.99,2,AUTO-OESTE
pasadas_2026-07-16_329454.csv,2026-07-14,00:05:50,2026-07-14 00:05:50+00,2026-07-14 03:05:50+00,AI348TS,994.15,2,AUTO-OESTE
pasadas_2026-07-16_329454.csv,2026-07-14,04:16:53,2026-07-14 04:16:53+00,2026-07-14 07:16:53+00,AF993HA,4970.74,7,AUTO-OESTE
pasadas_2026-07-16_329454.csv,2026-07-14,05:11:34,2026-07-14 05:11:34+00,2026-07-14 08:11:34+00,AI348TS,994.15,2,AUTO-OESTE
pasadas_2026-07-16_329454.csv,2026-07-14,11:59:21,2026-07-14 11:59:21+00,2026-07-14 14:59:21+00,AF993HA,4970.74,7,AUTO-OESTE
pasadas_2026-07-16_329454.csv,2026-07-15,08:00:06,2026-07-15 08:00:06+00,2026-07-15 11:00:06+00,AI042WA,1192.99,2,AUTO-OESTE
pasadas_2026-07-16_329454.csv,2026-07-15,08:40:41,2026-07-15 08:40:41+00,2026-07-15 11:40:41+00,AI042WA,1192.99,2,AUTO-OESTE
pasadas_2026-07-16_343555.csv,2026-07-01,03:11:45,2026-07-01 03:11:45+00,2026-07-01 06:11:45+00,AE284KH,3976.59,6,AUTO-OESTE
pasadas_2026-07-16_343555.csv,2026-07-01,04:52:30,2026-07-01 04:52:30+00,2026-07-01 07:52:30+00,AH800QT,4970.74,7,AUTO-OESTE
pasadas_2026-07-16_343555.csv,2026-07-01,05:12:48,2026-07-01 05:12:48+00,2026-07-01 08:12:48+00,AH800QT,4970.74,7,AUTO-OESTE
pasadas_2026-07-16_343555.csv,2026-07-01,05:57:34,2026-07-01 05:57:34+00,2026-07-01 08:57:34+00,AG916MK,4970.74,7,AUTO-OESTE
pasadas_2026-07-16_343555.csv,2026-07-01,08:47:47,2026-07-01 08:47:47+00,2026-07-01 11:47:47+00,AD625QA,4771.95,6,AUTO-OESTE
pasadas_2026-07-16_343555.csv,2026-07-01,08:54:06,2026-07-01 08:54:06+00,2026-07-01 11:54:06+00,AH729QW,5964.94,7,AUTO-OESTE
pasadas_2026-07-16_343555.csv,2026-07-01,09:00:45,2026-07-01 09:00:45+00,2026-07-01 12:00:45+00,AD625QB,4771.95,6,AUTO-OESTE
pasadas_2026-07-16_343555.csv,2026-07-01,09:29:01,2026-07-01 09:29:01+00,2026-07-01 12:29:01+00,AE284KH,4771.95,6,AUTO-OESTE
pasadas_2026-07-16_343555.csv,2026-07-01,10:18:49,2026-07-01 10:18:49+00,2026-07-01 13:18:49+00,AF533SR,5964.94,7,AUTO-OESTE
pasadas_2026-07-16_343555.csv,2026-07-01,10:32:26,2026-07-01 10:32:26+00,2026-07-01 13:32:26+00,EXT374,4771.95,6,AUTO-OESTE
pasadas_2026-07-16_343555.csv,2026-07-01,10:46:54,2026-07-01 10:46:54+00,2026-07-01 13:46:54+00,AF533SR,5964.94,7,AUTO-OESTE
pasadas_2026-07-16_343555.csv,2026-07-01,11:01:27,2026-07-01 11:01:27+00,2026-07-01 14:01:27+00,EXT374,3976.59,6,AUTO-OESTE
pasadas_2026-07-16_343555.csv,2026-07-01,11:23:29,2026-07-01 11:23:29+00,2026-07-01 14:23:29+00,AB151SM,3976.59,6,AUTO-OESTE
pasadas_2026-07-16_343555.csv,2026-07-01,11:51:04,2026-07-01 11:51:04+00,2026-07-01 14:51:04+00,AB151SM,3976.59,6,AUTO-OESTE
pasadas_2026-07-16_343555.csv,2026-07-01,12:24:11,2026-07-01 12:24:11+00,2026-07-01 15:24:11+00,AD625QA,3976.59,6,AUTO-OESTE
pasadas_2026-07-16_343555.csv,2026-07-01,12:53:49,2026-07-01 12:53:49+00,2026-07-01 15:53:49+00,AD625QA,3976.59,6,AUTO-OESTE
pasadas_2026-07-16_343555.csv,2026-07-01,13:00:07,2026-07-01 13:00:07+00,2026-07-01 16:00:07+00,AC561DQ,3976.59,6,AUTO-OESTE
pasadas_2026-07-16_343555.csv,2026-07-01,13:55:51,2026-07-01 13:55:51+00,2026-07-01 16:55:51+00,AB456CQ,3976.59,6,AUTO-OESTE
pasadas_2026-07-16_343555.csv,2026-07-01,14:15:01,2026-07-01 14:15:01+00,2026-07-01 17:15:01+00,AB633TY,3976.59,6,AUTO-OESTE
pasadas_2026-07-16_343555.csv,2026-07-01,14:20:53,2026-07-01 14:20:53+00,2026-07-01 17:20:53+00,AH351RT,4970.74,7,AUTO-OESTE
pasadas_2026-07-16_343555.csv,2026-07-01,14:29:42,2026-07-01 14:29:42+00,2026-07-01 17:29:42+00,AB247VR,3976.59,6,AUTO-OESTE
pasadas_2026-07-16_343555.csv,2026-07-01,14:47:32,2026-07-01 14:47:32+00,2026-07-01 17:47:32+00,AB456CU,3976.59,6,AUTO-OESTE
pasadas_2026-07-16_343555.csv,2026-07-01,14:56:07,2026-07-01 14:56:07+00,2026-07-01 17:56:07+00,AH351RT,4970.74,7,AUTO-OESTE
pasadas_2026-07-16_343555.csv,2026-07-01,15:05:28,2026-07-01 15:05:28+00,2026-07-01 18:05:28+00,AB456CP,3976.59,6,AUTO-OESTE
pasadas_2026-07-16_343555.csv,2026-07-01,15:16:40,2026-07-01 15:16:40+00,2026-07-01 18:16:40+00,AB456CU,3976.59,6,AUTO-OESTE
pasadas_2026-07-16_343555.csv,2026-07-01,16:08:57,2026-07-01 16:08:57+00,2026-07-01 19:08:57+00,EXT374,4771.95,6,AUTO-OESTE
pasadas_2026-07-16_343555.csv,2026-07-01,16:23:50,2026-07-01 16:23:50+00,2026-07-01 19:23:50+00,AB633TY,4771.95,6,AUTO-OESTE
pasadas_2026-07-16_343555.csv,2026-07-01,16:33:56,2026-07-01 16:33:56+00,2026-07-01 19:33:56+00,AB247VR,4771.95,6,AUTO-OESTE
pasadas_2026-07-16_343555.csv,2026-07-01,16:40:43,2026-07-01 16:40:43+00,2026-07-01 19:40:43+00,EXT374,4771.95,6,AUTO-OESTE
pasadas_2026-07-16_343555.csv,2026-07-01,16:48:56,2026-07-01 16:48:56+00,2026-07-01 19:48:56+00,AB633TY,4771.95,6,AUTO-OESTE
pasadas_2026-07-16_343555.csv,2026-07-01,16:59:32,2026-07-01 16:59:32+00,2026-07-01 19:59:32+00,AC561DQ,4771.95,6,AUTO-OESTE
pasadas_2026-07-16_343555.csv,2026-07-01,17:00:58,2026-07-01 17:00:58+00,2026-07-01 20:00:58+00,AB247VR,4771.95,6,AUTO-OESTE
pasadas_2026-07-16_343555.csv,2026-07-01,17:32:26,2026-07-01 17:32:26+00,2026-07-01 20:32:26+00,AG916MK,5964.94,7,AUTO-OESTE
pasadas_2026-07-16_343555.csv,2026-07-01,17:47:24,2026-07-01 17:47:24+00,2026-07-01 20:47:24+00,AF533SR,5964.94,7,AUTO-OESTE
pasadas_2026-07-16_343555.csv,2026-07-01,17:56:59,2026-07-01 17:56:59+00,2026-07-01 20:56:59+00,AG916MK,5964.94,7,AUTO-OESTE
pasadas_2026-07-16_343555.csv,2026-07-01,18:08:02,2026-07-01 18:08:02+00,2026-07-01 21:08:02+00,AB456CQ,4771.95,6,AUTO-OESTE
pasadas_2026-07-16_343555.csv,2026-07-01,18:14:41,2026-07-01 18:14:41+00,2026-07-01 21:14:41+00,AF533SR,5964.94,7,AUTO-OESTE
pasadas_2026-07-16_343555.csv,2026-07-01,18:26:14,2026-07-01 18:26:14+00,2026-07-01 21:26:14+00,AD625QA,4771.95,6,AUTO-OESTE
pasadas_2026-07-16_343555.csv,2026-07-01,18:54:11,2026-07-01 18:54:11+00,2026-07-01 21:54:11+00,AD625QA,4771.95,6,AUTO-OESTE
pasadas_2026-07-16_343555.csv,2026-07-01,19:08:38,2026-07-01 19:08:38+00,2026-07-01 22:08:38+00,AH351RT,5964.94,7,AUTO-OESTE
pasadas_2026-07-16_343555.csv,2026-07-01,19:32:29,2026-07-01 19:32:29+00,2026-07-01 22:32:29+00,AC561DQ,4771.95,6,AUTO-OESTE
pasadas_2026-07-16_343555.csv,2026-07-01,22:20:25,2026-07-01 22:20:25+00,2026-07-02 01:20:25+00,AF202UU,4970.74,7,AUTO-OESTE
pasadas_2026-07-16_343555.csv,2026-07-01,22:42:48,2026-07-01 22:42:48+00,2026-07-02 01:42:48+00,AG507DK,4970.74,7,AUTO-OESTE
pasadas_2026-07-16_343555.csv,2026-07-02,00:57:34,2026-07-02 00:57:34+00,2026-07-02 03:57:34+00,AF231PZ,3976.59,6,AUTO-OESTE
pasadas_2026-07-16_343555.csv,2026-07-02,04:23:13,2026-07-02 04:23:13+00,2026-07-02 07:23:13+00,AE469PL,3976.59,6,AUTO-OESTE
pasadas_2026-07-16_343555.csv,2026-07-02,04:59:14,2026-07-02 04:59:14+00,2026-07-02 07:59:14+00,AE469PL,3976.59,6,AUTO-OESTE
pasadas_2026-07-16_343555.csv,2026-07-02,10:44:26,2026-07-02 10:44:26+00,2026-07-02 13:44:26+00,AB456CQ,4771.95,6,AUTO-OESTE
pasadas_2026-07-16_343555.csv,2026-07-02,10:46:19,2026-07-02 10:46:19+00,2026-07-02 13:46:19+00,AE469PH,4771.95,6,AUTO-OESTE
pasadas_2026-07-16_343555.csv,2026-07-02,10:49:34,2026-07-02 10:49:34+00,2026-07-02 13:49:34+00,EXT374,4771.95,6,AUTO-OESTE
pasadas_2026-07-16_343555.csv,2026-07-02,11:15:18,2026-07-02 11:15:18+00,2026-07-02 14:15:18+00,EXT374,3976.59,6,AUTO-OESTE
pasadas_2026-07-16_343555.csv,2026-07-02,11:17:17,2026-07-02 11:17:17+00,2026-07-02 14:17:17+00,AA561YA,3976.59,6,AUTO-OESTE
pasadas_2026-07-16_343555.csv,2026-07-02,11:17:58,2026-07-02 11:17:58+00,2026-07-02 14:17:58+00,AB456CQ,3976.59,6,AUTO-OESTE
pasadas_2026-07-16_343555.csv,2026-07-02,11:41:53,2026-07-02 11:41:53+00,2026-07-02 14:41:53+00,AB456CQ,3976.59,6,AUTO-OESTE
pasadas_2026-07-16_343555.csv,2026-07-02,11:42:37,2026-07-02 11:42:37+00,2026-07-02 14:42:37+00,AA561YA,3976.59,6,AUTO-OESTE
pasadas_2026-07-16_343555.csv,2026-07-02,12:23:13,2026-07-02 12:23:13+00,2026-07-02 15:23:13+00,AB633TY,3976.59,6,AUTO-OESTE
pasadas_2026-07-16_343555.csv,2026-07-02,12:50:46,2026-07-02 12:50:46+00,2026-07-02 15:50:46+00,AC812DO,3976.59,6,AUTO-OESTE
pasadas_2026-07-16_343555.csv,2026-07-02,12:53:04,2026-07-02 12:53:04+00,2026-07-02 15:53:04+00,AB633TZ,3976.59,6,AUTO-OESTE
pasadas_2026-07-16_343555.csv,2026-07-02,13:00:22,2026-07-02 13:00:22+00,2026-07-02 16:00:22+00,AF202UU,4970.74,7,AUTO-OESTE
pasadas_2026-07-16_343555.csv,2026-07-02,13:18:54,2026-07-02 13:18:54+00,2026-07-02 16:18:54+00,AB633TZ,3976.59,6,AUTO-OESTE
pasadas_2026-07-16_343555.csv,2026-07-02,13:33:22,2026-07-02 13:33:22+00,2026-07-02 16:33:22+00,AF231PZ,3976.59,6,AUTO-OESTE
pasadas_2026-07-16_343555.csv,2026-07-02,13:33:48,2026-07-02 13:33:48+00,2026-07-02 16:33:48+00,AF533SR,4970.74,7,AUTO-OESTE
pasadas_2026-07-16_343555.csv,2026-07-02,14:02:42,2026-07-02 14:02:42+00,2026-07-02 17:02:42+00,AF533SR,4970.74,7,AUTO-OESTE
pasadas_2026-07-16_343555.csv,2026-07-02,14:06:28,2026-07-02 14:06:28+00,2026-07-02 17:06:28+00,AD985XP,3976.59,6,AUTO-OESTE
pasadas_2026-07-16_343555.csv,2026-07-02,14:59:58,2026-07-02 14:59:58+00,2026-07-02 17:59:58+00,AF411UY,3976.59,6,AUTO-OESTE
pasadas_2026-07-16_343555.csv,2026-07-02,15:04:57,2026-07-02 15:04:57+00,2026-07-02 18:04:57+00,AG309CH,994.15,2,AUTO-OESTE
pasadas_2026-07-16_343555.csv,2026-07-02,15:24:26,2026-07-02 15:24:26+00,2026-07-02 18:24:26+00,AF411UY,3976.59,6,AUTO-OESTE
pasadas_2026-07-16_343555.csv,2026-07-02,16:05:35,2026-07-02 16:05:35+00,2026-07-02 19:05:35+00,EXT374,4771.95,6,AUTO-OESTE
pasadas_2026-07-16_343555.csv,2026-07-02,16:17:05,2026-07-02 16:17:05+00,2026-07-02 19:17:05+00,AB633TY,4771.95,6,AUTO-OESTE
pasadas_2026-07-16_343555.csv,2026-07-02,16:32:45,2026-07-02 16:32:45+00,2026-07-02 19:32:45+00,AE952TH,4771.95,6,AUTO-OESTE
pasadas_2026-07-16_343555.csv,2026-07-02,16:37:14,2026-07-02 16:37:14+00,2026-07-02 19:37:14+00,EXT374,4771.95,6,AUTO-OESTE
pasadas_2026-07-16_343555.csv,2026-07-02,16:43:40,2026-07-02 16:43:40+00,2026-07-02 19:43:40+00,AB633TY,4771.95,6,AUTO-OESTE
pasadas_2026-07-16_343555.csv,2026-07-02,16:48:11,2026-07-02 16:48:11+00,2026-07-02 19:48:11+00,AC264UA,4771.95,6,AUTO-OESTE
pasadas_2026-07-16_343555.csv,2026-07-02,16:51:28,2026-07-02 16:51:28+00,2026-07-02 19:51:28+00,AB456CQ,4771.95,6,AUTO-OESTE
pasadas_2026-07-16_343555.csv,2026-07-02,17:00:50,2026-07-02 17:00:50+00,2026-07-02 20:00:50+00,AE952TH,4771.95,6,AUTO-OESTE
pasadas_2026-07-16_343555.csv,2026-07-02,17:22:11,2026-07-02 17:22:11+00,2026-07-02 20:22:11+00,AB456CQ,4771.95,6,AUTO-OESTE
pasadas_2026-07-16_343555.csv,2026-07-02,17:22:54,2026-07-02 17:22:54+00,2026-07-02 20:22:54+00,AB633TZ,4771.95,6,AUTO-OESTE
pasadas_2026-07-16_343555.csv,2026-07-02,18:00:50,2026-07-02 18:00:50+00,2026-07-02 21:00:50+00,AE469PH,4771.95,6,AUTO-OESTE
pasadas_2026-07-16_343555.csv,2026-07-02,19:28:27,2026-07-02 19:28:27+00,2026-07-02 22:28:27+00,AB247VR,4771.95,6,AUTO-OESTE
pasadas_2026-07-16_343555.csv,2026-07-02,19:55:19,2026-07-02 19:55:19+00,2026-07-02 22:55:19+00,AB247VR,4771.95,6,AUTO-OESTE
pasadas_2026-07-16_343555.csv,2026-07-02,20:02:42,2026-07-02 20:02:42+00,2026-07-02 23:02:42+00,AG916MK,4970.74,7,AUTO-OESTE
pasadas_2026-07-16_343555.csv,2026-07-02,21:42:28,2026-07-02 21:42:28+00,2026-07-03 00:42:28+00,AF533SR,4970.74,7,AUTO-OESTE
pasadas_2026-07-16_343555.csv,2026-07-02,21:42:53,2026-07-02 21:42:53+00,2026-07-03 00:42:53+00,AG916MK,4970.74,7,AUTO-OESTE
pasadas_2026-07-16_343555.csv,2026-07-02,22:07:20,2026-07-02 22:07:20+00,2026-07-03 01:07:20+00,AG916MK,4970.74,7,AUTO-OESTE
pasadas_2026-07-16_343555.csv,2026-07-02,22:56:13,2026-07-02 22:56:13+00,2026-07-03 01:56:13+00,AH351RT,4970.74,7,AUTO-OESTE
pasadas_2026-07-16_343555.csv,2026-07-03,00:22:02,2026-07-03 00:22:02+00,2026-07-03 03:22:02+00,AD328WK,3976.59,6,AUTO-OESTE
pasadas_2026-07-16_343555.csv,2026-07-03,01:12:01,2026-07-03 01:12:01+00,2026-07-03 04:12:01+00,AH351RT,4970.74,7,AUTO-OESTE
pasadas_2026-07-16_343555.csv,2026-07-03,01:47:16,2026-07-03 01:47:16+00,2026-07-03 04:47:16+00,AH351RT,4970.74,7,AUTO-OESTE
pasadas_2026-07-16_343555.csv,2026-07-03,05:21:41,2026-07-03 05:21:41+00,2026-07-03 08:21:41+00,AD985XP,3976.59,6,AUTO-OESTE
pasadas_2026-07-16_343555.csv,2026-07-03,05:22:38,2026-07-03 05:22:38+00,2026-07-03 08:22:38+00,AC264UA,3976.59,6,AUTO-OESTE
pasadas_2026-07-16_343555.csv,2026-07-03,05:49:49,2026-07-03 05:49:49+00,2026-07-03 08:49:49+00,AD985XP,3976.59,6,AUTO-OESTE
pasadas_2026-07-16_343555.csv,2026-07-03,05:49:56,2026-07-03 05:49:56+00,2026-07-03 08:49:56+00,AC264UA,3976.59,6,AUTO-OESTE
pasadas_2026-07-16_343555.csv,2026-07-03,06:42:20,2026-07-03 06:42:20+00,2026-07-03 09:42:20+00,AG939HX,4970.74,7,AUTO-OESTE
pasadas_2026-07-16_343555.csv,2026-07-03,10:07:39,2026-07-03 10:07:39+00,2026-07-03 13:07:39+00,AE952TH,4771.95,6,AUTO-OESTE
pasadas_2026-07-16_343555.csv,2026-07-03,10:16:32,2026-07-03 10:16:32+00,2026-07-03 13:16:32+00,AB456CQ,4771.95,6,AUTO-OESTE
pasadas_2026-07-16_343555.csv,2026-07-03,10:25:01,2026-07-03 10:25:01+00,2026-07-03 13:25:01+00,EXT374,4771.95,6,AUTO-OESTE
pasadas_2026-07-16_343555.csv,2026-07-03,10:32:42,2026-07-03 10:32:42+00,2026-07-03 13:32:42+00,AE952TH,4771.95,6,AUTO-OESTE
pasadas_2026-07-16_343555.csv,2026-07-03,10:40:16,2026-07-03 10:40:16+00,2026-07-03 13:40:16+00,AB456CQ,4771.95,6,AUTO-OESTE
pasadas_2026-07-16_343555.csv,2026-07-03,10:47:24,2026-07-03 10:47:24+00,2026-07-03 13:47:24+00,EXT374,4771.95,6,AUTO-OESTE
pasadas_2026-07-16_343555.csv,2026-07-03,11:19:53,2026-07-03 11:19:53+00,2026-07-03 14:19:53+00,AB247VR,3976.59,6,AUTO-OESTE
pasadas_2026-07-16_343555.csv,2026-07-03,11:27:43,2026-07-03 11:27:43+00,2026-07-03 14:27:43+00,AD328WK,3976.59,6,AUTO-OESTE
pasadas_2026-07-16_343555.csv,2026-07-03,11:28:31,2026-07-03 11:28:31+00,2026-07-03 14:28:31+00,AE952TH,3976.59,6,AUTO-OESTE
pasadas_2026-07-16_343555.csv,2026-07-03,11:43:44,2026-07-03 11:43:44+00,2026-07-03 14:43:44+00,AB247VR,3976.59,6,AUTO-OESTE
pasadas_2026-07-16_343555.csv,2026-07-03,11:54:04,2026-07-03 11:54:04+00,2026-07-03 14:54:04+00,AD328WK,3976.59,6,AUTO-OESTE
pasadas_2026-07-16_343555.csv,2026-07-03,12:38:39,2026-07-03 12:38:39+00,2026-07-03 15:38:39+00,EXT374,3976.59,6,AUTO-OESTE
pasadas_2026-07-16_343555.csv,2026-07-03,13:05:45,2026-07-03 13:05:45+00,2026-07-03 16:05:45+00,AB633TZ,3976.59,6,AUTO-OESTE
pasadas_2026-07-16_343555.csv,2026-07-03,13:33:29,2026-07-03 13:33:29+00,2026-07-03 16:33:29+00,AG507DK,4970.74,7,AUTO-OESTE
pasadas_2026-07-16_343555.csv,2026-07-03,13:43:48,2026-07-03 13:43:48+00,2026-07-03 16:43:48+00,EXT374,3976.59,6,AUTO-OESTE
pasadas_2026-07-16_343555.csv,2026-07-03,13:55:24,2026-07-03 13:55:24+00,2026-07-03 16:55:24+00,AB456CP,3976.59,6,AUTO-OESTE
pasadas_2026-07-16_343555.csv,2026-07-03,14:21:17,2026-07-03 14:21:17+00,2026-07-03 17:21:17+00,AB247VR,3976.59,6,AUTO-OESTE
pasadas_2026-07-16_343555.csv,2026-07-03,14:22:18,2026-07-03 14:22:18+00,2026-07-03 17:22:18+00,AB633TZ,3976.59,6,AUTO-OESTE
pasadas_2026-07-16_343555.csv,2026-07-03,14:50:04,2026-07-03 14:50:04+00,2026-07-03 17:50:04+00,AB633TZ,3976.59,6,AUTO-OESTE
pasadas_2026-07-16_343555.csv,2026-07-03,15:21:35,2026-07-03 15:21:35+00,2026-07-03 18:21:35+00,AB456CQ,3976.59,6,AUTO-OESTE
pasadas_2026-07-16_343555.csv,2026-07-03,15:22:16,2026-07-03 15:22:16+00,2026-07-03 18:22:16+00,AF103ZL,3976.59,6,AUTO-OESTE
pasadas_2026-07-16_343555.csv,2026-07-03,15:26:28,2026-07-03 15:26:28+00,2026-07-03 18:26:28+00,AD985XP,3976.59,6,AUTO-OESTE
pasadas_2026-07-16_343555.csv,2026-07-03,15:27:40,2026-07-03 15:27:40+00,2026-07-03 18:27:40+00,AC264UA,3976.59,6,AUTO-OESTE
pasadas_2026-07-16_343555.csv,2026-07-03,15:36:54,2026-07-03 15:36:54+00,2026-07-03 18:36:54+00,AC561DQ,3976.59,6,AUTO-OESTE
pasadas_2026-07-16_343555.csv,2026-07-03,15:46:15,2026-07-03 15:46:15+00,2026-07-03 18:46:15+00,AB456CQ,3976.59,6,AUTO-OESTE
pasadas_2026-07-16_343555.csv,2026-07-03,15:53:14,2026-07-03 15:53:14+00,2026-07-03 18:53:14+00,AD985XP,3976.59,6,AUTO-OESTE
pasadas_2026-07-16_343555.csv,2026-07-03,15:56:39,2026-07-03 15:56:39+00,2026-07-03 18:56:39+00,AC264UA,3976.59,6,AUTO-OESTE
pasadas_2026-07-16_343555.csv,2026-07-03,16:51:18,2026-07-03 16:51:18+00,2026-07-03 19:51:18+00,AC561DQ,4771.95,6,AUTO-OESTE
pasadas_2026-07-16_343555.csv,2026-07-03,17:14:58,2026-07-03 17:14:58+00,2026-07-03 20:14:58+00,AC561DQ,4771.95,6,AUTO-OESTE
pasadas_2026-07-16_343555.csv,2026-07-03,18:17:03,2026-07-03 18:17:03+00,2026-07-03 21:17:03+00,AF103ZL,4771.95,6,AUTO-OESTE
pasadas_2026-07-16_343555.csv,2026-07-03,20:11:35,2026-07-03 20:11:35+00,2026-07-03 23:11:35+00,AF103ZL,3976.59,6,AUTO-OESTE
pasadas_2026-07-16_343555.csv,2026-07-04,02:42:54,2026-07-04 02:42:54+00,2026-07-04 05:42:54+00,AG916MK,4970.74,7,AUTO-OESTE
pasadas_2026-07-16_343555.csv,2026-07-04,07:13:00,2026-07-04 07:13:00+00,2026-07-04 10:13:00+00,AB633TY,3976.59,6,AUTO-OESTE
pasadas_2026-07-16_343555.csv,2026-07-04,07:36:19,2026-07-04 07:36:19+00,2026-07-04 10:36:19+00,AB633TY,3976.59,6,AUTO-OESTE
pasadas_2026-07-16_343555.csv,2026-07-04,10:06:18,2026-07-04 10:06:18+00,2026-07-04 13:06:18+00,AB633TY,3976.59,6,AUTO-OESTE
pasadas_2026-07-16_343555.csv,2026-07-04,10:33:19,2026-07-04 10:33:19+00,2026-07-04 13:33:19+00,AB633TY,3976.59,6,AUTO-OESTE
pasadas_2026-07-16_343555.csv,2026-07-04,13:46:11,2026-07-04 13:46:11+00,2026-07-04 16:46:11+00,AH351RT,5964.94,7,AUTO-OESTE
pasadas_2026-07-16_343555.csv,2026-07-04,14:58:47,2026-07-04 14:58:47+00,2026-07-04 17:58:47+00,AA561YA,3976.59,6,AUTO-OESTE
pasadas_2026-07-16_343555.csv,2026-07-04,19:29:37,2026-07-04 19:29:37+00,2026-07-04 22:29:37+00,AH351RT,4970.74,7,AUTO-OESTE
pasadas_2026-07-16_343555.csv,2026-07-04,19:54:06,2026-07-04 19:54:06+00,2026-07-04 22:54:06+00,AH351RT,4970.74,7,AUTO-OESTE
pasadas_2026-07-16_343555.csv,2026-07-04,22:08:38,2026-07-04 22:08:38+00,2026-07-05 01:08:38+00,AH185KI,4970.74,7,AUTO-OESTE
pasadas_2026-07-16_343555.csv,2026-07-04,23:26:40,2026-07-04 23:26:40+00,2026-07-05 02:26:40+00,AH185KI,4970.74,7,AUTO-OESTE
pasadas_2026-07-16_343555.csv,2026-07-05,02:32:49,2026-07-05 02:32:49+00,2026-07-05 05:32:49+00,AF103ZL,3976.59,6,AUTO-OESTE
pasadas_2026-07-16_343555.csv,2026-07-05,04:00:44,2026-07-05 04:00:44+00,2026-07-05 07:00:44+00,AG533MF,994.15,2,AUTO-OESTE
pasadas_2026-07-16_343555.csv,2026-07-05,04:56:51,2026-07-05 04:56:51+00,2026-07-05 07:56:51+00,AG533MF,994.15,2,AUTO-OESTE
pasadas_2026-07-16_343555.csv,2026-07-05,10:10:38,2026-07-05 10:10:38+00,2026-07-05 13:10:38+00,AH543IQ,4970.74,7,AUTO-OESTE
pasadas_2026-07-16_343555.csv,2026-07-05,11:17:04,2026-07-05 11:17:04+00,2026-07-05 14:17:04+00,AH543IQ,5964.94,7,AUTO-OESTE
pasadas_2026-07-16_343555.csv,2026-07-05,11:20:45,2026-07-05 11:20:45+00,2026-07-05 14:20:45+00,AF103ZL,4771.95,6,AUTO-OESTE
pasadas_2026-07-16_343555.csv,2026-07-05,11:41:34,2026-07-05 11:41:34+00,2026-07-05 14:41:34+00,AH543IQ,5964.94,7,AUTO-OESTE
pasadas_2026-07-16_343555.csv,2026-07-05,12:17:37,2026-07-05 12:17:37+00,2026-07-05 15:17:37+00,AF103ZL,4771.95,6,AUTO-OESTE
pasadas_2026-07-16_343555.csv,2026-07-05,20:52:46,2026-07-05 20:52:46+00,2026-07-05 23:52:46+00,AG916MK,5964.94,7,AUTO-OESTE
pasadas_2026-07-16_343555.csv,2026-07-06,07:03:41,2026-07-06 07:03:41+00,2026-07-06 10:03:41+00,AD625QA,4771.95,6,AUTO-OESTE
pasadas_2026-07-16_343555.csv,2026-07-06,07:33:25,2026-07-06 07:33:25+00,2026-07-06 10:33:25+00,AD625QA,4771.95,6,AUTO-OESTE
pasadas_2026-07-16_343555.csv,2026-07-06,07:42:24,2026-07-06 07:42:24+00,2026-07-06 10:42:24+00,AE469PH,4771.95,6,AUTO-OESTE
pasadas_2026-07-16_343555.csv,2026-07-06,09:57:09,2026-07-06 09:57:09+00,2026-07-06 12:57:09+00,AC561DQ,4771.95,6,AUTO-OESTE
pasadas_2026-07-16_343555.csv,2026-07-06,10:15:31,2026-07-06 10:15:31+00,2026-07-06 13:15:31+00,AA561YA,4771.95,6,AUTO-OESTE
pasadas_2026-07-16_343555.csv,2026-07-06,10:57:40,2026-07-06 10:57:40+00,2026-07-06 13:57:40+00,AG939HR,5964.94,7,AUTO-OESTE
pasadas_2026-07-16_343555.csv,2026-07-06,11:25:20,2026-07-06 11:25:20+00,2026-07-06 14:25:20+00,AH729QW,4970.74,7,AUTO-OESTE
pasadas_2026-07-16_343555.csv,2026-07-06,11:25:53,2026-07-06 11:25:53+00,2026-07-06 14:25:53+00,AG893YR,4970.74,7,AUTO-OESTE
pasadas_2026-07-16_343555.csv,2026-07-06,11:57:48,2026-07-06 11:57:48+00,2026-07-06 14:57:48+00,AF103ZL,3976.59,6,AUTO-OESTE
pasadas_2026-07-16_343555.csv,2026-07-06,12:15:47,2026-07-06 12:15:47+00,2026-07-06 15:15:47+00,AB456CQ,3976.59,6,AUTO-OESTE
pasadas_2026-07-16_343555.csv,2026-07-06,12:27:18,2026-07-06 12:27:18+00,2026-07-06 15:27:18+00,EXT374,3976.59,6,AUTO-OESTE
pasadas_2026-07-16_343555.csv,2026-07-06,13:17:54,2026-07-06 13:17:54+00,2026-07-06 16:17:54+00,AF411UY,3976.59,6,AUTO-OESTE
pasadas_2026-07-16_343555.csv,2026-07-06,13:28:17,2026-07-06 13:28:17+00,2026-07-06 16:28:17+00,AB633TZ,3976.59,6,AUTO-OESTE
pasadas_2026-07-16_343555.csv,2026-07-06,13:28:28,2026-07-06 13:28:28+00,2026-07-06 16:28:28+00,AH351RT,4970.74,7,AUTO-OESTE
pasadas_2026-07-16_343555.csv,2026-07-06,13:41:14,2026-07-06 13:41:14+00,2026-07-06 16:41:14+00,AF411UY,3976.59,6,AUTO-OESTE
pasadas_2026-07-16_343555.csv,2026-07-06,14:44:49,2026-07-06 14:44:49+00,2026-07-06 17:44:49+00,AB247VR,3976.59,6,AUTO-OESTE
pasadas_2026-07-16_343555.csv,2026-07-06,14:49:25,2026-07-06 14:49:25+00,2026-07-06 17:49:25+00,AG939HR,4970.74,7,AUTO-OESTE
pasadas_2026-07-16_343555.csv,2026-07-06,15:12:40,2026-07-06 15:12:40+00,2026-07-06 18:12:40+00,AG309CO,4970.74,7,AUTO-OESTE
pasadas_2026-07-16_343555.csv,2026-07-06,15:16:57,2026-07-06 15:16:57+00,2026-07-06 18:16:57+00,EXT374,3976.59,6,AUTO-OESTE
pasadas_2026-07-16_343555.csv,2026-07-06,15:32:51,2026-07-06 15:32:51+00,2026-07-06 18:32:51+00,AG309CO,4970.74,7,AUTO-OESTE
pasadas_2026-07-16_343555.csv,2026-07-06,15:33:45,2026-07-06 15:33:45+00,2026-07-06 18:33:45+00,AG309CO,4970.74,7,AUTO-OESTE
pasadas_2026-07-16_343555.csv,2026-07-06,15:47:23,2026-07-06 15:47:23+00,2026-07-06 18:47:23+00,EXT374,3976.59,6,AUTO-OESTE
pasadas_2026-07-16_343555.csv,2026-07-06,15:51:40,2026-07-06 15:51:40+00,2026-07-06 18:51:40+00,AB456CQ,3976.59,6,AUTO-OESTE
pasadas_2026-07-16_343555.csv,2026-07-06,16:13:18,2026-07-06 16:13:18+00,2026-07-06 19:13:18+00,AB633TZ,4771.95,6,AUTO-OESTE
pasadas_2026-07-16_343555.csv,2026-07-06,16:14:55,2026-07-06 16:14:55+00,2026-07-06 19:14:55+00,AF411UY,4771.95,6,AUTO-OESTE
pasadas_2026-07-16_343555.csv,2026-07-06,16:19:47,2026-07-06 16:19:47+00,2026-07-06 19:19:47+00,AB456CQ,4771.95,6,AUTO-OESTE
pasadas_2026-07-16_343555.csv,2026-07-06,16:34:21,2026-07-06 16:34:21+00,2026-07-06 19:34:21+00,AF103ZL,4771.95,6,AUTO-OESTE
pasadas_2026-07-16_343555.csv,2026-07-06,16:37:34,2026-07-06 16:37:34+00,2026-07-06 19:37:34+00,AF411UY,4771.95,6,AUTO-OESTE
pasadas_2026-07-16_343555.csv,2026-07-06,16:41:05,2026-07-06 16:41:05+00,2026-07-06 19:41:05+00,AB633TZ,4771.95,6,AUTO-OESTE
pasadas_2026-07-16_343555.csv,2026-07-06,17:07:40,2026-07-06 17:07:40+00,2026-07-06 20:07:40+00,AB633TY,4771.95,6,AUTO-OESTE
pasadas_2026-07-16_343555.csv,2026-07-06,17:17:34,2026-07-06 17:17:34+00,2026-07-06 20:17:34+00,AH729QW,5964.94,7,AUTO-OESTE
pasadas_2026-07-16_343555.csv,2026-07-06,17:32:00,2026-07-06 17:32:00+00,2026-07-06 20:32:00+00,AF103ZL,4771.95,6,AUTO-OESTE
pasadas_2026-07-16_343555.csv,2026-07-06,17:57:34,2026-07-06 17:57:34+00,2026-07-06 20:57:34+00,AH729QW,5964.94,7,AUTO-OESTE
pasadas_2026-07-16_343555.csv,2026-07-06,18:08:39,2026-07-06 18:08:39+00,2026-07-06 21:08:39+00,AG309CO,5964.94,7,AUTO-OESTE
pasadas_2026-07-16_343555.csv,2026-07-06,18:46:52,2026-07-06 18:46:52+00,2026-07-06 21:46:52+00,AD985XP,4771.95,6,AUTO-OESTE
pasadas_2026-07-16_343555.csv,2026-07-06,19:12:24,2026-07-06 19:12:24+00,2026-07-06 22:12:24+00,AB247VR,4771.95,6,AUTO-OESTE
pasadas_2026-07-16_343555.csv,2026-07-06,19:36:43,2026-07-06 19:36:43+00,2026-07-06 22:36:43+00,AB247VR,4771.95,6,AUTO-OESTE
pasadas_2026-07-16_343555.csv,2026-07-06,20:39:56,2026-07-06 20:39:56+00,2026-07-06 23:39:56+00,AA561YA,3976.59,6,AUTO-OESTE
pasadas_2026-07-16_343555.csv,2026-07-06,21:09:45,2026-07-06 21:09:45+00,2026-07-07 00:09:45+00,AA561YA,3976.59,6,AUTO-OESTE
pasadas_2026-07-16_343555.csv,2026-07-06,21:21:18,2026-07-06 21:21:18+00,2026-07-07 00:21:18+00,AH351RT,4970.74,7,AUTO-OESTE
pasadas_2026-07-16_343555.csv,2026-07-06,21:49:11,2026-07-06 21:49:11+00,2026-07-07 00:49:11+00,AH351RT,4970.74,7,AUTO-OESTE
pasadas_2026-07-16_343555.csv,2026-07-07,06:22:58,2026-07-07 06:22:58+00,2026-07-07 09:22:58+00,AC295IE,3976.59,6,AUTO-OESTE
pasadas_2026-07-16_343555.csv,2026-07-07,06:48:33,2026-07-07 06:48:33+00,2026-07-07 09:48:33+00,AC295IE,3976.59,6,AUTO-OESTE
pasadas_2026-07-16_343555.csv,2026-07-07,07:49:03,2026-07-07 07:49:03+00,2026-07-07 10:49:03+00,AB633TY,4771.95,6,AUTO-OESTE
pasadas_2026-07-16_343555.csv,2026-07-07,09:54:54,2026-07-07 09:54:54+00,2026-07-07 12:54:54+00,AB247VR,4771.95,6,AUTO-OESTE
pasadas_2026-07-16_343555.csv,2026-07-07,10:16:23,2026-07-07 10:16:23+00,2026-07-07 13:16:23+00,AB247VR,4771.95,6,AUTO-OESTE
pasadas_2026-07-16_343555.csv,2026-07-07,10:52:37,2026-07-07 10:52:37+00,2026-07-07 13:52:37+00,AC264UA,4771.95,6,AUTO-OESTE
pasadas_2026-07-16_343555.csv,2026-07-07,11:36:51,2026-07-07 11:36:51+00,2026-07-07 14:36:51+00,AB633TY,3976.59,6,AUTO-OESTE
pasadas_2026-07-16_343555.csv,2026-07-07,12:13:50,2026-07-07 12:13:50+00,2026-07-07 15:13:50+00,AD239PP,3976.59,6,AUTO-OESTE
pasadas_2026-07-16_343555.csv,2026-07-07,12:14:50,2026-07-07 12:14:50+00,2026-07-07 15:14:50+00,EXT374,3976.59,6,AUTO-OESTE
pasadas_2026-07-16_343555.csv,2026-07-07,12:33:10,2026-07-07 12:33:10+00,2026-07-07 15:33:10+00,AD625QA,3976.59,6,AUTO-OESTE
pasadas_2026-07-16_343555.csv,2026-07-07,12:35:36,2026-07-07 12:35:36+00,2026-07-07 15:35:36+00,AB151SM,3976.59,6,AUTO-OESTE
pasadas_2026-07-16_343555.csv,2026-07-07,12:57:11,2026-07-07 12:57:11+00,2026-07-07 15:57:11+00,AD625QA,3976.59,6,AUTO-OESTE
pasadas_2026-07-16_343555.csv,2026-07-07,13:13:51,2026-07-07 13:13:51+00,2026-07-07 16:13:51+00,AG916MK,4970.74,7,AUTO-OESTE
pasadas_2026-07-16_343555.csv,2026-07-07,13:31:47,2026-07-07 13:31:47+00,2026-07-07 16:31:47+00,AD625QB,3976.59,6,AUTO-OESTE
pasadas_2026-07-16_343555.csv,2026-07-07,14:03:53,2026-07-07 14:03:53+00,2026-07-07 17:03:53+00,AE469PH,3976.59,6,AUTO-OESTE
pasadas_2026-07-16_343555.csv,2026-07-07,15:17:23,2026-07-07 15:17:23+00,2026-07-07 18:17:23+00,AB151SM,3976.59,6,AUTO-OESTE
pasadas_2026-07-16_343555.csv,2026-07-07,16:44:20,2026-07-07 16:44:20+00,2026-07-07 19:44:20+00,AD985XP,4771.95,6,AUTO-OESTE
pasadas_2026-07-16_343555.csv,2026-07-07,16:52:48,2026-07-07 16:52:48+00,2026-07-07 19:52:48+00,AC295IE,4771.95,6,AUTO-OESTE
pasadas_2026-07-16_343555.csv,2026-07-07,17:18:04,2026-07-07 17:18:04+00,2026-07-07 20:18:04+00,AC295IE,4771.95,6,AUTO-OESTE
pasadas_2026-07-16_343555.csv,2026-07-07,17:43:28,2026-07-07 17:43:28+00,2026-07-07 20:43:28+00,AB247VR,4771.95,6,AUTO-OESTE
pasadas_2026-07-16_343555.csv,2026-07-07,18:03:34,2026-07-07 18:03:34+00,2026-07-07 21:03:34+00,EXT374,4771.95,6,AUTO-OESTE
pasadas_2026-07-16_343555.csv,2026-07-07,18:10:45,2026-07-07 18:10:45+00,2026-07-07 21:10:45+00,AB247VR,4771.95,6,AUTO-OESTE
pasadas_2026-07-16_343555.csv,2026-07-07,18:37:44,2026-07-07 18:37:44+00,2026-07-07 21:37:44+00,AD625QA,4771.95,6,AUTO-OESTE
pasadas_2026-07-16_343555.csv,2026-07-07,18:39:21,2026-07-07 18:39:21+00,2026-07-07 21:39:21+00,EXT374,4771.95,6,AUTO-OESTE
pasadas_2026-07-16_343555.csv,2026-07-07,19:18:21,2026-07-07 19:18:21+00,2026-07-07 22:18:21+00,AG309CO,5964.94,7,AUTO-OESTE
pasadas_2026-07-16_343555.csv,2026-07-07,19:19:10,2026-07-07 19:19:10+00,2026-07-07 22:19:10+00,AG893YR,5964.94,7,AUTO-OESTE
pasadas_2026-07-16_343555.csv,2026-07-07,19:20:09,2026-07-07 19:20:09+00,2026-07-07 22:20:09+00,AH729QW,5964.94,7,AUTO-OESTE
pasadas_2026-07-16_343555.csv,2026-07-07,20:35:14,2026-07-07 20:35:14+00,2026-07-07 23:35:14+00,AD239PP,3976.59,6,AUTO-OESTE
pasadas_2026-07-16_343555.csv,2026-07-07,21:24:34,2026-07-07 21:24:34+00,2026-07-08 00:24:34+00,AB151SM,3976.59,6,AUTO-OESTE
pasadas_2026-07-16_343555.csv,2026-07-08,00:43:12,2026-07-08 00:43:12+00,2026-07-08 03:43:12+00,AF231PZ,3976.59,6,AUTO-OESTE
pasadas_2026-07-16_343555.csv,2026-07-08,00:43:35,2026-07-08 00:43:35+00,2026-07-08 03:43:35+00,AG916MK,4970.74,7,AUTO-OESTE
pasadas_2026-07-16_343555.csv,2026-07-08,05:18:08,2026-07-08 05:18:08+00,2026-07-08 08:18:08+00,AC264UA,3976.59,6,AUTO-OESTE
pasadas_2026-07-16_343555.csv,2026-07-08,05:44:08,2026-07-08 05:44:08+00,2026-07-08 08:44:08+00,AC264UA,3976.59,6,AUTO-OESTE
pasadas_2026-07-16_343555.csv,2026-07-08,06:26:38,2026-07-08 06:26:38+00,2026-07-08 09:26:38+00,AB633TZ,3976.59,6,AUTO-OESTE
pasadas_2026-07-16_343555.csv,2026-07-08,07:10:21,2026-07-08 07:10:21+00,2026-07-08 10:10:21+00,AG939HR,5964.94,7,AUTO-OESTE
pasadas_2026-07-16_343555.csv,2026-07-08,07:39:40,2026-07-08 07:39:40+00,2026-07-08 10:39:40+00,AG939HR,5964.94,7,AUTO-OESTE
pasadas_2026-07-16_343555.csv,2026-07-08,08:49:28,2026-07-08 08:49:28+00,2026-07-08 11:49:28+00,AG939HR,5964.94,7,AUTO-OESTE
pasadas_2026-07-16_343555.csv,2026-07-08,12:21:26,2026-07-08 12:21:26+00,2026-07-08 15:21:26+00,EXT374,3976.59,6,AUTO-OESTE
pasadas_2026-07-16_343555.csv,2026-07-08,12:41:16,2026-07-08 12:41:16+00,2026-07-08 15:41:16+00,AE469PH,3976.59,6,AUTO-OESTE
pasadas_2026-07-16_343555.csv,2026-07-08,12:44:28,2026-07-08 12:44:28+00,2026-07-08 15:44:28+00,EXT374,3976.59,6,AUTO-OESTE
pasadas_2026-07-16_343555.csv,2026-07-08,12:48:54,2026-07-08 12:48:54+00,2026-07-08 15:48:54+00,AD985XP,3976.59,6,AUTO-OESTE
pasadas_2026-07-16_343555.csv,2026-07-08,13:04:07,2026-07-08 13:04:07+00,2026-07-08 16:04:07+00,AF231PZ,3976.59,6,AUTO-OESTE
pasadas_2026-07-16_343555.csv,2026-07-08,13:26:40,2026-07-08 13:26:40+00,2026-07-08 16:26:40+00,AF231PZ,3976.59,6,AUTO-OESTE
pasadas_2026-07-16_343555.csv,2026-07-08,13:49:20,2026-07-08 13:49:20+00,2026-07-08 16:49:20+00,AD239PP,3976.59,6,AUTO-OESTE
pasadas_2026-07-16_343555.csv,2026-07-08,14:24:50,2026-07-08 14:24:50+00,2026-07-08 17:24:50+00,AE952TH,3976.59,6,AUTO-OESTE
pasadas_2026-07-16_343555.csv,2026-07-08,14:50:18,2026-07-08 14:50:18+00,2026-07-08 17:50:18+00,AB633TZ,3976.59,6,AUTO-OESTE
pasadas_2026-07-16_343555.csv,2026-07-08,15:12:58,2026-07-08 15:12:58+00,2026-07-08 18:12:58+00,AB456CQ,3976.59,6,AUTO-OESTE
pasadas_2026-07-16_343555.csv,2026-07-08,15:13:00,2026-07-08 15:13:00+00,2026-07-08 18:13:00+00,AB633TZ,3976.59,6,AUTO-OESTE
pasadas_2026-07-16_343555.csv,2026-07-08,16:51:18,2026-07-08 16:51:18+00,2026-07-08 19:51:18+00,EXT374,4771.95,6,AUTO-OESTE
pasadas_2026-07-16_343555.csv,2026-07-08,17:08:48,2026-07-08 17:08:48+00,2026-07-08 20:08:48+00,AC264UA,4771.95,6,AUTO-OESTE
pasadas_2026-07-16_343555.csv,2026-07-08,17:22:25,2026-07-08 17:22:25+00,2026-07-08 20:22:25+00,EXT374,4771.95,6,AUTO-OESTE
pasadas_2026-07-16_343555.csv,2026-07-08,17:29:26,2026-07-08 17:29:26+00,2026-07-08 20:29:26+00,OWG130,4771.95,6,AUTO-OESTE
pasadas_2026-07-16_343555.csv,2026-07-08,17:36:37,2026-07-08 17:36:37+00,2026-07-08 20:36:37+00,AC264UA,4771.95,6,AUTO-OESTE
pasadas_2026-07-16_343555.csv,2026-07-08,18:26:24,2026-07-08 18:26:24+00,2026-07-08 21:26:24+00,AE469PH,4771.95,6,AUTO-OESTE
pasadas_2026-07-16_343555.csv,2026-07-08,18:38:43,2026-07-08 18:38:43+00,2026-07-08 21:38:43+00,AD239PP,4771.95,6,AUTO-OESTE
pasadas_2026-07-16_343555.csv,2026-07-08,19:38:22,2026-07-08 19:38:22+00,2026-07-08 22:38:22+00,AG893YR,5964.94,7,AUTO-OESTE
pasadas_2026-07-16_343555.csv,2026-07-08,19:38:31,2026-07-08 19:38:31+00,2026-07-08 22:38:31+00,AG309CO,5964.94,7,AUTO-OESTE
pasadas_2026-07-16_343555.csv,2026-07-08,19:44:25,2026-07-08 19:44:25+00,2026-07-08 22:44:25+00,AH729QW,5964.94,7,AUTO-OESTE
pasadas_2026-07-16_343555.csv,2026-07-08,21:56:10,2026-07-08 21:56:10+00,2026-07-09 00:56:10+00,AE952TH,3976.59,6,AUTO-OESTE
pasadas_2026-07-16_343555.csv,2026-07-08,22:22:41,2026-07-08 22:22:41+00,2026-07-09 01:22:41+00,AE952TH,3976.59,6,AUTO-OESTE
pasadas_2026-07-16_343555.csv,2026-07-09,05:48:27,2026-07-09 05:48:27+00,2026-07-09 08:48:27+00,AB633TY,3976.59,6,AUTO-OESTE
pasadas_2026-07-16_343555.csv,2026-07-09,07:11:26,2026-07-09 07:11:26+00,2026-07-09 10:11:26+00,AB247VR,4771.95,6,AUTO-OESTE
pasadas_2026-07-16_343555.csv,2026-07-09,07:36:05,2026-07-09 07:36:05+00,2026-07-09 10:36:05+00,AB247VR,4771.95,6,AUTO-OESTE
pasadas_2026-07-16_343555.csv,2026-07-09,10:25:57,2026-07-09 10:25:57+00,2026-07-09 13:25:57+00,AB247VR,4771.95,6,AUTO-OESTE
pasadas_2026-07-16_343555.csv,2026-07-09,10:55:47,2026-07-09 10:55:47+00,2026-07-09 13:55:47+00,AB247VR,4771.95,6,AUTO-OESTE
pasadas_2026-07-16_343555.csv,2026-07-10,05:59:37,2026-07-10 05:59:37+00,2026-07-10 08:59:37+00,OWG130,3976.59,6,AUTO-OESTE
pasadas_2026-07-16_343555.csv,2026-07-10,06:13:37,2026-07-10 06:13:37+00,2026-07-10 09:13:37+00,AD985XP,3976.59,6,AUTO-OESTE
pasadas_2026-07-16_343555.csv,2026-07-10,08:18:47,2026-07-10 08:18:47+00,2026-07-10 11:18:47+00,AB456CU,4771.95,6,AUTO-OESTE
pasadas_2026-07-16_343555.csv,2026-07-10,11:26:06,2026-07-10 11:26:06+00,2026-07-10 14:26:06+00,AC561DQ,3976.59,6,AUTO-OESTE
pasadas_2026-07-16_343555.csv,2026-07-10,11:49:10,2026-07-10 11:49:10+00,2026-07-10 14:49:10+00,EXT374,3976.59,6,AUTO-OESTE
pasadas_2026-07-16_343555.csv,2026-07-10,12:16:12,2026-07-10 12:16:12+00,2026-07-10 15:16:12+00,EXT374,3976.59,6,AUTO-OESTE
pasadas_2026-07-16_343555.csv,2026-07-10,13:06:10,2026-07-10 13:06:10+00,2026-07-10 16:06:10+00,AB247VR,3976.59,6,AUTO-OESTE
pasadas_2026-07-16_343555.csv,2026-07-10,13:28:15,2026-07-10 13:28:15+00,2026-07-10 16:28:15+00,AB247VR,3976.59,6,AUTO-OESTE
pasadas_2026-07-16_343555.csv,2026-07-10,14:09:55,2026-07-10 14:09:55+00,2026-07-10 17:09:55+00,AB456CP,3976.59,6,AUTO-OESTE
pasadas_2026-07-16_343555.csv,2026-07-10,14:40:33,2026-07-10 14:40:33+00,2026-07-10 17:40:33+00,AB456CP,3976.59,6,AUTO-OESTE
pasadas_2026-07-16_343555.csv,2026-07-10,15:21:53,2026-07-10 15:21:53+00,2026-07-10 18:21:53+00,AF411UY,3976.59,6,AUTO-OESTE
pasadas_2026-07-16_343555.csv,2026-07-10,15:26:24,2026-07-10 15:26:24+00,2026-07-10 18:26:24+00,EXT374,3976.59,6,AUTO-OESTE
pasadas_2026-07-16_343555.csv,2026-07-10,16:05:40,2026-07-10 16:05:40+00,2026-07-10 19:05:40+00,EXT374,4771.95,6,AUTO-OESTE
pasadas_2026-07-16_343555.csv,2026-07-10,16:08:44,2026-07-10 16:08:44+00,2026-07-10 19:08:44+00,AB633TY,4771.95,6,AUTO-OESTE
pasadas_2026-07-16_343555.csv,2026-07-10,16:41:54,2026-07-10 16:41:54+00,2026-07-10 19:41:54+00,AB633TY,4771.95,6,AUTO-OESTE
pasadas_2026-07-16_343555.csv,2026-07-10,17:16:39,2026-07-10 17:16:39+00,2026-07-10 20:16:39+00,AD985XP,4771.95,6,AUTO-OESTE
pasadas_2026-07-16_343555.csv,2026-07-10,18:30:29,2026-07-10 18:30:29+00,2026-07-10 21:30:29+00,AB456CU,4771.95,6,AUTO-OESTE
pasadas_2026-07-16_343555.csv,2026-07-10,19:08:17,2026-07-10 19:08:17+00,2026-07-10 22:08:17+00,OWG130,4771.95,6,AUTO-OESTE
pasadas_2026-07-16_343555.csv,2026-07-10,20:01:58,2026-07-10 20:01:58+00,2026-07-10 23:01:58+00,AB456CP,3976.59,6,AUTO-OESTE
pasadas_2026-07-16_343555.csv,2026-07-10,20:05:28,2026-07-10 20:05:28+00,2026-07-10 23:05:28+00,AF411UY,3976.59,6,AUTO-OESTE
pasadas_2026-07-16_343555.csv,2026-07-10,20:06:14,2026-07-10 20:06:14+00,2026-07-10 23:06:14+00,AB247VR,3976.59,6,AUTO-OESTE
pasadas_2026-07-16_343555.csv,2026-07-10,20:26:37,2026-07-10 20:26:37+00,2026-07-10 23:26:37+00,AF411UY,3976.59,6,AUTO-OESTE
pasadas_2026-07-16_343555.csv,2026-07-10,20:32:11,2026-07-10 20:32:11+00,2026-07-10 23:32:11+00,AB456CP,3976.59,6,AUTO-OESTE
pasadas_2026-07-16_343555.csv,2026-07-10,20:32:22,2026-07-10 20:32:22+00,2026-07-10 23:32:22+00,AB247VR,3976.59,6,AUTO-OESTE
pasadas_2026-07-16_343555.csv,2026-07-11,05:13:00,2026-07-11 05:13:00+00,2026-07-11 08:13:00+00,AB633TZ,3976.59,6,AUTO-OESTE
pasadas_2026-07-16_343555.csv,2026-07-11,11:22:23,2026-07-11 11:22:23+00,2026-07-11 14:22:23+00,AD625QB,4771.95,6,AUTO-OESTE
pasadas_2026-07-16_343555.csv,2026-07-11,11:40:03,2026-07-11 11:40:03+00,2026-07-11 14:40:03+00,AC561DQ,4771.95,6,AUTO-OESTE
pasadas_2026-07-16_343555.csv,2026-07-11,12:13:53,2026-07-11 12:13:53+00,2026-07-11 15:13:53+00,AB633TZ,3976.59,6,AUTO-OESTE
pasadas_2026-07-16_343555.csv,2026-07-11,12:41:03,2026-07-11 12:41:03+00,2026-07-11 15:41:03+00,AB633TZ,3976.59,6,AUTO-OESTE
pasadas_2026-07-16_343555.csv,2026-07-13,02:23:20,2026-07-13 02:23:20+00,2026-07-13 05:23:20+00,AG893YR,4970.74,7,AUTO-OESTE
pasadas_2026-07-16_343555.csv,2026-07-13,02:23:30,2026-07-13 02:23:30+00,2026-07-13 05:23:30+00,AG916MK,4970.74,7,AUTO-OESTE
pasadas_2026-07-16_343555.csv,2026-07-13,02:38:17,2026-07-13 02:38:17+00,2026-07-13 05:38:17+00,AG309CO,4970.74,7,AUTO-OESTE
pasadas_2026-07-16_343555.csv,2026-07-13,02:44:19,2026-07-13 02:44:19+00,2026-07-13 05:44:19+00,AC264UA,3976.59,6,AUTO-OESTE
pasadas_2026-07-16_343555.csv,2026-07-13,04:07:43,2026-07-13 04:07:43+00,2026-07-13 07:07:43+00,AG507DK,4970.74,7,AUTO-OESTE
pasadas_2026-07-16_343555.csv,2026-07-13,04:08:14,2026-07-13 04:08:14+00,2026-07-13 07:08:14+00,AD667DM,3976.59,6,AUTO-OESTE
pasadas_2026-07-16_343555.csv,2026-07-13,04:34:34,2026-07-13 04:34:34+00,2026-07-13 07:34:34+00,AD667DM,3976.59,6,AUTO-OESTE
pasadas_2026-07-16_343555.csv,2026-07-13,05:25:26,2026-07-13 05:25:26+00,2026-07-13 08:25:26+00,AG110LK,3976.59,6,AUTO-OESTE
pasadas_2026-07-16_343555.csv,2026-07-13,06:11:51,2026-07-13 06:11:51+00,2026-07-13 09:11:51+00,EXT374,3976.59,6,AUTO-OESTE
pasadas_2026-07-16_343555.csv,2026-07-13,07:33:47,2026-07-13 07:33:47+00,2026-07-13 10:33:47+00,AF993HK,4771.95,6,AUTO-OESTE
pasadas_2026-07-16_343555.csv,2026-07-13,07:52:13,2026-07-13 07:52:13+00,2026-07-13 10:52:13+00,AD625QA,4771.95,6,AUTO-OESTE
pasadas_2026-07-16_343555.csv,2026-07-13,09:25:34,2026-07-13 09:25:34+00,2026-07-13 12:25:34+00,AA561YA,4771.95,6,AUTO-OESTE
pasadas_2026-07-16_343555.csv,2026-07-13,09:46:30,2026-07-13 09:46:30+00,2026-07-13 12:46:30+00,AE469PH,4771.95,6,AUTO-OESTE
pasadas_2026-07-16_343555.csv,2026-07-13,10:36:13,2026-07-13 10:36:13+00,2026-07-13 13:36:13+00,AB151SM,4771.95,6,AUTO-OESTE
pasadas_2026-07-16_343555.csv,2026-07-13,11:18:25,2026-07-13 11:18:25+00,2026-07-13 14:18:25+00,AF202UU,4970.74,7,AUTO-OESTE
pasadas_2026-07-16_343555.csv,2026-07-13,11:47:17,2026-07-13 11:47:17+00,2026-07-13 14:47:17+00,AG893YR,4970.74,7,AUTO-OESTE
pasadas_2026-07-16_343555.csv,2026-07-13,11:47:31,2026-07-13 11:47:31+00,2026-07-13 14:47:31+00,AG916MK,4970.74,7,AUTO-OESTE
pasadas_2026-07-16_343555.csv,2026-07-13,12:23:24,2026-07-13 12:23:24+00,2026-07-13 15:23:24+00,AD625QA,3976.59,6,AUTO-OESTE
pasadas_2026-07-16_343555.csv,2026-07-13,12:28:50,2026-07-13 12:28:50+00,2026-07-13 15:28:50+00,AB633TY,3976.59,6,AUTO-OESTE
pasadas_2026-07-16_343555.csv,2026-07-13,12:47:55,2026-07-13 12:47:55+00,2026-07-13 15:47:55+00,AD625QA,3976.59,6,AUTO-OESTE
pasadas_2026-07-16_343555.csv,2026-07-13,12:51:27,2026-07-13 12:51:27+00,2026-07-13 15:51:27+00,AB633TY,3976.59,6,AUTO-OESTE
pasadas_2026-07-16_343555.csv,2026-07-13,12:54:32,2026-07-13 12:54:32+00,2026-07-13 15:54:32+00,AD667DM,3976.59,6,AUTO-OESTE
pasadas_2026-07-16_343555.csv,2026-07-13,13:00:16,2026-07-13 13:00:16+00,2026-07-13 16:00:16+00,AF993HK,3976.59,6,AUTO-OESTE
pasadas_2026-07-16_343555.csv,2026-07-13,13:01:36,2026-07-13 13:01:36+00,2026-07-13 16:01:36+00,AB456CQ,3976.59,6,AUTO-OESTE
pasadas_2026-07-16_343555.csv,2026-07-13,13:05:06,2026-07-13 13:05:06+00,2026-07-13 16:05:06+00,AA561YA,3976.59,6,AUTO-OESTE
pasadas_2026-07-16_343555.csv,2026-07-13,13:20:09,2026-07-13 13:20:09+00,2026-07-13 16:20:09+00,AD667DM,3976.59,6,AUTO-OESTE
pasadas_2026-07-16_343555.csv,2026-07-13,13:25:47,2026-07-13 13:25:47+00,2026-07-13 16:25:47+00,AB456CQ,3976.59,6,AUTO-OESTE
pasadas_2026-07-16_343555.csv,2026-07-13,14:06:15,2026-07-13 14:06:15+00,2026-07-13 17:06:15+00,AG309CO,4970.74,7,AUTO-OESTE
pasadas_2026-07-16_343555.csv,2026-07-13,14:12:02,2026-07-13 14:12:02+00,2026-07-13 17:12:02+00,EXT374,3976.59,6,AUTO-OESTE
pasadas_2026-07-16_343555.csv,2026-07-13,14:35:30,2026-07-13 14:35:30+00,2026-07-13 17:35:30+00,AB151SM,3976.59,6,AUTO-OESTE
pasadas_2026-07-16_343555.csv,2026-07-13,14:42:01,2026-07-13 14:42:01+00,2026-07-13 17:42:01+00,AE469PH,3976.59,6,AUTO-OESTE
pasadas_2026-07-16_343555.csv,2026-07-13,16:02:44,2026-07-13 16:02:44+00,2026-07-13 19:02:44+00,AB456CQ,4771.95,6,AUTO-OESTE
pasadas_2026-07-16_343555.csv,2026-07-13,16:31:45,2026-07-13 16:31:45+00,2026-07-13 19:31:45+00,AB456CQ,4771.95,6,AUTO-OESTE
pasadas_2026-07-16_343555.csv,2026-07-13,16:45:45,2026-07-13 16:45:45+00,2026-07-13 19:45:45+00,AB633TY,4771.95,6,AUTO-OESTE
pasadas_2026-07-16_343555.csv,2026-07-13,16:52:34,2026-07-13 16:52:34+00,2026-07-13 19:52:34+00,AG110LK,4771.95,6,AUTO-OESTE
pasadas_2026-07-16_343555.csv,2026-07-13,17:08:09,2026-07-13 17:08:09+00,2026-07-13 20:08:09+00,AF202UU,5964.94,7,AUTO-OESTE
pasadas_2026-07-16_343555.csv,2026-07-13,17:10:11,2026-07-13 17:10:11+00,2026-07-13 20:10:11+00,AB151SM,4771.95,6,AUTO-OESTE
pasadas_2026-07-16_343555.csv,2026-07-13,17:20:19,2026-07-13 17:20:19+00,2026-07-13 20:20:19+00,AG110LK,4771.95,6,AUTO-OESTE
pasadas_2026-07-16_343555.csv,2026-07-13,18:11:50,2026-07-13 18:11:50+00,2026-07-13 21:11:50+00,EXT374,4771.95,6,AUTO-OESTE
pasadas_2026-07-16_343555.csv,2026-07-13,19:00:07,2026-07-13 19:00:07+00,2026-07-13 22:00:07+00,AD625QA,4771.95,6,AUTO-OESTE
pasadas_2026-07-16_343555.csv,2026-07-13,19:26:37,2026-07-13 19:26:37+00,2026-07-13 22:26:37+00,AD625QA,4771.95,6,AUTO-OESTE
pasadas_2026-07-16_343555.csv,2026-07-13,19:56:22,2026-07-13 19:56:22+00,2026-07-13 22:56:22+00,AB151SM,4771.95,6,AUTO-OESTE
pasadas_2026-07-16_343555.csv,2026-07-13,21:26:39,2026-07-13 21:26:39+00,2026-07-14 00:26:39+00,OWG130,3976.59,6,AUTO-OESTE
pasadas_2026-07-16_343555.csv,2026-07-14,01:44:04,2026-07-14 01:44:04+00,2026-07-14 04:44:04+00,AG533MF,994.15,2,AUTO-OESTE
pasadas_2026-07-16_343555.csv,2026-07-14,02:32:14,2026-07-14 02:32:14+00,2026-07-14 05:32:14+00,AG533MF,994.15,2,AUTO-OESTE
pasadas_2026-07-16_343555.csv,2026-07-14,05:58:25,2026-07-14 05:58:25+00,2026-07-14 08:58:25+00,AE469PH,3976.59,6,AUTO-OESTE
pasadas_2026-07-16_343555.csv,2026-07-14,06:16:19,2026-07-14 06:16:19+00,2026-07-14 09:16:19+00,AB456CQ,3976.59,6,AUTO-OESTE
pasadas_2026-07-16_343555.csv,2026-07-14,06:56:31,2026-07-14 06:56:31+00,2026-07-14 09:56:31+00,AB247VR,3976.59,6,AUTO-OESTE
pasadas_2026-07-16_343555.csv,2026-07-14,06:57:48,2026-07-14 06:57:48+00,2026-07-14 09:57:48+00,AB633TZ,3976.59,6,AUTO-OESTE
pasadas_2026-07-16_343555.csv,2026-07-14,07:02:48,2026-07-14 07:02:48+00,2026-07-14 10:02:48+00,AC264UA,4771.95,6,AUTO-OESTE
pasadas_2026-07-16_343555.csv,2026-07-14,07:25:04,2026-07-14 07:25:04+00,2026-07-14 10:25:04+00,AB247VR,4771.95,6,AUTO-OESTE
pasadas_2026-07-16_343555.csv,2026-07-14,07:45:31,2026-07-14 07:45:31+00,2026-07-14 10:45:31+00,AB456CU,4771.95,6,AUTO-OESTE
pasadas_2026-07-16_343555.csv,2026-07-14,09:04:11,2026-07-14 09:04:11+00,2026-07-14 12:04:11+00,EXT374,4771.95,6,AUTO-OESTE
pasadas_2026-07-16_343555.csv,2026-07-14,09:11:36,2026-07-14 09:11:36+00,2026-07-14 12:11:36+00,AA946VU,1192.99,2,AUTO-OESTE
pasadas_2026-07-16_343555.csv,2026-07-14,09:12:10,2026-07-14 09:12:10+00,2026-07-14 12:12:10+00,AC295IE,4771.95,6,AUTO-OESTE
pasadas_2026-07-16_343555.csv,2026-07-14,09:29:56,2026-07-14 09:29:56+00,2026-07-14 12:29:56+00,AB633TZ,4771.95,6,AUTO-OESTE
pasadas_2026-07-16_343555.csv,2026-07-14,09:39:36,2026-07-14 09:39:36+00,2026-07-14 12:39:36+00,AC295IE,4771.95,6,AUTO-OESTE
pasadas_2026-07-16_343555.csv,2026-07-14,09:56:19,2026-07-14 09:56:19+00,2026-07-14 12:56:19+00,AA946VU,1192.99,2,AUTO-OESTE
pasadas_2026-07-16_343555.csv,2026-07-14,10:05:32,2026-07-14 10:05:32+00,2026-07-14 13:05:32+00,AD985XP,4771.95,6,AUTO-OESTE
pasadas_2026-07-16_343555.csv,2026-07-14,10:14:28,2026-07-14 10:14:28+00,2026-07-14 13:14:28+00,OWG130,4771.95,6,AUTO-OESTE
pasadas_2026-07-16_343555.csv,2026-07-14,10:28:20,2026-07-14 10:28:20+00,2026-07-14 13:28:20+00,AB247VR,4771.95,6,AUTO-OESTE
pasadas_2026-07-16_343555.csv,2026-07-14,11:23:52,2026-07-14 11:23:52+00,2026-07-14 14:23:52+00,AB633TZ,3976.59,6,AUTO-OESTE
pasadas_2026-07-16_343555.csv,2026-07-14,11:30:17,2026-07-14 11:30:17+00,2026-07-14 14:30:17+00,AB456CU,3976.59,6,AUTO-OESTE
pasadas_2026-07-16_343555.csv,2026-07-14,11:52:33,2026-07-14 11:52:33+00,2026-07-14 14:52:33+00,AB456CU,3976.59,6,AUTO-OESTE
pasadas_2026-07-16_343555.csv,2026-07-14,12:39:23,2026-07-14 12:39:23+00,2026-07-14 15:39:23+00,AB456CQ,3976.59,6,AUTO-OESTE
pasadas_2026-07-16_343555.csv,2026-07-14,13:13:14,2026-07-14 13:13:14+00,2026-07-14 16:13:14+00,AB247VR,3976.59,6,AUTO-OESTE
pasadas_2026-07-16_343555.csv,2026-07-14,13:46:52,2026-07-14 13:46:52+00,2026-07-14 16:46:52+00,AE469PH,3976.59,6,AUTO-OESTE
pasadas_2026-07-16_343555.csv,2026-07-14,14:43:21,2026-07-14 14:43:21+00,2026-07-14 17:43:21+00,AB633TZ,3976.59,6,AUTO-OESTE
pasadas_2026-07-16_343555.csv,2026-07-14,14:55:29,2026-07-14 14:55:29+00,2026-07-14 17:55:29+00,EXT374,3976.59,6,AUTO-OESTE
pasadas_2026-07-16_343555.csv,2026-07-14,14:58:30,2026-07-14 14:58:30+00,2026-07-14 17:58:30+00,AC264UA,3976.59,6,AUTO-OESTE
pasadas_2026-07-16_343555.csv,2026-07-14,15:51:58,2026-07-14 15:51:58+00,2026-07-14 18:51:58+00,AF411UY,3976.59,6,AUTO-OESTE
pasadas_2026-07-16_343555.csv,2026-07-14,16:31:32,2026-07-14 16:31:32+00,2026-07-14 19:31:32+00,OWG130,4771.95,6,AUTO-OESTE
pasadas_2026-07-16_343555.csv,2026-07-14,17:15:06,2026-07-14 17:15:06+00,2026-07-14 20:15:06+00,AD985XP,4771.95,6,AUTO-OESTE
pasadas_2026-07-16_343555.csv,2026-07-14,17:40:32,2026-07-14 17:40:32+00,2026-07-14 20:40:32+00,AB247VR,4771.95,6,AUTO-OESTE
pasadas_2026-07-16_343555.csv,2026-07-14,18:07:06,2026-07-14 18:07:06+00,2026-07-14 21:07:06+00,AB247VR,4771.95,6,AUTO-OESTE
pasadas_2026-07-16_343555.csv,2026-07-14,18:38:24,2026-07-14 18:38:24+00,2026-07-14 21:38:24+00,EXT374,4771.95,6,AUTO-OESTE
pasadas_2026-07-16_343555.csv,2026-07-15,02:04:50,2026-07-15 02:04:50+00,2026-07-15 05:04:50+00,AF231PZ,3976.59,6,AUTO-OESTE
pasadas_2026-07-16_343555.csv,2026-07-15,05:23:26,2026-07-15 05:23:26+00,2026-07-15 08:23:26+00,AB151SM,3976.59,6,AUTO-OESTE
pasadas_2026-07-16_343555.csv,2026-07-15,05:34:52,2026-07-15 05:34:52+00,2026-07-15 08:34:52+00,AC295IE,3976.59,6,AUTO-OESTE
pasadas_2026-07-16_343555.csv,2026-07-15,05:49:16,2026-07-15 05:49:16+00,2026-07-15 08:49:16+00,AB151SM,3976.59,6,AUTO-OESTE
pasadas_2026-07-16_343555.csv,2026-07-15,06:01:04,2026-07-15 06:01:04+00,2026-07-15 09:01:04+00,AC295IE,3976.59,6,AUTO-OESTE
pasadas_2026-07-16_343555.csv,2026-07-15,11:04:21,2026-07-15 11:04:21+00,2026-07-15 14:04:21+00,AF202UU,4970.74,7,AUTO-OESTE
pasadas_2026-07-16_343555.csv,2026-07-15,11:30:03,2026-07-15 11:30:03+00,2026-07-15 14:30:03+00,AB247VR,3976.59,6,AUTO-OESTE
pasadas_2026-07-16_343555.csv,2026-07-15,11:31:13,2026-07-15 11:31:13+00,2026-07-15 14:31:13+00,AF202UU,4970.74,7,AUTO-OESTE
pasadas_2026-07-16_343555.csv,2026-07-15,11:39:09,2026-07-15 11:39:09+00,2026-07-15 14:39:09+00,EXT374,3976.59,6,AUTO-OESTE
pasadas_2026-07-16_343555.csv,2026-07-15,11:53:34,2026-07-15 11:53:34+00,2026-07-15 14:53:34+00,AB247VR,3976.59,6,AUTO-OESTE
pasadas_2026-07-16_343555.csv,2026-07-15,12:05:32,2026-07-15 12:05:32+00,2026-07-15 15:05:32+00,AD239PP,3976.59,6,AUTO-OESTE
pasadas_2026-07-16_343555.csv,2026-07-15,12:52:45,2026-07-15 12:52:45+00,2026-07-15 15:52:45+00,AF231PZ,3976.59,6,AUTO-OESTE
pasadas_2026-07-16_343555.csv,2026-07-15,13:21:25,2026-07-15 13:21:25+00,2026-07-15 16:21:25+00,AB633TY,3976.59,6,AUTO-OESTE
pasadas_2026-07-16_343555.csv,2026-07-15,13:26:26,2026-07-15 13:26:26+00,2026-07-15 16:26:26+00,AB633TZ,3976.59,6,AUTO-OESTE
pasadas_2026-07-16_343555.csv,2026-07-15,13:47:22,2026-07-15 13:47:22+00,2026-07-15 16:47:22+00,AB633TY,3976.59,6,AUTO-OESTE
pasadas_2026-07-16_343555.csv,2026-07-15,13:48:12,2026-07-15 13:48:12+00,2026-07-15 16:48:12+00,EXT374,3976.59,6,AUTO-OESTE
pasadas_2026-07-16_343555.csv,2026-07-15,13:55:30,2026-07-15 13:55:30+00,2026-07-15 16:55:30+00,AB633TZ,3976.59,6,AUTO-OESTE
pasadas_2026-07-16_343555.csv,2026-07-15,14:11:05,2026-07-15 14:11:05+00,2026-07-15 17:11:05+00,EXT374,3976.59,6,AUTO-OESTE
pasadas_2026-07-16_343555.csv,2026-07-15,14:15:21,2026-07-15 14:15:21+00,2026-07-15 17:15:21+00,AB247VR,3976.59,6,AUTO-OESTE
pasadas_2026-07-16_343555.csv,2026-07-15,14:40:56,2026-07-15 14:40:56+00,2026-07-15 17:40:56+00,AB247VR,3976.59,6,AUTO-OESTE
pasadas_2026-07-16_343555.csv,2026-07-15,15:43:48,2026-07-15 15:43:48+00,2026-07-15 18:43:48+00,AF202UU,4970.74,7,AUTO-OESTE
pasadas_2026-07-16_343555.csv,2026-07-15,17:50:17,2026-07-15 17:50:17+00,2026-07-15 20:50:17+00,AB456CQ,4771.95,6,AUTO-OESTE
pasadas_2026-07-16_343555.csv,2026-07-15,18:12:17,2026-07-15 18:12:17+00,2026-07-15 21:12:17+00,AD239PP,4771.95,6,AUTO-OESTE
pasadas_2026-07-16_343555.csv,2026-07-15,18:14:54,2026-07-15 18:14:54+00,2026-07-15 21:14:54+00,AB456CQ,4771.95,6,AUTO-OESTE
pasadas_2026-07-16_343555.csv,2026-07-15,18:28:34,2026-07-15 18:28:34+00,2026-07-15 21:28:34+00,AC295IE,4771.95,6,AUTO-OESTE
pasadas_2026-07-16_343555.csv,2026-07-15,18:53:41,2026-07-15 18:53:41+00,2026-07-15 21:53:41+00,AC295IE,4771.95,6,AUTO-OESTE
pasadas_2026-07-16_493556.csv,2026-07-01,02:11:06,2026-07-01 02:11:06+00,2026-07-01 05:11:06+00,AD736OU,3976.59,6,AUSOL
pasadas_2026-07-16_493556.csv,2026-07-01,02:37:33,2026-07-01 02:37:33+00,2026-07-01 05:37:33+00,AD667DM,3976.59,6,AUSOL
pasadas_2026-07-16_493556.csv,2026-07-01,02:38:00,2026-07-01 02:38:00+00,2026-07-01 05:38:00+00,AG533MF,994.15,2,AUSOL
pasadas_2026-07-16_493556.csv,2026-07-01,03:03:31,2026-07-01 03:03:31+00,2026-07-01 06:03:31+00,AD736OU,3976.59,6,AUSOL
pasadas_2026-07-16_493556.csv,2026-07-01,05:34:26,2026-07-01 05:34:26+00,2026-07-01 08:34:26+00,AH800QT,4970.74,7,AUSOL
pasadas_2026-07-16_493556.csv,2026-07-01,06:06:32,2026-07-01 06:06:32+00,2026-07-01 09:06:32+00,AH351RT,4970.74,7,AUSOL
pasadas_2026-07-16_493556.csv,2026-07-01,06:20:37,2026-07-01 06:20:37+00,2026-07-01 09:20:37+00,AD625QB,3976.59,6,AUSOL
pasadas_2026-07-16_493556.csv,2026-07-01,10:51:55,2026-07-01 10:51:55+00,2026-07-01 13:51:55+00,AB633TY,4771.95,6,AUSOL
pasadas_2026-07-16_493556.csv,2026-07-01,10:53:40,2026-07-01 10:53:40+00,2026-07-01 13:53:40+00,AD625QB,4771.95,6,AUSOL
pasadas_2026-07-16_493556.csv,2026-07-01,10:55:11,2026-07-01 10:55:11+00,2026-07-01 13:55:11+00,AB456CP,4771.95,6,AUSOL
pasadas_2026-07-16_493556.csv,2026-07-01,11:04:19,2026-07-01 11:04:19+00,2026-07-01 14:04:19+00,AF411UY,3976.59,6,AUSOL
pasadas_2026-07-16_493556.csv,2026-07-01,11:47:00,2026-07-01 11:47:00+00,2026-07-01 14:47:00+00,AB633TZ,3976.59,6,AUSOL
pasadas_2026-07-16_493556.csv,2026-07-01,11:47:39,2026-07-01 11:47:39+00,2026-07-01 14:47:39+00,AD667DM,3976.59,6,AUSOL
pasadas_2026-07-16_493556.csv,2026-07-01,12:51:18,2026-07-01 12:51:18+00,2026-07-01 15:51:18+00,AA561YA,3976.59,6,AUSOL
pasadas_2026-07-16_493556.csv,2026-07-01,13:07:17,2026-07-01 13:07:17+00,2026-07-01 16:07:17+00,AD736OU,3976.59,6,AUSOL
pasadas_2026-07-16_493556.csv,2026-07-01,13:19:13,2026-07-01 13:19:13+00,2026-07-01 16:19:13+00,AH800QT,4970.74,7,AUSOL
pasadas_2026-07-16_493556.csv,2026-07-01,14:15:53,2026-07-01 14:15:53+00,2026-07-01 17:15:53+00,AH800QT,4970.74,7,AUSOL
pasadas_2026-07-16_493556.csv,2026-07-01,14:58:21,2026-07-01 14:58:21+00,2026-07-01 17:58:21+00,AE908YR,994.15,2,AUSOL
pasadas_2026-07-16_493556.csv,2026-07-01,17:05:31,2026-07-01 17:05:31+00,2026-07-01 20:05:31+00,AH543IQ,5964.94,7,AUSOL
pasadas_2026-07-16_493556.csv,2026-07-01,17:21:52,2026-07-01 17:21:52+00,2026-07-01 20:21:52+00,AF202UU,5964.94,7,AUSOL
pasadas_2026-07-16_493556.csv,2026-07-01,18:24:44,2026-07-01 18:24:44+00,2026-07-01 21:24:44+00,AG533MF,1192.99,2,AUSOL
pasadas_2026-07-16_493556.csv,2026-07-01,19:45:58,2026-07-01 19:45:58+00,2026-07-01 22:45:58+00,AG533MF,1192.99,2,AUSOL
pasadas_2026-07-16_493556.csv,2026-07-01,20:25:55,2026-07-01 20:25:55+00,2026-07-01 23:25:55+00,AE908YR,994.15,2,AUSOL
pasadas_2026-07-16_493556.csv,2026-07-01,21:20:46,2026-07-01 21:20:46+00,2026-07-02 00:20:46+00,AG939HR,4970.74,7,AUSOL
pasadas_2026-07-16_493556.csv,2026-07-02,03:04:18,2026-07-02 03:04:18+00,2026-07-02 06:04:18+00,AG533MF,994.15,2,AUSOL
pasadas_2026-07-16_493556.csv,2026-07-02,06:09:30,2026-07-02 06:09:30+00,2026-07-02 09:09:30+00,AD625QB,3976.59,6,AUSOL
pasadas_2026-07-16_493556.csv,2026-07-02,10:24:37,2026-07-02 10:24:37+00,2026-07-02 13:24:37+00,EXT374,4771.95,6,AUSOL
pasadas_2026-07-16_493556.csv,2026-07-02,10:53:50,2026-07-02 10:53:50+00,2026-07-02 13:53:50+00,AE469PL,4771.95,6,AUSOL
pasadas_2026-07-16_493556.csv,2026-07-02,11:13:49,2026-07-02 11:13:49+00,2026-07-02 14:13:49+00,AB633TY,3976.59,6,AUSOL
pasadas_2026-07-16_493556.csv,2026-07-02,12:56:04,2026-07-02 12:56:04+00,2026-07-02 15:56:04+00,AG309CH,994.15,2,AUSOL
pasadas_2026-07-16_493556.csv,2026-07-02,13:11:20,2026-07-02 13:11:20+00,2026-07-02 16:11:20+00,AH351RT,4970.74,7,AUSOL
pasadas_2026-07-16_493556.csv,2026-07-02,14:59:10,2026-07-02 14:59:10+00,2026-07-02 17:59:10+00,AB247VR,3976.59,6,AUSOL
pasadas_2026-07-16_493556.csv,2026-07-02,15:03:43,2026-07-02 15:03:43+00,2026-07-02 18:03:43+00,AD625QB,3976.59,6,AUSOL
pasadas_2026-07-16_493556.csv,2026-07-02,15:18:37,2026-07-02 15:18:37+00,2026-07-02 18:18:37+00,AD625QB,3976.59,6,AUSOL
pasadas_2026-07-16_493556.csv,2026-07-02,16:44:18,2026-07-02 16:44:18+00,2026-07-02 19:44:18+00,AG939HR,5964.94,7,AUSOL
pasadas_2026-07-16_493556.csv,2026-07-02,16:44:32,2026-07-02 16:44:32+00,2026-07-02 19:44:32+00,AG309CO,5964.94,7,AUSOL
pasadas_2026-07-16_493556.csv,2026-07-02,19:32:32,2026-07-02 19:32:32+00,2026-07-02 22:32:32+00,AF103ZL,4771.95,6,AUSOL
pasadas_2026-07-16_493556.csv,2026-07-02,20:34:19,2026-07-02 20:34:19+00,2026-07-02 23:34:19+00,AF202UU,4970.74,7,AUSOL
pasadas_2026-07-16_493556.csv,2026-07-02,22:14:34,2026-07-02 22:14:34+00,2026-07-03 01:14:34+00,AF533SR,4970.74,7,AUSOL
pasadas_2026-07-16_493556.csv,2026-07-02,23:42:00,2026-07-02 23:42:00+00,2026-07-03 02:42:00+00,AE469PH,3976.59,6,AUSOL
pasadas_2026-07-16_493556.csv,2026-07-03,02:44:18,2026-07-03 02:44:18+00,2026-07-03 05:44:18+00,AG533MF,994.15,2,AUSOL
pasadas_2026-07-16_493556.csv,2026-07-03,06:20:34,2026-07-03 06:20:34+00,2026-07-03 09:20:34+00,AF091AI,4970.74,7,AUSOL
pasadas_2026-07-16_493556.csv,2026-07-03,10:01:40,2026-07-03 10:01:40+00,2026-07-03 13:01:40+00,EXT374,4771.95,6,AUSOL
pasadas_2026-07-16_493556.csv,2026-07-03,10:47:57,2026-07-03 10:47:57+00,2026-07-03 13:47:57+00,AH543IQ,5964.94,7,AUSOL
pasadas_2026-07-16_493556.csv,2026-07-03,11:02:29,2026-07-03 11:02:29+00,2026-07-03 14:02:29+00,AF411UY,3976.59,6,AUSOL
pasadas_2026-07-16_493556.csv,2026-07-03,11:44:05,2026-07-03 11:44:05+00,2026-07-03 14:44:05+00,AG939HR,4970.74,7,AUSOL
pasadas_2026-07-16_493556.csv,2026-07-03,12:48:23,2026-07-03 12:48:23+00,2026-07-03 15:48:23+00,AH185KI,4970.74,7,AUSOL
pasadas_2026-07-16_493556.csv,2026-07-03,13:37:52,2026-07-03 13:37:52+00,2026-07-03 16:37:52+00,AG249HS,994.15,2,AUSOL
pasadas_2026-07-16_493556.csv,2026-07-03,14:50:50,2026-07-03 14:50:50+00,2026-07-03 17:50:50+00,AG309CH,994.15,2,AUSOL
pasadas_2026-07-16_493556.csv,2026-07-03,15:08:12,2026-07-03 15:08:12+00,2026-07-03 18:08:12+00,AD625QB,3976.59,6,AUSOL
pasadas_2026-07-16_493556.csv,2026-07-03,19:45:46,2026-07-03 19:45:46+00,2026-07-03 22:45:46+00,AF533SR,5964.94,7,AUSOL
pasadas_2026-07-16_493556.csv,2026-07-03,20:20:12,2026-07-03 20:20:12+00,2026-07-03 23:20:12+00,AG916MK,4970.74,7,AUSOL
pasadas_2026-07-16_493556.csv,2026-07-03,20:32:26,2026-07-03 20:32:26+00,2026-07-03 23:32:26+00,AG939HX,4970.74,7,AUSOL
pasadas_2026-07-16_493556.csv,2026-07-03,23:30:40,2026-07-03 23:30:40+00,2026-07-04 02:30:40+00,AH351RT,4970.74,7,AUSOL
pasadas_2026-07-16_493556.csv,2026-07-03,23:31:15,2026-07-03 23:31:15+00,2026-07-04 02:31:15+00,AG309CO,4970.74,7,AUSOL
pasadas_2026-07-16_493556.csv,2026-07-04,09:38:14,2026-07-04 09:38:14+00,2026-07-04 12:38:14+00,AG249HS,994.15,2,AUSOL
pasadas_2026-07-16_493556.csv,2026-07-04,10:08:38,2026-07-04 10:08:38+00,2026-07-04 13:08:38+00,AF533SR,4970.74,7,AUSOL
pasadas_2026-07-16_493556.csv,2026-07-04,10:17:22,2026-07-04 10:17:22+00,2026-07-04 13:17:22+00,AG309CH,994.15,2,AUSOL
pasadas_2026-07-16_493556.csv,2026-07-04,12:08:02,2026-07-04 12:08:02+00,2026-07-04 15:08:02+00,AG309CH,1192.99,2,AUSOL
pasadas_2026-07-16_493556.csv,2026-07-04,14:10:44,2026-07-04 14:10:44+00,2026-07-04 17:10:44+00,AA561YA,3976.59,6,AUSOL
pasadas_2026-07-16_493556.csv,2026-07-04,15:37:24,2026-07-04 15:37:24+00,2026-07-04 18:37:24+00,AF136HN,4970.74,7,AUSOL
pasadas_2026-07-16_493556.csv,2026-07-04,19:30:46,2026-07-04 19:30:46+00,2026-07-04 22:30:46+00,AG533MF,1192.99,2,AUSOL
pasadas_2026-07-16_493556.csv,2026-07-04,20:23:52,2026-07-04 20:23:52+00,2026-07-04 23:23:52+00,AG533MF,994.15,2,AUSOL
pasadas_2026-07-16_493556.csv,2026-07-04,21:39:12,2026-07-04 21:39:12+00,2026-07-05 00:39:12+00,AH543IQ,4970.74,7,AUSOL
pasadas_2026-07-16_493556.csv,2026-07-04,22:33:11,2026-07-04 22:33:11+00,2026-07-05 01:33:11+00,AG533MF,994.15,2,AUSOL
pasadas_2026-07-16_493556.csv,2026-07-05,00:33:53,2026-07-05 00:33:53+00,2026-07-05 03:33:53+00,AH185KI,4970.74,7,AUSOL
pasadas_2026-07-16_493556.csv,2026-07-05,06:39:27,2026-07-05 06:39:27+00,2026-07-05 09:39:27+00,AG249HS,994.15,2,AUSOL
pasadas_2026-07-16_493556.csv,2026-07-05,08:21:43,2026-07-05 08:21:43+00,2026-07-05 11:21:43+00,AG249HS,994.15,2,AUSOL
pasadas_2026-07-16_493556.csv,2026-07-05,15:07:13,2026-07-05 15:07:13+00,2026-07-05 18:07:13+00,AF740MG,994.15,2,AUSOL
pasadas_2026-07-16_493556.csv,2026-07-05,18:39:32,2026-07-05 18:39:32+00,2026-07-05 21:39:32+00,AG309CH,1192.99,2,AUSOL
pasadas_2026-07-16_493556.csv,2026-07-05,18:46:15,2026-07-05 18:46:15+00,2026-07-05 21:46:15+00,AG533MF,1192.99,2,AUSOL
pasadas_2026-07-16_493556.csv,2026-07-05,19:20:19,2026-07-05 19:20:19+00,2026-07-05 22:20:19+00,AF740MG,994.15,2,AUSOL
pasadas_2026-07-16_493556.csv,2026-07-05,19:55:22,2026-07-05 19:55:22+00,2026-07-05 22:55:22+00,AG309CH,994.15,2,AUSOL
pasadas_2026-07-16_493556.csv,2026-07-05,20:18:56,2026-07-05 20:18:56+00,2026-07-05 23:18:56+00,AG533MF,994.15,2,AUSOL
pasadas_2026-07-16_493556.csv,2026-07-05,21:56:05,2026-07-05 21:56:05+00,2026-07-06 00:56:05+00,AG309CO,4970.74,7,AUSOL
pasadas_2026-07-16_493556.csv,2026-07-05,22:07:28,2026-07-05 22:07:28+00,2026-07-06 01:07:28+00,AG939HR,4970.74,7,AUSOL
pasadas_2026-07-16_493556.csv,2026-07-06,00:36:32,2026-07-06 00:36:32+00,2026-07-06 03:36:32+00,AG533MF,994.15,2,AUSOL
pasadas_2026-07-16_493556.csv,2026-07-06,00:59:38,2026-07-06 00:59:38+00,2026-07-06 03:59:38+00,AH729QW,4970.74,7,AUSOL
pasadas_2026-07-16_493556.csv,2026-07-06,01:30:08,2026-07-06 01:30:08+00,2026-07-06 04:30:08+00,AF103ZL,3976.59,6,AUSOL
pasadas_2026-07-16_493556.csv,2026-07-06,02:09:13,2026-07-06 02:09:13+00,2026-07-06 05:09:13+00,AF231PZ,3976.59,6,AUSOL
pasadas_2026-07-16_493556.csv,2026-07-06,02:09:27,2026-07-06 02:09:27+00,2026-07-06 05:09:27+00,AE751PA,3976.59,6,AUSOL
pasadas_2026-07-16_493556.csv,2026-07-06,02:09:48,2026-07-06 02:09:48+00,2026-07-06 05:09:48+00,AB456CU,3976.59,6,AUSOL
pasadas_2026-07-16_493556.csv,2026-07-06,09:43:17,2026-07-06 09:43:17+00,2026-07-06 12:43:17+00,AB633TY,4771.95,6,AUSOL
pasadas_2026-07-16_493556.csv,2026-07-06,13:43:35,2026-07-06 13:43:35+00,2026-07-06 16:43:35+00,AB456CP,3976.59,6,AUSOL
pasadas_2026-07-16_493556.csv,2026-07-06,16:35:53,2026-07-06 16:35:53+00,2026-07-06 19:35:53+00,AB633TY,4771.95,6,AUSOL
pasadas_2026-07-16_493556.csv,2026-07-06,16:46:51,2026-07-06 16:46:51+00,2026-07-06 19:46:51+00,AC561DQ,4771.95,6,AUSOL
pasadas_2026-07-16_493556.csv,2026-07-06,17:35:19,2026-07-06 17:35:19+00,2026-07-06 20:35:19+00,AE751PA,4771.95,6,AUSOL
pasadas_2026-07-16_493556.csv,2026-07-06,18:01:19,2026-07-06 18:01:19+00,2026-07-06 21:01:19+00,AG249HS,1192.99,2,AUSOL
pasadas_2026-07-16_493556.csv,2026-07-07,00:16:30,2026-07-07 00:16:30+00,2026-07-07 03:16:30+00,AG916MK,4970.74,7,AUSOL
pasadas_2026-07-16_493556.csv,2026-07-07,08:30:04,2026-07-07 08:30:04+00,2026-07-07 11:30:04+00,AB633TY,4771.95,6,AUSOL
pasadas_2026-07-16_493556.csv,2026-07-07,09:14:22,2026-07-07 09:14:22+00,2026-07-07 12:14:22+00,EXT374,4771.95,6,AUSOL
pasadas_2026-07-16_493556.csv,2026-07-07,09:32:36,2026-07-07 09:32:36+00,2026-07-07 12:32:36+00,AB247VR,4771.95,6,AUSOL
pasadas_2026-07-16_493556.csv,2026-07-07,11:03:45,2026-07-07 11:03:45+00,2026-07-07 14:03:45+00,AB633TY,3976.59,6,AUSOL
pasadas_2026-07-16_493556.csv,2026-07-07,11:08:00,2026-07-07 11:08:00+00,2026-07-07 14:08:00+00,AB456CQ,3976.59,6,AUSOL
pasadas_2026-07-16_493556.csv,2026-07-07,13:11:18,2026-07-07 13:11:18+00,2026-07-07 16:11:18+00,AG309CO,4970.74,7,AUSOL
pasadas_2026-07-16_493556.csv,2026-07-07,14:11:37,2026-07-07 14:11:37+00,2026-07-07 17:11:37+00,AH729QW,4970.74,7,AUSOL
pasadas_2026-07-16_493556.csv,2026-07-07,15:50:25,2026-07-07 15:50:25+00,2026-07-07 18:50:25+00,AF411UY,3976.59,6,AUSOL
pasadas_2026-07-16_493556.csv,2026-07-08,02:16:03,2026-07-08 02:16:03+00,2026-07-08 05:16:03+00,AG533MF,994.15,2,AUSOL
pasadas_2026-07-16_493556.csv,2026-07-08,02:34:46,2026-07-08 02:34:46+00,2026-07-08 05:34:46+00,AG533MF,994.15,2,AUSOL
pasadas_2026-07-16_493556.csv,2026-07-08,05:52:00,2026-07-08 05:52:00+00,2026-07-08 08:52:00+00,OWG130,3976.59,6,AUSOL
pasadas_2026-07-16_493556.csv,2026-07-08,05:54:45,2026-07-08 05:54:45+00,2026-07-08 08:54:45+00,AE952TH,3976.59,6,AUSOL
pasadas_2026-07-16_493556.csv,2026-07-08,11:58:12,2026-07-08 11:58:12+00,2026-07-08 14:58:12+00,EXT374,3976.59,6,AUSOL
pasadas_2026-07-16_493556.csv,2026-07-08,12:13:15,2026-07-08 12:13:15+00,2026-07-08 15:13:15+00,AF993HK,3976.59,6,AUSOL
pasadas_2026-07-16_493556.csv,2026-07-08,12:16:22,2026-07-08 12:16:22+00,2026-07-08 15:16:22+00,AB456CP,3976.59,6,AUSOL
pasadas_2026-07-16_493556.csv,2026-07-08,12:25:30,2026-07-08 12:25:30+00,2026-07-08 15:25:30+00,OWG130,3976.59,6,AUSOL
pasadas_2026-07-16_493556.csv,2026-07-08,13:55:12,2026-07-08 13:55:12+00,2026-07-08 16:55:12+00,AB456CQ,3976.59,6,AUSOL
pasadas_2026-07-16_493556.csv,2026-07-08,14:32:42,2026-07-08 14:32:42+00,2026-07-08 17:32:42+00,AF411UY,1988.30,6,AUSOL
pasadas_2026-07-16_493556.csv,2026-07-08,14:40:43,2026-07-08 14:40:43+00,2026-07-08 17:40:43+00,AB456CQ,3976.59,6,AUSOL
pasadas_2026-07-16_493556.csv,2026-07-08,22:21:38,2026-07-08 22:21:38+00,2026-07-09 01:21:38+00,AG939HR,4970.74,7,AUSOL
pasadas_2026-07-16_493556.csv,2026-07-08,23:17:48,2026-07-08 23:17:48+00,2026-07-09 02:17:48+00,AH185KI,4970.74,7,AUSOL
pasadas_2026-07-16_493556.csv,2026-07-08,23:44:50,2026-07-08 23:44:50+00,2026-07-09 02:44:50+00,AH351RT,4970.74,7,AUSOL
pasadas_2026-07-16_493556.csv,2026-07-09,01:40:26,2026-07-09 01:40:26+00,2026-07-09 04:40:26+00,AG893YR,4970.74,7,AUSOL
pasadas_2026-07-16_493556.csv,2026-07-09,01:42:51,2026-07-09 01:42:51+00,2026-07-09 04:42:51+00,AH729QW,4970.74,7,AUSOL
pasadas_2026-07-16_493556.csv,2026-07-09,02:04:56,2026-07-09 02:04:56+00,2026-07-09 05:04:56+00,AG533MF,994.15,2,AUSOL
pasadas_2026-07-16_493556.csv,2026-07-09,02:49:42,2026-07-09 02:49:42+00,2026-07-09 05:49:42+00,AG533MF,994.15,2,AUSOL
pasadas_2026-07-16_493556.csv,2026-07-09,05:30:52,2026-07-09 05:30:52+00,2026-07-09 08:30:52+00,AG249HS,994.15,2,AUSOL
pasadas_2026-07-16_493556.csv,2026-07-09,07:11:03,2026-07-09 07:11:03+00,2026-07-09 10:11:03+00,AG249HS,1192.99,2,AUSOL
pasadas_2026-07-16_493556.csv,2026-07-09,09:22:44,2026-07-09 09:22:44+00,2026-07-09 12:22:44+00,AG309CO,5964.94,7,AUSOL
pasadas_2026-07-16_493556.csv,2026-07-09,17:36:32,2026-07-09 17:36:32+00,2026-07-09 20:36:32+00,AG249HS,1192.99,2,AUSOL
pasadas_2026-07-16_493556.csv,2026-07-09,17:41:57,2026-07-09 17:41:57+00,2026-07-09 20:41:57+00,AF202UU,5964.94,7,AUSOL
pasadas_2026-07-16_493556.csv,2026-07-09,18:49:30,2026-07-09 18:49:30+00,2026-07-09 21:49:30+00,AG249HS,1192.99,2,AUSOL
pasadas_2026-07-16_493556.csv,2026-07-09,18:53:30,2026-07-09 18:53:30+00,2026-07-09 21:53:30+00,AG533MF,1192.99,2,AUSOL
pasadas_2026-07-16_493556.csv,2026-07-09,19:44:31,2026-07-09 19:44:31+00,2026-07-09 22:44:31+00,AG533MF,1192.99,2,AUSOL
pasadas_2026-07-16_493556.csv,2026-07-09,22:25:17,2026-07-09 22:25:17+00,2026-07-10 01:25:17+00,AG893YR,4970.74,7,AUSOL
pasadas_2026-07-16_493556.csv,2026-07-10,00:46:39,2026-07-10 00:46:39+00,2026-07-10 03:46:39+00,AG939HR,4970.74,7,AUSOL
pasadas_2026-07-16_493556.csv,2026-07-10,12:42:54,2026-07-10 12:42:54+00,2026-07-10 15:42:54+00,AB247VR,3976.59,6,AUSOL
pasadas_2026-07-16_493556.csv,2026-07-11,05:49:00,2026-07-11 05:49:00+00,2026-07-11 08:49:00+00,AB633TZ,3976.59,6,AUSOL
pasadas_2026-07-16_493556.csv,2026-07-11,08:08:44,2026-07-11 08:08:44+00,2026-07-11 11:08:44+00,AG309CH,994.15,2,AUSOL
pasadas_2026-07-16_493556.csv,2026-07-11,09:52:03,2026-07-11 09:52:03+00,2026-07-11 12:52:03+00,AG309CH,994.15,2,AUSOL
pasadas_2026-07-16_493556.csv,2026-07-11,12:51:59,2026-07-11 12:51:59+00,2026-07-11 15:51:59+00,AG309CO,5964.94,7,AUSOL
pasadas_2026-07-16_493556.csv,2026-07-11,19:49:26,2026-07-11 19:49:26+00,2026-07-11 22:49:26+00,AG309CH,1192.99,2,AUSOL
pasadas_2026-07-16_493556.csv,2026-07-11,21:15:10,2026-07-11 21:15:10+00,2026-07-12 00:15:10+00,AG309CH,994.15,2,AUSOL
pasadas_2026-07-16_493556.csv,2026-07-12,06:56:38,2026-07-12 06:56:38+00,2026-07-12 09:56:38+00,AG309CH,994.15,2,AUSOL
pasadas_2026-07-16_493556.csv,2026-07-12,17:45:10,2026-07-12 17:45:10+00,2026-07-12 20:45:10+00,AG309CH,1192.99,2,AUSOL
pasadas_2026-07-16_493556.csv,2026-07-12,19:00:24,2026-07-12 19:00:24+00,2026-07-12 22:00:24+00,AG309CH,994.15,2,AUSOL
pasadas_2026-07-16_493556.csv,2026-07-12,19:46:37,2026-07-12 19:46:37+00,2026-07-12 22:46:37+00,AF202UU,5964.94,7,AUSOL
pasadas_2026-07-16_493556.csv,2026-07-12,20:24:14,2026-07-12 20:24:14+00,2026-07-12 23:24:14+00,AG916MK,5964.94,7,AUSOL
pasadas_2026-07-16_493556.csv,2026-07-12,20:24:24,2026-07-12 20:24:24+00,2026-07-12 23:24:24+00,AG309CO,5964.94,7,AUSOL
pasadas_2026-07-16_493556.csv,2026-07-12,20:57:32,2026-07-12 20:57:32+00,2026-07-12 23:57:32+00,AG893YR,5964.94,7,AUSOL
pasadas_2026-07-16_493556.csv,2026-07-12,23:45:37,2026-07-12 23:45:37+00,2026-07-13 02:45:37+00,AG939HR,4970.74,7,AUSOL
pasadas_2026-07-16_493556.csv,2026-07-13,04:02:34,2026-07-13 04:02:34+00,2026-07-13 07:02:34+00,AH351RT,4970.74,7,AUSOL
pasadas_2026-07-16_493556.csv,2026-07-13,04:53:13,2026-07-13 04:53:13+00,2026-07-13 07:53:13+00,AG110LK,3976.59,6,AUSOL
pasadas_2026-07-16_493556.csv,2026-07-13,05:02:40,2026-07-13 05:02:40+00,2026-07-13 08:02:40+00,AH033DL,3976.59,6,AUSOL
pasadas_2026-07-16_493556.csv,2026-07-13,06:33:46,2026-07-13 06:33:46+00,2026-07-13 09:33:46+00,AF993HK,3976.59,6,AUSOL
pasadas_2026-07-16_493556.csv,2026-07-13,09:34:25,2026-07-13 09:34:25+00,2026-07-13 12:34:25+00,EXT374,4771.95,6,AUSOL
pasadas_2026-07-16_493556.csv,2026-07-13,09:48:21,2026-07-13 09:48:21+00,2026-07-13 12:48:21+00,EXT374,4771.95,6,AUSOL
pasadas_2026-07-16_493556.csv,2026-07-13,14:13:49,2026-07-13 14:13:49+00,2026-07-13 17:13:49+00,AH033DL,3976.59,6,AUSOL
pasadas_2026-07-16_493556.csv,2026-07-13,16:48:00,2026-07-13 16:48:00+00,2026-07-13 19:48:00+00,AF411UY,4771.95,6,AUSOL
pasadas_2026-07-16_493556.csv,2026-07-13,17:11:43,2026-07-13 17:11:43+00,2026-07-13 20:11:43+00,AD625QB,4771.95,6,AUSOL
pasadas_2026-07-16_493556.csv,2026-07-13,17:20:47,2026-07-13 17:20:47+00,2026-07-13 20:20:47+00,AD736OU,4771.95,6,AUSOL
pasadas_2026-07-16_493556.csv,2026-07-14,01:53:17,2026-07-14 01:53:17+00,2026-07-14 04:53:17+00,AH351RT,4970.74,7,AUSOL
pasadas_2026-07-16_493556.csv,2026-07-14,03:04:33,2026-07-14 03:04:33+00,2026-07-14 06:04:33+00,AH185KI,4970.74,7,AUSOL
pasadas_2026-07-16_493556.csv,2026-07-14,05:24:03,2026-07-14 05:24:03+00,2026-07-14 08:24:03+00,AG533MF,994.15,2,AUSOL
pasadas_2026-07-16_493556.csv,2026-07-14,06:13:31,2026-07-14 06:13:31+00,2026-07-14 09:13:31+00,AG533MF,994.15,2,AUSOL
pasadas_2026-07-16_493556.csv,2026-07-14,11:03:07,2026-07-14 11:03:07+00,2026-07-14 14:03:07+00,AF091AI,4970.74,7,AUSOL
pasadas_2026-07-16_493556.csv,2026-07-14,11:11:43,2026-07-14 11:11:43+00,2026-07-14 14:11:43+00,AH185KI,4970.74,7,AUSOL
pasadas_2026-07-16_493556.csv,2026-07-14,13:58:40,2026-07-14 13:58:40+00,2026-07-14 16:58:40+00,AD625QB,3976.59,6,AUSOL
pasadas_2026-07-16_493556.csv,2026-07-14,14:55:57,2026-07-14 14:55:57+00,2026-07-14 17:55:57+00,AG249HS,994.15,2,AUSOL
pasadas_2026-07-16_493556.csv,2026-07-15,02:46:39,2026-07-15 02:46:39+00,2026-07-15 05:46:39+00,AH351RT,4970.74,7,AUSOL
pasadas_2026-07-16_493556.csv,2026-07-15,03:20:33,2026-07-15 03:20:33+00,2026-07-15 06:20:33+00,AG916MK,4970.74,7,AUSOL
pasadas_2026-07-16_493556.csv,2026-07-15,04:09:31,2026-07-15 04:09:31+00,2026-07-15 07:09:31+00,AE469PH,3976.59,6,AUSOL
pasadas_2026-07-16_493556.csv,2026-07-15,04:12:45,2026-07-15 04:12:45+00,2026-07-15 07:12:45+00,AD625QA,3976.59,6,AUSOL
pasadas_2026-07-16_493557.csv,2026-07-01,15:02:41,2026-07-01 15:02:41+00,2026-07-01 18:02:41+00,AI348TS,994.15,2,AUSOL
pasadas_2026-07-16_493557.csv,2026-07-02,15:55:17,2026-07-02 15:55:17+00,2026-07-02 18:55:17+00,AF993HA,4970.74,7,AUSOL
pasadas_2026-07-16_493557.csv,2026-07-03,00:41:40,2026-07-03 00:41:40+00,2026-07-03 03:41:40+00,AI178EY,4970.74,7,AUSOL
pasadas_2026-07-16_493557.csv,2026-07-03,09:01:04,2026-07-03 09:01:04+00,2026-07-03 12:01:04+00,AI042WA,1192.99,2,AUSOL
pasadas_2026-07-16_493557.csv,2026-07-03,10:13:51,2026-07-03 10:13:51+00,2026-07-03 13:13:51+00,AI042WA,1192.99,2,AUSOL
pasadas_2026-07-16_493557.csv,2026-07-04,07:49:12,2026-07-04 07:49:12+00,2026-07-04 10:49:12+00,AI042WA,994.15,2,AUSOL
pasadas_2026-07-16_493557.csv,2026-07-04,09:31:45,2026-07-04 09:31:45+00,2026-07-04 12:31:45+00,AI042WA,994.15,2,AUSOL
pasadas_2026-07-16_493557.csv,2026-07-04,21:45:29,2026-07-04 21:45:29+00,2026-07-05 00:45:29+00,AF993HA,4970.74,7,AUSOL
pasadas_2026-07-16_493557.csv,2026-07-05,16:39:40,2026-07-05 16:39:40+00,2026-07-05 19:39:40+00,AI042WA,994.15,2,AUSOL
pasadas_2026-07-16_493557.csv,2026-07-06,12:12:27,2026-07-06 12:12:27+00,2026-07-06 15:12:27+00,AI348TS,994.15,2,AUSOL
pasadas_2026-07-16_493557.csv,2026-07-06,13:30:55,2026-07-06 13:30:55+00,2026-07-06 16:30:55+00,AF993HA,4970.74,7,AUSOL
pasadas_2026-07-16_493557.csv,2026-07-08,22:56:21,2026-07-08 22:56:21+00,2026-07-09 01:56:21+00,AI348TS,994.15,2,AUSOL
pasadas_2026-07-16_493557.csv,2026-07-09,22:20:36,2026-07-09 22:20:36+00,2026-07-10 01:20:36+00,AI348TS,994.15,2,AUSOL
pasadas_2026-07-16_493557.csv,2026-07-09,22:31:23,2026-07-09 22:31:23+00,2026-07-10 01:31:23+00,AI348TS,994.15,2,AUSOL
pasadas_2026-07-16_493557.csv,2026-07-10,11:59:59,2026-07-10 11:59:59+00,2026-07-10 14:59:59+00,AI348TS,994.15,2,AUSOL
pasadas_2026-07-16_493557.csv,2026-07-12,20:52:46,2026-07-12 20:52:46+00,2026-07-12 23:52:46+00,AI348TS,1192.99,2,AUSOL
pasadas_2026-07-16_493557.csv,2026-07-13,05:02:10,2026-07-13 05:02:10+00,2026-07-13 08:02:10+00,AI178ER,4970.74,7,AUSOL
pasadas_2026-07-16_493557.csv,2026-07-13,12:12:39,2026-07-13 12:12:39+00,2026-07-13 15:12:39+00,AI042WD,3976.59,6,AUSOL
pasadas_2026-07-16_493557.csv,2026-07-13,12:43:10,2026-07-13 12:43:10+00,2026-07-13 15:43:10+00,AI348TS,994.15,2,AUSOL
pasadas_2026-07-16_493557.csv,2026-07-13,13:30:18,2026-07-13 13:30:18+00,2026-07-13 16:30:18+00,AI348TS,994.15,2,AUSOL
pasadas_2026-07-16_493557.csv,2026-07-13,14:38:38,2026-07-13 14:38:38+00,2026-07-13 17:38:38+00,AI178ER,4970.74,7,AUSOL
pasadas_2026-07-16_493557.csv,2026-07-13,23:26:28,2026-07-13 23:26:28+00,2026-07-14 02:26:28+00,AF993HA,4970.74,7,AUSOL
pasadas_2026-07-16_493557.csv,2026-07-14,17:00:44,2026-07-14 17:00:44+00,2026-07-14 20:00:44+00,AF993HA,5964.94,7,AUSOL
pasadas_2026-07-08_5009A02027769.csv,2026-07-02,15:44:44,2026-07-02 15:44:44+00,2026-07-02 18:44:44+00,AG309CO,13015.92,9,AUSA
pasadas_2026-07-08_5009A02027769.csv,2026-07-02,07:03:00,2026-07-02 07:03:00+00,2026-07-02 10:03:00+00,AB456CQ,22247.33,8,AUSA
pasadas_2026-07-08_5009A02027769.csv,2026-07-06,15:01:25,2026-07-06 15:01:25+00,2026-07-06 18:01:25+00,AG939HR,19985.09,9,AUSA
pasadas_2026-07-08_5009A02027769.csv,2026-07-02,19:28:16,2026-07-02 19:28:16+00,2026-07-02 22:28:16+00,AG916MK,44494.48,9,AUSA
pasadas_2026-07-08_5009A02027769.csv,2026-07-06,05:35:59,2026-07-06 05:35:59+00,2026-07-06 08:35:59+00,AH351RT,13015.92,9,AUSA
pasadas_2026-07-08_5009A02027769.csv,2026-07-02,14:47:43,2026-07-02 14:47:43+00,2026-07-02 17:47:43+00,AG507DK,7918.73,9,AUSA
pasadas_2026-07-08_5009A02027769.csv,2026-07-06,11:10:12,2026-07-06 11:10:12+00,2026-07-06 14:10:12+00,AG893YR,19985.09,9,AUSA
pasadas_2026-07-08_5009A02027769.csv,2026-07-01,09:34:33,2026-07-01 09:34:33+00,2026-07-01 12:34:33+00,AD096FX,22247.33,7,AUSA
pasadas_2026-07-08_5009A02027769.csv,2026-07-01,17:55:24,2026-07-01 17:55:24+00,2026-07-01 20:55:24+00,AF202UU,22247.33,7,AUSA
pasadas_2026-07-08_5009A02027769.csv,2026-07-06,14:21:39,2026-07-06 14:21:39+00,2026-07-06 17:21:39+00,AF791ER,19985.09,7,AUSA
pasadas_2026-07-08_5009A02027769.csv,2026-07-03,19:43:34,2026-07-03 19:43:34+00,2026-07-03 22:43:34+00,AG939HX,44494.48,7,AUSA
pasadas_2026-07-08_5009A02027769.csv,2026-07-02,22:40:16,2026-07-02 22:40:16+00,2026-07-03 01:40:16+00,AE469PH,13015.92,7,AUSA
pasadas_2026-07-08_5009A02027769.csv,2026-07-01,17:46:53,2026-07-01 17:46:53+00,2026-07-01 20:46:53+00,AH543IQ,13015.92,9,AUSA
pasadas_2026-07-08_5009A02027769.csv,2026-07-06,11:31:53,2026-07-06 11:31:53+00,2026-07-06 14:31:53+00,AB456CQ,19985.09,8,AUSA
pasadas_2026-07-08_5009A02027769.csv,2026-06-29,16:06:38,2026-06-29 16:06:38+00,2026-06-29 19:06:38+00,AE469PH,12748.21,8,AUSA
pasadas_2026-07-08_5009A02027769.csv,2026-07-06,11:10:09,2026-07-06 11:10:09+00,2026-07-06 14:10:09+00,AH729QW,19985.09,9,AUSA
pasadas_2026-07-08_5009A02027769.csv,2026-07-06,21:37:25,2026-07-06 21:37:25+00,2026-07-07 00:37:25+00,AA561YA,19985.09,7,AUSA
pasadas_2026-07-08_5009A02027769.csv,2026-07-04,22:17:40,2026-07-04 22:17:40+00,2026-07-05 01:17:40+00,AH543IQ,13015.92,9,AUSA
pasadas_2026-07-08_5009A02027769.csv,2026-07-07,19:05:15,2026-07-07 19:05:15+00,2026-07-07 22:05:15+00,AH729QW,44494.48,9,AUSA
pasadas_2026-07-08_5009A02027769.csv,2026-07-04,02:44:09,2026-07-04 02:44:09+00,2026-07-04 05:44:09+00,AF436WI,13015.92,7,AUSA
pasadas_2026-07-08_5009A02027769.csv,2026-07-03,21:51:05,2026-07-03 21:51:05+00,2026-07-04 00:51:05+00,AG507DK,7918.73,9,AUSA
pasadas_2026-07-08_5009A02027769.csv,2026-07-06,02:08:44,2026-07-06 02:08:44+00,2026-07-06 05:08:44+00,AF103ZL,13015.92,7,AUSA
pasadas_2026-07-08_5009A02027769.csv,2026-07-01,06:46:54,2026-07-01 06:46:54+00,2026-07-01 09:46:54+00,AH351RT,13015.92,9,AUSA
pasadas_2026-07-08_5009A02027769.csv,2026-07-01,09:27:11,2026-07-01 09:27:11+00,2026-07-01 12:27:11+00,AD096FX,13015.92,8,AUSA
pasadas_2026-07-08_5009A02027769.csv,2026-07-06,13:11:42,2026-07-06 13:11:42+00,2026-07-06 16:11:42+00,AH351RT,19985.09,9,AUSA
pasadas_2026-07-08_5009A02027769.csv,2026-07-02,19:59:43,2026-07-02 19:59:43+00,2026-07-02 22:59:43+00,AF202UU,22247.33,7,AUSA
pasadas_2026-07-08_5009A02027769.csv,2026-07-07,23:07:37,2026-07-07 23:07:37+00,2026-07-08 02:07:37+00,AH351RT,7918.73,9,AUSA
pasadas_2026-07-08_5009A02027769.csv,2026-07-06,11:21:36,2026-07-06 11:21:36+00,2026-07-06 14:21:36+00,AB456CQ,13015.92,7,AUSA
pasadas_2026-07-08_5009A02027769.csv,2026-07-06,18:18:47,2026-07-06 18:18:47+00,2026-07-06 21:18:47+00,AH185KI,13015.92,9,AUSA
pasadas_2026-07-08_5009A02027769.csv,2026-06-30,18:47:48,2026-06-30 18:47:48+00,2026-06-30 21:47:48+00,AG507DK,12748.21,9,AUSA
pasadas_2026-07-08_5009A02027769.csv,2026-07-05,21:41:27,2026-07-05 21:41:27+00,2026-07-06 00:41:27+00,AG507DK,13015.92,9,AUSA
pasadas_2026-07-08_5009A02027769.csv,2026-07-04,16:14:49,2026-07-04 16:14:49+00,2026-07-04 19:14:49+00,AF136HN,13015.92,9,AUSA
pasadas_2026-07-08_5009A02027769.csv,2026-07-01,13:58:32,2026-07-01 13:58:32+00,2026-07-01 16:58:32+00,AH351RT,19985.09,9,AUSA
pasadas_2026-07-08_5009A02027769.csv,2026-07-03,11:32:36,2026-07-03 11:32:36+00,2026-07-03 14:32:36+00,AF411UY,7918.73,7,AUSA
pasadas_2026-07-08_5009A02027769.csv,2026-07-04,09:34:44,2026-07-04 09:34:44+00,2026-07-04 12:34:44+00,AF533SR,13015.92,9,AUSA
pasadas_2026-07-08_5009A02027769.csv,2026-07-03,21:43:44,2026-07-03 21:43:44+00,2026-07-04 00:43:44+00,AG507DK,13015.92,9,AUSA
pasadas_2026-07-08_5009A02027769.csv,2026-07-02,20:03:57,2026-07-02 20:03:57+00,2026-07-02 23:03:57+00,AF103ZL,7918.73,7,AUSA
pasadas_2026-07-08_5009A02027769.csv,2026-07-06,12:59:34,2026-07-06 12:59:34+00,2026-07-06 15:59:34+00,AF411UY,19985.09,7,AUSA
pasadas_2026-07-08_5009A02027769.csv,2026-07-03,22:39:36,2026-07-03 22:39:36+00,2026-07-04 01:39:36+00,AG309CO,19985.09,9,AUSA
pasadas_2026-07-08_5009A02027769.csv,2026-07-07,00:51:02,2026-07-07 00:51:02+00,2026-07-07 03:51:02+00,AG916MK,7918.73,9,AUSA
pasadas_2026-07-08_5009A02027769.csv,2026-07-01,05:41:52,2026-07-01 05:41:52+00,2026-07-01 08:41:52+00,AG916MK,19985.09,9,AUSA
pasadas_2026-07-08_5009A02027769.csv,2026-06-29,16:06:48,2026-06-29 16:06:48+00,2026-06-29 19:06:48+00,AD985XP,12748.21,8,AUSA
pasadas_2026-07-08_5009A02027769.csv,2026-07-06,14:50:00,2026-07-06 14:50:00+00,2026-07-06 17:50:00+00,AG309CO,19985.09,9,AUSA
pasadas_2026-07-08_5009A02027769.csv,2026-07-04,17:39:41,2026-07-04 17:39:41+00,2026-07-04 20:39:41+00,AH185KI,22247.33,9,AUSA
pasadas_2026-07-08_5009A02027769.csv,2026-07-03,12:16:12,2026-07-03 12:16:12+00,2026-07-03 15:16:12+00,AG939HR,7918.73,9,AUSA
pasadas_2026-07-08_5009A02027769.csv,2026-07-04,21:52:18,2026-07-04 21:52:18+00,2026-07-05 00:52:18+00,AH185KI,19985.09,9,AUSA
pasadas_2026-07-08_5009A02027769.csv,2026-07-06,18:12:02,2026-07-06 18:12:02+00,2026-07-06 21:12:02+00,AH185KI,22247.33,9,AUSA
pasadas_2026-07-08_5009A02027769.csv,2026-07-02,15:44:40,2026-07-02 15:44:40+00,2026-07-02 18:44:40+00,AG939HR,13015.92,9,AUSA
pasadas_2026-07-08_5009A02027769.csv,2026-07-03,11:37:43,2026-07-03 11:37:43+00,2026-07-03 14:37:43+00,AG309CO,13015.92,9,AUSA
pasadas_2026-07-08_5009A02027769.csv,2026-07-02,22:38:45,2026-07-02 22:38:45+00,2026-07-03 01:38:45+00,AH351RT,19985.09,9,AUSA
pasadas_2026-07-08_5009A02027769.csv,2026-07-06,02:39:13,2026-07-06 02:39:13+00,2026-07-06 05:39:13+00,AB456CU,7918.73,7,AUSA
pasadas_2026-07-08_5009A02027769.csv,2026-07-03,11:27:18,2026-07-03 11:27:18+00,2026-07-03 14:27:18+00,AH543IQ,13015.92,7,AUSA
pasadas_2026-07-08_5009A02027769.csv,2026-07-03,12:23:00,2026-07-03 12:23:00+00,2026-07-03 15:23:00+00,AG939HR,13015.92,9,AUSA
pasadas_2026-07-08_5009A02027769.csv,2026-07-03,06:07:35,2026-07-03 06:07:35+00,2026-07-03 09:07:35+00,AD985XP,7164.37,4,AUSA
pasadas_2026-07-08_5009A02027769.csv,2026-07-06,16:32:43,2026-07-06 16:32:43+00,2026-07-06 19:32:43+00,AE751PA,22247.33,9,AUSA
pasadas_2026-07-08_5009A02027769.csv,2026-07-06,14:15:35,2026-07-06 14:15:35+00,2026-07-06 17:15:35+00,AG507DK,19985.09,9,AUSA
pasadas_2026-07-08_5009A02027769.csv,2026-07-03,11:20:03,2026-07-03 11:20:03+00,2026-07-03 14:20:03+00,AH543IQ,7918.73,9,AUSA
pasadas_2026-07-08_5009A02027769.csv,2026-07-07,10:36:15,2026-07-07 10:36:15+00,2026-07-07 13:36:15+00,AB456CQ,22247.33,8,AUSA
pasadas_2026-07-08_5009A02027769.csv,2026-07-04,16:08:08,2026-07-04 16:08:08+00,2026-07-04 19:08:08+00,AF136HN,7918.73,9,AUSA
pasadas_2026-07-08_5009A02027769.csv,2026-07-01,17:39:47,2026-07-01 17:39:47+00,2026-07-01 20:39:47+00,AH543IQ,22247.33,9,AUSA
pasadas_2026-07-08_5009A02027769.csv,2026-07-07,13:07:14,2026-07-07 13:07:14+00,2026-07-07 16:07:14+00,AG893YR,7918.73,9,AUSA
pasadas_2026-07-08_5009A02027769.csv,2026-07-04,22:16:21,2026-07-04 22:16:21+00,2026-07-05 01:16:21+00,AF103ZL,13015.92,7,AUSA
pasadas_2026-07-08_5009A02027769.csv,2026-07-03,12:30:10,2026-07-03 12:30:10+00,2026-07-03 15:30:10+00,AE284KH,19985.09,7,AUSA
pasadas_2026-07-08_5009A02027769.csv,2026-07-04,09:40:43,2026-07-04 09:40:43+00,2026-07-04 12:40:43+00,AF533SR,7918.73,9,AUSA
pasadas_2026-07-08_5009A02027769.csv,2026-07-04,09:26:23,2026-07-04 09:26:23+00,2026-07-04 12:26:23+00,AF533SR,19985.09,9,AUSA
pasadas_2026-07-08_5009A02027769.csv,2026-07-07,13:47:08,2026-07-07 13:47:08+00,2026-07-07 16:47:08+00,AG309CO,13015.92,9,AUSA
pasadas_2026-07-08_5009A02027769.csv,2026-07-05,19:08:42,2026-07-05 19:08:42+00,2026-07-05 22:08:42+00,AG533MF,2665.99,2,AUSA
pasadas_2026-07-08_5009A02027769.csv,2026-07-06,05:29:35,2026-07-06 05:29:35+00,2026-07-06 08:29:35+00,AF791ER,13015.92,7,AUSA
pasadas_2026-07-08_5009A02027769.csv,2026-07-03,22:59:14,2026-07-03 22:59:14+00,2026-07-04 01:59:14+00,AG309CO,7918.73,9,AUSA
pasadas_2026-07-08_5009A02027769.csv,2026-07-01,17:53:03,2026-07-01 17:53:03+00,2026-07-01 20:53:03+00,AE751PA,44494.48,9,AUSA
pasadas_2026-07-08_5009A02027769.csv,2026-06-29,18:42:00,2026-06-29 18:42:00+00,2026-06-29 21:42:00+00,AH543IQ,12748.21,9,AUSA
pasadas_2026-07-08_5009A02027769.csv,2026-07-05,22:39:21,2026-07-05 22:39:21+00,2026-07-06 01:39:21+00,AG939HR,7918.73,9,AUSA
pasadas_2026-07-08_5009A02027769.csv,2026-06-30,10:14:51,2026-06-30 10:14:51+00,2026-06-30 13:14:51+00,AD096FX,21789.75,8,AUSA
pasadas_2026-07-08_5009A02027769.csv,2026-07-03,07:08:06,2026-07-03 07:08:06+00,2026-07-03 10:08:06+00,AF091AI,13015.92,9,AUSA
pasadas_2026-07-08_5009A02027769.csv,2026-07-06,12:52:49,2026-07-06 12:52:49+00,2026-07-06 15:52:49+00,AB456CP,13015.92,7,AUSA
pasadas_2026-07-08_5009A02027769.csv,2026-07-03,13:28:08,2026-07-03 13:28:08+00,2026-07-03 16:28:08+00,AF436WI,7918.73,7,AUSA
pasadas_2026-07-08_5009A02027769.csv,2026-07-06,01:35:00,2026-07-06 01:35:00+00,2026-07-06 04:35:00+00,AG893YR,13015.92,9,AUSA
pasadas_2026-07-08_5009A02027769.csv,2026-07-03,12:51:20,2026-07-03 12:51:20+00,2026-07-03 15:51:20+00,AF091AI,19985.09,9,AUSA
pasadas_2026-07-08_5009A02027769.csv,2026-07-07,07:02:05,2026-07-07 07:02:05+00,2026-07-07 10:02:05+00,AF411UY,44494.48,7,AUSA
pasadas_2026-07-08_5009A02027769.csv,2026-07-01,18:02:55,2026-07-01 18:02:55+00,2026-07-01 21:02:55+00,AF202UU,13015.92,7,AUSA
pasadas_2026-07-08_5009A02027769.csv,2026-07-01,06:55:07,2026-07-01 06:55:07+00,2026-07-01 09:55:07+00,AB247VR,19985.09,7,AUSA
pasadas_2026-07-08_5009A02027769.csv,2026-07-07,07:16:08,2026-07-07 07:16:08+00,2026-07-07 10:16:08+00,AB633TZ,22247.33,7,AUSA
pasadas_2026-07-08_5009A02027769.csv,2026-07-03,22:51:16,2026-07-03 22:51:16+00,2026-07-04 01:51:16+00,AG309CO,13015.92,9,AUSA
pasadas_2026-07-08_5009A02027769.csv,2026-07-06,11:40:47,2026-07-06 11:40:47+00,2026-07-06 14:40:47+00,AF103ZL,19985.09,7,AUSA
pasadas_2026-07-08_5009A02027769.csv,2026-07-06,02:45:40,2026-07-06 02:45:40+00,2026-07-06 05:45:40+00,AE751PA,13015.92,9,AUSA
pasadas_2026-07-08_5009A02027769.csv,2026-06-30,12:52:12,2026-06-30 12:52:12+00,2026-06-30 15:52:12+00,AG309CO,12748.21,8,AUSA
pasadas_2026-07-08_5009A02027769.csv,2026-07-02,10:28:11,2026-07-02 10:28:11+00,2026-07-02 13:28:11+00,AG507DK,44494.48,9,AUSA
pasadas_2026-07-08_5009A02027769.csv,2026-07-01,21:49:47,2026-07-01 21:49:47+00,2026-07-02 00:49:47+00,AG939HR,7918.73,9,AUSA
pasadas_2026-07-08_5009A02027769.csv,2026-07-04,13:28:55,2026-07-04 13:28:55+00,2026-07-04 16:28:55+00,AH351RT,44494.48,9,AUSA
pasadas_2026-07-08_5009A02027769.csv,2026-07-06,02:44:45,2026-07-06 02:44:45+00,2026-07-06 05:44:45+00,AF231PZ,13015.92,8,AUSA
pasadas_2026-07-08_5009A02027769.csv,2026-07-03,20:21:31,2026-07-03 20:21:31+00,2026-07-03 23:21:31+00,AF533SR,13015.92,9,AUSA
pasadas_2026-07-08_5009A02027769.csv,2026-07-03,07:01:20,2026-07-03 07:01:20+00,2026-07-03 10:01:20+00,AF091AI,22247.33,9,AUSA
pasadas_2026-07-08_5009A02027769.csv,2026-07-05,22:27:01,2026-07-05 22:27:01+00,2026-07-06 01:27:01+00,AG309CO,7918.73,9,AUSA
pasadas_2026-07-08_5009A02027769.csv,2026-07-03,15:01:35,2026-07-03 15:01:35+00,2026-07-03 18:01:35+00,AC264UA,19985.09,7,AUSA
pasadas_2026-07-08_5009A02027769.csv,2026-07-07,13:40:29,2026-07-07 13:40:29+00,2026-07-07 16:40:29+00,AG309CO,7918.73,9,AUSA
pasadas_2026-07-08_5009A02027769.csv,2026-07-01,08:32:01,2026-07-01 08:32:01+00,2026-07-01 11:32:01+00,AH729QW,44494.48,9,AUSA
pasadas_2026-07-08_5009A02027769.csv,2026-07-07,06:50:26,2026-07-07 06:50:26+00,2026-07-07 09:50:26+00,AB456CQ,19985.09,8,AUSA
pasadas_2026-07-08_5009A02027769.csv,2026-07-03,13:20:10,2026-07-03 13:20:10+00,2026-07-03 16:20:10+00,AH185KI,7918.73,9,AUSA
pasadas_2026-07-08_5009A02027769.csv,2026-06-29,15:27:06,2026-06-29 15:27:06+00,2026-06-29 18:27:06+00,AF136HN,12748.21,8,AUSA
pasadas_2026-07-08_5009A02027769.csv,2026-07-05,22:46:22,2026-07-05 22:46:22+00,2026-07-06 01:46:22+00,AG939HR,13015.92,9,AUSA
pasadas_2026-07-08_5009A02027769.csv,2026-07-02,14:40:10,2026-07-02 14:40:10+00,2026-07-02 17:40:10+00,AG507DK,13015.92,9,AUSA
pasadas_2026-07-08_5009A02027769.csv,2026-07-03,11:31:05,2026-07-03 11:31:05+00,2026-07-03 14:31:05+00,AG309CO,7918.73,9,AUSA
pasadas_2026-07-08_5009A02027769.csv,2026-06-30,18:42:29,2026-06-30 18:42:29+00,2026-06-30 21:42:29+00,AH543IQ,12748.21,8,AUSA
pasadas_2026-07-08_5009A02027769.csv,2026-07-02,09:53:52,2026-07-02 09:53:52+00,2026-07-02 12:53:52+00,AE469PL,44494.48,7,AUSA
pasadas_2026-07-08_5009A02027769.csv,2026-06-30,18:47:46,2026-06-30 18:47:46+00,2026-06-30 21:47:46+00,AG893YR,12748.21,9,AUSA
pasadas_2026-07-08_5009A02027769.csv,2026-07-02,13:21:09,2026-07-02 13:21:09+00,2026-07-02 16:21:09+00,AF202UU,19985.09,7,AUSA
pasadas_2026-07-08_5009A02027769.csv,2026-07-01,06:39:35,2026-07-01 06:39:35+00,2026-07-01 09:39:35+00,AH351RT,7918.73,9,AUSA
pasadas_2026-07-08_5009A02027769.csv,2026-07-04,00:06:39,2026-07-04 00:06:39+00,2026-07-04 03:06:39+00,AH351RT,13015.92,9,AUSA
pasadas_2026-07-08_5009A02027769.csv,2026-07-02,22:47:16,2026-07-02 22:47:16+00,2026-07-03 01:47:16+00,AE469PH,7918.73,8,AUSA
pasadas_2026-07-08_5009A02027769.csv,2026-07-01,21:20:00,2026-07-01 21:20:00+00,2026-07-02 00:20:00+00,AH543IQ,19985.09,9,AUSA
pasadas_2026-07-08_5009A02027769.csv,2026-07-03,23:59:08,2026-07-03 23:59:08+00,2026-07-04 02:59:08+00,AH351RT,7918.73,9,AUSA
pasadas_2026-07-08_5009A02027769.csv,2026-07-04,02:51:45,2026-07-04 02:51:45+00,2026-07-04 05:51:45+00,AF436WI,7918.73,7,AUSA
pasadas_2026-07-08_5009A02027769.csv,2026-07-04,17:46:46,2026-07-04 17:46:46+00,2026-07-04 20:46:46+00,AH185KI,13015.92,9,AUSA
pasadas_2026-07-08_5009A02027769.csv,2026-07-05,21:34:30,2026-07-05 21:34:30+00,2026-07-06 00:34:30+00,AG507DK,7918.73,9,AUSA
pasadas_2026-07-08_5009A02027769.csv,2026-07-03,20:50:34,2026-07-03 20:50:34+00,2026-07-03 23:50:34+00,AG916MK,7918.73,9,AUSA
pasadas_2026-07-08_5009A02027769.csv,2026-07-07,09:45:30,2026-07-07 09:45:30+00,2026-07-07 12:45:30+00,AG507DK,44494.48,9,AUSA
pasadas_2026-07-08_5009A02027769.csv,2026-07-03,20:58:02,2026-07-03 20:58:02+00,2026-07-03 23:58:02+00,AG916MK,13015.92,9,AUSA
pasadas_2026-07-08_5009A02027769.csv,2026-07-03,06:51:41,2026-07-03 06:51:41+00,2026-07-03 09:51:41+00,AB456CQ,13015.92,7,AUSA
pasadas_2026-07-08_5009A02027769.csv,2026-07-06,10:40:32,2026-07-06 10:40:32+00,2026-07-06 13:40:32+00,AG939HR,44494.48,9,AUSA
pasadas_2026-07-08_5009A02027769.csv,2026-07-02,22:29:44,2026-07-02 22:29:44+00,2026-07-03 01:29:44+00,AE469PH,19985.09,8,AUSA
pasadas_2026-07-08_5009A02027769.csv,2026-07-07,07:08:21,2026-07-07 07:08:21+00,2026-07-07 10:08:21+00,AB456CQ,22247.33,8,AUSA
pasadas_2026-07-08_5009A02027769.csv,2026-07-02,06:52:30,2026-07-02 06:52:30+00,2026-07-02 09:52:30+00,AB456CQ,13015.92,7,AUSA
pasadas_2026-07-08_5009A02027769.csv,2026-07-05,02:14:17,2026-07-05 02:14:17+00,2026-07-05 05:14:17+00,AF103ZL,19985.09,7,AUSA
pasadas_2026-07-08_5009A02027769.csv,2026-07-02,15:51:37,2026-07-02 15:51:37+00,2026-07-02 18:51:37+00,AG939HR,7918.73,9,AUSA
pasadas_2026-07-08_5009A02027769.csv,2026-07-02,13:53:42,2026-07-02 13:53:42+00,2026-07-02 16:53:42+00,AH351RT,13015.92,8,AUSA
pasadas_2026-07-08_5009A02027769.csv,2026-07-03,11:39:20,2026-07-03 11:39:20+00,2026-07-03 14:39:20+00,AF411UY,13015.92,7,AUSA
pasadas_2026-07-08_5009A02027769.csv,2026-07-06,02:38:04,2026-07-06 02:38:04+00,2026-07-06 05:38:04+00,AF231PZ,7918.73,8,AUSA
pasadas_2026-07-08_5009A02027769.csv,2026-07-07,12:58:10,2026-07-07 12:58:10+00,2026-07-07 15:58:10+00,AG916MK,19985.09,9,AUSA
pasadas_2026-07-08_5009A02027769.csv,2026-07-01,00:14:53,2026-07-01 00:14:53+00,2026-07-01 03:14:53+00,AG916MK,7918.73,9,AUSA
pasadas_2026-07-08_5009A02027769.csv,2026-07-07,10:51:16,2026-07-07 10:51:16+00,2026-07-07 13:51:16+00,AB633TZ,13015.92,7,AUSA
pasadas_2026-07-08_5009A02027769.csv,2026-07-06,05:22:11,2026-07-06 05:22:11+00,2026-07-06 08:22:11+00,AF791ER,7918.73,7,AUSA
pasadas_2026-07-08_5009A02027769.csv,2026-07-06,06:45:27,2026-07-06 06:45:27+00,2026-07-06 09:45:27+00,AB456CQ,19985.09,8,AUSA
pasadas_2026-07-08_5009A02027769.csv,2026-07-05,19:57:41,2026-07-05 19:57:41+00,2026-07-05 22:57:41+00,AG533MF,1885.23,2,AUSA
pasadas_2026-07-08_5009A02027769.csv,2026-07-02,20:11:03,2026-07-02 20:11:03+00,2026-07-02 23:11:03+00,AF103ZL,13015.92,7,AUSA
pasadas_2026-07-08_5009A02027769.csv,2026-07-03,06:07:38,2026-07-03 06:07:38+00,2026-07-03 09:07:38+00,AC264UA,19985.09,7,AUSA
pasadas_2026-07-08_5009A02027769.csv,2026-07-02,19:52:42,2026-07-02 19:52:42+00,2026-07-02 22:52:42+00,AF202UU,13015.92,7,AUSA
pasadas_2026-07-08_5009A02027769.csv,2026-07-06,05:28:18,2026-07-06 05:28:18+00,2026-07-06 08:28:18+00,AH351RT,7918.73,9,AUSA
pasadas_2026-07-08_5009A02027769.csv,2026-07-01,00:21:52,2026-07-01 00:21:52+00,2026-07-01 03:21:52+00,AG916MK,13015.92,9,AUSA
pasadas_2026-07-08_5009A02027769.csv,2026-07-04,23:47:33,2026-07-04 23:47:33+00,2026-07-05 02:47:33+00,AH185KI,19985.09,9,AUSA
pasadas_2026-07-08_5009A02027769.csv,2026-07-02,15:51:41,2026-07-02 15:51:41+00,2026-07-02 18:51:41+00,AG309CO,7918.73,9,AUSA
pasadas_2026-07-08_5009A02027769.csv,2026-07-07,14:39:48,2026-07-07 14:39:48+00,2026-07-07 17:39:48+00,AH729QW,7918.73,9,AUSA
pasadas_2026-07-08_5009A02027769.csv,2026-07-02,04:13:26,2026-07-02 04:13:26+00,2026-07-02 07:13:26+00,AE469PL,19985.09,7,AUSA
pasadas_2026-07-08_5009A02027769.csv,2026-07-06,01:35:31,2026-07-06 01:35:31+00,2026-07-06 04:35:31+00,AH729QW,13015.92,9,AUSA
pasadas_2026-07-08_5009A02027769.csv,2026-07-06,01:28:47,2026-07-06 01:28:47+00,2026-07-06 04:28:47+00,AH729QW,7918.73,9,AUSA
pasadas_2026-07-08_5009A02027769.csv,2026-07-03,21:34:31,2026-07-03 21:34:31+00,2026-07-04 00:34:31+00,AG507DK,19985.09,9,AUSA
pasadas_2026-07-08_5009A02027769.csv,2026-07-04,23:57:47,2026-07-04 23:57:47+00,2026-07-05 02:57:47+00,AH185KI,13015.92,9,AUSA
pasadas_2026-07-08_5009A02027769.csv,2026-07-05,22:33:58,2026-07-05 22:33:58+00,2026-07-06 01:33:58+00,AG309CO,13015.92,9,AUSA
pasadas_2026-07-08_5009A02027769.csv,2026-07-05,00:04:41,2026-07-05 00:04:41+00,2026-07-05 03:04:41+00,AH185KI,7918.73,9,AUSA
pasadas_2026-07-08_5009A02027769.csv,2026-07-03,20:15:40,2026-07-03 20:15:40+00,2026-07-03 23:15:40+00,AF533SR,7918.73,9,AUSA
pasadas_2026-07-08_5009A02027769.csv,2026-07-06,02:01:30,2026-07-06 02:01:30+00,2026-07-06 05:01:30+00,AF103ZL,7918.73,8,AUSA
pasadas_2026-07-08_5009A02027769.csv,2026-07-07,10:43:57,2026-07-07 10:43:57+00,2026-07-07 13:43:57+00,AB633TZ,22247.33,7,AUSA
pasadas_2026-07-08_5009A02027769.csv,2026-07-01,22:04:16,2026-07-01 22:04:16+00,2026-07-02 01:04:16+00,AF202UU,19985.09,7,AUSA
pasadas_2026-07-08_5009A02027769.csv,2026-07-06,02:46:08,2026-07-06 02:46:08+00,2026-07-06 05:46:08+00,AB456CU,13015.92,7,AUSA
pasadas_2026-07-08_5009A02027769.csv,2026-07-02,00:09:37,2026-07-02 00:09:37+00,2026-07-02 03:09:37+00,AG309CO,13015.92,9,AUSA
pasadas_2026-07-08_5009A02027769.csv,2026-07-06,01:28:17,2026-07-06 01:28:17+00,2026-07-06 04:28:17+00,AG893YR,7918.73,9,AUSA
pasadas_2026-07-08_5009A02027769.csv,2026-07-06,02:39:02,2026-07-06 02:39:02+00,2026-07-06 05:39:02+00,AE751PA,7918.73,9,AUSA
pasadas_2026-07-08_5009A02027769.csv,2026-07-04,02:26:59,2026-07-04 02:26:59+00,2026-07-04 05:26:59+00,AG916MK,19985.09,9,AUSA
pasadas_2026-07-08_5009A02027769.csv,2026-07-02,06:40:36,2026-07-02 06:40:36+00,2026-07-02 09:40:36+00,AB456CQ,19985.09,8,AUSA
pasadas_2026-07-08_5009A02027769.csv,2026-07-05,09:56:07,2026-07-05 09:56:07+00,2026-07-05 12:56:07+00,AH543IQ,19985.09,9,AUSA
pasadas_2026-07-08_5009A02027769.csv,2026-07-03,14:10:56,2026-07-03 14:10:56+00,2026-07-03 17:10:56+00,AB456CP,19985.09,7,AUSA
pasadas_2026-07-08_5009A02027769.csv,2026-07-06,13:00:01,2026-07-06 13:00:01+00,2026-07-06 16:00:01+00,AB456CP,7918.73,7,AUSA
pasadas_2026-07-08_5009A02027769.csv,2026-07-01,09:06:47,2026-07-01 09:06:47+00,2026-07-01 12:06:47+00,AD096FX,44494.48,7,AUSA
pasadas_2026-07-08_5009A02027769.csv,2026-07-06,06:56:40,2026-07-06 06:56:40+00,2026-07-06 09:56:40+00,AB456CQ,13015.92,7,AUSA
pasadas_2026-07-08_5009A02027769.csv,2026-07-07,19:03:30,2026-07-07 19:03:30+00,2026-07-07 22:03:30+00,AG893YR,44494.48,9,AUSA
pasadas_2026-07-08_5009A02027769.csv,2026-07-02,13:46:16,2026-07-02 13:46:16+00,2026-07-02 16:46:16+00,AH351RT,7918.73,9,AUSA
pasadas_2026-07-08_5009A02027769.csv,2026-07-07,00:58:48,2026-07-07 00:58:48+00,2026-07-07 03:58:48+00,AG916MK,13015.92,9,AUSA
pasadas_2026-07-08_5009A02027769.csv,2026-07-07,06:56:06,2026-07-07 06:56:06+00,2026-07-07 09:56:06+00,AB633TZ,19985.09,7,AUSA
pasadas_2026-07-08_5009A02027769.csv,2026-07-04,02:32:47,2026-07-04 02:32:47+00,2026-07-04 05:32:47+00,AF436WI,19985.09,7,AUSA
pasadas_2026-07-08_5009A02027769.csv,2026-07-03,20:01:00,2026-07-03 20:01:00+00,2026-07-03 23:01:00+00,AG939HX,7918.73,7,AUSA
pasadas_2026-07-08_5009A02027769.csv,2026-07-02,10:16:31,2026-07-02 10:16:31+00,2026-07-02 13:16:31+00,AE469PL,13015.92,7,AUSA
pasadas_2026-07-08_5009A02027769.csv,2026-07-04,10:16:41,2026-07-04 10:16:41+00,2026-07-04 13:16:41+00,AC812DO,19985.09,8,AUSA
pasadas_2026-07-08_5009A02027769.csv,2026-07-01,21:56:35,2026-07-01 21:56:35+00,2026-07-02 00:56:35+00,AG939HR,13015.92,9,AUSA
pasadas_2026-07-08_5009A02027769.csv,2026-07-06,16:26:06,2026-07-06 16:26:06+00,2026-07-06 19:26:06+00,AE751PA,13015.92,8,AUSA
pasadas_2026-07-08_5009A02027769.csv,2026-07-03,13:35:57,2026-07-03 13:35:57+00,2026-07-03 16:35:57+00,AF436WI,13015.92,7,AUSA
pasadas_2026-07-08_5009A02027769.csv,2026-06-30,22:12:55,2026-06-30 22:12:55+00,2026-07-01 01:12:55+00,AH185KI,12748.21,9,AUSA
pasadas_2026-07-08_5009A02027769.csv,2026-07-07,13:13:57,2026-07-07 13:13:57+00,2026-07-07 16:13:57+00,AG893YR,13015.92,9,AUSA
pasadas_2026-07-08_5009A02027769.csv,2026-06-29,11:03:36,2026-06-29 11:03:36+00,2026-06-29 14:03:36+00,AD625QA,12748.21,8,AUSA
pasadas_2026-07-08_5009A02027769.csv,2026-07-06,18:54:29,2026-07-06 18:54:29+00,2026-07-06 21:54:29+00,AB456CU,44494.48,7,AUSA
pasadas_2026-07-08_5009A02027769.csv,2026-07-07,19:01:53,2026-07-07 19:01:53+00,2026-07-07 22:01:53+00,AG309CO,44494.48,9,AUSA
pasadas_2026-07-08_5009A02027769.csv,2026-07-03,14:45:13,2026-07-03 14:45:13+00,2026-07-03 17:45:13+00,AF103ZL,19985.09,7,AUSA
pasadas_2026-07-08_5009A02027769.csv,2026-07-03,19:53:54,2026-07-03 19:53:54+00,2026-07-03 22:53:54+00,AG939HX,13015.92,9,AUSA
pasadas_2026-07-08_5009A02027769.csv,2026-07-03,15:01:10,2026-07-03 15:01:10+00,2026-07-03 18:01:10+00,AD985XP,7164.37,4,AUSA
pasadas_2026-07-08_5009A02027769.csv,2026-07-02,04:01:06,2026-07-02 04:01:06+00,2026-07-02 07:01:06+00,AG916MK,13015.92,9,AUSA
pasadas_2026-07-08_5009A02027769.csv,2026-07-07,03:06:11,2026-07-07 03:06:11+00,2026-07-07 06:06:11+00,AH185KI,19985.09,9,AUSA
pasadas_2026-07-08_5009A02027769.csv,2026-07-03,13:27:11,2026-07-03 13:27:11+00,2026-07-03 16:27:11+00,AH185KI,13015.92,9,AUSA
pasadas_2026-07-08_5009A02027769.csv,2026-07-03,20:30:47,2026-07-03 20:30:47+00,2026-07-03 23:30:47+00,AF533SR,19985.09,9,AUSA
pasadas_2026-07-08_5009A02027769.csv,2026-06-30,19:59:26,2026-06-30 19:59:26+00,2026-06-30 22:59:26+00,AF993HK,21789.75,7,AUSA
pasadas_2026-07-08_5009A02027769.csv,2026-07-01,18:59:44,2026-07-01 18:59:44+00,2026-07-01 21:59:44+00,AA561YA,22247.33,7,AUSA
pasadas_2026-07-08_5009A02027769.csv,2026-07-06,11:15:02,2026-07-06 11:15:02+00,2026-07-06 14:15:02+00,AB456CQ,7918.73,8,AUSA
pasadas_2026-07-08_5009A02027769.csv,2026-07-03,06:41:03,2026-07-03 06:41:03+00,2026-07-03 09:41:03+00,AB456CQ,19985.09,8,AUSA
pasadas_2026-07-08_5009A02027769.csv,2026-06-29,20:35:13,2026-06-29 20:35:13+00,2026-06-29 23:35:13+00,AG893YR,12748.21,9,AUSA
pasadas_2026-07-08_5009A02027769.csv,2026-07-02,10:23:34,2026-07-02 10:23:34+00,2026-07-02 13:23:34+00,AE469PL,22247.33,7,AUSA
pasadas_2026-07-08_5009A02027769.csv,2026-07-04,22:09:05,2026-07-04 22:09:05+00,2026-07-05 01:09:05+00,AF103ZL,7918.73,7,AUSA
pasadas_2026-07-08_5009A02027769.csv,2026-07-05,21:03:54,2026-07-05 21:03:54+00,2026-07-06 00:03:54+00,AG916MK,19985.09,9,AUSA
pasadas_2026-07-08_5009A02027769.csv,2026-07-04,16:25:14,2026-07-04 16:25:14+00,2026-07-04 19:25:14+00,AF136HN,19985.09,9,AUSA
pasadas_2026-07-08_5009A02027769.csv,2026-07-03,06:58:43,2026-07-03 06:58:43+00,2026-07-03 09:58:43+00,AB456CQ,7918.73,8,AUSA
pasadas_2026-07-08_5009A02027769.csv,2026-07-07,16:37:08,2026-07-07 16:37:08+00,2026-07-07 19:37:08+00,AH185KI,44494.48,9,AUSA
pasadas_2026-07-08_5009A02027769.csv,2026-07-04,22:10:19,2026-07-04 22:10:19+00,2026-07-05 01:10:19+00,AH543IQ,7918.73,9,AUSA
pasadas_2026-07-08_5009A02027769.csv,2026-07-01,03:00:38,2026-07-01 03:00:38+00,2026-07-01 06:00:38+00,AE284KH,19985.09,7,AUSA
pasadas_2026-07-15_5009A02037760.csv,2026-07-09,23:04:43,2026-07-09 23:04:43+00,2026-07-10 02:04:43+00,AI348TS,13015.92,8,AUSA
pasadas_2026-07-15_5009A02037760.csv,2026-07-01,16:53:29,2026-07-01 16:53:29+00,2026-07-01 19:53:29+00,AI042WD,44494.48,7,AUSA
pasadas_2026-07-15_5009A02037760.csv,2026-07-02,23:50:35,2026-07-02 23:50:35+00,2026-07-03 02:50:35+00,AI178EY,7918.73,9,AUSA
pasadas_2026-07-15_5009A02037760.csv,2026-07-06,14:03:22,2026-07-06 14:03:22+00,2026-07-06 17:03:22+00,AF993HA,7918.73,9,AUSA
pasadas_2026-07-15_5009A02037760.csv,2026-07-02,16:33:52,2026-07-02 16:33:52+00,2026-07-02 19:33:52+00,AF993HA,13015.92,9,AUSA
pasadas_2026-07-15_5009A02037760.csv,2026-07-06,14:10:41,2026-07-06 14:10:41+00,2026-07-06 17:10:41+00,AF993HA,13015.92,9,AUSA
pasadas_2026-07-15_5009A02037760.csv,2026-07-13,05:15:07,2026-07-13 05:15:07+00,2026-07-13 08:15:07+00,AI042WD,13015.92,7,AUSA
pasadas_2026-07-15_5009A02037760.csv,2026-07-13,05:24:29,2026-07-13 05:24:29+00,2026-07-13 08:24:29+00,AI042WD,19985.09,7,AUSA
pasadas_2026-07-15_5009A02037760.csv,2026-07-14,04:00:21,2026-07-14 04:00:21+00,2026-07-14 07:00:21+00,AF993HA,19985.09,9,AUSA
pasadas_2026-07-15_5009A02037760.csv,2026-07-13,05:08:57,2026-07-13 05:08:57+00,2026-07-13 08:08:57+00,AI042WD,7918.73,7,AUSA
pasadas_2026-07-15_5009A02037760.csv,2026-07-08,21:14:43,2026-07-08 21:14:43+00,2026-07-09 00:14:43+00,AI348TS,13015.92,9,AUSA
pasadas_2026-07-15_5009A02037760.csv,2026-07-04,22:13:09,2026-07-04 22:13:09+00,2026-07-05 01:13:09+00,AF993HA,7918.73,9,AUSA
pasadas_2026-07-15_5009A02037760.csv,2026-07-10,11:17:54,2026-07-10 11:17:54+00,2026-07-10 14:17:54+00,AI348TS,13015.92,8,AUSA
pasadas_2026-07-15_5009A02037760.csv,2026-07-13,11:37:22,2026-07-13 11:37:22+00,2026-07-13 14:37:22+00,AI042WD,13015.92,8,AUSA
pasadas_2026-07-15_5009A02037760.csv,2026-07-13,23:57:52,2026-07-13 23:57:52+00,2026-07-14 02:57:52+00,AF993HA,7918.73,9,AUSA
pasadas_2026-07-15_5009A02037760.csv,2026-07-10,11:24:17,2026-07-10 11:24:17+00,2026-07-10 14:24:17+00,AI348TS,2665.99,2,AUSA
pasadas_2026-07-15_5009A02037760.csv,2026-07-07,12:16:35,2026-07-07 12:16:35+00,2026-07-07 15:16:35+00,AF993HA,19985.09,9,AUSA
pasadas_2026-07-15_5009A02037760.csv,2026-07-14,12:25:58,2026-07-14 12:25:58+00,2026-07-14 15:25:58+00,AF993HA,19985.09,9,AUSA
pasadas_2026-07-15_5009A02037760.csv,2026-07-02,23:43:43,2026-07-02 23:43:43+00,2026-07-03 02:43:43+00,AI178EY,13015.92,9,AUSA
pasadas_2026-07-15_5009A02037760.csv,2026-07-01,05:12:31,2026-07-01 05:12:31+00,2026-07-01 08:12:31+00,AI042WD,13015.92,7,AUSA
pasadas_2026-07-15_5009A02037760.csv,2026-07-14,00:05:07,2026-07-14 00:05:07+00,2026-07-14 03:05:07+00,AF993HA,13015.92,9,AUSA
pasadas_2026-07-15_5009A02037760.csv,2026-07-13,02:47:17,2026-07-13 02:47:17+00,2026-07-13 05:47:17+00,AI348TS,4525.01,2,AUSA
pasadas_2026-07-15_5009A02037760.csv,2026-07-06,21:44:25,2026-07-06 21:44:25+00,2026-07-07 00:44:25+00,AI348TS,4525.01,2,AUSA
pasadas_2026-07-15_5009A02037760.csv,2026-07-02,23:33:45,2026-07-02 23:33:45+00,2026-07-03 02:33:45+00,AI178EY,19985.09,9,AUSA
pasadas_2026-07-15_5009A02037760.csv,2026-07-08,21:21:26,2026-07-08 21:21:26+00,2026-07-09 00:21:26+00,AI348TS,1885.23,2,AUSA
pasadas_2026-07-15_5009A02037760.csv,2026-07-13,14:03:15,2026-07-13 14:03:15+00,2026-07-13 17:03:15+00,AI178ER,13015.92,8,AUSA
pasadas_2026-07-15_5009A02037760.csv,2026-07-13,14:10:03,2026-07-13 14:10:03+00,2026-07-13 17:10:03+00,AI178ER,7918.73,9,AUSA
pasadas_2026-07-15_5009A02037760.csv,2026-07-13,11:43:47,2026-07-13 11:43:47+00,2026-07-13 14:43:47+00,AI042WD,7918.73,7,AUSA
pasadas_2026-07-15_5009A02037760.csv,2026-07-08,09:32:32,2026-07-08 09:32:32+00,2026-07-08 12:32:32+00,AI348TS,6412.68,2,AUSA
pasadas_2026-07-15_5009A02037760.csv,2026-07-14,16:05:56,2026-07-14 16:05:56+00,2026-07-14 19:05:56+00,AF993HA,22247.33,9,AUSA
pasadas_2026-07-15_5009A02037760.csv,2026-07-14,05:23:12,2026-07-14 05:23:12+00,2026-07-14 08:23:12+00,AI348TS,4525.01,2,AUSA
pasadas_2026-07-15_5009A02037760.csv,2026-07-13,11:27:01,2026-07-13 11:27:01+00,2026-07-13 14:27:01+00,AI042WD,19985.09,7,AUSA
pasadas_2026-07-15_5009A02037760.csv,2026-07-01,05:05:45,2026-07-01 05:05:45+00,2026-07-01 08:05:45+00,AI042WD,7918.73,7,AUSA
pasadas_2026-07-15_5009A02037760.csv,2026-07-06,12:59:08,2026-07-06 12:59:08+00,2026-07-06 15:59:08+00,AI348TS,13015.92,8,AUSA
pasadas_2026-07-15_5009A02037760.csv,2026-06-30,19:44:41,2026-06-30 19:44:41+00,2026-06-30 22:44:41+00,AF993HA,12748.21,9,AUSA
pasadas_2026-07-15_5009A02037760.csv,2026-07-13,05:31:54,2026-07-13 05:31:54+00,2026-07-13 08:31:54+00,AI178ER,7918.73,9,AUSA
pasadas_2026-07-15_5009A02037760.csv,2026-07-13,05:38:42,2026-07-13 05:38:42+00,2026-07-13 08:38:42+00,AI178ER,13015.92,8,AUSA
pasadas_2026-07-15_5009A02037760.csv,2026-07-09,22:57:54,2026-07-09 22:57:54+00,2026-07-10 01:57:54+00,AI348TS,1885.23,2,AUSA
pasadas_2026-07-15_5009A02037760.csv,2026-07-06,12:51:46,2026-07-06 12:51:46+00,2026-07-06 15:51:46+00,AI348TS,1885.23,2,AUSA
pasadas_2026-07-15_5009A02037760.csv,2026-07-05,19:01:28,2026-07-05 19:01:28+00,2026-07-05 22:01:28+00,AF993HA,19985.09,9,AUSA
pasadas_2026-07-15_5009A02037760.csv,2026-07-01,12:50:49,2026-07-01 12:50:49+00,2026-07-01 15:50:49+00,AF993HA,19985.09,9,AUSA
pasadas_2026-07-15_5009A02037760.csv,2026-07-12,21:32:52,2026-07-12 21:32:52+00,2026-07-13 00:32:52+00,AI348TS,10012.13,2,AUSA
pasadas_2026-07-15_5009A02037760.csv,2026-07-12,21:26:00,2026-07-12 21:26:00+00,2026-07-13 00:26:00+00,AI348TS,1885.23,2,AUSA
pasadas_2026-07-15_5009A02037803.csv,2026-07-13,04:40:02,2026-07-13 04:40:02+00,2026-07-13 07:40:02+00,AH351RT,13015.92,9,AUSA
pasadas_2026-07-15_5009A02037803.csv,2026-07-09,06:51:06,2026-07-09 06:51:06+00,2026-07-09 09:51:06+00,AG249HS,1885.23,2,AUSA
pasadas_2026-07-15_5009A02037803.csv,2026-07-13,00:17:16,2026-07-13 00:17:16+00,2026-07-13 03:17:16+00,AG939HR,7918.73,9,AUSA
pasadas_2026-07-15_5009A02037803.csv,2026-07-08,16:29:52,2026-07-08 16:29:52+00,2026-07-08 19:29:52+00,AC264UA,44494.48,7,AUSA
pasadas_2026-07-15_5009A02037803.csv,2026-07-08,14:49:23,2026-07-08 14:49:23+00,2026-07-08 17:49:23+00,AH185KI,7918.73,9,AUSA
pasadas_2026-07-15_5009A02037803.csv,2026-07-10,10:05:44,2026-07-10 10:05:44+00,2026-07-10 13:05:44+00,AE831SI,7918.73,9,AUSA
pasadas_2026-07-15_5009A02037803.csv,2026-07-14,14:15:15,2026-07-14 14:15:15+00,2026-07-14 17:15:15+00,AG249HS,4525.01,2,AUSA
pasadas_2026-07-15_5009A02037803.csv,2026-07-10,07:40:22,2026-07-10 07:40:22+00,2026-07-10 10:40:22+00,EXT374,7918.73,7,AUSA
pasadas_2026-07-15_5009A02037803.csv,2026-07-09,08:51:08,2026-07-09 08:51:08+00,2026-07-09 11:51:08+00,AG309CO,7918.73,9,AUSA
pasadas_2026-07-15_5009A02037803.csv,2026-07-10,06:51:48,2026-07-10 06:51:48+00,2026-07-10 09:51:48+00,AB633TZ,19985.09,7,AUSA
pasadas_2026-07-15_5009A02037803.csv,2026-07-10,11:27:47,2026-07-10 11:27:47+00,2026-07-10 14:27:47+00,EXT374,44494.48,7,AUSA
pasadas_2026-07-15_5009A02037803.csv,2026-07-09,16:52:55,2026-07-09 16:52:55+00,2026-07-09 19:52:55+00,AF202UU,19985.09,7,AUSA
pasadas_2026-07-15_5009A02037803.csv,2026-07-14,14:20:07,2026-07-14 14:20:07+00,2026-07-14 17:20:07+00,AG249HS,4525.01,2,AUSA
pasadas_2026-07-15_5009A02037803.csv,2026-07-14,01:25:54,2026-07-14 01:25:54+00,2026-07-14 04:25:54+00,AH351RT,7918.73,9,AUSA
pasadas_2026-07-15_5009A02037803.csv,2026-07-10,10:23:15,2026-07-10 10:23:15+00,2026-07-10 13:23:15+00,AE831SI,19985.09,9,AUSA
pasadas_2026-07-15_5009A02037803.csv,2026-07-13,14:18:09,2026-07-13 14:18:09+00,2026-07-13 17:18:09+00,AG309CO,19985.09,9,AUSA
pasadas_2026-07-15_5009A02037803.csv,2026-07-13,13:04:22,2026-07-13 13:04:22+00,2026-07-13 16:04:22+00,AD625QA,19985.09,8,AUSA
pasadas_2026-07-15_5009A02037803.csv,2026-07-10,07:11:07,2026-07-10 07:11:07+00,2026-07-10 10:11:07+00,AB633TZ,7918.73,7,AUSA
pasadas_2026-07-15_5009A02037803.csv,2026-07-08,19:58:51,2026-07-08 19:58:51+00,2026-07-08 22:58:51+00,AG939HR,13015.92,9,AUSA
pasadas_2026-07-15_5009A02037803.csv,2026-07-08,21:29:20,2026-07-08 21:29:20+00,2026-07-09 00:29:20+00,AH185KI,13015.92,9,AUSA
pasadas_2026-07-15_5009A02037803.csv,2026-07-08,11:56:23,2026-07-08 11:56:23+00,2026-07-08 14:56:23+00,OWG130,7918.73,7,AUSA
pasadas_2026-07-15_5009A02037803.csv,2026-07-10,01:15:00,2026-07-10 01:15:00+00,2026-07-10 04:15:00+00,AG939HR,7918.73,9,AUSA
pasadas_2026-07-15_5009A02037803.csv,2026-07-10,07:03:22,2026-07-10 07:03:22+00,2026-07-10 10:03:22+00,AB633TZ,13015.92,7,AUSA
pasadas_2026-07-15_5009A02037803.csv,2026-07-08,19:49:27,2026-07-08 19:49:27+00,2026-07-08 22:49:27+00,AG309CO,44494.48,9,AUSA
pasadas_2026-07-15_5009A02037803.csv,2026-07-10,01:21:43,2026-07-10 01:21:43+00,2026-07-10 04:21:43+00,AG939HR,13015.92,9,AUSA
pasadas_2026-07-15_5009A02037803.csv,2026-07-10,00:21:35,2026-07-10 00:21:35+00,2026-07-10 03:21:35+00,AG309CO,13015.92,9,AUSA
pasadas_2026-07-15_5009A02037803.csv,2026-07-14,01:08:58,2026-07-14 01:08:58+00,2026-07-14 04:08:58+00,AH351RT,19985.09,9,AUSA
pasadas_2026-07-15_5009A02037803.csv,2026-07-14,02:27:38,2026-07-14 02:27:38+00,2026-07-14 05:27:38+00,AH185KI,13015.92,9,AUSA
pasadas_2026-07-15_5009A02037803.csv,2026-07-11,08:35:58,2026-07-11 08:35:58+00,2026-07-11 11:35:58+00,AG309CH,1885.23,2,AUSA
pasadas_2026-07-15_5009A02037803.csv,2026-07-07,07:12:37,2026-07-07 07:12:37+00,2026-07-07 10:12:37+00,AF411UY,13015.92,7,AUSA
pasadas_2026-07-15_5009A02037803.csv,2026-07-10,02:09:52,2026-07-10 02:09:52+00,2026-07-10 05:09:52+00,AH351RT,13015.92,9,AUSA
pasadas_2026-07-15_5009A02037803.csv,2026-07-11,20:08:53,2026-07-11 20:08:53+00,2026-07-11 23:08:53+00,AG309CH,2665.99,2,AUSA
pasadas_2026-07-15_5009A02037803.csv,2026-07-14,16:05:36,2026-07-14 16:05:36+00,2026-07-14 19:05:36+00,AH185KI,22247.33,9,AUSA
pasadas_2026-07-15_5009A02037803.csv,2026-07-13,04:31:06,2026-07-13 04:31:06+00,2026-07-13 07:31:06+00,AH351RT,7918.73,9,AUSA
pasadas_2026-07-15_5009A02037803.csv,2026-07-08,22:43:20,2026-07-08 22:43:20+00,2026-07-09 01:43:20+00,AH351RT,19985.09,9,AUSA
pasadas_2026-07-15_5009A02037803.csv,2026-07-08,20:08:29,2026-07-08 20:08:29+00,2026-07-08 23:08:29+00,AH729QW,19985.09,9,AUSA
pasadas_2026-07-15_5009A02037803.csv,2026-07-09,22:56:48,2026-07-09 22:56:48+00,2026-07-10 01:56:48+00,AG893YR,7918.73,9,AUSA
pasadas_2026-07-15_5009A02037803.csv,2026-07-11,12:18:27,2026-07-11 12:18:27+00,2026-07-11 15:18:27+00,AF436WI,13015.92,7,AUSA
pasadas_2026-07-15_5009A02037803.csv,2026-07-09,01:06:33,2026-07-09 01:06:33+00,2026-07-09 04:06:33+00,AG893YR,13015.92,9,AUSA
pasadas_2026-07-15_5009A02037803.csv,2026-07-14,02:34:42,2026-07-14 02:34:42+00,2026-07-14 05:34:42+00,AH185KI,7918.73,9,AUSA
pasadas_2026-07-15_5009A02037803.csv,2026-07-08,20:05:23,2026-07-08 20:05:23+00,2026-07-08 23:05:23+00,AG939HR,7918.73,9,AUSA
pasadas_2026-07-15_5009A02037803.csv,2026-07-13,11:02:21,2026-07-13 11:02:21+00,2026-07-13 14:02:21+00,AF202UU,19985.09,7,AUSA
pasadas_2026-07-15_5009A02037803.csv,2026-07-11,12:26:07,2026-07-11 12:26:07+00,2026-07-11 15:26:07+00,AF436WI,22247.33,7,AUSA
pasadas_2026-07-15_5009A02037803.csv,2026-07-12,21:33:01,2026-07-12 21:33:01+00,2026-07-13 00:33:01+00,AG893YR,13015.92,9,AUSA
pasadas_2026-07-15_5009A02037803.csv,2026-07-08,19:49:10,2026-07-08 19:49:10+00,2026-07-08 22:49:10+00,AG893YR,44494.48,9,AUSA
pasadas_2026-07-15_5009A02037803.csv,2026-07-08,22:59:58,2026-07-08 22:59:58+00,2026-07-09 01:59:58+00,AH351RT,7918.73,9,AUSA
pasadas_2026-07-15_5009A02037803.csv,2026-07-08,21:36:03,2026-07-08 21:36:03+00,2026-07-09 00:36:03+00,AH185KI,7918.73,9,AUSA
pasadas_2026-07-15_5009A02037803.csv,2026-07-14,12:27:46,2026-07-14 12:27:46+00,2026-07-14 15:27:46+00,AB456CU,19985.09,7,AUSA
pasadas_2026-07-15_5009A02037803.csv,2026-07-10,00:14:52,2026-07-10 00:14:52+00,2026-07-10 03:14:52+00,AG309CO,7918.73,9,AUSA
pasadas_2026-07-15_5009A02037803.csv,2026-07-12,21:26:12,2026-07-12 21:26:12+00,2026-07-13 00:26:12+00,AG893YR,7918.73,9,AUSA
pasadas_2026-07-15_5009A02037803.csv,2026-07-08,14:56:02,2026-07-08 14:56:02+00,2026-07-08 17:56:02+00,AH185KI,13015.92,9,AUSA
pasadas_2026-07-15_5009A02037803.csv,2026-07-09,17:03:58,2026-07-09 17:03:58+00,2026-07-09 20:03:58+00,AF202UU,13015.92,7,AUSA
pasadas_2026-07-15_5009A02037803.csv,2026-07-14,11:42:44,2026-07-14 11:42:44+00,2026-07-14 14:42:44+00,AF091AI,7918.73,9,AUSA
pasadas_2026-07-15_5009A02037803.csv,2026-07-13,13:41:33,2026-07-13 13:41:33+00,2026-07-13 16:41:33+00,AH033DL,7918.73,7,AUSA
pasadas_2026-07-15_5009A02037803.csv,2026-07-14,14:32:04,2026-07-14 14:32:04+00,2026-07-14 17:32:04+00,AD625QB,7918.73,7,AUSA
pasadas_2026-07-15_5009A02037803.csv,2026-07-11,12:23:00,2026-07-11 12:23:00+00,2026-07-11 15:23:00+00,AG309CO,22247.33,9,AUSA
pasadas_2026-07-15_5009A02037803.csv,2026-07-10,05:31:09,2026-07-10 05:31:09+00,2026-07-10 08:31:09+00,AF436WI,13015.92,7,AUSA
pasadas_2026-07-15_5009A02037803.csv,2026-07-13,11:59:31,2026-07-13 11:59:31+00,2026-07-13 14:59:31+00,AG916MK,19985.09,9,AUSA
pasadas_2026-07-15_5009A02037803.csv,2026-07-12,20:54:24,2026-07-12 20:54:24+00,2026-07-12 23:54:24+00,AG916MK,22247.33,9,AUSA
pasadas_2026-07-15_5009A02037803.csv,2026-07-08,06:29:50,2026-07-08 06:29:50+00,2026-07-08 09:29:50+00,OWG130,13015.92,7,AUSA
pasadas_2026-07-15_5009A02037803.csv,2026-07-14,14:39:18,2026-07-14 14:39:18+00,2026-07-14 17:39:18+00,AD625QB,13015.92,7,AUSA
pasadas_2026-07-15_5009A02037803.csv,2026-07-09,01:06:36,2026-07-09 01:06:36+00,2026-07-09 04:06:36+00,AH729QW,13015.92,9,AUSA
pasadas_2026-07-15_5009A02037803.csv,2026-07-10,13:47:28,2026-07-10 13:47:28+00,2026-07-10 16:47:28+00,AB456CP,44494.48,7,AUSA
pasadas_2026-07-15_5009A02037803.csv,2026-07-10,10:12:57,2026-07-10 10:12:57+00,2026-07-10 13:12:57+00,AE831SI,13015.92,9,AUSA
pasadas_2026-07-15_5009A02037803.csv,2026-07-08,06:02:29,2026-07-08 06:02:29+00,2026-07-08 09:02:29+00,AC264UA,19985.09,7,AUSA
pasadas_2026-07-15_5009A02037803.csv,2026-07-11,09:29:58,2026-07-11 09:29:58+00,2026-07-11 12:29:58+00,AG309CH,1885.23,2,AUSA
pasadas_2026-07-15_5009A02037803.csv,2026-07-09,08:43:57,2026-07-09 08:43:57+00,2026-07-09 11:43:57+00,AG309CO,13015.92,9,AUSA
pasadas_2026-07-15_5009A02037803.csv,2026-07-08,09:27:37,2026-07-08 09:27:37+00,2026-07-08 12:27:37+00,AG939HR,44494.48,9,AUSA
pasadas_2026-07-15_5009A02037803.csv,2026-07-13,00:24:37,2026-07-13 00:24:37+00,2026-07-13 03:24:37+00,AG939HR,13015.92,9,AUSA
pasadas_2026-07-15_5009A02037803.csv,2026-07-07,14:46:39,2026-07-07 14:46:39+00,2026-07-07 17:46:39+00,AH729QW,13015.92,9,AUSA
pasadas_2026-07-15_5009A02037803.csv,2026-07-13,02:24:05,2026-07-13 02:24:05+00,2026-07-13 05:24:05+00,AG309CO,19985.09,9,AUSA
pasadas_2026-07-15_5009A02037803.csv,2026-07-13,12:40:53,2026-07-13 12:40:53+00,2026-07-13 15:40:53+00,AB456CQ,19985.09,8,AUSA
pasadas_2026-07-15_5009A02037803.csv,2026-07-12,20:24:59,2026-07-12 20:24:59+00,2026-07-12 23:24:59+00,AF202UU,13015.92,7,AUSA
pasadas_2026-07-15_5009A02037803.csv,2026-07-11,20:15:46,2026-07-11 20:15:46+00,2026-07-11 23:15:46+00,AG309CH,10012.13,2,AUSA
pasadas_2026-07-15_5009A02037803.csv,2026-07-13,02:08:21,2026-07-13 02:08:21+00,2026-07-13 05:08:21+00,AG916MK,19985.09,9,AUSA
pasadas_2026-07-15_5009A02037803.csv,2026-07-14,15:24:09,2026-07-14 15:24:09+00,2026-07-14 18:24:09+00,AB151SM,19985.09,8,AUSA
pasadas_2026-07-15_5009A02037803.csv,2026-07-12,20:53:54,2026-07-12 20:53:54+00,2026-07-12 23:53:54+00,AG309CO,22247.33,9,AUSA
pasadas_2026-07-15_5009A02037803.csv,2026-07-11,20:54:36,2026-07-11 20:54:36+00,2026-07-11 23:54:36+00,AG309CH,1885.23,2,AUSA
pasadas_2026-07-15_5009A02037803.csv,2026-07-13,11:58:51,2026-07-13 11:58:51+00,2026-07-13 14:58:51+00,AG893YR,19985.09,9,AUSA
pasadas_2026-07-15_5009A02037803.csv,2026-07-14,02:17:23,2026-07-14 02:17:23+00,2026-07-14 05:17:23+00,AH185KI,19985.09,9,AUSA
pasadas_2026-07-15_5009A02037803.csv,2026-07-09,01:12:56,2026-07-09 01:12:56+00,2026-07-09 04:12:56+00,AG893YR,7918.73,9,AUSA
pasadas_2026-07-15_5009A02037803.csv,2026-07-13,02:07:57,2026-07-13 02:07:57+00,2026-07-13 05:07:57+00,AG893YR,19985.09,9,AUSA
pasadas_2026-07-15_5009A02037803.csv,2026-07-13,17:29:54,2026-07-13 17:29:54+00,2026-07-13 20:29:54+00,AF202UU,44494.48,7,AUSA
pasadas_2026-07-15_5009A02037803.csv,2026-07-12,21:00:48,2026-07-12 21:00:48+00,2026-07-13 00:00:48+00,AG309CO,13015.92,9,AUSA
pasadas_2026-07-15_5009A02037803.csv,2026-07-07,07:01:17,2026-07-07 07:01:17+00,2026-07-07 10:01:17+00,AB456CQ,13015.92,7,AUSA
pasadas_2026-07-15_5009A02037803.csv,2026-07-12,20:17:59,2026-07-12 20:17:59+00,2026-07-12 23:17:59+00,AF202UU,22247.33,7,AUSA
pasadas_2026-07-15_5009A02037803.csv,2026-07-09,17:11:19,2026-07-09 17:11:19+00,2026-07-09 20:11:19+00,AF202UU,7918.73,7,AUSA
pasadas_2026-07-15_5009A02037803.csv,2026-07-07,23:15:30,2026-07-07 23:15:30+00,2026-07-08 02:15:30+00,AH351RT,13015.92,7,AUSA
pasadas_2026-07-15_5009A02037803.csv,2026-07-08,22:52:51,2026-07-08 22:52:51+00,2026-07-09 01:52:51+00,AH351RT,13015.92,9,AUSA
pasadas_2026-07-15_5009A02037803.csv,2026-07-07,07:08:08,2026-07-07 07:08:08+00,2026-07-07 10:08:08+00,AB633TZ,13015.92,7,AUSA
pasadas_2026-07-15_5009A02037803.csv,2026-07-09,01:13:04,2026-07-09 01:13:04+00,2026-07-09 04:13:04+00,AH729QW,7918.73,9,AUSA
pasadas_2026-07-15_5009A02037803.csv,2026-07-14,12:19:58,2026-07-14 12:19:58+00,2026-07-14 15:19:58+00,AB456CP,7918.73,7,AUSA
pasadas_2026-07-15_5009A02037803.csv,2026-07-14,11:48:03,2026-07-14 11:48:03+00,2026-07-14 14:48:03+00,AH185KI,7918.73,9,AUSA
pasadas_2026-07-15_5009A02037803.csv,2026-07-10,02:02:13,2026-07-10 02:02:13+00,2026-07-10 05:02:13+00,AH351RT,7918.73,9,AUSA
pasadas_2026-07-15_5009A02037803.csv,2026-07-13,11:57:15,2026-07-13 11:57:15+00,2026-07-13 14:57:15+00,AB456CP,19985.09,7,AUSA
pasadas_2026-07-15_5009A02037803.csv,2026-07-13,13:33:11,2026-07-13 13:33:11+00,2026-07-13 16:33:11+00,AH033DL,13015.92,7,AUSA
pasadas_2026-07-15_5009A02037803.csv,2026-07-08,11:49:55,2026-07-08 11:49:55+00,2026-07-08 14:49:55+00,OWG130,13015.92,8,AUSA
pasadas_2026-07-15_5009A02037803.csv,2026-07-08,10:54:41,2026-07-08 10:54:41+00,2026-07-08 13:54:41+00,AB247VR,22247.33,7,AUSA
pasadas_2026-07-15_5009A02037803.csv,2026-07-13,18:35:17,2026-07-13 18:35:17+00,2026-07-13 21:35:17+00,AD625QA,44494.48,8,AUSA
pasadas_2026-07-15_5009A02037803.csv,2026-07-13,20:13:00,2026-07-13 20:13:00+00,2026-07-13 23:13:00+00,AB151SM,19985.09,8,AUSA
pasadas_2026-07-15_5009A02037803.csv,2026-07-10,12:45:31,2026-07-10 12:45:31+00,2026-07-10 15:45:31+00,AG939HR,44494.48,9,AUSA
pasadas_2026-07-15_5009A02037803.csv,2026-07-09,18:27:19,2026-07-09 18:27:19+00,2026-07-09 21:27:19+00,AG249HS,1885.23,2,AUSA
pasadas_2026-07-15_5009A02037803.csv,2026-07-14,11:50:14,2026-07-14 11:50:14+00,2026-07-14 14:50:14+00,AF091AI,13015.92,9,AUSA
pasadas_2026-07-15_5009A02037803.csv,2026-07-10,07:47:26,2026-07-10 07:47:26+00,2026-07-10 10:47:26+00,EXT374,13015.92,7,AUSA
pasadas_2026-07-15_5009A02037803.csv,2026-07-12,21:01:30,2026-07-12 21:01:30+00,2026-07-13 00:01:30+00,AG916MK,13015.92,9,AUSA
pasadas_2026-07-15_5009A02037803.csv,2026-07-14,16:55:09,2026-07-14 16:55:09+00,2026-07-14 19:55:09+00,AF091AI,44494.48,9,AUSA
pasadas_2026-07-15_5009A02037803.csv,2026-07-13,05:40:07,2026-07-13 05:40:07+00,2026-07-13 08:40:07+00,AH033DL,13015.92,7,AUSA
pasadas_2026-07-15_5009A02037803.csv,2026-07-09,23:04:20,2026-07-09 23:04:20+00,2026-07-10 02:04:20+00,AG893YR,13015.92,9,AUSA
pasadas_2026-07-15_5009A02037803.csv,2026-07-10,05:23:52,2026-07-10 05:23:52+00,2026-07-10 08:23:52+00,AF436WI,7918.73,7,AUSA
pasadas_2026-07-15_5009A02037803.csv,2026-07-11,12:16:22,2026-07-11 12:16:22+00,2026-07-11 15:16:22+00,AG309CO,13015.92,9,AUSA
pasadas_2026-07-15_5009A02037803.csv,2026-07-13,05:32:43,2026-07-13 05:32:43+00,2026-07-13 08:32:43+00,AH033DL,7918.73,7,AUSA
pasadas_2026-07-15_5009A02037803.csv,2026-07-08,06:23:17,2026-07-08 06:23:17+00,2026-07-08 09:23:17+00,OWG130,7918.73,7,AUSA
pasadas_2026-07-23_5009A02044703.csv,2026-07-20,06:54:48,2026-07-20 06:54:48+00,2026-07-20 09:54:48+00,AC295IE,13015.92,7,AUSA
pasadas_2026-07-23_5009A02044703.csv,2026-07-19,21:40:10,2026-07-19 21:40:10+00,2026-07-20 00:40:10+00,AG507DK,19985.09,9,AUSA
pasadas_2026-07-23_5009A02044703.csv,2026-07-16,13:13:06,2026-07-16 13:13:06+00,2026-07-16 16:13:06+00,AF436WI,19985.09,7,AUSA
pasadas_2026-07-23_5009A02044703.csv,2026-07-17,11:44:45,2026-07-17 11:44:45+00,2026-07-17 14:44:45+00,AG916MK,13015.92,9,AUSA
pasadas_2026-07-23_5009A02044703.csv,2026-07-17,00:59:35,2026-07-17 00:59:35+00,2026-07-17 03:59:35+00,AF740MG,1885.23,2,AUSA
pasadas_2026-07-23_5009A02044703.csv,2026-07-21,10:49:25,2026-07-21 10:49:25+00,2026-07-21 13:49:25+00,AE751PA,44494.48,9,AUSA
pasadas_2026-07-23_5009A02044703.csv,2026-07-21,21:29:55,2026-07-21 21:29:55+00,2026-07-22 00:29:55+00,AE751PA,13015.92,9,AUSA
pasadas_2026-07-23_5009A02044703.csv,2026-07-22,14:57:22,2026-07-22 14:57:22+00,2026-07-22 17:57:22+00,AC295IE,19985.09,7,AUSA
pasadas_2026-07-23_5009A02044703.csv,2026-07-17,11:38:59,2026-07-17 11:38:59+00,2026-07-17 14:38:59+00,AH185KI,13015.92,9,AUSA
pasadas_2026-07-23_5009A02044703.csv,2026-07-16,00:50:56,2026-07-16 00:50:56+00,2026-07-16 03:50:56+00,AH185KI,7918.73,9,AUSA
pasadas_2026-07-23_5009A02044703.csv,2026-07-21,04:43:30,2026-07-21 04:43:30+00,2026-07-21 07:43:30+00,AD625QB,13015.92,7,AUSA
pasadas_2026-07-23_5009A02044703.csv,2026-07-22,11:35:18,2026-07-22 11:35:18+00,2026-07-22 14:35:18+00,AG507DK,7918.73,9,AUSA
pasadas_2026-07-23_5009A02044703.csv,2026-07-17,12:33:26,2026-07-17 12:33:26+00,2026-07-17 15:33:26+00,AF436WI,7918.73,7,AUSA
pasadas_2026-07-23_5009A02044703.csv,2026-07-18,20:08:03,2026-07-18 20:08:03+00,2026-07-18 23:08:03+00,AG309CH,2665.99,2,AUSA
pasadas_2026-07-23_5009A02044703.csv,2026-07-20,10:38:11,2026-07-20 10:38:11+00,2026-07-20 13:38:11+00,AG507DK,13015.92,9,AUSA
pasadas_2026-07-23_5009A02044703.csv,2026-07-21,20:37:48,2026-07-21 20:37:48+00,2026-07-21 23:37:48+00,AG309CO,13015.92,9,AUSA
pasadas_2026-07-23_5009A02044703.csv,2026-07-17,12:23:11,2026-07-17 12:23:11+00,2026-07-17 15:23:11+00,AD625QA,7918.73,8,AUSA
pasadas_2026-07-23_5009A02044703.csv,2026-07-21,04:39:16,2026-07-21 04:39:16+00,2026-07-21 07:39:16+00,AC295IE,13015.92,7,AUSA
pasadas_2026-07-23_5009A02044703.csv,2026-07-15,05:33:49,2026-07-15 05:33:49+00,2026-07-15 08:33:49+00,AF436WI,19985.09,7,AUSA
pasadas_2026-07-23_5009A02044703.csv,2026-07-17,11:45:17,2026-07-17 11:45:17+00,2026-07-17 14:45:17+00,AG893YR,7918.73,9,AUSA
pasadas_2026-07-23_5009A02044703.csv,2026-07-18,04:08:15,2026-07-18 04:08:15+00,2026-07-18 07:08:15+00,AG916MK,7918.73,9,AUSA
pasadas_2026-07-23_5009A02044703.csv,2026-07-17,11:35:49,2026-07-17 11:35:49+00,2026-07-17 14:35:49+00,AF791ER,13015.92,9,AUSA
pasadas_2026-07-23_5009A02044703.csv,2026-07-17,10:32:11,2026-07-17 10:32:11+00,2026-07-17 13:32:11+00,AD625QA,13015.92,8,AUSA
pasadas_2026-07-23_5009A02044703.csv,2026-07-21,05:43:36,2026-07-21 05:43:36+00,2026-07-21 08:43:36+00,AF791ER,13015.92,7,AUSA
pasadas_2026-07-23_5009A02044703.csv,2026-07-16,13:10:58,2026-07-16 13:10:58+00,2026-07-16 16:10:58+00,AC264UA,19985.09,7,AUSA
pasadas_2026-07-23_5009A02044703.csv,2026-07-18,04:15:37,2026-07-18 04:15:37+00,2026-07-18 07:15:37+00,AG916MK,13015.92,9,AUSA
pasadas_2026-07-23_5009A02044703.csv,2026-07-20,06:47:51,2026-07-20 06:47:51+00,2026-07-20 09:47:51+00,AC295IE,7918.73,7,AUSA
pasadas_2026-07-23_5009A02044703.csv,2026-07-20,10:51:34,2026-07-20 10:51:34+00,2026-07-20 13:51:34+00,AF533SR,22247.33,9,AUSA
pasadas_2026-07-23_5009A02044703.csv,2026-07-17,11:48:31,2026-07-17 11:48:31+00,2026-07-17 14:48:31+00,AG507DK,7918.73,9,AUSA
pasadas_2026-07-23_5009A02044703.csv,2026-07-21,10:46:47,2026-07-21 10:46:47+00,2026-07-21 13:46:47+00,AC264UA,44494.48,7,AUSA
pasadas_2026-07-23_5009A02044703.csv,2026-07-22,01:11:42,2026-07-22 01:11:42+00,2026-07-22 04:11:42+00,AG309CO,19985.09,9,AUSA
pasadas_2026-07-23_5009A02044703.csv,2026-07-22,04:57:02,2026-07-22 04:57:02+00,2026-07-22 07:57:02+00,AH351RT,19985.09,9,AUSA
pasadas_2026-07-23_5009A02044703.csv,2026-07-16,11:07:41,2026-07-16 11:07:41+00,2026-07-16 14:07:41+00,AH033DL,13015.92,8,AUSA
pasadas_2026-07-23_5009A02044703.csv,2026-07-20,06:40:10,2026-07-20 06:40:10+00,2026-07-20 09:40:10+00,AB247VR,19985.09,7,AUSA
pasadas_2026-07-23_5009A02044703.csv,2026-07-20,10:38:02,2026-07-20 10:38:02+00,2026-07-20 13:38:02+00,AH729QW,13015.92,9,AUSA
pasadas_2026-07-23_5009A02044703.csv,2026-07-16,02:02:59,2026-07-16 02:02:59+00,2026-07-16 05:02:59+00,AE751PA,7918.73,9,AUSA
pasadas_2026-07-23_5009A02044703.csv,2026-07-15,16:06:32,2026-07-15 16:06:32+00,2026-07-15 19:06:32+00,AF202UU,44494.48,7,AUSA
pasadas_2026-07-23_5009A02044703.csv,2026-07-21,11:57:47,2026-07-21 11:57:47+00,2026-07-21 14:57:47+00,AB151SM,10012.13,4,AUSA
pasadas_2026-07-23_5009A02044703.csv,2026-07-20,14:53:37,2026-07-20 14:53:37+00,2026-07-20 17:53:37+00,AF533SR,13015.92,9,AUSA
pasadas_2026-07-23_5009A02044703.csv,2026-07-15,06:45:24,2026-07-15 06:45:24+00,2026-07-15 09:45:24+00,AB247VR,19985.09,7,AUSA
pasadas_2026-07-23_5009A02044703.csv,2026-07-21,15:48:53,2026-07-21 15:48:53+00,2026-07-21 18:48:53+00,AD625QB,19985.09,7,AUSA
pasadas_2026-07-23_5009A02044703.csv,2026-07-18,07:08:16,2026-07-18 07:08:16+00,2026-07-18 10:08:16+00,AF103ZL,7918.73,7,AUSA
pasadas_2026-07-23_5009A02044703.csv,2026-07-17,04:54:21,2026-07-17 04:54:21+00,2026-07-17 07:54:21+00,AF436WI,19985.09,7,AUSA
pasadas_2026-07-23_5009A02044703.csv,2026-07-20,10:44:39,2026-07-20 10:44:39+00,2026-07-20 13:44:39+00,AH729QW,22247.33,9,AUSA
pasadas_2026-07-23_5009A02044703.csv,2026-07-17,05:42:37,2026-07-17 05:42:37+00,2026-07-17 08:42:37+00,AF791ER,19985.09,7,AUSA
pasadas_2026-07-23_5009A02044703.csv,2026-07-16,20:51:14,2026-07-16 20:51:14+00,2026-07-16 23:51:14+00,AD985XP,7164.37,4,AUSA
pasadas_2026-07-23_5009A02044703.csv,2026-07-21,21:19:50,2026-07-21 21:19:50+00,2026-07-22 00:19:50+00,AE751PA,19985.09,9,AUSA
pasadas_2026-07-23_5009A02044703.csv,2026-07-14,15:58:52,2026-07-14 15:58:52+00,2026-07-14 18:58:52+00,AH185KI,13015.92,9,AUSA
pasadas_2026-07-23_5009A02044703.csv,2026-07-16,10:13:02,2026-07-16 10:13:02+00,2026-07-16 13:13:02+00,AE751PA,44494.48,9,AUSA
pasadas_2026-07-23_5009A02044703.csv,2026-07-15,03:33:42,2026-07-15 03:33:42+00,2026-07-15 06:33:42+00,AH351RT,19985.09,9,AUSA
pasadas_2026-07-23_5009A02044703.csv,2026-07-15,06:56:45,2026-07-15 06:56:45+00,2026-07-15 09:56:45+00,AB247VR,13015.92,7,AUSA
pasadas_2026-07-23_5009A02044703.csv,2026-07-20,14:46:42,2026-07-20 14:46:42+00,2026-07-20 17:46:42+00,AF533SR,7918.73,9,AUSA
pasadas_2026-07-23_5009A02044703.csv,2026-07-20,16:31:02,2026-07-20 16:31:02+00,2026-07-20 19:31:02+00,AH185KI,22247.33,9,AUSA
pasadas_2026-07-23_5009A02044703.csv,2026-07-20,11:23:07,2026-07-20 11:23:07+00,2026-07-20 14:23:07+00,AG916MK,7918.73,9,AUSA
pasadas_2026-07-23_5009A02044703.csv,2026-07-20,15:04:17,2026-07-20 15:04:17+00,2026-07-20 18:04:17+00,AF533SR,19985.09,9,AUSA
pasadas_2026-07-23_5009A02044703.csv,2026-07-18,06:50:53,2026-07-18 06:50:53+00,2026-07-18 09:50:53+00,AF103ZL,19985.09,7,AUSA
pasadas_2026-07-23_5009A02044703.csv,2026-07-16,12:03:33,2026-07-16 12:03:33+00,2026-07-16 15:03:33+00,AF791ER,13015.92,7,AUSA
pasadas_2026-07-23_5009A02044703.csv,2026-07-15,15:18:07,2026-07-15 15:18:07+00,2026-07-15 18:18:07+00,AB456CU,19985.09,7,AUSA
pasadas_2026-07-23_5009A02044703.csv,2026-07-22,23:19:07,2026-07-22 23:19:07+00,2026-07-23 02:19:07+00,AH543IQ,19985.09,9,AUSA
pasadas_2026-07-23_5009A02044703.csv,2026-07-16,17:48:19,2026-07-16 17:48:19+00,2026-07-16 20:48:19+00,AH185KI,44494.48,9,AUSA
pasadas_2026-07-23_5009A02044703.csv,2026-07-21,23:52:18,2026-07-21 23:52:18+00,2026-07-22 02:52:18+00,AG893YR,13015.92,9,AUSA
pasadas_2026-07-23_5009A02044703.csv,2026-07-15,20:06:18,2026-07-15 20:06:18+00,2026-07-15 23:06:18+00,AG507DK,13015.92,9,AUSA
pasadas_2026-07-23_5009A02044703.csv,2026-07-16,12:19:49,2026-07-16 12:19:49+00,2026-07-16 15:19:49+00,AE469PH,7918.73,8,AUSA
pasadas_2026-07-23_5009A02044703.csv,2026-07-21,12:54:07,2026-07-21 12:54:07+00,2026-07-21 15:54:07+00,AF791ER,13015.92,9,AUSA
pasadas_2026-07-23_5009A02044703.csv,2026-07-17,10:25:16,2026-07-17 10:25:16+00,2026-07-17 13:25:16+00,AD625QA,22247.33,8,AUSA
pasadas_2026-07-23_5009A02044703.csv,2026-07-22,13:49:56,2026-07-22 13:49:56+00,2026-07-22 16:49:56+00,AD625QB,19985.09,7,AUSA
pasadas_2026-07-23_5009A02044703.csv,2026-07-16,13:19:25,2026-07-16 13:19:25+00,2026-07-16 16:19:25+00,AE952TH,7918.73,9,AUSA
pasadas_2026-07-23_5009A02044703.csv,2026-07-17,12:25:39,2026-07-17 12:25:39+00,2026-07-17 15:25:39+00,OWG130,19985.09,7,AUSA
pasadas_2026-07-23_5009A02044703.csv,2026-07-22,16:11:51,2026-07-22 16:11:51+00,2026-07-22 19:11:51+00,AG309CO,22247.33,9,AUSA
pasadas_2026-07-23_5009A02044703.csv,2026-07-21,17:10:25,2026-07-21 17:10:25+00,2026-07-21 20:10:25+00,AG507DK,13015.92,9,AUSA
pasadas_2026-07-23_5009A02044703.csv,2026-07-21,12:47:38,2026-07-21 12:47:38+00,2026-07-21 15:47:38+00,AF791ER,7918.73,7,AUSA
pasadas_2026-07-23_5009A02044703.csv,2026-07-21,06:37:09,2026-07-21 06:37:09+00,2026-07-21 09:37:09+00,AB151SM,19985.09,8,AUSA
pasadas_2026-07-23_5009A02044703.csv,2026-07-20,19:05:32,2026-07-20 19:05:32+00,2026-07-20 22:05:32+00,AG893YR,44494.48,9,AUSA
pasadas_2026-07-23_5009A02044703.csv,2026-07-16,14:40:43,2026-07-16 14:40:43+00,2026-07-16 17:40:43+00,AD985XP,7164.37,4,AUSA
pasadas_2026-07-23_5009A02044703.csv,2026-07-16,06:46:45,2026-07-16 06:46:45+00,2026-07-16 09:46:45+00,AB247VR,19985.09,7,AUSA
pasadas_2026-07-23_5009A02044703.csv,2026-07-14,12:12:18,2026-07-14 12:12:18+00,2026-07-14 15:12:18+00,AB456CP,13015.92,7,AUSA
pasadas_2026-07-23_5009A02044703.csv,2026-07-21,20:45:49,2026-07-21 20:45:49+00,2026-07-21 23:45:49+00,AG916MK,13015.92,9,AUSA
pasadas_2026-07-23_5009A02044703.csv,2026-07-21,05:43:46,2026-07-21 05:43:46+00,2026-07-21 08:43:46+00,AG507DK,11013.44,5,AUSA
pasadas_2026-07-23_5009A02044703.csv,2026-07-21,12:48:54,2026-07-21 12:48:54+00,2026-07-21 15:48:54+00,AG507DK,7918.73,9,AUSA
pasadas_2026-07-23_5009A02044703.csv,2026-07-22,20:38:08,2026-07-22 20:38:08+00,2026-07-22 23:38:08+00,AG507DK,19985.09,9,AUSA
pasadas_2026-07-23_5009A02044703.csv,2026-07-20,12:34:41,2026-07-20 12:34:41+00,2026-07-20 15:34:41+00,AF436WI,13015.92,9,AUSA
pasadas_2026-07-23_5009A02044703.csv,2026-07-21,21:36:48,2026-07-21 21:36:48+00,2026-07-22 00:36:48+00,AE751PA,7918.73,9,AUSA
pasadas_2026-07-23_5009A02044703.csv,2026-07-22,16:04:02,2026-07-22 16:04:02+00,2026-07-22 19:04:02+00,AG309CO,13015.92,9,AUSA
pasadas_2026-07-23_5009A02044703.csv,2026-07-16,11:34:17,2026-07-16 11:34:17+00,2026-07-16 14:34:17+00,AG507DK,19985.09,9,AUSA
pasadas_2026-07-23_5009A02044703.csv,2026-07-15,04:39:15,2026-07-15 04:39:15+00,2026-07-15 07:39:15+00,AE469PH,7918.73,8,AUSA
pasadas_2026-07-23_5009A02044703.csv,2026-07-16,10:59:47,2026-07-16 10:59:47+00,2026-07-16 13:59:47+00,AH033DL,22247.33,7,AUSA
pasadas_2026-07-23_5009A02044703.csv,2026-07-20,06:51:13,2026-07-20 06:51:13+00,2026-07-20 09:51:13+00,AB247VR,13015.92,7,AUSA
pasadas_2026-07-23_5009A02044703.csv,2026-07-20,06:58:38,2026-07-20 06:58:38+00,2026-07-20 09:58:38+00,AB247VR,7918.73,7,AUSA
pasadas_2026-07-23_5009A02044703.csv,2026-07-20,00:35:09,2026-07-20 00:35:09+00,2026-07-20 03:35:09+00,AG893YR,7918.73,9,AUSA
pasadas_2026-07-23_5009A02044703.csv,2026-07-22,20:38:01,2026-07-22 20:38:01+00,2026-07-22 23:38:01+00,AH543IQ,19985.09,9,AUSA
pasadas_2026-07-23_5009A02044703.csv,2026-07-21,05:50:57,2026-07-21 05:50:57+00,2026-07-21 08:50:57+00,AF791ER,7918.73,7,AUSA
pasadas_2026-07-23_5009A02044703.csv,2026-07-15,04:49:37,2026-07-15 04:49:37+00,2026-07-15 07:49:37+00,AD625QA,13015.92,8,AUSA
pasadas_2026-07-23_5009A02044703.csv,2026-07-16,02:09:46,2026-07-16 02:09:46+00,2026-07-16 05:09:46+00,AE751PA,13015.92,8,AUSA
pasadas_2026-07-23_5009A02044703.csv,2026-07-21,05:33:05,2026-07-21 05:33:05+00,2026-07-21 08:33:05+00,AG507DK,19985.09,9,AUSA
pasadas_2026-07-23_5009A02044703.csv,2026-07-20,12:56:29,2026-07-20 12:56:29+00,2026-07-20 15:56:29+00,AG249HS,1885.23,2,AUSA
pasadas_2026-07-23_5009A02044703.csv,2026-07-15,04:08:10,2026-07-15 04:08:10+00,2026-07-15 07:08:10+00,AG916MK,19985.09,9,AUSA
pasadas_2026-07-23_5009A02044703.csv,2026-07-17,11:51:41,2026-07-17 11:51:41+00,2026-07-17 14:51:41+00,AG916MK,7918.73,9,AUSA
pasadas_2026-07-23_5009A02044703.csv,2026-07-17,04:55:22,2026-07-17 04:55:22+00,2026-07-17 07:55:22+00,AG893YR,19985.09,9,AUSA
pasadas_2026-07-23_5009A02044703.csv,2026-07-22,11:14:09,2026-07-22 11:14:09+00,2026-07-22 14:14:09+00,AF436WI,13015.92,7,AUSA
pasadas_2026-07-23_5009A02044703.csv,2026-07-16,13:26:07,2026-07-16 13:26:07+00,2026-07-16 16:26:07+00,AE952TH,13015.92,9,AUSA
pasadas_2026-07-23_5009A02044703.csv,2026-07-21,20:30:41,2026-07-21 20:30:41+00,2026-07-21 23:30:41+00,AG309CO,7918.73,9,AUSA
pasadas_2026-07-23_5009A02044703.csv,2026-07-20,11:30:34,2026-07-20 11:30:34+00,2026-07-20 14:30:34+00,AH185KI,19985.09,9,AUSA
pasadas_2026-07-23_5009A02044703.csv,2026-07-20,23:55:59,2026-07-20 23:55:59+00,2026-07-21 02:55:59+00,AF231PZ,19985.09,8,AUSA
pasadas_2026-07-23_5009A02044703.csv,2026-07-22,05:06:33,2026-07-22 05:06:33+00,2026-07-22 08:06:33+00,AH351RT,13015.92,9,AUSA
pasadas_2026-07-23_5009A02044703.csv,2026-07-20,11:24:34,2026-07-20 11:24:34+00,2026-07-20 14:24:34+00,AB456CQ,7918.73,7,AUSA
pasadas_2026-07-23_5009A02044703.csv,2026-07-22,10:21:23,2026-07-22 10:21:23+00,2026-07-22 13:21:23+00,AG939HR,44494.48,9,AUSA
pasadas_2026-07-23_5009A02044703.csv,2026-07-17,12:16:16,2026-07-17 12:16:16+00,2026-07-17 15:16:16+00,AD625QA,13015.92,8,AUSA
pasadas_2026-07-23_5009A02044703.csv,2026-07-20,07:49:28,2026-07-20 07:49:28+00,2026-07-20 10:49:28+00,AE908YR,2665.99,2,AUSA
pasadas_2026-07-23_5009A02044703.csv,2026-07-16,11:15:28,2026-07-16 11:15:28+00,2026-07-16 14:15:28+00,AG916MK,19985.09,9,AUSA
pasadas_2026-07-23_5009A02044703.csv,2026-07-16,12:15:20,2026-07-16 12:15:20+00,2026-07-16 15:15:20+00,AF791ER,19985.09,7,AUSA
pasadas_2026-07-23_5009A02044703.csv,2026-07-21,23:45:04,2026-07-21 23:45:04+00,2026-07-22 02:45:04+00,AG893YR,7918.73,9,AUSA
pasadas_2026-07-23_5009A02044703.csv,2026-07-18,01:04:10,2026-07-18 01:04:10+00,2026-07-18 04:04:10+00,AH543IQ,19985.09,9,AUSA
pasadas_2026-07-23_5009A02044703.csv,2026-07-18,07:01:17,2026-07-18 07:01:17+00,2026-07-18 10:01:17+00,AF103ZL,13015.92,7,AUSA
pasadas_2026-07-23_5009A02044703.csv,2026-07-17,11:43:13,2026-07-17 11:43:13+00,2026-07-17 14:43:13+00,AF791ER,7918.73,7,AUSA
pasadas_2026-07-23_5009A02044703.csv,2026-07-22,11:42:52,2026-07-22 11:42:52+00,2026-07-22 14:42:52+00,AG507DK,13015.92,9,AUSA
pasadas_2026-07-23_5009A02044703.csv,2026-07-20,11:16:13,2026-07-20 11:16:13+00,2026-07-20 14:16:13+00,AG916MK,13015.92,9,AUSA
pasadas_2026-07-23_5009A02044703.csv,2026-07-16,17:01:22,2026-07-16 17:01:22+00,2026-07-16 20:01:22+00,AC295IE,22247.33,7,AUSA
pasadas_2026-07-23_5009A02044703.csv,2026-07-22,23:51:48,2026-07-22 23:51:48+00,2026-07-23 02:51:48+00,AG507DK,19985.09,9,AUSA
pasadas_2026-07-23_5009A02044703.csv,2026-07-21,17:00:03,2026-07-21 17:00:03+00,2026-07-21 20:00:03+00,AG507DK,13015.92,7,AUSA
pasadas_2026-07-23_5009A02044703.csv,2026-07-15,03:56:42,2026-07-15 03:56:42+00,2026-07-15 06:56:42+00,AG916MK,13015.92,8,AUSA
pasadas_2026-07-23_5009A02044703.csv,2026-07-16,11:22:40,2026-07-16 11:22:40+00,2026-07-16 14:22:40+00,AB247VR,19985.09,7,AUSA
pasadas_2026-07-23_5009A02044703.csv,2026-07-20,10:22:25,2026-07-20 10:22:25+00,2026-07-20 13:22:25+00,AF436WI,44494.48,7,AUSA
pasadas_2026-07-23_5009A02044703.csv,2026-07-17,10:27:42,2026-07-17 10:27:42+00,2026-07-17 13:27:42+00,AE952TH,44494.48,9,AUSA
pasadas_2026-07-23_5009A02044703.csv,2026-07-21,17:09:55,2026-07-21 17:09:55+00,2026-07-21 20:09:55+00,AF791ER,13015.92,7,AUSA
pasadas_2026-07-23_5009A02044703.csv,2026-07-21,04:49:57,2026-07-21 04:49:57+00,2026-07-21 07:49:57+00,AD625QB,7918.73,7,AUSA
pasadas_2026-07-23_5009A02044703.csv,2026-07-21,12:55:38,2026-07-21 12:55:38+00,2026-07-21 15:55:38+00,AG507DK,13015.92,9,AUSA
pasadas_2026-07-23_5009A02044703.csv,2026-07-16,20:30:11,2026-07-16 20:30:11+00,2026-07-16 23:30:11+00,AG916MK,19985.09,9,AUSA
pasadas_2026-07-23_5009A02044703.csv,2026-07-16,12:12:48,2026-07-16 12:12:48+00,2026-07-16 15:12:48+00,AE469PH,13015.92,8,AUSA
pasadas_2026-07-23_5009A02044703.csv,2026-07-15,03:49:38,2026-07-15 03:49:38+00,2026-07-15 06:49:38+00,AG916MK,7918.73,9,AUSA
pasadas_2026-07-23_5009A02044703.csv,2026-07-15,03:23:05,2026-07-15 03:23:05+00,2026-07-15 06:23:05+00,AH351RT,13015.92,8,AUSA
pasadas_2026-07-23_5009A02044703.csv,2026-07-16,11:19:37,2026-07-16 11:19:37+00,2026-07-16 14:19:37+00,AH033DL,19985.09,7,AUSA
pasadas_2026-07-23_5009A02044703.csv,2026-07-20,06:49:15,2026-07-20 06:49:15+00,2026-07-20 09:49:15+00,AB633TZ,19985.09,7,AUSA
pasadas_2026-07-23_5009A02044703.csv,2026-07-18,20:39:28,2026-07-18 20:39:28+00,2026-07-18 23:39:28+00,AG309CH,10012.13,2,AUSA
pasadas_2026-07-23_5009A02044703.csv,2026-07-16,16:51:27,2026-07-16 16:51:27+00,2026-07-16 19:51:27+00,AC295IE,13015.92,7,AUSA
pasadas_2026-07-23_5009A02044703.csv,2026-07-22,04:54:24,2026-07-22 04:54:24+00,2026-07-22 07:54:24+00,AF436WI,19985.09,7,AUSA
pasadas_2026-07-23_5009A02044703.csv,2026-07-21,15:04:34,2026-07-21 15:04:34+00,2026-07-21 18:04:34+00,AH185KI,19985.09,9,AUSA
pasadas_2026-07-23_5009A02044703.csv,2026-07-18,20:46:04,2026-07-18 20:46:04+00,2026-07-18 23:46:04+00,AG309CH,1885.23,2,AUSA
pasadas_2026-07-23_5009A02044703.csv,2026-07-21,21:21:45,2026-07-21 21:21:45+00,2026-07-22 00:21:45+00,AG939HR,19985.09,9,AUSA
pasadas_2026-07-23_5009A02044703.csv,2026-07-22,21:24:42,2026-07-22 21:24:42+00,2026-07-23 00:24:42+00,AF202UU,19985.09,7,AUSA
pasadas_2026-07-23_5009A02044703.csv,2026-07-22,14:06:14,2026-07-22 14:06:14+00,2026-07-22 17:06:14+00,AB456CQ,7918.73,8,AUSA
pasadas_2026-07-23_5009A02044703.csv,2026-07-16,14:41:49,2026-07-16 14:41:49+00,2026-07-16 17:41:49+00,AB633TZ,19985.09,7,AUSA
pasadas_2026-07-23_5009A02044703.csv,2026-07-15,18:16:21,2026-07-15 18:16:21+00,2026-07-15 21:16:21+00,AG916MK,44494.48,9,AUSA
pasadas_2026-07-23_5009A02044703.csv,2026-07-17,11:40:56,2026-07-17 11:40:56+00,2026-07-17 14:40:56+00,AG507DK,13015.92,7,AUSA
pasadas_2026-07-23_5009A02044703.csv,2026-07-14,11:55:03,2026-07-14 11:55:03+00,2026-07-14 14:55:03+00,AH185KI,13015.92,9,AUSA
pasadas_2026-07-23_5009A02044703.csv,2026-07-21,17:17:57,2026-07-21 17:17:57+00,2026-07-21 20:17:57+00,AG507DK,22247.33,9,AUSA
pasadas_2026-07-23_5009A02044703.csv,2026-07-20,00:42:18,2026-07-20 00:42:18+00,2026-07-20 03:42:18+00,AG893YR,13015.92,9,AUSA
pasadas_2026-07-23_5009A02044703.csv,2026-07-21,04:28:03,2026-07-21 04:28:03+00,2026-07-21 07:28:03+00,AC295IE,19985.09,7,AUSA
pasadas_2026-07-23_5009A02044703.csv,2026-07-22,11:29:54,2026-07-22 11:29:54+00,2026-07-22 14:29:54+00,AG309CO,19985.09,9,AUSA
pasadas_2026-07-23_5009A02044703.csv,2026-07-17,11:45:53,2026-07-17 11:45:53+00,2026-07-17 14:45:53+00,AH185KI,7918.73,9,AUSA
pasadas_2026-07-23_5009A02044703.csv,2026-07-22,23:51:48,2026-07-22 23:51:48+00,2026-07-23 02:51:48+00,AG916MK,19985.09,9,AUSA
pasadas_2026-07-23_5009A02044703.csv,2026-07-15,05:21:57,2026-07-15 05:21:57+00,2026-07-15 08:21:57+00,AF436WI,13015.92,7,AUSA
pasadas_2026-07-23_5009A02044703.csv,2026-07-22,23:33:15,2026-07-22 23:33:15+00,2026-07-23 02:33:15+00,AG916MK,7918.73,9,AUSA
pasadas_2026-07-23_5009A02044703.csv,2026-07-16,20:49:10,2026-07-16 20:49:10+00,2026-07-16 23:49:10+00,AG507DK,19985.09,9,AUSA
pasadas_2026-07-23_5009A02044703.csv,2026-07-21,05:51:03,2026-07-21 05:51:03+00,2026-07-21 08:51:03+00,AG507DK,7918.73,9,AUSA
pasadas_2026-07-23_5009A02044703.csv,2026-07-18,04:30:45,2026-07-18 04:30:45+00,2026-07-18 07:30:45+00,AG533MF,1885.23,2,AUSA
pasadas_2026-07-23_5009A02044703.csv,2026-07-14,01:18:58,2026-07-14 01:18:58+00,2026-07-14 04:18:58+00,AH351RT,13015.92,9,AUSA
pasadas_2026-07-23_5009A02044703.csv,2026-07-21,04:35:02,2026-07-21 04:35:02+00,2026-07-21 07:35:02+00,AD625QB,19985.09,7,AUSA
pasadas_2026-07-23_5009A02044703.csv,2026-07-21,20:34:24,2026-07-21 20:34:24+00,2026-07-21 23:34:24+00,AG916MK,19985.09,9,AUSA
pasadas_2026-07-23_5009A02044703.csv,2026-07-14,14:50:02,2026-07-14 14:50:02+00,2026-07-14 17:50:02+00,AB151SM,13015.92,8,AUSA
pasadas_2026-07-23_5009A02044703.csv,2026-07-21,05:32:59,2026-07-21 05:32:59+00,2026-07-21 08:32:59+00,AF791ER,19985.09,7,AUSA
pasadas_2026-07-23_5009A02044703.csv,2026-07-21,14:47:25,2026-07-21 14:47:25+00,2026-07-21 17:47:25+00,AG939HR,7918.73,9,AUSA
pasadas_2026-07-23_5009A02044703.csv,2026-07-15,07:03:39,2026-07-15 07:03:39+00,2026-07-15 10:03:39+00,AB247VR,22247.33,7,AUSA
pasadas_2026-07-23_5009A02044703.csv,2026-07-16,00:58:04,2026-07-16 00:58:04+00,2026-07-16 03:58:04+00,AH185KI,13015.92,8,AUSA
pasadas_2026-07-23_5009A02044703.csv,2026-07-15,19:58:51,2026-07-15 19:58:51+00,2026-07-15 22:58:51+00,AG507DK,22247.33,9,AUSA
pasadas_2026-07-23_5009A02044703.csv,2026-07-21,12:05:22,2026-07-21 12:05:22+00,2026-07-21 15:05:22+00,AB151SM,7918.73,8,AUSA
pasadas_2026-07-23_5009A02044703.csv,2026-07-22,10:49:27,2026-07-22 10:49:27+00,2026-07-22 13:49:27+00,AH543IQ,22247.33,9,AUSA
pasadas_2026-07-23_5009A02044703.csv,2026-07-21,00:06:12,2026-07-21 00:06:12+00,2026-07-21 03:06:12+00,AF231PZ,13015.92,8,AUSA
pasadas_2026-07-23_5009A02044703.csv,2026-07-20,07:01:56,2026-07-20 07:01:56+00,2026-07-20 10:01:56+00,AB633TZ,13015.92,7,AUSA
pasadas_2026-07-23_5009A02044703.csv,2026-07-17,11:38:32,2026-07-17 11:38:32+00,2026-07-17 14:38:32+00,AG893YR,13015.92,9,AUSA
pasadas_2026-07-23_5009A02044703.csv,2026-07-16,19:49:41,2026-07-16 19:49:41+00,2026-07-16 22:49:41+00,AF740MG,2665.99,2,AUSA
pasadas_2026-07-23_5009A02044703.csv,2026-07-20,04:21:05,2026-07-20 04:21:05+00,2026-07-20 07:21:05+00,AH729QW,19985.09,9,AUSA
pasadas_2026-07-23_5009A02044703.csv,2026-07-15,03:15:15,2026-07-15 03:15:15+00,2026-07-15 06:15:15+00,AH351RT,7918.73,9,AUSA
pasadas_2026-07-23_5009A02044703.csv,2026-07-15,04:42:24,2026-07-15 04:42:24+00,2026-07-15 07:42:24+00,AD625QA,7918.73,8,AUSA
pasadas_2026-07-23_5009A02044703.csv,2026-07-15,05:14:07,2026-07-15 05:14:07+00,2026-07-15 08:14:07+00,AF436WI,7918.73,7,AUSA
pasadas_2026-07-23_5009A02044703.csv,2026-07-14,15:06:25,2026-07-14 15:06:25+00,2026-07-14 18:06:25+00,AB151SM,13015.92,8,AUSA
pasadas_2026-07-23_5009A02044703.csv,2026-07-20,17:33:47,2026-07-20 17:33:47+00,2026-07-20 20:33:47+00,AG893YR,44494.48,9,AUSA
pasadas_2026-07-23_5009A02044703.csv,2026-07-20,20:18:25,2026-07-20 20:18:25+00,2026-07-20 23:18:25+00,AD239PP,19985.09,7,AUSA
pasadas_2026-07-23_5009A02044703.csv,2026-07-20,07:10:52,2026-07-20 07:10:52+00,2026-07-20 10:10:52+00,AB633TZ,22247.33,7,AUSA
pasadas_2026-07-23_5009A02044703.csv,2026-07-22,11:21:53,2026-07-22 11:21:53+00,2026-07-22 14:21:53+00,AF436WI,7918.73,7,AUSA
pasadas_2026-07-23_5009A02044703.csv,2026-07-18,11:16:20,2026-07-18 11:16:20+00,2026-07-18 14:16:20+00,AG507DK,13015.92,9,AUSA
pasadas_2026-07-23_5009A02044703.csv,2026-07-20,15:28:18,2026-07-20 15:28:18+00,2026-07-20 18:28:18+00,AH543IQ,19985.09,9,AUSA
pasadas_2026-07-23_5009A02044703.csv,2026-07-22,05:13:24,2026-07-22 05:13:24+00,2026-07-22 08:13:24+00,AH351RT,7918.73,9,AUSA
pasadas_2026-07-23_5009A02044703.csv,2026-07-20,11:16:34,2026-07-20 11:16:34+00,2026-07-20 14:16:34+00,AG249HS,1885.23,2,AUSA
pasadas_2026-07-23_5009A02044703.csv,2026-07-16,11:35:25,2026-07-16 11:35:25+00,2026-07-16 14:35:25+00,AC295IE,19985.09,7,AUSA
pasadas_2026-07-23_5009A02044703.csv,2026-07-20,15:04:37,2026-07-20 15:04:37+00,2026-07-20 18:04:37+00,AB456CQ,7918.73,7,AUSA
pasadas_2026-07-23_5009A02044703.csv,2026-07-17,05:35:27,2026-07-17 05:35:27+00,2026-07-17 08:35:27+00,AH185KI,19985.09,9,AUSA
pasadas_2026-07-23_5009A02044703.csv,2026-07-18,21:32:00,2026-07-18 21:32:00+00,2026-07-19 00:32:00+00,AG916MK,19985.09,9,AUSA
pasadas_2026-07-23_5009A02044703.csv,2026-07-21,17:16:57,2026-07-21 17:16:57+00,2026-07-21 20:16:57+00,AF791ER,22247.33,7,AUSA
pasadas_2026-07-23_5009A02044703.csv,2026-07-15,04:47:08,2026-07-15 04:47:08+00,2026-07-15 07:47:08+00,AE469PH,13015.92,8,AUSA
pasadas_2026-07-23_5009A02044703.csv,2026-07-21,04:47:15,2026-07-21 04:47:15+00,2026-07-21 07:47:15+00,AC295IE,7918.73,7,AUSA
pasadas_2026-07-23_5009A02044703.csv,2026-07-20,10:45:52,2026-07-20 10:45:52+00,2026-07-20 13:45:52+00,AG507DK,22247.33,9,AUSA
pasadas_2026-07-23_5009A02044703.csv,2026-07-21,20:53:20,2026-07-21 20:53:20+00,2026-07-21 23:53:20+00,AG916MK,7918.73,9,AUSA
pasadas_2026-07-23_5009A02044703.csv,2026-07-20,12:41:57,2026-07-20 12:41:57+00,2026-07-20 15:41:57+00,AF436WI,7918.73,7,AUSA
pasadas_2026-07-23_5009A02044703.csv,2026-07-18,05:22:58,2026-07-18 05:22:58+00,2026-07-18 08:22:58+00,AG533MF,1885.23,2,AUSA
pasadas_2026-07-23_5009A02044703.csv,2026-07-18,11:08:59,2026-07-18 11:08:59+00,2026-07-18 14:08:59+00,AG507DK,7918.73,9,AUSA
pasadas_2026-07-23_5009A02044703.csv,2026-07-20,11:31:35,2026-07-20 11:31:35+00,2026-07-20 14:31:35+00,AB456CQ,13015.92,7,AUSA
pasadas_2026-07-23_5009A02044703.csv,2026-07-21,14:58:02,2026-07-21 14:58:02+00,2026-07-21 17:58:02+00,AD239PP,19985.09,7,AUSA
pasadas_2026-07-23_5009A02044703.csv,2026-07-16,11:56:29,2026-07-16 11:56:29+00,2026-07-16 14:56:29+00,AF791ER,7918.73,9,AUSA
pasadas_2026-07-23_5009A02044703.csv,2026-07-20,01:00:32,2026-07-20 01:00:32+00,2026-07-20 04:00:32+00,AG916MK,19985.09,9,AUSA
pasadas_2026-07-23_5009A02044703.csv,2026-07-21,00:13:04,2026-07-21 00:13:04+00,2026-07-21 03:13:04+00,AF231PZ,7918.73,8,AUSA
pasadas_2026-07-23_5009A02044703.csv,2026-07-22,06:53:28,2026-07-22 06:53:28+00,2026-07-22 09:53:28+00,AF389UV,19985.09,9,AUSA
pasadas_2026-07-23_5009A02044703.csv,2026-07-17,12:25:45,2026-07-17 12:25:45+00,2026-07-17 15:25:45+00,AF436WI,13015.92,7,AUSA
pasadas_2026-07-23_5009A02044703.csv,2026-07-21,14:54:30,2026-07-21 14:54:30+00,2026-07-21 17:54:30+00,AG939HR,13015.92,9,AUSA
pasadas_2026-07-29_5009A02052902.csv,2026-07-21,21:29:24,2026-07-21 21:29:24+00,2026-07-22 00:29:24+00,AF993HA,13015.92,9,AUSA
pasadas_2026-07-29_5009A02052902.csv,2026-07-16,10:44:18,2026-07-16 10:44:18+00,2026-07-16 13:44:18+00,AI042WD,44494.48,7,AUSA
pasadas_2026-07-29_5009A02052902.csv,2026-07-23,01:32:49,2026-07-23 01:32:49+00,2026-07-23 04:32:49+00,AI348TS,1885.23,2,AUSA
pasadas_2026-07-29_5009A02052902.csv,2026-07-27,13:06:45,2026-07-27 13:06:45+00,2026-07-27 16:06:45+00,AF993HA,7918.73,9,AUSA
pasadas_2026-07-29_5009A02052902.csv,2026-07-26,14:45:31,2026-07-26 14:45:31+00,2026-07-26 17:45:31+00,AF993HA,13015.92,9,AUSA
pasadas_2026-07-29_5009A02052902.csv,2026-07-16,12:23:43,2026-07-16 12:23:43+00,2026-07-16 15:23:43+00,AI348TS,1885.23,2,AUSA
pasadas_2026-07-29_5009A02052902.csv,2026-07-25,15:59:16,2026-07-25 15:59:16+00,2026-07-25 18:59:16+00,AF993HA,13015.92,9,AUSA
pasadas_2026-07-29_5009A02052902.csv,2026-07-22,14:12:38,2026-07-22 14:12:38+00,2026-07-22 17:12:38+00,AI348TS,4525.01,2,AUSA
pasadas_2026-07-29_5009A02052902.csv,2026-07-22,20:40:39,2026-07-22 20:40:39+00,2026-07-22 23:40:39+00,AF993HA,13015.92,9,AUSA
pasadas_2026-07-29_5009A02052902.csv,2026-07-16,19:02:15,2026-07-16 19:02:15+00,2026-07-16 22:02:15+00,AI348TS,6412.68,2,AUSA
pasadas_2026-07-29_5009A02052902.csv,2026-07-23,09:35:16,2026-07-23 09:35:16+00,2026-07-23 12:35:16+00,AF993HA,44494.48,9,AUSA
pasadas_2026-07-29_5009A02052902.csv,2026-07-17,06:40:43,2026-07-17 06:40:43+00,2026-07-17 09:40:43+00,AI348TS,4525.01,2,AUSA
pasadas_2026-07-29_5009A02052902.csv,2026-07-23,01:25:32,2026-07-23 01:25:32+00,2026-07-23 04:25:32+00,AI348TS,13015.92,7,AUSA
pasadas_2026-07-29_5009A02052902.csv,2026-07-16,12:30:44,2026-07-16 12:30:44+00,2026-07-16 15:30:44+00,AI348TS,13015.92,9,AUSA
pasadas_2026-07-29_5009A02052902.csv,2026-07-24,17:01:10,2026-07-24 17:01:10+00,2026-07-24 20:01:10+00,AD736OU,13015.92,7,AUSA
pasadas_2026-07-29_5009A02052902.csv,2026-07-24,20:21:37,2026-07-24 20:21:37+00,2026-07-24 23:21:37+00,AF993HA,7918.73,9,AUSA
pasadas_2026-07-29_5009A02052902.csv,2026-07-27,00:15:29,2026-07-27 00:15:29+00,2026-07-27 03:15:29+00,AI348TS,10012.13,2,AUSA
pasadas_2026-07-29_5009A02052902.csv,2026-07-20,11:16:55,2026-07-20 11:16:55+00,2026-07-20 14:16:55+00,AI178ER,19985.09,9,AUSA
pasadas_2026-07-29_5009A02052902.csv,2026-07-25,14:47:30,2026-07-25 14:47:30+00,2026-07-25 17:47:30+00,AI348TS,10012.13,2,AUSA
pasadas_2026-07-29_5009A02052902.csv,2026-07-23,07:56:46,2026-07-23 07:56:46+00,2026-07-23 10:56:46+00,AF993HA,44494.48,9,AUSA
pasadas_2026-07-29_5009A02052902.csv,2026-07-22,20:33:24,2026-07-22 20:33:24+00,2026-07-22 23:33:24+00,AF993HA,7918.73,9,AUSA
pasadas_2026-07-29_5009A02052902.csv,2026-07-23,15:39:47,2026-07-23 15:39:47+00,2026-07-23 18:39:47+00,AD736OU,7918.73,7,AUSA
pasadas_2026-07-29_5009A02052902.csv,2026-07-22,04:00:05,2026-07-22 04:00:05+00,2026-07-22 07:00:05+00,AI348TS,1885.23,2,AUSA
pasadas_2026-07-29_5009A02052902.csv,2026-07-27,15:24:01,2026-07-27 15:24:01+00,2026-07-27 18:24:01+00,AI348TS,4525.01,2,AUSA
pasadas_2026-07-29_5009A02052902.csv,2026-07-25,21:33:14,2026-07-25 21:33:14+00,2026-07-26 00:33:14+00,AI348TS,4525.01,2,AUSA
pasadas_2026-07-29_5009A02052902.csv,2026-07-24,11:23:39,2026-07-24 11:23:39+00,2026-07-24 14:23:39+00,AF993HA,7918.73,9,AUSA
pasadas_2026-07-29_5009A02052902.csv,2026-07-24,17:08:15,2026-07-24 17:08:15+00,2026-07-24 20:08:15+00,AD736OU,22247.33,7,AUSA
pasadas_2026-07-29_5009A02052902.csv,2026-07-17,12:31:21,2026-07-17 12:31:21+00,2026-07-17 15:31:21+00,AI348TS,1885.23,2,AUSA
pasadas_2026-07-29_5009A02052902.csv,2026-07-25,22:59:52,2026-07-25 22:59:52+00,2026-07-26 01:59:52+00,AF993HA,7918.73,9,AUSA
pasadas_2026-07-29_5009A02052902.csv,2026-07-22,04:06:49,2026-07-22 04:06:49+00,2026-07-22 07:06:49+00,AI348TS,13015.92,8,AUSA
pasadas_2026-07-29_5009A02052902.csv,2026-07-24,11:30:37,2026-07-24 11:30:37+00,2026-07-24 14:30:37+00,AF993HA,13015.92,9,AUSA
pasadas_2026-07-29_5009A02052902.csv,2026-07-24,20:14:50,2026-07-24 20:14:50+00,2026-07-24 23:14:50+00,AF993HA,13015.92,9,AUSA
pasadas_2026-07-29_5009A02052902.csv,2026-07-25,15:51:51,2026-07-25 15:51:51+00,2026-07-25 18:51:51+00,AF993HA,7918.73,9,AUSA
pasadas_2026-07-29_5009A02052902.csv,2026-07-22,18:47:26,2026-07-22 18:47:26+00,2026-07-22 21:47:26+00,AI348TS,6412.68,2,AUSA
pasadas_2026-07-29_5009A02052902.csv,2026-07-21,21:18:39,2026-07-21 21:18:39+00,2026-07-22 00:18:39+00,AF993HA,19985.09,9,AUSA
pasadas_2026-07-29_5009A02052902.csv,2026-07-24,20:18:04,2026-07-24 20:18:04+00,2026-07-24 23:18:04+00,AI348TS,1885.23,2,AUSA
pasadas_2026-07-29_5009A02052902.csv,2026-07-23,15:38:58,2026-07-23 15:38:58+00,2026-07-23 18:38:58+00,AF993HA,13015.92,9,AUSA
pasadas_2026-07-29_5009A02052902.csv,2026-07-16,11:16:17,2026-07-16 11:16:17+00,2026-07-16 14:16:17+00,AI178ER,19985.09,9,AUSA
pasadas_2026-07-29_5009A02052902.csv,2026-07-27,12:22:54,2026-07-27 12:22:54+00,2026-07-27 15:22:54+00,AI348TS,4525.01,2,AUSA
pasadas_2026-07-29_5009A02052902.csv,2026-07-24,10:47:40,2026-07-24 10:47:40+00,2026-07-24 13:47:40+00,AI348TS,13015.92,8,AUSA
pasadas_2026-07-29_5009A02052902.csv,2026-07-16,05:45:22,2026-07-16 05:45:22+00,2026-07-16 08:45:22+00,AI042WD,7918.73,7,AUSA
pasadas_2026-07-29_5009A02052902.csv,2026-07-23,15:46:22,2026-07-23 15:46:22+00,2026-07-23 18:46:22+00,AF993HA,7918.73,9,AUSA
pasadas_2026-07-29_5009A02052902.csv,2026-07-16,05:51:39,2026-07-16 05:51:39+00,2026-07-16 08:51:39+00,AI042WD,13015.92,7,AUSA
pasadas_2026-07-29_5009A02052902.csv,2026-07-21,21:36:58,2026-07-21 21:36:58+00,2026-07-22 00:36:58+00,AF993HA,7918.73,9,AUSA
pasadas_2026-07-29_5009A02052902.csv,2026-07-24,10:40:23,2026-07-24 10:40:23+00,2026-07-24 13:40:23+00,AI348TS,2665.99,2,AUSA
pasadas_2026-07-29_5009A02052902.csv,2026-07-28,13:43:53,2026-07-28 13:43:53+00,2026-07-28 16:43:53+00,AF993HA,7918.73,9,AUSA
pasadas_2026-07-29_5009A02052902.csv,2026-07-26,14:38:24,2026-07-26 14:38:24+00,2026-07-26 17:38:24+00,AF993HA,7918.73,9,AUSA
pasadas_2026-07-29_5009A02052902.csv,2026-07-27,08:20:38,2026-07-27 08:20:38+00,2026-07-27 11:20:38+00,AF993HA,44494.48,9,AUSA
pasadas_2026-07-29_5009A02052902.csv,2026-07-25,22:52:34,2026-07-25 22:52:34+00,2026-07-26 01:52:34+00,AF993HA,13015.92,9,AUSA
pasadas_2026-07-29_5009A02052902.csv,2026-07-27,12:59:20,2026-07-27 12:59:20+00,2026-07-27 15:59:20+00,AF993HA,13015.92,8,AUSA
pasadas_2026-07-29_5009A02052902.csv,2026-07-23,01:16:43,2026-07-23 01:16:43+00,2026-07-23 04:16:43+00,AI348TS,4525.01,2,AUSA
pasadas_2026-07-29_5009A02052902.csv,2026-07-17,12:23:21,2026-07-17 12:23:21+00,2026-07-17 15:23:21+00,AI348TS,13015.92,7,AUSA
pasadas_2026-07-29_5009A02052902.csv,2026-07-20,06:17:47,2026-07-20 06:17:47+00,2026-07-20 09:17:47+00,AI178ER,7918.73,9,AUSA
pasadas_2026-07-29_5009A02052902.csv,2026-07-14,15:59:04,2026-07-14 15:59:04+00,2026-07-14 18:59:04+00,AF993HA,13015.92,9,AUSA
pasadas_2026-07-29_5009A02052902.csv,2026-07-23,15:46:43,2026-07-23 15:46:43+00,2026-07-23 18:46:43+00,AD736OU,13015.92,7,AUSA
pasadas_2026-07-29_5009A02052902.csv,2026-07-27,00:08:15,2026-07-27 00:08:15+00,2026-07-27 03:08:15+00,AI348TS,1885.23,2,AUSA
pasadas_2026-07-29_5009A02052902.csv,2026-07-25,14:41:00,2026-07-25 14:41:00+00,2026-07-25 17:41:00+00,AI348TS,1885.23,2,AUSA
pasadas_2026-07-29_5009A02052902.csv,2026-07-20,06:24:35,2026-07-20 06:24:35+00,2026-07-20 09:24:35+00,AI178ER,13015.92,7,AUSA
pasadas_2026-07-29_5009A02052902.csv,2026-07-24,20:11:31,2026-07-24 20:11:31+00,2026-07-24 23:11:31+00,AI348TS,13015.92,8,AUSA
pasadas_2026-07-29_5009A02060191.csv,2026-07-24,11:46:31,2026-07-24 11:46:31+00,2026-07-24 14:46:31+00,OWG130,19985.09,7,AUSA
pasadas_2026-07-29_5009A02060191.csv,2026-07-24,11:43:30,2026-07-24 11:43:30+00,2026-07-24 14:43:30+00,AF436WI,19985.09,7,AUSA
pasadas_2026-07-29_5009A02060191.csv,2026-07-24,03:26:52,2026-07-24 03:26:52+00,2026-07-24 06:26:52+00,AH729QW,19985.09,9,AUSA
pasadas_2026-07-29_5009A02060191.csv,2026-07-23,05:00:34,2026-07-23 05:00:34+00,2026-07-23 08:00:34+00,AD625QB,19985.09,7,AUSA
pasadas_2026-07-29_5009A02060191.csv,2026-07-28,14:44:10,2026-07-28 14:44:10+00,2026-07-28 17:44:10+00,AB633TY,19985.09,7,AUSA
pasadas_2026-07-29_5009A02060191.csv,2026-07-28,19:01:37,2026-07-28 19:01:37+00,2026-07-28 22:01:37+00,AC264UA,44494.48,7,AUSA
pasadas_2026-07-29_5009A02060191.csv,2026-07-24,05:23:55,2026-07-24 05:23:55+00,2026-07-24 08:23:55+00,EXT374,19985.09,7,AUSA
pasadas_2026-07-29_5009A02060191.csv,2026-07-24,06:02:45,2026-07-24 06:02:45+00,2026-07-24 09:02:45+00,AH351RT,19985.09,9,AUSA
pasadas_2026-07-29_5009A02060191.csv,2026-07-23,12:48:50,2026-07-23 12:48:50+00,2026-07-23 15:48:50+00,AC812DO,19985.09,8,AUSA
pasadas_2026-07-29_5009A02060191.csv,2026-07-27,11:20:17,2026-07-27 11:20:17+00,2026-07-27 14:20:17+00,AB456CP,13015.92,7,AUSA
pasadas_2026-07-29_5009A02060191.csv,2026-07-27,12:23:39,2026-07-27 12:23:39+00,2026-07-27 15:23:39+00,AH351RT,19985.09,9,AUSA
pasadas_2026-07-29_5009A02060191.csv,2026-07-24,11:26:36,2026-07-24 11:26:36+00,2026-07-24 14:26:36+00,AB247VR,13015.92,7,AUSA
pasadas_2026-07-29_5009A02060191.csv,2026-07-25,15:20:39,2026-07-25 15:20:39+00,2026-07-25 18:20:39+00,AG507DK,7918.73,9,AUSA
pasadas_2026-07-29_5009A02060191.csv,2026-07-27,05:35:12,2026-07-27 05:35:12+00,2026-07-27 08:35:12+00,AH351RT,13015.92,9,AUSA
pasadas_2026-07-29_5009A02060191.csv,2026-07-24,22:41:56,2026-07-24 22:41:56+00,2026-07-25 01:41:56+00,AH185KI,7918.73,9,AUSA
pasadas_2026-07-29_5009A02060191.csv,2026-07-27,11:33:55,2026-07-27 11:33:55+00,2026-07-27 14:33:55+00,AE952TH,13015.92,9,AUSA
pasadas_2026-07-29_5009A02060191.csv,2026-07-27,05:31:52,2026-07-27 05:31:52+00,2026-07-27 08:31:52+00,AD625QB,13015.92,7,AUSA
pasadas_2026-07-29_5009A02060191.csv,2026-07-24,16:08:46,2026-07-24 16:08:46+00,2026-07-24 19:08:46+00,AE908YR,2665.99,2,AUSA
pasadas_2026-07-29_5009A02060191.csv,2026-07-23,06:15:56,2026-07-23 06:15:56+00,2026-07-23 09:15:56+00,AB247VR,19985.09,7,AUSA
pasadas_2026-07-29_5009A02060191.csv,2026-07-28,14:09:26,2026-07-28 14:09:26+00,2026-07-28 17:09:26+00,AG507DK,13015.92,9,AUSA
pasadas_2026-07-29_5009A02060191.csv,2026-07-25,12:30:08,2026-07-25 12:30:08+00,2026-07-25 15:30:08+00,AF136HN,13015.92,9,AUSA
pasadas_2026-07-29_5009A02060191.csv,2026-07-27,00:15:26,2026-07-27 00:15:26+00,2026-07-27 03:15:26+00,AG893YR,13015.92,9,AUSA
pasadas_2026-07-29_5009A02060191.csv,2026-07-23,11:57:34,2026-07-23 11:57:34+00,2026-07-23 14:57:34+00,AG249HS,1885.23,2,AUSA
pasadas_2026-07-29_5009A02060191.csv,2026-07-23,06:35:04,2026-07-23 06:35:04+00,2026-07-23 09:35:04+00,AB247VR,7918.73,7,AUSA
pasadas_2026-07-29_5009A02060191.csv,2026-07-25,02:27:15,2026-07-25 02:27:15+00,2026-07-25 05:27:15+00,AG893YR,13015.92,9,AUSA
pasadas_2026-07-29_5009A02060191.csv,2026-07-27,06:01:39,2026-07-27 06:01:39+00,2026-07-27 09:01:39+00,AC264UA,7918.73,7,AUSA
pasadas_2026-07-29_5009A02060191.csv,2026-07-24,00:07:37,2026-07-24 00:07:37+00,2026-07-24 03:07:37+00,AG309CO,19985.09,9,AUSA
pasadas_2026-07-29_5009A02060191.csv,2026-07-23,12:34:34,2026-07-23 12:34:34+00,2026-07-23 15:34:34+00,AG309CO,13015.92,9,AUSA
pasadas_2026-07-29_5009A02060191.csv,2026-07-23,12:27:18,2026-07-23 12:27:18+00,2026-07-23 15:27:18+00,AG309CO,7918.73,9,AUSA
pasadas_2026-07-29_5009A02060191.csv,2026-07-23,04:22:17,2026-07-23 04:22:17+00,2026-07-23 07:22:17+00,AH351RT,7918.73,9,AUSA
pasadas_2026-07-29_5009A02060191.csv,2026-07-27,11:40:44,2026-07-27 11:40:44+00,2026-07-27 14:40:44+00,AE952TH,7918.73,9,AUSA
pasadas_2026-07-29_5009A02060191.csv,2026-07-27,12:38:24,2026-07-27 12:38:24+00,2026-07-27 15:38:24+00,AD625QB,7918.73,7,AUSA
pasadas_2026-07-29_5009A02060191.csv,2026-07-24,20:58:50,2026-07-24 20:58:50+00,2026-07-24 23:58:50+00,AG916MK,13015.92,9,AUSA
pasadas_2026-07-29_5009A02060191.csv,2026-07-28,11:42:30,2026-07-28 11:42:30+00,2026-07-28 14:42:30+00,AF436WI,7918.73,7,AUSA
pasadas_2026-07-29_5009A02060191.csv,2026-07-23,13:57:27,2026-07-23 13:57:27+00,2026-07-23 16:57:27+00,AH729QW,7918.73,9,AUSA
pasadas_2026-07-29_5009A02060191.csv,2026-07-28,09:50:36,2026-07-28 09:50:36+00,2026-07-28 12:50:36+00,AD482MT,22247.33,7,AUSA
pasadas_2026-07-29_5009A02060191.csv,2026-07-27,05:59:16,2026-07-27 05:59:16+00,2026-07-27 08:59:16+00,AB151SM,7918.73,8,AUSA
pasadas_2026-07-29_5009A02060191.csv,2026-07-23,23:37:07,2026-07-23 23:37:07+00,2026-07-24 02:37:07+00,AF791ER,13015.92,7,AUSA
pasadas_2026-07-29_5009A02060191.csv,2026-07-27,15:48:58,2026-07-27 15:48:58+00,2026-07-27 18:48:58+00,AG507DK,13015.92,9,AUSA
pasadas_2026-07-29_5009A02060191.csv,2026-07-25,11:35:51,2026-07-25 11:35:51+00,2026-07-25 14:35:51+00,AF103ZL,13015.92,7,AUSA
pasadas_2026-07-29_5009A02060191.csv,2026-07-23,11:29:03,2026-07-23 11:29:03+00,2026-07-23 14:29:03+00,AF103ZL,13015.92,7,AUSA
pasadas_2026-07-29_5009A02060191.csv,2026-07-23,04:29:48,2026-07-23 04:29:48+00,2026-07-23 07:29:48+00,AH351RT,13015.92,8,AUSA
pasadas_2026-07-29_5009A02060191.csv,2026-07-27,11:38:24,2026-07-27 11:38:24+00,2026-07-27 14:38:24+00,AG939HR,13015.92,9,AUSA
pasadas_2026-07-29_5009A02060191.csv,2026-07-27,05:27:30,2026-07-27 05:27:30+00,2026-07-27 08:27:30+00,AH351RT,7918.73,9,AUSA
pasadas_2026-07-29_5009A02060191.csv,2026-07-28,10:22:13,2026-07-28 10:22:13+00,2026-07-28 13:22:13+00,AD482MT,22247.33,7,AUSA
pasadas_2026-07-29_5009A02060191.csv,2026-07-23,05:32:38,2026-07-23 05:32:38+00,2026-07-23 08:32:38+00,AC561DQ,19985.09,7,AUSA
pasadas_2026-07-29_5009A02060191.csv,2026-07-25,14:29:43,2026-07-25 14:29:43+00,2026-07-25 17:29:43+00,AH351RT,13015.92,9,AUSA
pasadas_2026-07-29_5009A02060191.csv,2026-07-24,11:19:06,2026-07-24 11:19:06+00,2026-07-24 14:19:06+00,AB247VR,7918.73,7,AUSA
pasadas_2026-07-29_5009A02060191.csv,2026-07-27,11:31:42,2026-07-27 11:31:42+00,2026-07-27 14:31:42+00,AG939HR,7918.73,9,AUSA
pasadas_2026-07-29_5009A02060191.csv,2026-07-27,12:32:18,2026-07-27 12:32:18+00,2026-07-27 15:32:18+00,AG916MK,19985.09,9,AUSA
pasadas_2026-07-29_5009A02060191.csv,2026-07-23,15:41:37,2026-07-23 15:41:37+00,2026-07-23 18:41:37+00,AB456CP,19985.09,7,AUSA
pasadas_2026-07-29_5009A02060191.csv,2026-07-27,05:25:32,2026-07-27 05:25:32+00,2026-07-27 08:25:32+00,AD625QB,7918.73,7,AUSA
pasadas_2026-07-29_5009A02060191.csv,2026-07-24,06:55:58,2026-07-24 06:55:58+00,2026-07-24 09:55:58+00,AB456CU,7918.73,7,AUSA
pasadas_2026-07-29_5009A02060191.csv,2026-07-25,15:34:24,2026-07-25 15:34:24+00,2026-07-25 18:34:24+00,AG893YR,19985.09,9,AUSA
pasadas_2026-07-29_5009A02060191.csv,2026-07-27,06:50:42,2026-07-27 06:50:42+00,2026-07-27 09:50:42+00,AB633TZ,19985.09,7,AUSA
pasadas_2026-07-29_5009A02060191.csv,2026-07-24,14:21:44,2026-07-24 14:21:44+00,2026-07-24 17:21:44+00,AG939HR,19985.09,9,AUSA
pasadas_2026-07-29_5009A02060191.csv,2026-07-25,10:09:33,2026-07-25 10:09:33+00,2026-07-25 13:09:33+00,AH185KI,19985.09,9,AUSA
pasadas_2026-07-29_5009A02060191.csv,2026-07-28,03:34:12,2026-07-28 03:34:12+00,2026-07-28 06:34:12+00,AF136HN,7918.73,9,AUSA
pasadas_2026-07-29_5009A02060191.csv,2026-07-27,10:56:11,2026-07-27 10:56:11+00,2026-07-27 13:56:11+00,AD625QA,22247.33,8,AUSA
pasadas_2026-07-29_5009A02060191.csv,2026-07-27,06:22:14,2026-07-27 06:22:14+00,2026-07-27 09:22:14+00,AE952TH,13015.92,8,AUSA
pasadas_2026-07-29_5009A02060191.csv,2026-07-27,06:06:45,2026-07-27 06:06:45+00,2026-07-27 09:06:45+00,AB151SM,13015.92,8,AUSA
pasadas_2026-07-29_5009A02060191.csv,2026-07-26,22:01:11,2026-07-26 22:01:11+00,2026-07-27 01:01:11+00,AG916MK,7918.73,9,AUSA
pasadas_2026-07-29_5009A02060191.csv,2026-07-28,11:15:55,2026-07-28 11:15:55+00,2026-07-28 14:15:55+00,AG916MK,19985.09,9,AUSA
pasadas_2026-07-29_5009A02060191.csv,2026-07-28,21:10:08,2026-07-28 21:10:08+00,2026-07-29 00:10:08+00,AG309CO,7918.73,9,AUSA
pasadas_2026-07-29_5009A02060191.csv,2026-07-25,15:28:26,2026-07-25 15:28:26+00,2026-07-25 18:28:26+00,AG507DK,13015.92,9,AUSA
pasadas_2026-07-29_5009A02060191.csv,2026-07-28,20:38:53,2026-07-28 20:38:53+00,2026-07-28 23:38:53+00,AG507DK,19985.09,9,AUSA
pasadas_2026-07-29_5009A02060191.csv,2026-07-28,15:20:04,2026-07-28 15:20:04+00,2026-07-28 18:20:04+00,AG916MK,13015.92,9,AUSA
pasadas_2026-07-29_5009A02060191.csv,2026-07-27,14:35:40,2026-07-27 14:35:40+00,2026-07-27 17:35:40+00,AB151SM,19985.09,8,AUSA
pasadas_2026-07-29_5009A02060191.csv,2026-07-27,20:35:34,2026-07-27 20:35:34+00,2026-07-27 23:35:34+00,AG309CO,19985.09,9,AUSA
pasadas_2026-07-29_5009A02060191.csv,2026-07-28,06:58:18,2026-07-28 06:58:18+00,2026-07-28 09:58:18+00,AB456CQ,13015.92,7,AUSA
pasadas_2026-07-29_5009A02060191.csv,2026-07-23,05:16:52,2026-07-23 05:16:52+00,2026-07-23 08:16:52+00,AD625QB,7918.73,7,AUSA
pasadas_2026-07-29_5009A02060191.csv,2026-07-28,07:10:22,2026-07-28 07:10:22+00,2026-07-28 10:10:22+00,AG916MK,44494.48,9,AUSA
pasadas_2026-07-29_5009A02060191.csv,2026-07-28,06:47:10,2026-07-28 06:47:10+00,2026-07-28 09:47:10+00,AB456CQ,19985.09,8,AUSA
pasadas_2026-07-29_5009A02060191.csv,2026-07-24,06:30:42,2026-07-24 06:30:42+00,2026-07-24 09:30:42+00,AB456CU,19985.09,7,AUSA
pasadas_2026-07-29_5009A02060191.csv,2026-07-24,16:04:02,2026-07-24 16:04:02+00,2026-07-24 19:04:02+00,AF436WI,22247.33,7,AUSA
pasadas_2026-07-29_5009A02060191.csv,2026-07-28,06:59:26,2026-07-28 06:59:26+00,2026-07-28 09:59:26+00,AG916MK,13015.92,9,AUSA
pasadas_2026-07-29_5009A02060191.csv,2026-07-23,20:55:11,2026-07-23 20:55:11+00,2026-07-23 23:55:11+00,AH729QW,19985.09,9,AUSA
pasadas_2026-07-29_5009A02060191.csv,2026-07-24,17:37:26,2026-07-24 17:37:26+00,2026-07-24 20:37:26+00,AF389UV,44494.48,9,AUSA
pasadas_2026-07-29_5009A02060191.csv,2026-07-27,15:48:55,2026-07-27 15:48:55+00,2026-07-27 18:48:55+00,AG916MK,13015.92,8,AUSA
pasadas_2026-07-29_5009A02060191.csv,2026-07-27,03:04:12,2026-07-27 03:04:12+00,2026-07-27 06:04:12+00,AF103ZL,13015.92,7,AUSA
pasadas_2026-07-29_5009A02060191.csv,2026-07-27,13:58:25,2026-07-27 13:58:25+00,2026-07-27 16:58:25+00,AF436WI,19985.09,7,AUSA
pasadas_2026-07-29_5009A02060191.csv,2026-07-24,12:51:14,2026-07-24 12:51:14+00,2026-07-24 15:51:14+00,AF993HK,13015.92,8,AUSA
pasadas_2026-07-29_5009A02060191.csv,2026-07-25,02:26:58,2026-07-25 02:26:58+00,2026-07-25 05:26:58+00,AH729QW,13015.92,9,AUSA
pasadas_2026-07-29_5009A02060191.csv,2026-07-22,13:59:10,2026-07-22 13:59:10+00,2026-07-22 16:59:10+00,AB456CQ,13015.92,7,AUSA
pasadas_2026-07-29_5009A02060191.csv,2026-07-23,11:46:17,2026-07-23 11:46:17+00,2026-07-23 14:46:17+00,AB633TY,19985.09,7,AUSA
pasadas_2026-07-29_5009A02060191.csv,2026-07-23,18:41:24,2026-07-23 18:41:24+00,2026-07-23 21:41:24+00,AG893YR,13015.92,9,AUSA
pasadas_2026-07-29_5009A02060191.csv,2026-07-27,06:37:11,2026-07-27 06:37:11+00,2026-07-27 09:37:11+00,AB247VR,19985.09,7,AUSA
pasadas_2026-07-29_5009A02060191.csv,2026-07-24,06:42:40,2026-07-24 06:42:40+00,2026-07-24 09:42:40+00,AB456CU,13015.92,8,AUSA
pasadas_2026-07-29_5009A02060191.csv,2026-07-28,19:00:55,2026-07-28 19:00:55+00,2026-07-28 22:00:55+00,AF231PZ,44494.48,8,AUSA
pasadas_2026-07-29_5009A02060191.csv,2026-07-23,11:36:18,2026-07-23 11:36:18+00,2026-07-23 14:36:18+00,AF103ZL,7918.73,7,AUSA
pasadas_2026-07-29_5009A02060191.csv,2026-07-22,23:40:34,2026-07-22 23:40:34+00,2026-07-23 02:40:34+00,AG916MK,13015.92,8,AUSA
pasadas_2026-07-29_5009A02060191.csv,2026-07-24,13:03:25,2026-07-24 13:03:25+00,2026-07-24 16:03:25+00,AF993HK,19985.09,8,AUSA
pasadas_2026-07-29_5009A02060191.csv,2026-07-28,03:15:57,2026-07-28 03:15:57+00,2026-07-28 06:15:57+00,AF136HN,19985.09,9,AUSA
pasadas_2026-07-29_5009A02060191.csv,2026-07-25,12:23:06,2026-07-25 12:23:06+00,2026-07-25 15:23:06+00,AF136HN,7918.73,9,AUSA
pasadas_2026-07-29_5009A02060191.csv,2026-07-28,09:57:33,2026-07-28 09:57:33+00,2026-07-28 12:57:33+00,AD482MT,13015.92,7,AUSA
pasadas_2026-07-29_5009A02060191.csv,2026-07-25,02:20:21,2026-07-25 02:20:21+00,2026-07-25 05:20:21+00,AH729QW,7918.73,9,AUSA
pasadas_2026-07-29_5009A02060191.csv,2026-07-24,12:43:39,2026-07-24 12:43:39+00,2026-07-24 15:43:39+00,AF993HK,7918.73,8,AUSA
pasadas_2026-07-29_5009A02060191.csv,2026-07-23,14:28:42,2026-07-23 14:28:42+00,2026-07-23 17:28:42+00,AC561DQ,7918.73,7,AUSA
pasadas_2026-07-29_5009A02060191.csv,2026-07-26,00:50:43,2026-07-26 00:50:43+00,2026-07-26 03:50:43+00,AG507DK,19985.09,9,AUSA
pasadas_2026-07-29_5009A02060191.csv,2026-07-23,23:30:09,2026-07-23 23:30:09+00,2026-07-24 02:30:09+00,AF791ER,7918.73,7,AUSA
pasadas_2026-07-29_5009A02060191.csv,2026-07-23,11:06:59,2026-07-23 11:06:59+00,2026-07-23 14:06:59+00,AH185KI,19985.09,9,AUSA
pasadas_2026-07-29_5009A02060191.csv,2026-07-23,23:02:21,2026-07-23 23:02:21+00,2026-07-24 02:02:21+00,AF791ER,13015.92,7,AUSA
pasadas_2026-07-29_5009A02060191.csv,2026-07-26,12:35:23,2026-07-26 12:35:23+00,2026-07-26 15:35:23+00,AE831SI,13015.92,9,AUSA
pasadas_2026-07-29_5009A02060191.csv,2026-07-27,06:15:28,2026-07-27 06:15:28+00,2026-07-27 09:15:28+00,AE952TH,7918.73,9,AUSA
pasadas_2026-07-29_5009A02060191.csv,2026-07-27,11:27:50,2026-07-27 11:27:50+00,2026-07-27 14:27:50+00,AB456CP,7918.73,7,AUSA
pasadas_2026-07-29_5009A02060191.csv,2026-07-27,15:55:47,2026-07-27 15:55:47+00,2026-07-27 18:55:47+00,AG916MK,7918.73,9,AUSA
pasadas_2026-07-29_5009A02060191.csv,2026-07-27,06:09:07,2026-07-27 06:09:07+00,2026-07-27 09:09:07+00,AC264UA,13015.92,7,AUSA
pasadas_2026-07-29_5009A02060191.csv,2026-07-26,21:11:04,2026-07-26 21:11:04+00,2026-07-27 00:11:04+00,AG533MF,1885.23,2,AUSA
pasadas_2026-07-29_5009A02060191.csv,2026-07-23,15:33:09,2026-07-23 15:33:09+00,2026-07-23 18:33:09+00,AH185KI,13015.92,9,AUSA
pasadas_2026-07-29_5009A02060191.csv,2026-07-25,21:44:19,2026-07-25 21:44:19+00,2026-07-26 00:44:19+00,AH351RT,19985.09,9,AUSA
pasadas_2026-07-29_5009A02060191.csv,2026-07-22,10:57:09,2026-07-22 10:57:09+00,2026-07-22 13:57:09+00,AH543IQ,13015.92,7,AUSA
pasadas_2026-07-29_5009A02060191.csv,2026-07-27,14:06:46,2026-07-27 14:06:46+00,2026-07-27 17:06:46+00,AG309CO,13015.92,9,AUSA
pasadas_2026-07-29_5009A02060191.csv,2026-07-28,11:19:31,2026-07-28 11:19:31+00,2026-07-28 14:19:31+00,AB456CQ,7918.73,8,AUSA
pasadas_2026-07-29_5009A02060191.csv,2026-07-23,23:48:08,2026-07-23 23:48:08+00,2026-07-24 02:48:08+00,AF791ER,19985.09,7,AUSA
pasadas_2026-07-29_5009A02060191.csv,2026-07-28,07:05:46,2026-07-28 07:05:46+00,2026-07-28 10:05:46+00,AB456CQ,22247.33,8,AUSA
pasadas_2026-07-29_5009A02060191.csv,2026-07-24,15:56:37,2026-07-24 15:56:37+00,2026-07-24 18:56:37+00,AF436WI,13015.92,9,AUSA
pasadas_2026-07-29_5009A02060191.csv,2026-07-25,14:21:59,2026-07-25 14:21:59+00,2026-07-25 17:21:59+00,AH351RT,7918.73,9,AUSA
pasadas_2026-07-29_5009A02060191.csv,2026-07-24,14:41:53,2026-07-24 14:41:53+00,2026-07-24 17:41:53+00,AG309CO,19985.09,9,AUSA
pasadas_2026-07-29_5009A02060191.csv,2026-07-27,00:08:09,2026-07-27 00:08:09+00,2026-07-27 03:08:09+00,AG893YR,7918.73,9,AUSA
pasadas_2026-07-29_5009A02060191.csv,2026-07-23,14:04:05,2026-07-23 14:04:05+00,2026-07-23 17:04:05+00,AH729QW,13015.92,9,AUSA
pasadas_2026-07-29_5009A02060191.csv,2026-07-23,18:34:04,2026-07-23 18:34:04+00,2026-07-23 21:34:04+00,AG893YR,22247.33,9,AUSA
pasadas_2026-07-29_5009A02060191.csv,2026-07-27,13:59:25,2026-07-27 13:59:25+00,2026-07-27 16:59:25+00,AG309CO,7918.73,9,AUSA
pasadas_2026-07-29_5009A02060191.csv,2026-07-26,21:35:07,2026-07-26 21:35:07+00,2026-07-27 00:35:07+00,AG507DK,7918.73,9,AUSA
pasadas_2026-07-29_5009A02060191.csv,2026-07-25,12:51:49,2026-07-25 12:51:49+00,2026-07-25 15:51:49+00,AF202UU,19985.09,7,AUSA
pasadas_2026-07-29_5009A02060191.csv,2026-07-25,11:28:48,2026-07-25 11:28:48+00,2026-07-25 14:28:48+00,AF103ZL,7918.73,7,AUSA
pasadas_2026-07-29_5009A02060191.csv,2026-07-28,15:26:51,2026-07-28 15:26:51+00,2026-07-28 18:26:51+00,AG916MK,7918.73,9,AUSA
pasadas_2026-07-29_5009A02060191.csv,2026-07-24,06:46:19,2026-07-24 06:46:19+00,2026-07-24 09:46:19+00,OWG130,13015.92,7,AUSA
pasadas_2026-07-29_5009A02060191.csv,2026-07-28,11:38:26,2026-07-28 11:38:26+00,2026-07-28 14:38:26+00,AB456CQ,19985.09,8,AUSA
pasadas_2026-07-29_5009A02060191.csv,2026-07-28,11:03:31,2026-07-28 11:03:31+00,2026-07-28 14:03:31+00,AG249HS,1885.23,2,AUSA
pasadas_2026-07-29_5009A02060191.csv,2026-07-28,16:28:08,2026-07-28 16:28:08+00,2026-07-28 19:28:08+00,AH543IQ,22247.33,9,AUSA
pasadas_2026-07-29_5009A02060191.csv,2026-07-25,22:01:15,2026-07-25 22:01:15+00,2026-07-26 01:01:15+00,AF136HN,19985.09,9,AUSA
pasadas_2026-07-29_5009A02060191.csv,2026-07-25,11:58:58,2026-07-25 11:58:58+00,2026-07-25 14:58:58+00,AG309CO,7918.73,9,AUSA
pasadas_2026-07-29_5009A02060191.csv,2026-07-26,12:28:30,2026-07-26 12:28:30+00,2026-07-26 15:28:30+00,AE831SI,7918.73,9,AUSA
pasadas_2026-07-29_5009A02060191.csv,2026-07-24,22:49:01,2026-07-24 22:49:01+00,2026-07-25 01:49:01+00,AH185KI,13015.92,9,AUSA
pasadas_2026-07-29_5009A02060191.csv,2026-07-25,12:05:58,2026-07-25 12:05:58+00,2026-07-25 15:05:58+00,AG309CO,13015.92,9,AUSA
pasadas_2026-07-29_5009A02060191.csv,2026-07-27,12:29:14,2026-07-27 12:29:14+00,2026-07-27 15:29:14+00,AD625QB,13015.92,7,AUSA
pasadas_2026-07-29_5009A02060191.csv,2026-07-26,21:42:56,2026-07-26 21:42:56+00,2026-07-27 00:42:56+00,AG507DK,13015.92,9,AUSA
pasadas_2026-07-29_5009A02060191.csv,2026-07-23,22:50:56,2026-07-23 22:50:56+00,2026-07-24 01:50:56+00,AF791ER,19985.09,7,AUSA
pasadas_2026-07-29_5009A02060191.csv,2026-07-23,00:05:23,2026-07-23 00:05:23+00,2026-07-23 03:05:23+00,AG507DK,13015.92,7,AUSA
pasadas_2026-07-29_5009A02060191.csv,2026-07-27,21:49:40,2026-07-27 21:49:40+00,2026-07-28 00:49:40+00,AF436WI,19985.09,7,AUSA
pasadas_2026-07-29_5009A02060191.csv,2026-07-27,12:14:33,2026-07-27 12:14:33+00,2026-07-27 15:14:33+00,AG507DK,19985.09,9,AUSA
pasadas_2026-07-29_5009A02060191.csv,2026-07-23,05:10:26,2026-07-23 05:10:26+00,2026-07-23 08:10:26+00,AD625QB,13015.92,7,AUSA
pasadas_2026-07-29_5009A02060191.csv,2026-07-23,15:40:06,2026-07-23 15:40:06+00,2026-07-23 18:40:06+00,AH185KI,7918.73,9,AUSA
pasadas_2026-07-29_5009A02060191.csv,2026-07-24,20:51:58,2026-07-24 20:51:58+00,2026-07-24 23:51:58+00,AG916MK,7918.73,9,AUSA
pasadas_2026-07-29_5009A02060191.csv,2026-07-23,21:19:33,2026-07-23 21:19:33+00,2026-07-24 00:19:33+00,AH351RT,19985.09,9,AUSA
pasadas_2026-07-29_5009A02060191.csv,2026-07-28,14:02:11,2026-07-28 14:02:11+00,2026-07-28 17:02:11+00,AG507DK,7918.73,9,AUSA
pasadas_2026-07-29_5009A02060191.csv,2026-07-25,02:20:30,2026-07-25 02:20:30+00,2026-07-25 05:20:30+00,AG893YR,7918.73,9,AUSA
pasadas_2026-07-29_5009A02060191.csv,2026-07-24,06:39:34,2026-07-24 06:39:34+00,2026-07-24 09:39:34+00,OWG130,7918.73,7,AUSA
pasadas_2026-07-29_5009A02060191.csv,2026-07-25,15:34:03,2026-07-25 15:34:03+00,2026-07-25 18:34:03+00,AH729QW,19985.09,9,AUSA
pasadas_2026-07-29_5009A02060191.csv,2026-07-23,12:42:04,2026-07-23 12:42:04+00,2026-07-23 15:42:04+00,AG249HS,1885.23,2,AUSA
pasadas_2026-07-29_5009A02060191.csv,2026-07-27,15:55:51,2026-07-27 15:55:51+00,2026-07-27 18:55:51+00,AG507DK,7918.73,9,AUSA
pasadas_2026-07-29_5009A02060191.csv,2026-07-28,06:52:31,2026-07-28 06:52:31+00,2026-07-28 09:52:31+00,AG916MK,7918.73,9,AUSA
pasadas_2026-07-29_5009A02060191.csv,2026-07-25,21:54:40,2026-07-25 21:54:40+00,2026-07-26 00:54:40+00,AG309CO,19985.09,9,AUSA
pasadas_2026-07-29_5009A02060191.csv,2026-07-28,11:57:53,2026-07-28 11:57:53+00,2026-07-28 14:57:53+00,AG249HS,1885.23,2,AUSA
pasadas_2026-07-29_5009A02060191.csv,2026-07-28,12:14:45,2026-07-28 12:14:45+00,2026-07-28 15:14:45+00,AF231PZ,7918.73,8,AUSA
pasadas_2026-07-29_5009A02060191.csv,2026-07-26,22:08:33,2026-07-26 22:08:33+00,2026-07-27 01:08:33+00,AG916MK,13015.92,9,AUSA
pasadas_2026-07-29_5009A02060191.csv,2026-07-27,11:02:34,2026-07-27 11:02:34+00,2026-07-27 14:02:34+00,AC561DQ,19985.09,7,AUSA
pasadas_2026-07-29_5009A02060191.csv,2026-07-27,22:30:39,2026-07-27 22:30:39+00,2026-07-28 01:30:39+00,AD625QA,19985.09,8,AUSA
pasadas_2026-07-29_5009A02060191.csv,2026-07-27,02:56:50,2026-07-27 02:56:50+00,2026-07-27 05:56:50+00,AF103ZL,7918.73,7,AUSA
pasadas_2026-07-29_5009A02060191.csv,2026-07-28,13:04:56,2026-07-28 13:04:56+00,2026-07-28 16:04:56+00,AH543IQ,19985.09,9,AUSA
pasadas_2026-07-29_5009A02060191.csv,2026-07-23,11:12:06,2026-07-23 11:12:06+00,2026-07-23 14:12:06+00,AG916MK,19985.09,9,AUSA
pasadas_2026-07-29_5009A02060191.csv,2026-07-23,12:58:29,2026-07-23 12:58:29+00,2026-07-23 15:58:29+00,AF436WI,19985.09,7,AUSA
pasadas_2026-07-29_5009A02060191.csv,2026-07-23,06:27:28,2026-07-23 06:27:28+00,2026-07-23 09:27:28+00,AB247VR,13015.92,7,AUSA
pasadas_2026-07-29_5009A02060191.csv,2026-07-23,00:12:36,2026-07-23 00:12:36+00,2026-07-23 03:12:36+00,AG507DK,7918.73,9,AUSA
pasadas_2026-07-29_5009A02060191.csv,2026-07-27,11:03:02,2026-07-27 11:03:02+00,2026-07-27 14:03:02+00,AD625QA,13015.92,8,AUSA
pasadas_2026-07-29_5009A02060191.csv,2026-07-23,14:20:24,2026-07-23 14:20:24+00,2026-07-23 17:20:24+00,AC561DQ,13015.92,7,AUSA
pasadas_2026-07-29_5009A02060191.csv,2026-07-27,21:06:08,2026-07-27 21:06:08+00,2026-07-28 00:06:08+00,AG939HR,19985.09,9,AUSA
pasadas_2026-07-15_5364164.csv,2026-07-03,11:42:54,2026-07-03 11:42:54+00,2026-07-03 14:42:54+00,AG309CO,13466.55,7,AUBASA
pasadas_2026-07-15_5364164.csv,2026-07-03,11:43:31,2026-07-03 11:43:31+00,2026-07-03 14:43:31+00,AF411UY,11222.12,6,AUBASA
pasadas_2026-07-15_5364164.csv,2026-07-03,11:32:15,2026-07-03 11:32:15+00,2026-07-03 14:32:15+00,AH543IQ,13466.55,7,AUBASA
pasadas_2026-07-15_5364164.csv,2026-07-14,16:26:24,2026-07-14 16:26:24+00,2026-07-14 19:26:24+00,AF091AI,14370.19,7,AUBASA
pasadas_2026-07-15_5364164.csv,2026-07-06,16:21:09,2026-07-06 16:21:09+00,2026-07-06 19:21:09+00,AE751PA,11222.12,6,AUBASA
pasadas_2026-07-15_5364164.csv,2026-07-09,08:39:51,2026-07-09 08:39:51+00,2026-07-09 11:39:51+00,AG309CO,13466.55,7,AUBASA
pasadas_2026-07-15_5364164.csv,2026-07-08,11:44:57,2026-07-08 11:44:57+00,2026-07-08 14:44:57+00,OWG130,11222.12,6,AUBASA
pasadas_2026-07-15_5364164.csv,2026-07-06,14:30:54,2026-07-06 14:30:54+00,2026-07-06 17:30:54+00,AG309CO,13466.55,7,AUBASA
pasadas_2026-07-15_5364164.csv,2026-07-06,14:03:52,2026-07-06 14:03:52+00,2026-07-06 17:03:52+00,AF791ER,11222.12,6,AUBASA
pasadas_2026-07-15_5364164.csv,2026-07-06,12:47:18,2026-07-06 12:47:18+00,2026-07-06 15:47:18+00,AF411UY,11222.12,6,AUBASA
pasadas_2026-07-15_5364164.csv,2026-07-06,12:42:19,2026-07-06 12:42:19+00,2026-07-06 15:42:19+00,AB456CP,11222.12,6,AUBASA
pasadas_2026-07-15_5364164.csv,2026-07-03,13:41:19,2026-07-03 13:41:19+00,2026-07-03 16:41:19+00,AF436WI,13466.55,7,AUBASA
pasadas_2026-07-15_5364164.csv,2026-07-02,13:58:00,2026-07-02 13:58:00+00,2026-07-02 16:58:00+00,AH351RT,13466.55,7,AUBASA
pasadas_2026-07-15_5364164.csv,2026-07-02,10:40:28,2026-07-02 10:40:28+00,2026-07-02 13:40:28+00,AG507DK,11222.12,6,AUBASA
pasadas_2026-07-15_5364164.csv,2026-07-06,14:47:43,2026-07-06 14:47:43+00,2026-07-06 17:47:43+00,AF231PZ,11222.12,6,AUBASA
pasadas_2026-07-15_5364164.csv,2026-07-03,14:06:38,2026-07-03 14:06:38+00,2026-07-03 17:06:38+00,AD625QB,11222.12,6,AUBASA
pasadas_2026-07-15_5364164.csv,2026-07-03,12:30:49,2026-07-03 12:30:49+00,2026-07-03 15:30:49+00,AF091AI,13466.55,7,AUBASA
pasadas_2026-07-15_5364164.csv,2026-07-02,19:47:28,2026-07-02 19:47:28+00,2026-07-02 22:47:28+00,AF202UU,16833.20,7,AUBASA
pasadas_2026-07-15_5364164.csv,2026-07-02,15:39:48,2026-07-02 15:39:48+00,2026-07-02 18:39:48+00,AG939HR,13466.55,7,AUBASA
pasadas_2026-07-15_5364164.csv,2026-07-14,15:54:05,2026-07-14 15:54:05+00,2026-07-14 18:54:05+00,AH185KI,14370.19,7,AUBASA
pasadas_2026-07-15_5364164.csv,2026-07-01,13:43:46,2026-07-01 13:43:46+00,2026-07-01 16:43:46+00,AH351RT,13466.55,7,AUBASA
pasadas_2026-07-15_5364164.csv,2026-07-02,15:39:54,2026-07-02 15:39:54+00,2026-07-02 18:39:54+00,AG309CO,13466.55,7,AUBASA
pasadas_2026-07-15_5364164.csv,2026-07-13,13:27:47,2026-07-13 13:27:47+00,2026-07-13 16:27:47+00,AH033DL,11975.15,6,AUBASA
pasadas_2026-07-15_5364164.csv,2026-07-10,11:13:35,2026-07-10 11:13:35+00,2026-07-10 14:13:35+00,EXT374,11975.15,6,AUBASA
pasadas_2026-07-15_5364164.csv,2026-07-02,14:34:47,2026-07-02 14:34:47+00,2026-07-02 17:34:47+00,AG507DK,11222.12,6,AUBASA
pasadas_2026-07-15_5364164.csv,2026-07-01,17:36:00,2026-07-01 17:36:00+00,2026-07-01 20:36:00+00,AE751PA,14027.67,6,AUBASA
pasadas_2026-07-15_5364164.csv,2026-07-01,08:10:51,2026-07-01 08:10:51+00,2026-07-01 11:10:51+00,AH729QW,16833.20,7,AUBASA
pasadas_2026-07-15_5364164.csv,2026-07-03,21:02:44,2026-07-03 21:02:44+00,2026-07-04 00:02:44+00,AG916MK,13466.55,7,AUBASA
pasadas_2026-07-15_5364164.csv,2026-07-06,18:23:26,2026-07-06 18:23:26+00,2026-07-06 21:23:26+00,AH185KI,16833.20,7,AUBASA
pasadas_2026-07-15_5364164.csv,2026-07-06,05:35:42,2026-07-06 05:35:42+00,2026-07-06 08:35:42+00,AF791ER,11222.12,6,AUBASA
pasadas_2026-07-15_5364164.csv,2026-07-06,05:40:33,2026-07-06 05:40:33+00,2026-07-06 08:40:33+00,AH351RT,13466.55,7,AUBASA
pasadas_2026-07-15_5364164.csv,2026-07-08,06:34:44,2026-07-08 06:34:44+00,2026-07-08 09:34:44+00,OWG130,11222.12,6,AUBASA
pasadas_2026-07-15_5364164.csv,2026-07-10,05:36:33,2026-07-10 05:36:33+00,2026-07-10 08:36:33+00,AF436WI,14370.19,7,AUBASA
pasadas_2026-07-15_5364164.csv,2026-07-01,10:09:01,2026-07-01 10:09:01+00,2026-07-01 13:09:01+00,AB247VR,11222.12,6,AUBASA
pasadas_2026-07-15_5364164.csv,2026-07-13,05:45:20,2026-07-13 05:45:20+00,2026-07-13 08:45:20+00,AH033DL,11975.15,6,AUBASA
pasadas_2026-07-15_5364164.csv,2026-07-01,17:52:00,2026-07-01 17:52:00+00,2026-07-01 20:52:00+00,AH543IQ,16833.20,7,AUBASA
pasadas_2026-07-15_5364164.csv,2026-07-01,18:07:50,2026-07-01 18:07:50+00,2026-07-01 21:07:50+00,AF202UU,16833.20,7,AUBASA
pasadas_2026-07-15_5364164.csv,2026-07-02,13:39:03,2026-07-02 13:39:03+00,2026-07-02 16:39:03+00,AF202UU,13466.55,7,AUBASA
pasadas_2026-07-15_5364164.csv,2026-07-03,13:32:01,2026-07-03 13:32:01+00,2026-07-03 16:32:01+00,AH185KI,13466.55,7,AUBASA
pasadas_2026-07-15_5364164.csv,2026-07-04,00:11:27,2026-07-04 00:11:27+00,2026-07-04 03:11:27+00,AH351RT,13466.55,7,AUBASA
pasadas_2026-07-15_5364164.csv,2026-07-06,02:14:34,2026-07-06 02:14:34+00,2026-07-06 05:14:34+00,AF103ZL,11222.12,6,AUBASA
pasadas_2026-07-15_5364164.csv,2026-07-07,14:51:26,2026-07-07 14:51:26+00,2026-07-07 17:51:26+00,AH729QW,13466.55,7,AUBASA
pasadas_2026-07-15_5364164.csv,2026-07-08,20:05:32,2026-07-08 20:05:32+00,2026-07-08 23:05:32+00,AG309CO,13466.55,7,AUBASA
pasadas_2026-07-15_5364164.csv,2026-07-10,02:14:34,2026-07-10 02:14:34+00,2026-07-10 05:14:34+00,AH351RT,14370.19,7,AUBASA
pasadas_2026-07-15_5364164.csv,2026-07-08,15:00:12,2026-07-08 15:00:12+00,2026-07-08 18:00:12+00,AH185KI,13466.55,7,AUBASA
pasadas_2026-07-15_5364164.csv,2026-07-10,07:52:30,2026-07-10 07:52:30+00,2026-07-10 10:52:30+00,EXT374,14968.96,6,AUBASA
pasadas_2026-07-15_5364164.csv,2026-07-13,12:11:22,2026-07-13 12:11:22+00,2026-07-13 15:11:22+00,AB456CP,11975.15,6,AUBASA
pasadas_2026-07-15_5364164.csv,2026-07-13,20:29:59,2026-07-13 20:29:59+00,2026-07-13 23:29:59+00,AB151SM,11975.15,6,AUBASA
pasadas_2026-07-15_5364164.csv,2026-07-14,11:59:16,2026-07-14 11:59:16+00,2026-07-14 14:59:16+00,AH185KI,14370.19,7,AUBASA
pasadas_2026-07-15_5364164.csv,2026-07-14,14:44:30,2026-07-14 14:44:30+00,2026-07-14 17:44:30+00,AD625QB,11975.15,6,AUBASA
pasadas_2026-07-15_5364164.csv,2026-07-12,21:06:11,2026-07-12 21:06:11+00,2026-07-13 00:06:11+00,AG916MK,14370.19,7,AUBASA
pasadas_2026-07-15_5364164.csv,2026-07-13,00:30:51,2026-07-13 00:30:51+00,2026-07-13 03:30:51+00,AG939HR,14370.19,7,AUBASA
pasadas_2026-07-15_5364164.csv,2026-07-13,04:43:34,2026-07-13 04:43:34+00,2026-07-13 07:43:34+00,AH351RT,14370.19,7,AUBASA
pasadas_2026-07-15_5364164.csv,2026-07-02,04:06:02,2026-07-02 04:06:02+00,2026-07-02 07:06:02+00,AG916MK,13466.55,7,AUBASA
pasadas_2026-07-15_5364164.csv,2026-07-14,11:55:41,2026-07-14 11:55:41+00,2026-07-14 14:55:41+00,AF091AI,14370.19,7,AUBASA
pasadas_2026-07-15_5364164.csv,2026-07-05,21:45:52,2026-07-05 21:45:52+00,2026-07-06 00:45:52+00,AG507DK,11222.12,6,AUBASA
pasadas_2026-07-15_5364164.csv,2026-07-15,04:50:17,2026-07-15 04:50:17+00,2026-07-15 07:50:17+00,AE469PH,11975.15,6,AUBASA
pasadas_2026-07-15_5364164.csv,2026-07-15,20:11:48,2026-07-15 20:11:48+00,2026-07-15 23:11:48+00,AG507DK,11975.15,6,AUBASA
pasadas_2026-07-15_5364164.csv,2026-07-05,22:41:24,2026-07-05 22:41:24+00,2026-07-06 01:41:24+00,AG309CO,13466.55,7,AUBASA
pasadas_2026-07-15_5364164.csv,2026-07-05,22:51:30,2026-07-05 22:51:30+00,2026-07-06 01:51:30+00,AG939HR,13466.55,7,AUBASA
pasadas_2026-07-15_5364164.csv,2026-07-06,01:39:31,2026-07-06 01:39:31+00,2026-07-06 04:39:31+00,AG893YR,13466.55,7,AUBASA
pasadas_2026-07-15_5364164.csv,2026-07-06,02:49:01,2026-07-06 02:49:01+00,2026-07-06 05:49:01+00,AF231PZ,11222.12,6,AUBASA
pasadas_2026-07-15_5364164.csv,2026-07-06,02:49:47,2026-07-06 02:49:47+00,2026-07-06 05:49:47+00,AE751PA,11222.12,6,AUBASA
pasadas_2026-07-15_5364164.csv,2026-07-07,13:18:09,2026-07-07 13:18:09+00,2026-07-07 16:18:09+00,AG893YR,13466.55,7,AUBASA
pasadas_2026-07-15_5364164.csv,2026-07-02,00:13:37,2026-07-02 00:13:37+00,2026-07-02 03:13:37+00,AG309CO,13466.55,7,AUBASA
pasadas_2026-07-15_5364164.csv,2026-07-08,20:25:43,2026-07-08 20:25:43+00,2026-07-08 23:25:43+00,AH729QW,13466.55,7,AUBASA
pasadas_2026-07-15_5364164.csv,2026-07-02,20:16:19,2026-07-02 20:16:19+00,2026-07-02 23:16:19+00,AF103ZL,11222.12,6,AUBASA
pasadas_2026-07-15_5364164.csv,2026-07-03,07:13:49,2026-07-03 07:13:49+00,2026-07-03 10:13:49+00,AF091AI,16833.20,7,AUBASA
pasadas_2026-07-15_5364164.csv,2026-07-03,12:27:49,2026-07-03 12:27:49+00,2026-07-03 15:27:49+00,AG939HR,13466.55,7,AUBASA
pasadas_2026-07-15_5364164.csv,2026-07-04,17:51:07,2026-07-04 17:51:07+00,2026-07-04 20:51:07+00,AH185KI,13466.55,7,AUBASA
pasadas_2026-07-15_5364164.csv,2026-07-04,22:22:23,2026-07-04 22:22:23+00,2026-07-05 01:22:23+00,AF103ZL,11222.12,6,AUBASA
pasadas_2026-07-15_5364164.csv,2026-07-01,00:26:34,2026-07-01 00:26:34+00,2026-07-01 03:26:34+00,AG916MK,13466.55,7,AUBASA
pasadas_2026-07-15_5364164.csv,2026-07-01,06:51:03,2026-07-01 06:51:03+00,2026-07-01 09:51:03+00,AH351RT,13466.55,7,AUBASA
pasadas_2026-07-15_5364164.csv,2026-07-06,21:53:53,2026-07-06 21:53:53+00,2026-07-07 00:53:53+00,AA561YA,11222.12,6,AUBASA
pasadas_2026-07-15_5364164.csv,2026-07-07,01:04:05,2026-07-07 01:04:05+00,2026-07-07 04:04:05+00,AG916MK,13466.55,7,AUBASA
pasadas_2026-07-15_5364164.csv,2026-07-07,13:51:20,2026-07-07 13:51:20+00,2026-07-07 16:51:20+00,AG309CO,13466.55,7,AUBASA
pasadas_2026-07-15_5364164.csv,2026-07-10,01:26:29,2026-07-10 01:26:29+00,2026-07-10 04:26:29+00,AG939HR,14370.19,7,AUBASA
pasadas_2026-07-15_5364164.csv,2026-07-14,12:42:47,2026-07-14 12:42:47+00,2026-07-14 15:42:47+00,AB456CU,11975.15,6,AUBASA
pasadas_2026-07-15_5364164.csv,2026-07-07,23:20:21,2026-07-07 23:20:21+00,2026-07-08 02:20:21+00,AH351RT,13466.55,7,AUBASA
pasadas_2026-07-15_5364164.csv,2026-07-08,09:52:55,2026-07-08 09:52:55+00,2026-07-08 12:52:55+00,AG939HR,16833.20,7,AUBASA
pasadas_2026-07-15_5364164.csv,2026-07-01,20:48:56,2026-07-01 20:48:56+00,2026-07-01 23:48:56+00,AH543IQ,26933.11,7,AUBASA
pasadas_2026-07-15_5364164.csv,2026-07-09,23:08:53,2026-07-09 23:08:53+00,2026-07-10 02:08:53+00,AG893YR,13466.55,7,AUBASA
pasadas_2026-07-15_5364164.csv,2026-07-02,12:22:45,2026-07-02 12:22:45+00,2026-07-02 15:22:45+00,AG309CO,26933.11,7,AUBASA
pasadas_2026-07-15_5364164.csv,2026-07-10,00:25:51,2026-07-10 00:25:51+00,2026-07-10 03:25:51+00,AG309CO,14370.19,7,AUBASA
pasadas_2026-07-15_5364164.csv,2026-07-12,21:37:18,2026-07-12 21:37:18+00,2026-07-13 00:37:18+00,AG893YR,14370.19,7,AUBASA
pasadas_2026-07-15_5364164.csv,2026-07-11,11:54:13,2026-07-11 11:54:13+00,2026-07-11 14:54:13+00,AG309CO,28740.39,7,AUBASA
pasadas_2026-07-15_5364164.csv,2026-07-11,11:54:53,2026-07-11 11:54:53+00,2026-07-11 14:54:53+00,AF436WI,28740.39,7,AUBASA
pasadas_2026-07-15_5364164.csv,2026-07-01,22:02:14,2026-07-01 22:02:14+00,2026-07-02 01:02:14+00,AG939HR,13466.55,7,AUBASA
pasadas_2026-07-15_5364164.csv,2026-07-08,20:04:30,2026-07-08 20:04:30+00,2026-07-08 23:04:30+00,AG893YR,13466.55,7,AUBASA
pasadas_2026-07-15_5364164.csv,2026-07-04,22:22:32,2026-07-04 22:22:32+00,2026-07-05 01:22:32+00,AH543IQ,13466.55,7,AUBASA
pasadas_2026-07-15_5364164.csv,2026-07-06,01:40:15,2026-07-06 01:40:15+00,2026-07-06 04:40:15+00,AH729QW,13466.55,7,AUBASA
pasadas_2026-07-15_5364164.csv,2026-07-01,10:15:25,2026-07-01 10:15:25+00,2026-07-01 13:15:25+00,AH351RT,26933.11,7,AUBASA
pasadas_2026-07-15_5364164.csv,2026-07-04,21:20:29,2026-07-04 21:20:29+00,2026-07-05 00:20:29+00,AH185KI,26933.11,7,AUBASA
pasadas_2026-07-15_5364164.csv,2026-07-06,10:39:00,2026-07-06 10:39:00+00,2026-07-06 13:39:00+00,AG893YR,26933.11,7,AUBASA
pasadas_2026-07-15_5364164.csv,2026-07-04,12:58:21,2026-07-04 12:58:21+00,2026-07-04 15:58:21+00,AH351RT,26933.11,7,AUBASA
pasadas_2026-07-15_5364164.csv,2026-07-06,12:38:07,2026-07-06 12:38:07+00,2026-07-06 15:38:07+00,AF791ER,22444.27,6,AUBASA
pasadas_2026-07-15_5364164.csv,2026-07-01,05:08:07,2026-07-01 05:08:07+00,2026-07-01 08:08:07+00,AG916MK,26933.11,7,AUBASA
pasadas_2026-07-15_5364164.csv,2026-07-12,20:29:42,2026-07-12 20:29:42+00,2026-07-12 23:29:42+00,AF202UU,14370.19,7,AUBASA
pasadas_2026-07-15_5364164.csv,2026-07-12,21:05:38,2026-07-12 21:05:38+00,2026-07-13 00:05:38+00,AG309CO,14370.19,7,AUBASA
pasadas_2026-07-15_5364164.csv,2026-07-06,12:38:25,2026-07-06 12:38:25+00,2026-07-06 15:38:25+00,AH351RT,26933.11,7,AUBASA
pasadas_2026-07-15_5364164.csv,2026-07-06,13:40:33,2026-07-06 13:40:33+00,2026-07-06 16:40:33+00,AG507DK,22444.27,6,AUBASA
pasadas_2026-07-15_5364164.csv,2026-07-15,04:54:34,2026-07-15 04:54:34+00,2026-07-15 07:54:34+00,AD625QA,11975.15,6,AUBASA
pasadas_2026-07-15_5364164.csv,2026-07-15,18:30:43,2026-07-15 18:30:43+00,2026-07-15 21:30:43+00,AG916MK,17962.75,7,AUBASA
pasadas_2026-07-15_5364164.csv,2026-07-07,18:31:05,2026-07-07 18:31:05+00,2026-07-07 21:31:05+00,AG309CO,33666.39,7,AUBASA
pasadas_2026-07-15_5364164.csv,2026-07-01,02:16:53,2026-07-01 02:16:53+00,2026-07-01 05:16:53+00,AH729QW,26933.11,7,AUBASA
pasadas_2026-07-15_5364164.csv,2026-07-13,01:36:06,2026-07-13 01:36:06+00,2026-07-13 04:36:06+00,AG916MK,28740.39,7,AUBASA
pasadas_2026-07-15_5364164.csv,2026-07-13,01:54:19,2026-07-13 01:54:19+00,2026-07-13 04:54:19+00,AG309CO,28740.39,7,AUBASA
pasadas_2026-07-15_5364164.csv,2026-07-06,08:43:17,2026-07-06 08:43:17+00,2026-07-06 11:43:17+00,AG309CO,33666.39,7,AUBASA
pasadas_2026-07-15_5364164.csv,2026-07-06,10:38:53,2026-07-06 10:38:53+00,2026-07-06 13:38:53+00,AH729QW,26933.11,7,AUBASA
pasadas_2026-07-15_5364164.csv,2026-07-07,02:35:10,2026-07-07 02:35:10+00,2026-07-07 05:35:10+00,AH185KI,26933.11,7,AUBASA
pasadas_2026-07-15_5364164.csv,2026-07-06,11:06:36,2026-07-06 11:06:36+00,2026-07-06 14:06:36+00,AF103ZL,22444.27,6,AUBASA
pasadas_2026-07-15_5364164.csv,2026-07-07,12:08:48,2026-07-07 12:08:48+00,2026-07-07 15:08:48+00,AG916MK,26933.11,7,AUBASA
pasadas_2026-07-15_5364164.csv,2026-07-02,18:53:39,2026-07-02 18:53:39+00,2026-07-02 21:53:39+00,AG916MK,33666.39,7,AUBASA
pasadas_2026-07-15_5364164.csv,2026-07-08,21:07:19,2026-07-08 21:07:19+00,2026-07-09 00:07:19+00,AH185KI,26933.11,7,AUBASA
pasadas_2026-07-15_5364164.csv,2026-07-09,00:27:00,2026-07-09 00:27:00+00,2026-07-09 03:27:00+00,AG309CO,26933.11,7,AUBASA
pasadas_2026-07-15_5364164.csv,2026-07-02,22:05:18,2026-07-02 22:05:18+00,2026-07-03 01:05:18+00,AH351RT,26933.11,7,AUBASA
pasadas_2026-07-15_5364164.csv,2026-07-04,01:51:13,2026-07-04 01:51:13+00,2026-07-04 04:51:13+00,AG916MK,26933.11,7,AUBASA
pasadas_2026-07-15_5364164.csv,2026-07-09,00:44:58,2026-07-09 00:44:58+00,2026-07-09 03:44:58+00,AG893YR,26933.11,7,AUBASA
pasadas_2026-07-15_5364164.csv,2026-07-13,01:35:30,2026-07-13 01:35:30+00,2026-07-13 04:35:30+00,AG893YR,28740.39,7,AUBASA
pasadas_2026-07-15_5364164.csv,2026-07-06,10:05:54,2026-07-06 10:05:54+00,2026-07-06 13:05:54+00,AG939HR,26933.11,7,AUBASA
pasadas_2026-07-15_5364164.csv,2026-07-02,10:13:40,2026-07-02 10:13:40+00,2026-07-02 13:13:40+00,AG939HR,26933.11,7,AUBASA
pasadas_2026-07-15_5364164.csv,2026-07-01,21:33:18,2026-07-01 21:33:18+00,2026-07-02 00:33:18+00,AF202UU,26933.11,7,AUBASA
pasadas_2026-07-15_5364164.csv,2026-07-03,14:01:23,2026-07-03 14:01:23+00,2026-07-03 17:01:23+00,AF103ZL,22444.27,6,AUBASA
pasadas_2026-07-15_5364164.csv,2026-07-05,09:25:00,2026-07-05 09:25:00+00,2026-07-05 12:25:00+00,AH543IQ,26933.11,7,AUBASA
pasadas_2026-07-15_5364164.csv,2026-07-01,10:34:41,2026-07-01 10:34:41+00,2026-07-01 13:34:41+00,AB247VR,11222.12,6,AUBASA
pasadas_2026-07-15_5364164.csv,2026-07-01,18:29:47,2026-07-01 18:29:47+00,2026-07-01 21:29:47+00,AF202UU,16833.20,7,AUBASA
pasadas_2026-07-15_5364164.csv,2026-07-07,18:32:42,2026-07-07 18:32:42+00,2026-07-07 21:32:42+00,AG893YR,33666.39,7,AUBASA
pasadas_2026-07-15_5364164.csv,2026-07-07,18:33:03,2026-07-07 18:33:03+00,2026-07-07 21:33:03+00,AH729QW,33666.39,7,AUBASA
pasadas_2026-07-15_5364164.csv,2026-07-08,19:35:18,2026-07-08 19:35:18+00,2026-07-08 22:35:18+00,AG939HR,33666.39,7,AUBASA
pasadas_2026-07-15_5364164.csv,2026-07-13,10:25:30,2026-07-13 10:25:30+00,2026-07-13 13:25:30+00,AF202UU,28740.39,7,AUBASA
pasadas_2026-07-15_5364164.csv,2026-07-14,14:25:50,2026-07-14 14:25:50+00,2026-07-14 17:25:50+00,AB151SM,23950.33,6,AUBASA
pasadas_2026-07-15_5364164.csv,2026-07-15,14:15:49,2026-07-15 14:15:49+00,2026-07-15 17:15:49+00,AB456CU,23950.33,6,AUBASA
pasadas_2026-07-15_5364164.csv,2026-07-09,00:44:59,2026-07-09 00:44:59+00,2026-07-09 03:44:59+00,AH729QW,26933.11,7,AUBASA
pasadas_2026-07-15_5364164.csv,2026-07-07,08:06:33,2026-07-07 08:06:33+00,2026-07-07 11:06:33+00,AA561YA,14027.67,6,AUBASA
pasadas_2026-07-15_5364164.csv,2026-07-10,12:13:51,2026-07-10 12:13:51+00,2026-07-10 15:13:51+00,AG939HR,28740.39,7,AUBASA
pasadas_2026-07-15_5364164.csv,2026-07-06,05:59:13,2026-07-06 05:59:13+00,2026-07-06 08:59:13+00,AH351RT,13466.55,7,AUBASA
pasadas_2026-07-15_5364164.csv,2026-07-02,00:32:18,2026-07-02 00:32:18+00,2026-07-02 03:32:18+00,AG309CO,13466.55,7,AUBASA
pasadas_2026-07-15_5364164.csv,2026-07-14,12:33:29,2026-07-14 12:33:29+00,2026-07-14 15:33:29+00,AG249HS,4790.06,2,AUBASA
pasadas_2026-07-15_5364164.csv,2026-07-02,14:16:12,2026-07-02 14:16:12+00,2026-07-02 17:16:12+00,AH351RT,13466.55,7,AUBASA
pasadas_2026-07-15_5364164.csv,2026-07-01,07:09:50,2026-07-01 07:09:50+00,2026-07-01 10:09:50+00,AH351RT,16833.20,7,AUBASA
pasadas_2026-07-15_5364164.csv,2026-07-04,22:41:49,2026-07-04 22:41:49+00,2026-07-05 01:41:49+00,AH543IQ,13466.55,7,AUBASA
pasadas_2026-07-15_5364164.csv,2026-07-04,22:42:55,2026-07-04 22:42:55+00,2026-07-05 01:42:55+00,AF103ZL,11222.12,6,AUBASA
pasadas_2026-07-15_5364164.csv,2026-07-03,14:01:41,2026-07-03 14:01:41+00,2026-07-03 17:01:41+00,AF436WI,13466.55,7,AUBASA
pasadas_2026-07-15_5364164.csv,2026-07-03,21:21:39,2026-07-03 21:21:39+00,2026-07-04 00:21:39+00,AG916MK,13466.55,7,AUBASA
pasadas_2026-07-15_5364164.csv,2026-07-05,22:59:59,2026-07-05 22:59:59+00,2026-07-06 01:59:59+00,AG309CO,13466.55,7,AUBASA
pasadas_2026-07-15_5364164.csv,2026-07-06,02:02:17,2026-07-06 02:02:17+00,2026-07-06 05:02:17+00,AH729QW,13466.55,7,AUBASA
pasadas_2026-07-15_5364164.csv,2026-07-06,02:36:15,2026-07-06 02:36:15+00,2026-07-06 05:36:15+00,AF103ZL,11222.12,6,AUBASA
pasadas_2026-07-15_5364164.csv,2026-07-06,05:56:28,2026-07-06 05:56:28+00,2026-07-06 08:56:28+00,AF791ER,11222.12,6,AUBASA
pasadas_2026-07-15_5364164.csv,2026-07-08,20:27:31,2026-07-08 20:27:31+00,2026-07-08 23:27:31+00,AG309CO,13466.55,7,AUBASA
pasadas_2026-07-15_5364164.csv,2026-07-12,21:24:06,2026-07-12 21:24:06+00,2026-07-13 00:24:06+00,AG309CO,14370.19,7,AUBASA
pasadas_2026-07-15_5364164.csv,2026-07-13,12:35:34,2026-07-13 12:35:34+00,2026-07-13 15:35:34+00,AB456CP,11975.15,6,AUBASA
pasadas_2026-07-15_5364164.csv,2026-07-01,00:46:17,2026-07-01 00:46:17+00,2026-07-01 03:46:17+00,AG916MK,13466.55,7,AUBASA
pasadas_2026-07-15_5364164.csv,2026-07-01,18:14:54,2026-07-01 18:14:54+00,2026-07-01 21:14:54+00,AH543IQ,16833.20,7,AUBASA
pasadas_2026-07-15_5364164.csv,2026-07-07,14:09:43,2026-07-07 14:09:43+00,2026-07-07 17:09:43+00,AG309CO,13466.55,7,AUBASA
pasadas_2026-07-15_5364164.csv,2026-07-02,04:24:52,2026-07-02 04:24:52+00,2026-07-02 07:24:52+00,AG916MK,13466.55,7,AUBASA
pasadas_2026-07-15_5364164.csv,2026-07-07,23:40:24,2026-07-07 23:40:24+00,2026-07-08 02:40:24+00,AH351RT,13466.55,7,AUBASA
pasadas_2026-07-15_5364164.csv,2026-07-03,11:53:28,2026-07-03 11:53:28+00,2026-07-03 14:53:28+00,AH543IQ,13466.55,7,AUBASA
pasadas_2026-07-15_5364164.csv,2026-07-03,12:01:44,2026-07-03 12:01:44+00,2026-07-03 15:01:44+00,AG309CO,13466.55,7,AUBASA
pasadas_2026-07-15_5364164.csv,2026-07-03,13:50:23,2026-07-03 13:50:23+00,2026-07-03 16:50:23+00,AH185KI,13466.55,7,AUBASA
pasadas_2026-07-15_5364164.csv,2026-07-04,00:30:37,2026-07-04 00:30:37+00,2026-07-04 03:30:37+00,AH351RT,13466.55,7,AUBASA
pasadas_2026-07-15_5364164.csv,2026-07-05,22:04:33,2026-07-05 22:04:33+00,2026-07-06 01:04:33+00,AG507DK,11222.12,6,AUBASA
pasadas_2026-07-15_5364164.csv,2026-07-15,20:33:46,2026-07-15 20:33:46+00,2026-07-15 23:33:46+00,AG507DK,11975.15,6,AUBASA
pasadas_2026-07-15_5364164.csv,2026-07-08,15:18:22,2026-07-08 15:18:22+00,2026-07-08 18:18:22+00,AH185KI,13466.55,7,AUBASA
pasadas_2026-07-15_5364164.csv,2026-07-10,00:45:16,2026-07-10 00:45:16+00,2026-07-10 03:45:16+00,AG309CO,14370.19,7,AUBASA
pasadas_2026-07-15_5364164.csv,2026-07-10,02:33:12,2026-07-10 02:33:12+00,2026-07-10 05:33:12+00,AH351RT,14370.19,7,AUBASA
pasadas_2026-07-15_5364164.csv,2026-07-10,05:56:29,2026-07-10 05:56:29+00,2026-07-10 08:56:29+00,AF436WI,14370.19,7,AUBASA
pasadas_2026-07-15_5364164.csv,2026-07-12,21:26:30,2026-07-12 21:26:30+00,2026-07-13 00:26:30+00,AG916MK,14370.19,7,AUBASA
pasadas_2026-07-15_5364164.csv,2026-07-13,00:53:26,2026-07-13 00:53:26+00,2026-07-13 03:53:26+00,AG939HR,14370.19,7,AUBASA
pasadas_2026-07-15_5364164.csv,2026-07-13,05:02:20,2026-07-13 05:02:20+00,2026-07-13 08:02:20+00,AH351RT,14370.19,7,AUBASA
pasadas_2026-07-15_5364164.csv,2026-07-13,21:09:07,2026-07-13 21:09:07+00,2026-07-14 00:09:07+00,AB151SM,11975.15,6,AUBASA
pasadas_2026-07-15_5364164.csv,2026-07-15,05:14:12,2026-07-15 05:14:12+00,2026-07-15 08:14:12+00,AD625QA,11975.15,6,AUBASA
pasadas_2026-07-15_5364164.csv,2026-07-04,18:09:25,2026-07-04 18:09:25+00,2026-07-04 21:09:25+00,AH185KI,13466.55,7,AUBASA
pasadas_2026-07-15_5364164.csv,2026-07-06,18:56:24,2026-07-06 18:56:24+00,2026-07-06 21:56:24+00,AH185KI,16833.20,7,AUBASA
pasadas_2026-07-15_5364164.csv,2026-07-07,01:26:37,2026-07-07 01:26:37+00,2026-07-07 04:26:37+00,AG916MK,13466.55,7,AUBASA
pasadas_2026-07-15_5364164.csv,2026-07-07,15:10:03,2026-07-07 15:10:03+00,2026-07-07 18:10:03+00,AH729QW,13466.55,7,AUBASA
pasadas_2026-07-15_5364164.csv,2026-07-12,20:49:12,2026-07-12 20:49:12+00,2026-07-12 23:49:12+00,AF202UU,14370.19,7,AUBASA
pasadas_2026-07-15_5364164.csv,2026-07-05,23:11:21,2026-07-05 23:11:21+00,2026-07-06 02:11:21+00,AG939HR,13466.55,7,AUBASA
pasadas_2026-07-15_5364164.csv,2026-07-09,23:28:13,2026-07-09 23:28:13+00,2026-07-10 02:28:13+00,AG893YR,13466.55,7,AUBASA
pasadas_2026-07-15_5364164.csv,2026-07-01,22:21:38,2026-07-01 22:21:38+00,2026-07-02 01:21:38+00,AG939HR,13466.55,7,AUBASA
pasadas_2026-07-15_5364164.csv,2026-07-03,12:47:26,2026-07-03 12:47:26+00,2026-07-03 15:47:26+00,AG939HR,13466.55,7,AUBASA
pasadas_2026-07-15_5364164.csv,2026-07-06,02:00:42,2026-07-06 02:00:42+00,2026-07-06 05:00:42+00,AG893YR,13466.55,7,AUBASA
pasadas_2026-07-15_5364164.csv,2026-07-03,17:15:19,2026-07-03 17:15:19+00,2026-07-03 20:15:19+00,AG309CO,16833.20,7,AUBASA
pasadas_2026-07-15_5364164.csv,2026-07-07,13:37:22,2026-07-07 13:37:22+00,2026-07-07 16:37:22+00,AG893YR,13466.55,7,AUBASA
pasadas_2026-07-15_5364164.csv,2026-07-08,10:14:30,2026-07-08 10:14:30+00,2026-07-08 13:14:30+00,AG939HR,13466.55,7,AUBASA
pasadas_2026-07-15_5364164.csv,2026-07-08,20:27:20,2026-07-08 20:27:20+00,2026-07-08 23:27:20+00,AG893YR,13466.55,7,AUBASA
pasadas_2026-07-15_5364164.csv,2026-07-03,18:12:40,2026-07-03 18:12:40+00,2026-07-03 21:12:40+00,AF436WI,16833.20,7,AUBASA
pasadas_2026-07-15_5364164.csv,2026-07-03,18:14:51,2026-07-03 18:14:51+00,2026-07-03 21:14:51+00,AH543IQ,16833.20,7,AUBASA
pasadas_2026-07-15_5364164.csv,2026-07-03,19:10:08,2026-07-03 19:10:08+00,2026-07-03 22:10:08+00,AH185KI,16833.20,7,AUBASA
pasadas_2026-07-15_5364164.csv,2026-07-07,18:04:54,2026-07-07 18:04:54+00,2026-07-07 21:04:54+00,AA561YA,14027.67,6,AUBASA
pasadas_2026-07-15_5364164.csv,2026-07-08,12:22:40,2026-07-08 12:22:40+00,2026-07-08 15:22:40+00,AH351RT,13466.55,7,AUBASA
pasadas_2026-07-15_5364164.csv,2026-07-10,15:50:57,2026-07-10 15:50:57+00,2026-07-10 18:50:57+00,AH351RT,14370.19,7,AUBASA
pasadas_2026-07-15_5364164.csv,2026-07-13,13:51:25,2026-07-13 13:51:25+00,2026-07-13 16:51:25+00,AG939HR,14370.19,7,AUBASA
pasadas_2026-07-15_5364164.csv,2026-07-13,16:55:33,2026-07-13 16:55:33+00,2026-07-13 19:55:33+00,AH351RT,14370.19,7,AUBASA
pasadas_2026-07-15_5364164.csv,2026-07-08,20:50:24,2026-07-08 20:50:24+00,2026-07-08 23:50:24+00,AH729QW,13466.55,7,AUBASA
pasadas_2026-07-15_5364164.csv,2026-07-15,22:28:08,2026-07-15 22:28:08+00,2026-07-16 01:28:08+00,AC812DO,31427.15,5,AUBASA
pasadas_2026-07-15_5364164.csv,2026-07-15,15:59:36,2026-07-15 15:59:36+00,2026-07-15 18:59:36+00,AD625QA,31427.15,5,AUBASA
pasadas_2026-07-15_5364164.csv,2026-07-14,13:56:59,2026-07-14 13:56:59+00,2026-07-14 16:56:59+00,AB456CU,11975.15,6,AUBASA
pasadas_2026-07-15_5364164.csv,2026-07-10,01:55:55,2026-07-10 01:55:55+00,2026-07-10 04:55:55+00,AG939HR,14370.19,7,AUBASA
pasadas_2026-07-15_5364164.csv,2026-07-15,18:30:36,2026-07-15 18:30:36+00,2026-07-15 21:30:36+00,AD625QA,31427.15,5,AUBASA
pasadas_2026-07-15_5364164.csv,2026-07-15,09:46:50,2026-07-15 09:46:50+00,2026-07-15 12:46:50+00,AD625QA,31427.15,5,AUBASA
pasadas_2026-07-15_5364164.csv,2026-07-12,21:55:55,2026-07-12 21:55:55+00,2026-07-13 00:55:55+00,AG893YR,14370.19,7,AUBASA
pasadas_2026-07-15_5364164.csv,2026-07-15,06:13:13,2026-07-15 06:13:13+00,2026-07-15 09:13:13+00,AD625QA,31427.15,5,AUBASA
pasadas_2026-07-15_5364165.csv,2026-07-14,15:54:17,2026-07-14 15:54:17+00,2026-07-14 18:54:17+00,AF993HA,14370.19,7,AUBASA
pasadas_2026-07-15_5364165.csv,2026-07-13,05:42:45,2026-07-13 05:42:45+00,2026-07-13 08:42:45+00,AI178ER,14370.19,7,AUBASA
pasadas_2026-07-15_5364165.csv,2026-07-04,22:25:43,2026-07-04 22:25:43+00,2026-07-05 01:25:43+00,AF993HA,13466.55,7,AUBASA
pasadas_2026-07-15_5364165.csv,2026-07-14,12:40:58,2026-07-14 12:40:58+00,2026-07-14 15:40:58+00,AF993HA,14370.19,7,AUBASA
pasadas_2026-07-15_5364165.csv,2026-07-13,02:16:31,2026-07-13 02:16:31+00,2026-07-13 05:16:31+00,AI348TS,4790.06,2,AUBASA
pasadas_2026-07-15_5364165.csv,2026-07-04,22:44:42,2026-07-04 22:44:42+00,2026-07-05 01:44:42+00,AF993HA,13466.55,7,AUBASA
pasadas_2026-07-15_5364165.csv,2026-07-06,14:15:27,2026-07-06 14:15:27+00,2026-07-06 17:15:27+00,AF993HA,13466.55,7,AUBASA
pasadas_2026-07-15_5364165.csv,2026-07-02,16:38:53,2026-07-02 16:38:53+00,2026-07-02 19:38:53+00,AF993HA,13466.55,7,AUBASA
pasadas_2026-07-15_5364165.csv,2026-07-12,21:37:15,2026-07-12 21:37:15+00,2026-07-13 00:37:15+00,AI348TS,2395.04,2,AUBASA
pasadas_2026-07-15_5364165.csv,2026-07-09,23:09:11,2026-07-09 23:09:11+00,2026-07-10 02:09:11+00,AI348TS,2244.43,2,AUBASA
pasadas_2026-07-15_5364165.csv,2026-07-06,13:03:41,2026-07-06 13:03:41+00,2026-07-06 16:03:41+00,AI348TS,2244.43,2,AUBASA
pasadas_2026-07-15_5364165.csv,2026-07-01,05:17:18,2026-07-01 05:17:18+00,2026-07-01 08:17:18+00,AI042WD,11222.12,6,AUBASA
pasadas_2026-07-15_5364165.csv,2026-07-13,13:58:27,2026-07-13 13:58:27+00,2026-07-13 16:58:27+00,AI178ER,14370.19,7,AUBASA
pasadas_2026-07-15_5364165.csv,2026-07-08,18:29:53,2026-07-08 18:29:53+00,2026-07-08 21:29:53+00,AI348TS,5611.06,2,AUBASA
pasadas_2026-07-15_5364165.csv,2026-07-06,21:11:20,2026-07-06 21:11:20+00,2026-07-07 00:11:20+00,AI348TS,4488.85,2,AUBASA
pasadas_2026-07-15_5364165.csv,2026-07-14,,,,AF993HA,14370.19,7,AUBASA
pasadas_2026-07-15_5364165.csv,2026-07-14,,,,AF993HA,14370.19,7,AUBASA
pasadas_2026-07-15_5364165.csv,2026-07-12,21:55:48,2026-07-12 21:55:48+00,2026-07-13 00:55:48+00,AI348TS,2395.04,2,AUBASA
pasadas_2026-07-15_5364165.csv,2026-07-09,23:27:55,2026-07-09 23:27:55+00,2026-07-10 02:27:55+00,AI348TS,2244.43,2,AUBASA
pasadas_2026-07-15_5364165.csv,2026-07-08,10:17:31,2026-07-08 10:17:31+00,2026-07-08 13:17:31+00,AI348TS,2244.43,2,AUBASA
pasadas_2026-07-15_5364165.csv,2026-07-07,11:23:42,2026-07-07 11:23:42+00,2026-07-07 14:23:42+00,AF993HA,26933.11,7,AUBASA
pasadas_2026-07-15_5364165.csv,2026-07-08,09:57:31,2026-07-08 09:57:31+00,2026-07-08 12:57:31+00,AI348TS,2805.54,2,AUBASA
pasadas_2026-07-15_5364165.csv,2026-07-05,18:46:21,2026-07-05 18:46:21+00,2026-07-05 21:46:21+00,AF993HA,13466.55,7,AUBASA
pasadas_2026-07-15_5364165.csv,2026-07-01,16:33:12,2026-07-01 16:33:12+00,2026-07-01 19:33:12+00,AI042WD,11222.12,6,AUBASA
pasadas_2026-07-15_5364165.csv,2026-07-08,21:10:13,2026-07-08 21:10:13+00,2026-07-09 00:10:13+00,AI348TS,2244.43,2,AUBASA
pasadas_2026-07-15_5364165.csv,2026-07-06,14:34:09,2026-07-06 14:34:09+00,2026-07-06 17:34:09+00,AF993HA,13466.55,7,AUBASA
pasadas_2026-07-15_5364165.csv,2026-07-06,13:23:36,2026-07-06 13:23:36+00,2026-07-06 16:23:36+00,AI348TS,2244.43,2,AUBASA
pasadas_2026-07-15_5364165.csv,2026-07-02,17:25:56,2026-07-02 17:25:56+00,2026-07-02 20:25:56+00,AF993HA,16833.20,7,AUBASA
pasadas_2026-07-15_5364165.csv,2026-07-01,12:18:17,2026-07-01 12:18:17+00,2026-07-01 15:18:17+00,AF993HA,26933.11,7,AUBASA
pasadas_2026-07-15_5364165.csv,2026-07-14,02:57:30,2026-07-14 02:57:30+00,2026-07-14 05:57:30+00,AF993HA,28740.39,7,AUBASA
pasadas_2026-07-15_5364165.csv,2026-07-10,10:54:13,2026-07-10 10:54:13+00,2026-07-10 13:54:13+00,AI348TS,4790.06,2,AUBASA
