id,file_name,patente,tarifa,categoria,concesion
00027e96-2671-4196-9963-6c4b484dfa95,pasadas_2026-07-23_5009A02044703.csv,AH351RT,15255.79,9,AUSA
0009cedd-4e0a-4173-868e-fbc78ed9532d,pasadas_2026-07-08_5009A02027769.csv,AB456CQ,6044.83,8,AUSA
002f16dc-35b9-41e5-915c-6aeb9a63f300,pasadas_2026-07-16_493556.csv,AF993HK,3976.59,6,AUSOL
005e08b2-35ef-4875-85de-af05476e697a,pasadas_2026-07-22_1947768.csv,AD625QB,17400.00,5,SANTAFE
009b717a-5a0e-4d2c-9efe-cc15f17dcfe2,pasadas_2026-07-29_5009A02060191.csv,AF436WI,15255.79,7,AUSA
00e3617f-a698-4b02-862e-8ce074db12b0,pasadas_2026-07-29_5009A02052902.csv,AI348TS,2035.11,2,AUSA
00ec93ba-7c2e-4f47-8fd9-ca3ad4676398,pasadas_2026-07-08_5009A02027769.csv,AB456CQ,16982.69,8,AUSA
01652fe1-d8b5-46bb-9ed0-e1fa14326ed8,pasadas_2026-07-15_5009A02037803.csv,AC264UA,15255.79,7,AUSA
01693c27-be66-4412-9018-0a516ba135f6,pasadas_2026-07-16_493556.csv,AD625QB,3976.59,6,AUSOL
0171484a-dc35-44e9-a00b-facd17773ca3,pasadas_2026-07-16_343555.csv,AD985XP,4771.95,6,AUTO-OESTE
019cac13-88b9-4978-a318-d14a46912341,pasadas_2026-07-16_343555.csv,OWG130,4771.95,6,AUTO-OESTE
019def71-1c85-493a-973f-5dcc0888a042,pasadas_2026-07-16_343555.csv,AH543IQ,5964.94,7,AUTO-OESTE
01dba0b8-b9cf-4306-87c7-9a4f8afc50f6,pasadas_2026-07-03_3313955.csv,AE454PH,6500.00,7,CVSA
01f5bdcb-7cc8-488b-a4df-6af62f7ca754,pasadas_2026-07-22_1947768.csv,AG507DK,17400.00,5,SANTAFE
02051192-e85a-47a1-a7f6-d187f0148468,pasadas_2026-07-29_5009A02060191.csv,AH729QW,15255.79,9,AUSA
0218ea74-d0af-4951-94a3-bf2a82e5903d,pasadas_2026-07-29_5009A02060191.csv,AB456CQ,9935.82,7,AUSA
02528402-b0b2-4e99-85ba-5ce0cd36308b,pasadas_2026-07-08_5009A02027769.csv,AD985XP,5468.98,4,AUSA
0257c8fa-6083-4fa6-ab02-433768d6cfb7,pasadas_2026-07-16_493556.csv,AD667DM,3976.59,6,AUSOL
0258cfc7-26b0-431c-a484-2d34ec23c3f4,pasadas_2026-07-15_5009A02037803.csv,AH185KI,9935.82,9,AUSA
026f9c48-1622-4e01-af81-0a629983cd8a,pasadas_2026-07-03_3305880.csv,AI178ER,6500.00,7,CVSA
02ca0c9b-cd75-4da7-9ac0-d90c0ff90b93,pasadas_2026-07-15_5364164.csv,AG916MK,13466.55,7,AUBASA
031630b3-6a27-43a9-a6b7-486185f19345,pasadas_2026-07-29_5009A02052902.csv,AF993HA,6044.83,9,AUSA
03274bc7-f7b3-484b-a4bd-efdc07bfc879,pasadas_2026-07-16_343555.csv,AD625QA,3976.59,6,AUTO-OESTE
03426aff-a71e-4e90-a7be-df3436325bbe,pasadas_2026-07-08_5009A02027769.csv,AB633TZ,15255.79,7,AUSA
034bd015-40c3-4514-9c1e-e95f4831bb47,pasadas_2026-07-16_343555.csv,AD625QA,4771.95,6,AUTO-OESTE
039babe5-5acc-48f7-993f-db2347e9cefe,pasadas_2026-07-29_5009A02060191.csv,AB247VR,9935.82,7,AUSA
03c5a0e0-97d4-4a43-a6cf-329586ce6ec5,pasadas_2026-07-16_343555.csv,AB633TZ,3976.59,6,AUTO-OESTE
03d83b34-7365-4f01-b673-73ba2471959a,pasadas_2026-07-16_343555.csv,AB247VR,4771.95,6,AUTO-OESTE
04068023-4fd2-43ac-8b1c-8470d7933299,pasadas_2026-07-16_493556.csv,AF202UU,5964.94,7,AUSOL
04242af2-a5fc-4835-b50f-28837510c832,pasadas_2026-07-08_5009A02027769.csv,AB456CQ,16982.69,8,AUSA
0435aa97-0f60-421b-80be-422462146b47,pasadas_2026-07-08_5009A02027769.csv,AB456CQ,9935.82,7,AUSA
04422a30-bd02-43c0-9adb-118b0e544911,pasadas_2026-07-22_1947769.csv,AF993HA,21000.00,6,SANTAFE
048ae12c-9bc9-4221-8afe-b560a62f7b55,pasadas_2026-07-29_5009A02060191.csv,AG309CO,6044.83,9,AUSA
048b87d5-c380-48b4-bf30-f614b480b20f,pasadas_2026-07-16_343555.csv,AG533MF,994.15,2,AUTO-OESTE
04d8101f-8a7b-4999-a723-54a3b4aaea52,pasadas_2026-07-15_5009A02037803.csv,AE831SI,6044.83,9,AUSA
04ee6949-5ce7-4714-a486-1a01b179f00c,pasadas_2026-07-16_493556.csv,AD625QB,4771.95,6,AUSOL
04fc022a-e380-4271-a944-f28b7e774c92,pasadas_2026-07-29_5009A02060191.csv,AG309CO,15255.79,9,AUSA
050b9a50-bf9f-438a-b305-008c98e0ddb5,pasadas_2026-07-23_5009A02044703.csv,AH185KI,6044.83,9,AUSA
05198771-b9e2-41c2-959a-c832c932ac45,pasadas_2026-07-16_343555.csv,AF411UY,3976.59,6,AUTO-OESTE
051c8d3c-5a9f-41c1-b307-f1b9de2eff87,pasadas_2026-07-16_493556.csv,AG533MF,1192.99,2,AUSOL
053865c1-f1c8-473f-97c5-9b8b301d3c18,pasadas_2026-07-22_1947768.csv,AG893YR,21000.00,6,SANTAFE
055b2a84-b6f0-45bf-932e-16e468cee6ed,pasadas_2026-07-23_5009A02044703.csv,AG916MK,9935.82,9,AUSA
056d5a07-5b2b-4ebc-9717-56abd181bd26,pasadas_2026-07-16_343555.csv,AB456CP,3976.59,6,AUTO-OESTE
05a06014-1e33-4320-94e4-9cce4495f35f,pasadas_2026-07-16_343555.csv,AG916MK,5964.94,7,AUTO-OESTE
05e29518-3fac-4a69-a7a0-a2672109e900,pasadas_2026-07-16_343555.csv,AB633TY,4771.95,6,AUTO-OESTE
0630753f-b12d-408f-8965-b8ffdce5bf32,pasadas_2026-07-23_5009A02044703.csv,AB456CU,15255.79,7,AUSA
06555f61-e6c3-4b07-918e-a26df305721e,pasadas_2026-07-03_3313955.csv,AF993HK,5200.00,6,CVSA
068e4a70-f819-486a-b285-837b43846ee4,pasadas_2026-07-16_343555.csv,AH729QW,5964.94,7,AUTO-OESTE
06bca7dc-9c78-48d4-91f8-b4be112cca2c,pasadas_2026-07-16_343555.csv,AC561DQ,4771.95,6,AUTO-OESTE
06ede945-9acd-4cb9-b6b9-a920b402bdb5,pasadas_2026-07-15_5009A02037803.csv,AB633TZ,9935.82,7,AUSA
07058f2f-d1c6-4d32-afc9-3c0f67a06436,pasadas_2026-07-22_1947768.csv,AF103ZL,6600.00,5,SANTAFE
070e0030-8ef3-412d-8925-04af5955883e,pasadas_2026-07-08_5009A02027769.csv,AG916MK,15255.79,9,AUSA
07967932-2b3f-4ec5-b92a-459180b8e8d7,pasadas_2026-07-15_5009A02037803.csv,AG309CO,9935.82,9,AUSA
07b900ce-0110-402c-acdd-5e2ae641f0b8,pasadas_2026-07-29_5009A02060191.csv,AD625QA,15255.79,8,AUSA
07d13073-c262-4189-8060-b662befde386,pasadas_2026-07-29_5009A02060191.csv,AF436WI,9935.82,9,AUSA
07d21318-c93a-482a-8eea-6a6858e98ed6,pasadas_2026-07-16_343555.csv,AC812DO,3976.59,6,AUTO-OESTE
07f6e98a-3a5f-4333-ad80-d209bbde7d1d,pasadas_2026-07-15_5009A02037803.csv,AH185KI,6044.83,9,AUSA
080763a9-a297-4038-9c1b-71f5d077654b,pasadas_2026-07-15_5009A02037803.csv,AH351RT,6044.83,9,AUSA
0810e7f4-fc1f-4635-b969-b4cbff462e4f,pasadas_2026-07-22_1947769.csv,AF993HA,8400.00,6,SANTAFE
082f3ecf-e78a-4acd-9fda-d9cefab1dcf8,pasadas_2026-07-29_5009A02060191.csv,AG309CO,15255.79,9,AUSA
082fbba3-f7e6-4b88-bc85-a04b19daeb6d,pasadas_2026-07-03_3313955.csv,AH543IQ,6500.00,7,CVSA
084faee8-f9f1-456c-8b96-987dbe565c6f,pasadas_2026-07-15_5364164.csv,OWG130,11222.12,6,AUBASA
089b276f-4f06-4f4b-ad03-3d3c66e5b70b,pasadas_2026-07-29_5009A02060191.csv,AF202UU,15255.79,7,AUSA
08ee9bf0-906a-433b-96a8-9f7f4a5b9634,pasadas_2026-07-15_5364164.csv,AG939HR,14370.19,7,AUBASA
09015bab-3721-48b1-a12a-59a6647e2f13,pasadas_2026-07-16_343555.csv,AE469PH,4771.95,6,AUTO-OESTE
09276ff5-af94-4849-b963-32154be04012,pasadas_2026-07-16_493556.csv,AG309CH,994.15,2,AUSOL
0929f176-79bd-4079-a60b-9cb8c13c31cc,pasadas_2026-07-08_5009A02027769.csv,AH185KI,15255.79,9,AUSA
095f5bac-23f1-45c8-a439-707cdf3aae02,pasadas_2026-07-08_5009A02027769.csv,AG309CO,9935.82,9,AUSA
097d0359-4a7b-423f-a164-53d827a80223,pasadas_2026-07-15_5364164.csv,AH729QW,26933.11,7,AUBASA
098114ea-f733-4c6b-8dcd-14fa7296bf49,pasadas_2026-07-15_5364164.csv,AG309CO,13466.55,7,AUBASA
09aa5a9d-e8e3-40b3-8d18-e23c7803010d,pasadas_2026-07-23_5009A02044703.csv,AG916MK,15255.79,9,AUSA
09b1eec7-9dab-4c3d-b2c1-ddc91aa31d40,pasadas_2026-07-08_5009A02027769.csv,AF533SR,9935.82,9,AUSA
09c05abd-d7aa-4c22-9589-259bc56e35eb,pasadas_2026-07-29_5009A02060191.csv,AF993HK,6044.83,8,AUSA
0a28683c-baaa-4796-a0a6-5284c5a6b007,pasadas_2026-07-15_5364164.csv,AG939HR,13466.55,7,AUBASA
0a4507b1-82d7-46b7-9b1d-8ebe4f9fd6b0,pasadas_2026-07-08_5009A02027769.csv,AF091AI,9935.82,9,AUSA
0a6f981c-c579-4b73-9aca-0b5080a56b89,pasadas_2026-07-23_5009A02044703.csv,AE952TH,9935.82,9,AUSA
0a79f9fd-d5b1-43b3-a42b-42599bd22063,pasadas_2026-07-16_343555.csv,AE952TH,4771.95,6,AUTO-OESTE
0ac0760c-1555-4dac-b49a-940dd277a2ce,pasadas_2026-07-22_1947769.csv,AF993HA,21000.00,6,SANTAFE
0ad31d66-2c13-4229-9193-c7c05294b3cc,pasadas_2026-07-29_5009A02060191.csv,AG309CO,15255.79,9,AUSA
0af01ba0-9bfb-4116-93e9-9012744f8707,pasadas_2026-07-15_5364164.csv,AC812DO,31427.15,5,AUBASA
0affdc6d-b002-49a0-aa54-72c584b418d2,pasadas_2026-07-15_5009A02037803.csv,AG309CO,9935.82,9,AUSA
0b32c133-2bc6-49ee-89b5-5ae3edc815cf,pasadas_2026-07-15_5009A02037803.csv,AH185KI,9935.82,9,AUSA
0b51a35b-ecf8-44e2-bc39-84caa81c586f,pasadas_2026-07-16_343555.csv,AF103ZL,4771.95,6,AUTO-OESTE
0b5b1d2b-bfed-40bb-8d5c-82018d96e120,pasadas_2026-07-23_5009A02044703.csv,AF436WI,6044.83,7,AUSA
0b83a81a-fd73-4be4-b43b-1071a71b36e4,pasadas_2026-07-15_5364165.csv,AF993HA,13466.55,7,AUBASA
0b89a269-b1d1-44a0-812c-bc270b3d61b9,pasadas_2026-07-22_1947768.csv,AD985XP,17400.00,5,SANTAFE
0b8dd279-a5a9-45d6-a676-3f6c2e24c89f,pasadas_2026-07-15_5009A02037760.csv,AI348TS,7642.85,2,AUSA
0b908e6c-c8b5-4289-b9d5-af01d170a28b,pasadas_2026-07-03_3313955.csv,AE952TH,5200.00,6,CVSA
0bb80cef-dc66-4826-b368-72f897764c0b,pasadas_2026-07-16_343555.csv,AG916MK,5964.94,7,AUTO-OESTE
0bd30e24-e15f-434f-9a72-2e95fba06423,pasadas_2026-07-22_1947768.csv,AE952TH,17400.00,5,SANTAFE
0be67546-cc64-4c48-9827-55d842efc958,pasadas_2026-07-15_5009A02037760.csv,AF993HA,15255.79,9,AUSA
0c0a73e9-64fa-467c-9c6f-856860e5c980,pasadas_2026-07-15_5009A02037803.csv,AB456CP,15255.79,7,AUSA
0c316ffa-3465-4209-9505-10cb89fae5f2,pasadas_2026-07-15_5009A02037803.csv,AG893YR,9935.82,9,AUSA
0ca4018a-1413-4706-8dee-3434ce9673bf,pasadas_2026-07-15_5364165.csv,AF993HA,14370.19,7,AUBASA
0cb92ad5-128b-47e9-88f5-d1656657a117,pasadas_2026-07-29_5009A02060191.csv,AE908YR,2035.11,2,AUSA
0cc474ae-5b76-461d-803e-920693f95b5a,pasadas_2026-07-23_5009A02044703.csv,AF436WI,6044.83,7,AUSA
0cc4dbd7-5ca0-446f-9969-d99d4bfdc28c,pasadas_2026-07-16_493556.csv,AF103ZL,3976.59,6,AUSOL
0cf727e3-3861-40a3-9f1d-9d6403edddef,pasadas_2026-07-08_5009A02027769.csv,AB633TZ,16982.69,7,AUSA
0d14d898-dabe-4fd9-b76a-a6a5ee1efa89,pasadas_2026-07-29_5009A02052902.csv,AF993HA,9935.82,9,AUSA
0d47b844-49ce-466c-8418-3548e8640c83,pasadas_2026-07-16_343555.csv,AB456CP,3976.59,6,AUTO-OESTE
0d8708c7-6e28-443c-a691-d5abbcaef0b8,pasadas_2026-07-23_5009A02044703.csv,AB456CQ,6044.83,8,AUSA
0dabb8fe-ba5e-4d65-b4f8-2234243eeedd,pasadas_2026-07-16_343555.csv,AF231PZ,3976.59,6,AUTO-OESTE
0dc31169-ed83-4509-a551-50f83d86057b,pasadas_2026-07-16_343555.csv,AB456CU,3976.59,6,AUTO-OESTE
0dd89594-ceeb-44ac-a070-b27e5a7de963,pasadas_2026-07-03_3313955.csv,AB151SM,6000.00,6,CVSA
0dec9064-8708-480c-81e0-ed4c1579d75a,pasadas_2026-07-16_493556.csv,AG309CH,994.15,2,AUSOL
0df8a168-6b7a-4209-86c5-f87b5c0030e9,pasadas_2026-07-16_493556.csv,AG939HR,4970.74,7,AUSOL
0e0279df-b570-4358-84b7-cd9bc6d03be5,pasadas_2026-07-29_5009A02060191.csv,AB456CP,6044.83,7,AUSA
0e0c7189-6724-40b7-baa4-41f3ab749fc9,pasadas_2026-07-23_5009A02044703.csv,AG507DK,16982.69,9,AUSA
0e592460-b2ee-4edd-ab74-2bd04978aed3,pasadas_2026-07-16_343555.csv,AG916MK,4970.74,7,AUTO-OESTE
0e729324-99a7-4082-96c7-26de23a558fa,pasadas_2026-07-03_3313955.csv,AE469PL,5200.00,6,CVSA
0ea1db07-808c-4be8-869e-2b96d5e99921,pasadas_2026-07-15_5364164.csv,AG309CO,28740.39,7,AUBASA
0ece4a09-e34d-4603-968b-824c736e486f,pasadas_2026-07-16_343555.csv,AB456CU,3976.59,6,AUTO-OESTE
0f864e81-6ecf-41f5-8a90-07e1b7fe0169,pasadas_2026-07-23_5009A02044703.csv,AG507DK,15255.79,9,AUSA
0f93102b-4f8a-494f-bf6d-7d06bc38b671,pasadas_2026-07-15_5364164.csv,AF103ZL,22444.27,6,AUBASA
1020eac9-44d1-4901-8a38-0bd6cf13cc3d,pasadas_2026-07-16_493556.csv,AF231PZ,3976.59,6,AUSOL
10266b72-93ce-425d-9598-6a4bb9612c30,pasadas_2026-07-23_5009A02044703.csv,AF389UV,15255.79,9,AUSA
10610a07-1644-4175-9c08-bd746da79c3c,pasadas_2026-07-15_5009A02037760.csv,AI042WD,15255.79,7,AUSA
1069c9d0-bdb7-4fcf-bcaa-2cd1e460a3a4,pasadas_2026-07-16_343555.csv,AB456CQ,4771.95,6,AUTO-OESTE
106f760a-b32d-45fc-ba9d-68d9273f2b13,pasadas_2026-07-23_5009A02044703.csv,AB456CQ,6044.83,7,AUSA
1071c4ce-57ed-46f1-a390-da5613687c1a,pasadas_2026-07-23_5009A02044703.csv,AD985XP,5468.98,4,AUSA
10abbb5b-e39a-43c3-9a0b-fec6002d3045,pasadas_2026-07-16_329454.csv,AD736OU,3976.59,6,AUTO-OESTE
112266a7-d690-41b8-a24e-e116dd1984b0,pasadas_2026-07-23_5009A02044703.csv,AF436WI,6044.83,7,AUSA
11338669-64a0-45f6-8e0d-86db0be1c32b,pasadas_2026-07-16_343555.csv,AG916MK,4970.74,7,AUTO-OESTE
11473328-b0fb-4117-bbc7-746fd1d814bc,pasadas_2026-07-22_1947768.csv,AF103ZL,6600.00,5,SANTAFE
114ba798-9e89-41fb-af49-c233ebd197c7,pasadas_2026-07-15_5364164.csv,AH351RT,16833.20,7,AUBASA
11923298-087b-44e1-b927-2cd75ff64237,pasadas_2026-07-29_5009A02052902.csv,AI348TS,9935.82,8,AUSA
11bc4c43-ebf1-4114-8c43-f49519e3cea6,pasadas_2026-07-16_493556.csv,AG533MF,994.15,2,AUSOL
11e48b76-c3a8-457a-887d-c9b480d591a4,pasadas_2026-07-29_5009A02060191.csv,AB456CU,6044.83,7,AUSA
1209a202-3680-4aeb-b2af-6bf8d590097e,pasadas_2026-07-22_1947768.csv,AG507DK,6600.00,5,SANTAFE
1212e02b-cec5-4a40-9b61-129ce108641d,pasadas_2026-07-16_493557.csv,AI348TS,994.15,2,AUSOL
123a19f8-6f98-40fc-b5d4-bec1cce3f12d,pasadas_2026-07-15_5009A02037803.csv,AH185KI,9935.82,9,AUSA
12509e35-e37e-45aa-96f1-046e0ffd3d3c,pasadas_2026-07-15_5364164.csv,AB456CP,11222.12,6,AUBASA
12a60ab2-d3a8-4925-bf0a-2b48f9d201d0,pasadas_2026-07-15_5009A02037760.csv,AI178EY,9935.82,9,AUSA
13100de6-6b80-43b6-9378-187624cac947,pasadas_2026-07-16_343555.csv,AC264UA,4771.95,6,AUTO-OESTE
13294af2-08a9-4542-bb03-8b54c5970050,pasadas_2026-07-08_5009A02027769.csv,AG939HR,15255.79,9,AUSA
1357e2e6-4c74-4602-bd11-707166700495,pasadas_2026-07-29_5009A02060191.csv,AG507DK,15255.79,9,AUSA
13a32d9f-d9c3-4ad8-aaf1-b787814f4b04,pasadas_2026-07-23_5009A02044703.csv,AG916MK,15255.79,9,AUSA
1423b57c-9b72-461e-9ffd-9aba5768bca5,pasadas_2026-07-16_343555.csv,AD985XP,3976.59,6,AUTO-OESTE
1443215b-257b-4279-ae4c-703ea07d5694,pasadas_2026-07-16_343555.csv,AB151SM,3976.59,6,AUTO-OESTE
147fd5f0-7179-45e5-a1b7-08da4870bd21,pasadas_2026-07-16_343555.csv,AB247VR,3976.59,6,AUTO-OESTE
14aad155-cb63-4bc1-8139-141de17af463,pasadas_2026-07-29_5009A02060191.csv,AF436WI,15255.79,7,AUSA
14b11d27-04e4-4b4b-b899-d1f3b8da965b,pasadas_2026-07-23_5009A02044703.csv,AE469PH,6044.83,8,AUSA
14c6ae8a-da6e-4ade-9d8a-0e868a454836,pasadas_2026-07-16_343555.csv,AB247VR,4771.95,6,AUTO-OESTE
14e30752-e8c4-4128-a733-de541560ef02,pasadas_2026-07-16_343555.csv,AB633TY,3976.59,6,AUTO-OESTE
14fdc3b0-616b-4e6b-a497-b05921dec08c,pasadas_2026-07-16_343555.csv,AF231PZ,3976.59,6,AUTO-OESTE
15071e7e-1555-4d59-ab4f-9427f9ea7d03,pasadas_2026-07-16_493556.csv,AG893YR,4970.74,7,AUSOL
155d03ac-03de-4f69-bbd9-e0108c6a526d,pasadas_2026-07-16_329454.csv,AI348TS,1192.99,2,AUTO-OESTE
1599487e-9346-4369-8c37-1e93b80272ad,pasadas_2026-07-23_5009A02044703.csv,AH729QW,9935.82,9,AUSA
15b7d94b-c947-477a-924e-1bad035a0bb9,pasadas_2026-07-29_5009A02060191.csv,AH185KI,6044.83,9,AUSA
15c6f25c-2d80-4dcf-a903-e3387a548f68,pasadas_2026-07-22_1947769.csv,AF993HA,21000.00,6,SANTAFE
15d8abae-fc37-4681-aa38-ee6c0fc33b7d,pasadas_2026-07-29_5009A02060191.csv,AD482MT,16982.69,7,AUSA
15dfdabd-d301-4ec0-b822-2c474fff0f2e,pasadas_2026-07-16_343555.csv,AB633TZ,3976.59,6,AUTO-OESTE
15e04f9a-7299-4ff7-b5f5-6a5b2ae08652,pasadas_2026-07-29_5009A02060191.csv,AH729QW,9935.82,9,AUSA
15f66fc1-ef67-447b-bd4c-96a49bae4d2c,pasadas_2026-07-16_493556.csv,AE469PH,3976.59,6,AUSOL
16086e39-78ab-4927-9234-a6671e2c0dfb,pasadas_2026-07-15_5364164.csv,AH729QW,26933.11,7,AUBASA
1643edd6-b4e7-45cd-8c3f-2cdf6ef5c32a,pasadas_2026-07-16_493556.csv,AG916MK,4970.74,7,AUSOL
16589823-dcdf-4514-ac71-7b2063478730,pasadas_2026-07-15_5364164.csv,AG916MK,14370.19,7,AUBASA
166235d7-4f11-4d6f-b805-6942c695341c,pasadas_2026-07-29_5009A02060191.csv,AF436WI,15255.79,7,AUSA
16bc6dcc-691b-4533-ac6a-8def2edecaf2,pasadas_2026-07-16_343555.csv,AD985XP,3976.59,6,AUTO-OESTE
16e87dee-298a-4a4a-b4a4-45f70211e786,pasadas_2026-07-15_5364164.csv,AH543IQ,26933.11,7,AUBASA
1736b25a-d76f-4091-818b-d5296e14f45f,pasadas_2026-07-23_5009A02044703.csv,AG309CO,9935.82,9,AUSA
17389ad4-938c-4495-97fa-c4c599933138,pasadas_2026-07-08_5009A02027769.csv,AD625QA,9731.46,8,AUSA
177aedbc-1d9a-4b7f-b252-0db9fff1270e,pasadas_2026-07-15_5364164.csv,AH351RT,13466.55,7,AUBASA
17817dd6-4904-4602-b5a2-8fd398f708ab,pasadas_2026-07-16_343555.csv,AF202UU,4970.74,7,AUTO-OESTE
1794dfcd-a955-46f5-abdc-7f0d629b70dc,pasadas_2026-07-16_343555.csv,AE952TH,4771.95,6,AUTO-OESTE
17b10969-c8aa-4e75-bda8-ee7bd6d86380,pasadas_2026-07-16_343555.csv,AB633TY,3976.59,6,AUTO-OESTE
17bb6565-058b-413c-83ce-d5d02a59aad6,pasadas_2026-07-23_5009A02044703.csv,AC264UA,33965.25,7,AUSA
17e2e731-d455-43ea-8337-d088526d5fdd,pasadas_2026-07-23_5009A02044703.csv,AG507DK,8407.21,5,AUSA
17ed2bd9-c72b-4ded-9426-859f029f3d4d,pasadas_2026-07-16_493556.csv,EXT374,4771.95,6,AUSOL
17ffaa4d-adf3-48f8-ba58-768ee76426aa,pasadas_2026-07-08_5009A02027769.csv,AG533MF,2035.11,2,AUSA
18238d1e-0a57-4ff6-8a8a-a1078f5f1d33,pasadas_2026-07-16_493556.csv,AD736OU,3976.59,6,AUSOL
1851b71d-1cab-42a1-8164-f06ca0beefcb,pasadas_2026-07-16_493556.csv,AH033DL,3976.59,6,AUSOL
187d8d4c-b8cb-4159-bd91-b87ab52ff840,pasadas_2026-07-16_343555.csv,AB633TZ,3976.59,6,AUTO-OESTE
18da3578-4c23-4a82-8a87-d399f8e246c7,pasadas_2026-07-08_5009A02027769.csv,AF231PZ,9935.82,8,AUSA
18e00d35-ab9d-4feb-819d-960212f5d9cf,pasadas_2026-07-15_5364164.csv,AG309CO,26933.11,7,AUBASA
193215ab-bd29-4c94-84fa-e4355126ffea,pasadas_2026-07-15_5364164.csv,AG309CO,13466.55,7,AUBASA
1991e255-3352-43e2-95bb-5a1df7f8fa3f,pasadas_2026-07-16_493556.csv,AF091AI,4970.74,7,AUSOL
19aa9d46-2277-4a9a-8677-45ff9bd9c2c4,pasadas_2026-07-15_5364164.csv,AH729QW,13466.55,7,AUBASA
19e388c7-3e2a-4735-9e67-18fba2000707,pasadas_2026-07-16_343555.csv,AG939HX,4970.74,7,AUTO-OESTE
1a16a118-638e-4b20-8a48-047e8cd800d3,pasadas_2026-07-15_5009A02037803.csv,AB456CQ,9935.82,7,AUSA
1a2be134-e62e-4f3a-acc1-314d6de8f360,pasadas_2026-07-15_5364164.csv,AH033DL,11975.15,6,AUBASA
1a70333c-acf1-4b49-a1ab-18519a855538,pasadas_2026-07-29_5009A02060191.csv,AF389UV,33965.25,9,AUSA
1a9ad88d-1161-46ed-a189-cfe3084f995c,pasadas_2026-07-15_5364164.csv,AG939HR,14370.19,7,AUBASA
1ab5cca5-72ac-4d6c-8bb1-c999cce92007,pasadas_2026-07-22_1947768.csv,AG893YR,8400.00,6,SANTAFE
1abf14f3-f2f5-4e03-985d-05df769fc038,pasadas_2026-07-22_1947768.csv,AG916MK,21000.00,6,SANTAFE
1b31c346-ba9d-427b-b20b-0a2e4f666a27,pasadas_2026-07-16_343555.csv,AB633TY,3976.59,6,AUTO-OESTE
1b9c637f-1006-40fe-b48e-698189580fd3,pasadas_2026-07-08_5009A02027769.csv,AF791ER,15255.79,7,AUSA
1bc35e06-2be2-4a19-8794-3dbd9e379eef,pasadas_2026-07-15_5364164.csv,AG893YR,13466.55,7,AUBASA
1bd676ad-8f32-451f-85bb-1c6757972512,pasadas_2026-07-15_5364164.csv,AG507DK,11222.12,6,AUBASA
1bf44558-742b-4a9e-9bdd-11a2c2777a01,pasadas_2026-07-15_5009A02037803.csv,AF091AI,33965.25,9,AUSA
1c54e806-3f2b-43c7-ad19-92469101781d,pasadas_2026-07-16_343555.csv,AB633TY,3976.59,6,AUTO-OESTE
1c5f9920-29bd-4d09-bd62-b30a913347be,pasadas_2026-07-08_5009A02027769.csv,AG893YR,9731.46,9,AUSA
1c83f131-f8d0-4637-a564-1f69ef152499,pasadas_2026-07-16_343555.csv,AG893YR,5964.94,7,AUTO-OESTE
1c8a8a28-8f62-402b-b3a9-52ab259b3106,pasadas_2026-07-08_5009A02027769.csv,AE469PH,6044.83,8,AUSA
1cbbed09-3b30-448d-8bbf-fd760fbf73db,pasadas_2026-07-16_329454.csv,AF993HA,4970.74,7,AUTO-OESTE
1ccd4405-93b3-48df-a6ce-15cdfe436f01,pasadas_2026-07-15_5364164.csv,AG916MK,28740.39,7,AUBASA
1d05d203-c809-4a46-aba9-95c9ee0a6d6f,pasadas_2026-07-15_5009A02037760.csv,AI178ER,6044.83,9,AUSA
1d290bfe-c74b-4a16-813f-f442ddd85f9b,pasadas_2026-07-29_5009A02060191.csv,AG916MK,9935.82,8,AUSA
1d9e2ef7-fec6-4227-9701-a7aed0af612c,pasadas_2026-07-16_343555.csv,AD239PP,3976.59,6,AUTO-OESTE
1e194198-bd27-449c-97fd-b57a31b566bc,pasadas_2026-07-16_343555.csv,AG939HR,5964.94,7,AUTO-OESTE
1e3b1fb1-1fb5-41c4-b3ac-5a247bc0a42e,pasadas_2026-07-15_5364164.csv,AF791ER,22444.27,6,AUBASA
1e4dd75b-7f2c-453c-b91f-44e9e6d2a3f9,pasadas_2026-07-08_5009A02027769.csv,AF202UU,9935.82,7,AUSA
1e660c4a-8267-45d0-91e2-cfe2f02c494a,pasadas_2026-07-29_5009A02060191.csv,AG507DK,9935.82,9,AUSA
1e6ad630-1143-4fd7-b66f-ff4b7b00c025,pasadas_2026-07-29_5009A02060191.csv,AF993HK,9935.82,8,AUSA
1e76d24e-4e05-4786-95df-cc400b0b327c,pasadas_2026-07-16_343555.csv,AF103ZL,4771.95,6,AUTO-OESTE
1e847b6a-3b10-4381-8de7-7e98986bc939,pasadas_2026-07-15_5364164.csv,AG507DK,11222.12,6,AUBASA
1e892ebf-02ee-40a9-bc64-cd033dca9ac0,pasadas_2026-07-29_5009A02060191.csv,AH351RT,6044.83,9,AUSA
1eb2debc-de6b-417c-bd86-333e52816336,pasadas_2026-07-16_493557.csv,AI178ER,4970.74,7,AUSOL
1f3a1380-f372-468b-9ff2-4baf25d5e569,pasadas_2026-07-29_5009A02060191.csv,AD482MT,16982.69,7,AUSA
1f3b9d13-c998-4d8d-a93c-240f3e6837cd,pasadas_2026-07-15_5364164.csv,AF411UY,11222.12,6,AUBASA
1f4d01c3-7cfd-411c-9f47-476950dc3925,pasadas_2026-07-15_5009A02037803.csv,AH351RT,15255.79,9,AUSA
1f820f8b-1d2d-437e-b117-74f95345eff7,pasadas_2026-07-23_5009A02044703.csv,AB247VR,9935.82,7,AUSA
1f8bff72-fcc2-4009-8811-7da97ff6a20b,pasadas_2026-07-29_5009A02060191.csv,AD625QB,9935.82,7,AUSA
1ffbb32f-4154-40b5-a7af-01b285cabc1b,pasadas_2026-07-23_5009A02044703.csv,AG507DK,9935.82,7,AUSA
2019218a-93bf-4825-92e4-97e8d573dcd1,pasadas_2026-07-16_493556.csv,EXT374,3976.59,6,AUSOL
20245396-e7b0-4b35-920d-3944893ed733,pasadas_2026-07-22_1947768.csv,AF103ZL,6600.00,5,SANTAFE
207a3f9e-bde6-4f50-85cb-404ea4ae4496,pasadas_2026-07-16_343555.csv,AB456CQ,3976.59,6,AUTO-OESTE
209f74ba-3efc-41ae-aed2-d4abc61a4982,pasadas_2026-07-08_5009A02027769.csv,AG309CO,6044.83,9,AUSA
20a59426-42c3-4b8b-b612-eb079bfe7cad,pasadas_2026-07-29_5009A02060191.csv,AE952TH,6044.83,9,AUSA
20d92057-3a3a-496c-9613-b852a5ee30da,pasadas_2026-07-23_5009A02044703.csv,AH543IQ,15255.79,9,AUSA
20ec6bec-e235-4e3d-a463-fd96d37b6db4,pasadas_2026-07-08_5009A02027769.csv,AF202UU,16982.69,7,AUSA
21004461-688e-488b-92a5-4eeaf29f1801,pasadas_2026-07-15_5364164.csv,AG939HR,26933.11,7,AUBASA
21103365-edab-4d41-9ec8-28fb4c9d5141,pasadas_2026-07-15_5364164.csv,AG309CO,28740.39,7,AUBASA
21ab6135-1b69-4321-8fc2-2245999d4907,pasadas_2026-07-15_5364164.csv,AG309CO,13466.55,7,AUBASA
21b962e0-8627-4678-b681-05502b9c6911,pasadas_2026-07-16_493556.csv,AG533MF,994.15,2,AUSOL
220fd2b8-8d9f-4a99-98e6-863710dcb685,pasadas_2026-07-16_493556.csv,AD625QB,3976.59,6,AUSOL
222be215-4a7f-4608-a702-371c5ef0d9a7,pasadas_2026-07-29_5009A02052902.csv,AI348TS,3454.21,2,AUSA
22332112-4bc7-4609-8a2f-498dfd12e1c0,pasadas_2026-07-23_5009A02044703.csv,AG533MF,1439.11,2,AUSA
2279c182-459f-407a-84c2-3b36616daafd,pasadas_2026-07-03_3313955.csv,AH729QW,6500.00,7,CVSA
22a27d18-be2a-4b7a-ab6f-47c75da7c9b4,pasadas_2026-07-23_5009A02044703.csv,AG507DK,6044.83,9,AUSA
22ffc985-f0d1-48fd-8951-55b59bd84a77,pasadas_2026-07-16_493556.csv,AE908YR,994.15,2,AUSOL
2345580a-58fd-4a9a-ae3d-c4b6b1a734a3,pasadas_2026-07-15_5364164.csv,AH543IQ,13466.55,7,AUBASA
2355aeed-ded7-4a04-a9a1-73b867ae3852,pasadas_2026-07-16_343555.csv,EXT374,3976.59,6,AUTO-OESTE
23c0ff68-87c8-4d0a-bacf-db41fa16f5cf,pasadas_2026-07-22_1947768.csv,AD667DM,17400.00,5,SANTAFE
23f754a1-b16e-4573-8be7-1792ea3e6b48,pasadas_2026-07-16_493556.csv,EXT374,4771.95,6,AUSOL
2404f871-7e80-4209-980f-c0845d75bc82,pasadas_2026-07-23_5009A02044703.csv,AG507DK,6044.83,9,AUSA
24417121-70a2-4a0e-b931-014e46505664,pasadas_2026-07-15_5364164.csv,AH185KI,26933.11,7,AUBASA
2441d31c-2142-439c-ac00-f404454d3e8a,pasadas_2026-07-08_5009A02027769.csv,AF202UU,9935.82,7,AUSA
24be2e5d-2287-4980-b08b-060bf339da46,pasadas_2026-07-23_5009A02044703.csv,AG893YR,6044.83,9,AUSA
24c19ceb-bcc3-431f-b999-7356e91a4be1,pasadas_2026-07-16_343555.csv,AD625QA,4771.95,6,AUTO-OESTE
24ebb945-9f71-4f06-8051-ae0e2d1282a6,pasadas_2026-07-08_5009A02027769.csv,AH351RT,9935.82,9,AUSA
24f8b1f0-8250-4d24-8815-5504ffd5c7bb,pasadas_2026-07-16_343555.csv,OWG130,4771.95,6,AUTO-OESTE
2548d4c6-afaf-4fe4-bf25-220b107eddcd,pasadas_2026-07-29_5009A02060191.csv,AH729QW,9935.82,9,AUSA
254da6f8-c208-4ddd-9bd1-aa37d0643b8c,pasadas_2026-07-15_5009A02037803.csv,AG939HR,6044.83,9,AUSA
258c9bf6-29b6-411c-9d04-ff24b210123a,pasadas_2026-07-16_493556.csv,AG249HS,994.15,2,AUSOL
26154013-114c-411a-bba4-edd0bb58d0c6,pasadas_2026-07-15_5009A02037803.csv,OWG130,6044.83,7,AUSA
261b0577-789e-440a-8519-0d126523a47b,pasadas_2026-07-29_5009A02052902.csv,AI348TS,1439.11,2,AUSA
263ec129-58f0-44f2-8d17-a26da57ee153,pasadas_2026-07-15_5009A02037803.csv,AG939HR,33965.25,9,AUSA
26d5f804-cba0-4751-b311-8d5e16f16eb4,pasadas_2026-07-16_343555.csv,AC561DQ,3976.59,6,AUTO-OESTE
27194759-d048-4ee7-a3db-14ebf95fedb7,pasadas_2026-07-08_5009A02027769.csv,AB456CQ,15255.79,8,AUSA
27228883-552e-492a-8d32-0477f5422f4e,pasadas_2026-07-15_5009A02037803.csv,AG309CH,1439.11,2,AUSA
2727e658-1364-46d5-8d1c-27fd318d3c30,pasadas_2026-07-15_5364164.csv,AF202UU,26933.11,7,AUBASA
27421ca9-3e0f-461e-900e-908931ebb525,pasadas_2026-07-08_5009A02027769.csv,AC264UA,15255.79,7,AUSA
275de5fe-110f-4e90-8a36-6d075771a449,pasadas_2026-07-16_343555.csv,AD625QA,3976.59,6,AUTO-OESTE
276726cb-85fd-474d-ad58-6ef23236a0e6,pasadas_2026-07-29_5009A02052902.csv,AD736OU,6044.83,7,AUSA
27703da6-a00a-4e07-987a-a8455299b061,pasadas_2026-07-29_5009A02060191.csv,AG893YR,9935.82,9,AUSA
27734412-58d3-463c-a042-3f7ab882b384,pasadas_2026-07-16_493556.csv,AH185KI,4970.74,7,AUSOL
278b46b6-db23-41f1-96be-00152f005692,pasadas_2026-07-16_343555.csv,AF411UY,4771.95,6,AUTO-OESTE
27b6d287-74dc-4640-a512-a56b94549524,pasadas_2026-07-29_5009A02060191.csv,AH185KI,15255.79,9,AUSA
28005e62-87d0-4f1a-909a-1610f8d661d2,pasadas_2026-07-16_343555.csv,AC295IE,3976.59,6,AUTO-OESTE
2827352f-b012-4dc9-aa0a-73d864e8811c,pasadas_2026-07-03_3313955.csv,AE751PA,5200.00,6,CVSA
2828dd29-4db4-49f1-8af9-1cd871044381,pasadas_2026-07-15_5364164.csv,AD625QA,31427.15,5,AUBASA
28591c36-52e4-4630-b2b1-723c75b81c16,pasadas_2026-07-16_343555.csv,AH800QT,4970.74,7,AUTO-OESTE
287298ad-8626-48ba-9eda-1ef0156d1efa,pasadas_2026-07-08_5009A02027769.csv,AG939HR,9935.82,9,AUSA
288af592-dc57-4922-a8bc-298ea374173f,pasadas_2026-07-16_343555.csv,AD625QA,3976.59,6,AUTO-OESTE
28c99060-24ef-4262-afc0-058f77840a73,pasadas_2026-07-16_343555.csv,AB247VR,4771.95,6,AUTO-OESTE
28db7116-478f-456f-b8e0-3a252efb3fdc,pasadas_2026-07-16_343555.csv,AE952TH,3976.59,6,AUTO-OESTE
291eb9a9-3418-49db-b2a2-101b0c454112,pasadas_2026-07-16_343555.csv,EXT374,3976.59,6,AUTO-OESTE
29329e92-fe1f-4f81-9209-13458fdfe821,pasadas_2026-07-16_343555.csv,AC264UA,3976.59,6,AUTO-OESTE
2952dceb-d653-4d6b-8ccc-51439ccb826a,pasadas_2026-07-08_5009A02027769.csv,AG916MK,15255.79,9,AUSA
296ad3f0-04b1-428a-b2f4-5e378a6c41de,pasadas_2026-07-23_5009A02044703.csv,AG916MK,9935.82,9,AUSA
29a72c6e-05a9-4896-9154-1ad98cee8d48,pasadas_2026-07-08_5009A02027769.csv,AG533MF,1439.11,2,AUSA
29be0552-6ced-4b1a-a2f0-e11d4cfd5742,pasadas_2026-07-08_5009A02027769.csv,AF411UY,6044.83,7,AUSA
29cdd9ab-291c-49b6-9283-09dbc2206234,pasadas_2026-07-16_343555.csv,AG893YR,5964.94,7,AUTO-OESTE
29dbdc0e-de64-4fe2-ac07-c312ed1e6195,pasadas_2026-07-16_493556.csv,AD667DM,3976.59,6,AUSOL
2a806f92-c614-4490-91c2-645d2faa6d2c,pasadas_2026-07-29_5009A02060191.csv,AB633TY,15255.79,7,AUSA
2aa08fab-e9b0-4231-a55a-ba0a322f5756,pasadas_2026-07-16_343555.csv,EXT374,4771.95,6,AUTO-OESTE
2ae24515-9b5d-4af5-ac1a-5d4d7078f16c,pasadas_2026-07-16_343555.csv,AB247VR,3976.59,6,AUTO-OESTE
2b2d6198-698b-473c-afa4-58b5793c32cf,pasadas_2026-07-29_5009A02060191.csv,AB247VR,9935.82,7,AUSA
2b38f24e-4c9e-42cf-bcc6-5112763d6d58,pasadas_2026-07-23_5009A02044703.csv,AG893YR,9935.82,9,AUSA
2b4ec89e-8664-4b0c-814c-6857f7d2f7f5,pasadas_2026-07-16_343555.csv,AA561YA,3976.59,6,AUTO-OESTE
2ba9c435-d728-4a63-8245-e156805e4bd9,pasadas_2026-07-16_493556.csv,AB633TY,4771.95,6,AUSOL
2bd7ae03-7dcc-47f2-812a-b2a0f8a1b087,pasadas_2026-07-23_5009A02044703.csv,AG507DK,6044.83,9,AUSA
2c4819a6-ace1-46d3-a9eb-3961f5d673cf,pasadas_2026-07-08_5009A02027769.csv,AF103ZL,9935.82,7,AUSA
2c532bb7-bce0-409b-bf5d-be45814f175f,pasadas_2026-07-16_343555.csv,AB247VR,4771.95,6,AUTO-OESTE
2c656e4a-754c-48a4-a600-7e78f7ff5464,pasadas_2026-07-16_493556.csv,AH543IQ,4970.74,7,AUSOL
2cbc9b72-1123-4096-997c-4c06896522e8,pasadas_2026-07-15_5364164.csv,AB456CU,11975.15,6,AUBASA
2cdb7680-0d07-4c6f-b46b-b5fa7ccb9788,pasadas_2026-07-15_5009A02037803.csv,AF202UU,15255.79,7,AUSA
2d181dc5-3551-4956-b660-3b54f9f6373e,pasadas_2026-07-16_493556.csv,AG249HS,994.15,2,AUSOL
2d2b9347-303e-4100-9b84-8ee6c8738eca,pasadas_2026-07-15_5009A02037760.csv,AF993HA,6044.83,9,AUSA
2d41eb48-addd-4835-b42f-506477809312,pasadas_2026-07-15_5364164.csv,AF231PZ,11222.12,6,AUBASA
2d572766-aa89-4d91-9b4b-824aced749e5,pasadas_2026-07-23_5009A02044703.csv,AB151SM,9935.82,8,AUSA
2d656455-d6a2-43f0-8957-0b51d810b3fc,pasadas_2026-07-16_493556.csv,AD736OU,4771.95,6,AUSOL
2da6905c-2419-4c41-b786-fec604e2da3e,pasadas_2026-07-16_343555.csv,AF202UU,4970.74,7,AUTO-OESTE
2da7ce13-c1c7-4abe-91de-74417b4e8b50,pasadas_2026-07-08_5009A02027769.csv,AH185KI,9731.46,9,AUSA
2db28f2c-6d37-4f3e-ae0d-01c236871369,pasadas_2026-07-15_5364164.csv,AH351RT,13466.55,7,AUBASA
2dc90573-dd08-44b6-b165-c957b9b59ece,pasadas_2026-07-15_5009A02037803.csv,OWG130,6044.83,7,AUSA
2dca2d0d-6496-4200-af06-4cdac5772108,pasadas_2026-07-23_5009A02044703.csv,AC295IE,9935.82,7,AUSA
2de26a84-53c4-4449-8132-c50e52ca169f,pasadas_2026-07-16_343555.csv,AC264UA,3976.59,6,AUTO-OESTE
2e332dc5-a5e4-44da-8eb0-03a8ca546f7b,pasadas_2026-07-16_493556.csv,AG533MF,994.15,2,AUSOL
2e8f7f85-9dfe-4713-9a3c-2eaf75ee0d2d,pasadas_2026-07-15_5364164.csv,AG893YR,13466.55,7,AUBASA
2ed1bb5a-9e48-433b-9fa7-906c8c50ff45,pasadas_2026-07-15_5009A02037803.csv,AG893YR,6044.83,9,AUSA
2efc1fb7-d709-4d76-bf0b-4da70718aeb1,pasadas_2026-07-16_493556.csv,AF533SR,4970.74,7,AUSOL
2f00ba9b-c277-4d4e-b1fd-63ada776d2f2,pasadas_2026-07-29_5009A02052902.csv,AI042WD,6044.83,7,AUSA
2f0f8010-4ea2-4e1a-8df1-5e913c2b457e,pasadas_2026-07-15_5364164.csv,AF202UU,16833.20,7,AUBASA
2f62063c-5a69-41ea-88fa-73674a5fc7ea,pasadas_2026-07-29_5009A02052902.csv,AF993HA,6044.83,9,AUSA
2f68b5b9-c11b-424b-b4df-3d269bf6c8f3,pasadas_2026-07-29_5009A02060191.csv,AG309CO,9935.82,9,AUSA
2f6b44fe-668f-46f8-95c4-a0a6943911c3,pasadas_2026-07-29_5009A02060191.csv,AH185KI,6044.83,9,AUSA
2f8ec89d-dfef-4eb9-978e-a85e48acf314,pasadas_2026-07-16_343555.csv,EXT374,4771.95,6,AUTO-OESTE
2fab8c88-2f40-4984-86cc-cdfb098b24eb,pasadas_2026-07-08_5009A02027769.csv,AB456CQ,9935.82,7,AUSA
2fc2b2f0-5c53-44b6-8e37-0525ec9691e7,pasadas_2026-07-29_5009A02052902.csv,AI348TS,1439.11,2,AUSA
3052d67a-0ac2-4ba8-bea9-aabd49384d61,pasadas_2026-07-23_5009A02044703.csv,AE952TH,33965.25,9,AUSA
30866abb-84fb-4275-922d-af900a4d09b6,pasadas_2026-07-23_5009A02044703.csv,AG893YR,33965.25,9,AUSA
308e5d65-51bf-4be1-adb4-879a3a8b55fb,pasadas_2026-07-23_5009A02044703.csv,AF791ER,9935.82,9,AUSA
30aba959-ca71-45cc-a5a2-9219a4d2610e,pasadas_2026-07-15_5364164.csv,AF103ZL,22444.27,6,AUBASA
30d1a8b8-8651-44d7-8971-064ce3c0ec36,pasadas_2026-07-15_5364165.csv,AF993HA,28740.39,7,AUBASA
30ef46a4-9bdb-42a8-871b-cdddcd821056,pasadas_2026-07-23_5009A02044703.csv,AB151SM,7642.85,4,AUSA
30f7a425-2e9a-48a6-8a7b-8dbfcbcb2dad,pasadas_2026-07-16_343555.csv,AG893YR,4970.74,7,AUTO-OESTE
30f7a975-82d4-4759-83a4-11ac9fd236e2,pasadas_2026-07-03_3305880.csv,AF993HA,7500.00,7,CVSA
310ef258-e997-4639-83ac-98f955a3b533,pasadas_2026-07-03_3313955.csv,AH543IQ,6500.00,7,CVSA
314adfbe-db1f-4470-80b9-498314efd2a5,pasadas_2026-07-16_343555.csv,EXT374,3976.59,6,AUTO-OESTE
31a0c183-d356-41bf-89da-c0d0c4a14c43,pasadas_2026-07-16_493556.csv,AG309CH,1192.99,2,AUSOL
31d31120-b1a8-4a46-8e60-36fb485af829,pasadas_2026-07-22_1947768.csv,AD667DM,17400.00,5,SANTAFE
32089f00-3657-4dea-a41d-06453c0b066a,pasadas_2026-07-22_1947769.csv,AF993HA,8400.00,6,SANTAFE
328661ab-b1fc-4eaa-a965-cacb3c83940e,pasadas_2026-07-16_329454.csv,AI348TS,1192.99,2,AUTO-OESTE
32f664d3-3e40-40ec-b147-54b777a0d1cf,pasadas_2026-07-15_5364165.csv,AI348TS,5611.06,2,AUBASA
32fb6f95-49dd-44f4-9a43-08136c7757ba,pasadas_2026-07-15_5364164.csv,AB456CU,23950.33,6,AUBASA
330b21c1-0097-4e8a-b60e-76b8499dccd3,pasadas_2026-07-16_493557.csv,AF993HA,5964.94,7,AUSOL
33212164-dab8-4c86-bd2a-7bea8c329213,pasadas_2026-07-16_343555.csv,AB633TZ,3976.59,6,AUTO-OESTE
332bef9a-6975-4b52-9849-3f00867836ed,pasadas_2026-07-29_5009A02060191.csv,AH729QW,15255.79,9,AUSA
33338ca0-2c16-46a4-961c-a1afb013adb0,pasadas_2026-07-23_5009A02044703.csv,AH543IQ,15255.79,9,AUSA
3368e0b4-23b9-4758-aac1-e2c7f4fe2385,pasadas_2026-07-29_5009A02060191.csv,AB456CU,9935.82,8,AUSA
3371997e-f9ff-4684-bf83-ef3f6b24221a,pasadas_2026-07-16_343555.csv,AB456CP,3976.59,6,AUTO-OESTE
3379291b-29a7-444b-8e75-fb7456d2b306,pasadas_2026-07-08_5009A02027769.csv,AH729QW,9935.82,9,AUSA
33c71469-47f7-44cb-8f2e-af00d056b009,pasadas_2026-07-03_3313955.csv,AF533SR,7500.00,7,CVSA
33fb7289-0e87-4346-b3db-ddbd808f5e62,pasadas_2026-07-15_5364164.csv,AG893YR,26933.11,7,AUBASA
342e6885-2e37-458d-8cee-aa6ac3382c93,pasadas_2026-07-16_493556.csv,AE908YR,994.15,2,AUSOL
3436ab2c-b09d-4519-9c8a-69d8f1d2f5a3,pasadas_2026-07-15_5364164.csv,AH185KI,26933.11,7,AUBASA
3475c915-e48f-4ef2-97a9-a3224ffff3d5,pasadas_2026-07-08_5009A02027769.csv,AE284KH,15255.79,7,AUSA
34810080-0ffb-4a49-8fd6-ddd19ac4a10d,pasadas_2026-07-16_343555.csv,AB247VR,4771.95,6,AUTO-OESTE
34db33d4-8de9-414a-9796-1eb3688ca782,pasadas_2026-07-23_5009A02044703.csv,AF791ER,9935.82,7,AUSA
34ef539c-77ff-4cf2-a9df-511e936c281a,pasadas_2026-07-29_5009A02052902.csv,AI348TS,1439.11,2,AUSA
35024f8c-f687-4e68-a8e5-628a3dec5460,pasadas_2026-07-16_493557.csv,AF993HA,4970.74,7,AUSOL
3502f088-220b-4c2d-a84f-a4f8ff8a30c6,pasadas_2026-07-08_5009A02027769.csv,AH185KI,9935.82,9,AUSA
35035276-5114-43d8-92f4-8060831c0d88,pasadas_2026-07-15_5364164.csv,AG916MK,13466.55,7,AUBASA
351a9e1b-072e-46ac-9d28-2b9a1dfc58e1,pasadas_2026-07-16_343555.csv,AB456CQ,4771.95,6,AUTO-OESTE
352048a5-d4d8-4ca3-84e0-6a44083e2461,pasadas_2026-07-15_5364164.csv,AG893YR,13466.55,7,AUBASA
353bf0bc-76ad-4c6d-8d74-318953719140,pasadas_2026-07-29_5009A02060191.csv,AF436WI,6044.83,7,AUSA
3546359e-2ee4-4640-81b3-cb47f1ccd538,pasadas_2026-07-29_5009A02060191.csv,AF436WI,16982.69,7,AUSA
356cb3fd-551a-4490-be72-684f615ae169,pasadas_2026-07-16_343555.csv,AB151SM,3976.59,6,AUTO-OESTE
3579781e-ccd9-40ba-9410-df78dc769fc8,pasadas_2026-07-15_5364164.csv,AG939HR,13466.55,7,AUBASA
35c8242a-d23e-4e8e-9ea3-d30a3bd4affb,pasadas_2026-07-16_493556.csv,AB247VR,3976.59,6,AUSOL
35d30e08-2a8a-479e-80fa-f78fba22e1f3,pasadas_2026-07-16_493556.csv,AG533MF,1192.99,2,AUSOL
35db79aa-d394-4302-a37e-88f786753dbd,pasadas_2026-07-03_3313955.csv,AF791ER,6000.00,6,CVSA
35dd83b4-e3ea-42c8-b9b2-a4768cf01600,pasadas_2026-07-29_5009A02060191.csv,AG309CO,9935.82,9,AUSA
35e85582-db87-4f18-86ee-a28658308a39,pasadas_2026-07-23_5009A02044703.csv,AB247VR,9935.82,7,AUSA
36111628-89d0-4082-990b-c6153d48a71f,pasadas_2026-07-16_493557.csv,AI348TS,994.15,2,AUSOL
36916739-cf83-4065-abd2-9cde21d1e261,pasadas_2026-07-03_3313955.csv,AF993HK,6000.00,6,CVSA
36a3731e-29dd-4174-b405-17c9ff47d39b,pasadas_2026-07-16_343555.csv,AB456CQ,3976.59,6,AUTO-OESTE
370bf4ce-2be2-4fb3-b04b-4ddd1981d284,pasadas_2026-07-03_3313955.csv,AC295IE,6000.00,6,CVSA
3721f5d2-c9a1-4c76-8bd3-3e8adc6bddba,pasadas_2026-07-29_5009A02060191.csv,AG916MK,15255.79,9,AUSA
372ca4d4-e4c0-453e-ac31-cf3987318c47,pasadas_2026-07-08_5009A02027769.csv,AD096FX,16633.40,8,AUSA
373a129f-d3a7-49d2-9ce7-bd72c83181a1,pasadas_2026-07-16_343555.csv,AG533MF,994.15,2,AUTO-OESTE
37589491-082d-4bc1-aac9-cedcd0d1a81e,pasadas_2026-07-16_343555.csv,AB247VR,4771.95,6,AUTO-OESTE
37835bfb-086e-47ee-8abd-d0341438b4fb,pasadas_2026-07-23_5009A02044703.csv,AD239PP,15255.79,7,AUSA
379183f4-ed35-44c4-a2bd-fc382b0d1d55,pasadas_2026-07-16_343555.csv,AB247VR,3976.59,6,AUTO-OESTE
37ee02c5-aeea-4808-8d6d-dc7209d166a5,pasadas_2026-07-16_493556.csv,AG939HR,4970.74,7,AUSOL
385870fa-13b6-43ee-a97e-1a23f08ff4f2,pasadas_2026-07-16_343555.csv,EXT374,4771.95,6,AUTO-OESTE
389b0372-9501-4c96-a6d5-68a248e1530b,pasadas_2026-07-22_1947768.csv,AG507DK,17400.00,5,SANTAFE
38b0c904-78df-4d89-a1d1-7c0888f4ba53,pasadas_2026-07-08_5009A02027769.csv,AF103ZL,6044.83,7,AUSA
38b2999f-7c58-4fb5-9919-39cae167ac53,pasadas_2026-07-16_343555.csv,AB247VR,3976.59,6,AUTO-OESTE
38e29dfe-783d-4902-9ad9-128385207717,pasadas_2026-07-16_493556.csv,AG533MF,994.15,2,AUSOL
39ddc3a3-89c2-4cff-9743-aeaf6de625d3,pasadas_2026-07-29_5009A02060191.csv,AG893YR,15255.79,9,AUSA
3a2d2006-04d4-4308-af33-0c601c5ecd8a,pasadas_2026-07-16_343555.csv,EXT374,3976.59,6,AUTO-OESTE
3a3e8c9e-b08b-4bac-b3f7-7f7d3e324252,pasadas_2026-07-16_343555.csv,AC295IE,4771.95,6,AUTO-OESTE
3a52dea4-e0a0-47ac-a2ff-34cee7c2c433,pasadas_2026-07-15_5364164.csv,AD625QA,11975.15,6,AUBASA
3a8bce89-4b3c-48da-ab7d-0af451d2d9aa,pasadas_2026-07-23_5009A02044703.csv,AF231PZ,15255.79,8,AUSA
3a94b2f0-70c3-476d-979e-8dcfcff7640b,pasadas_2026-07-23_5009A02044703.csv,AG916MK,33965.25,9,AUSA
3a9a0d79-fee6-4337-b311-7bed996bc857,pasadas_2026-07-16_493556.csv,AH351RT,4970.74,7,AUSOL
3b05d491-eace-4dff-b1a8-1264121d924e,pasadas_2026-07-15_5009A02037803.csv,EXT374,33965.25,7,AUSA
3b2b32fc-ccf0-4c0f-a4f1-5cd4684885bb,pasadas_2026-07-15_5364165.csv,AI348TS,2244.43,2,AUBASA
3b7381fd-4d77-4786-9e58-ddf9ece74da2,pasadas_2026-07-15_5009A02037803.csv,AD625QA,33965.25,8,AUSA
3b83f729-57ab-42b9-ad93-8329799c91c3,pasadas_2026-07-16_343555.csv,AG309CO,5964.94,7,AUTO-OESTE
3b869789-3b11-4bda-9389-6fc0f5df197c,pasadas_2026-07-08_5009A02027769.csv,AG507DK,6044.83,9,AUSA
3b881eee-b1aa-4abd-8697-655888765e97,pasadas_2026-07-15_5009A02037803.csv,AF436WI,16982.69,7,AUSA
3bd7dfad-7fd7-483c-a07c-fc8603cceb8b,pasadas_2026-07-15_5364164.csv,AG939HR,28740.39,7,AUBASA
3bf5d6b9-ab7b-47f9-957c-d311f401ad8e,pasadas_2026-07-08_5009A02027769.csv,AF791ER,6044.83,7,AUSA
3c5ee60f-4a48-45d8-972f-b0cf060ecd22,pasadas_2026-07-16_493556.csv,AB456CQ,3976.59,6,AUSOL
3c640f03-ccd5-4cc1-afed-5323c446df9d,pasadas_2026-07-29_5009A02060191.csv,AB456CQ,15255.79,8,AUSA
3c6996e6-f0d9-4b86-8746-339f532b0011,pasadas_2026-07-16_493556.csv,AG249HS,1192.99,2,AUSOL
3cec9f57-4303-4f88-a93e-23c608c5ba1c,pasadas_2026-07-08_5009A02027769.csv,AF136HN,9935.82,9,AUSA
3d24549c-3f46-45aa-ace6-2e147d5f1800,pasadas_2026-07-08_5009A02027769.csv,AH185KI,15255.79,9,AUSA
3d271ab0-bebe-49e5-8bd6-ba0c238a711b,pasadas_2026-07-16_493556.csv,AF103ZL,4771.95,6,AUSOL
3d32db60-f715-435c-893f-a1855c02b787,pasadas_2026-07-23_5009A02044703.csv,AG507DK,15255.79,9,AUSA
3d51600a-d5f0-4996-936f-bbf1f95cba92,pasadas_2026-07-15_5009A02037803.csv,AC264UA,33965.25,7,AUSA
3d5c1b07-8b46-4037-bd30-4f01f2ac6f46,pasadas_2026-07-15_5364164.csv,AG893YR,26933.11,7,AUBASA
3d8e0432-5071-4558-937c-9cd9dd7705f1,pasadas_2026-07-08_5009A02027769.csv,AH729QW,15255.79,9,AUSA
3e27635c-8893-4651-a1be-9552dfbdee51,pasadas_2026-07-16_343555.csv,AE469PH,4771.95,6,AUTO-OESTE
3e5b4b7e-917a-4f40-a59b-b52e5bad13a7,pasadas_2026-07-15_5364164.csv,AG916MK,26933.11,7,AUBASA
3e5fde09-ffc1-4313-9557-0298fd10d686,pasadas_2026-07-08_5009A02027769.csv,AH185KI,15255.79,9,AUSA
3eabd240-02d4-4028-93ec-d27fed68d7e1,pasadas_2026-07-16_493556.csv,AD625QB,3976.59,6,AUSOL
3eeefeb2-8c27-4432-a74f-fd5248102d40,pasadas_2026-07-16_343555.csv,AH185KI,4970.74,7,AUTO-OESTE
3f3dc52c-f3f8-4ccb-9a27-f748633e575f,pasadas_2026-07-16_343555.csv,AC264UA,3976.59,6,AUTO-OESTE
3f652b33-0da4-45d6-98e8-71026cf6a6d8,pasadas_2026-07-08_5009A02027769.csv,AG916MK,9935.82,9,AUSA
3f90f63b-781b-42d7-a16e-9477ae43d19f,pasadas_2026-07-15_5364165.csv,AF993HA,13466.55,7,AUBASA
3f9c3b74-cf6a-4dea-abe5-cd501e9eeda2,pasadas_2026-07-29_5009A02060191.csv,AD625QB,15255.79,7,AUSA
3f9e9c8d-ec2c-42a5-aff7-f70dd537ce44,pasadas_2026-07-16_343555.csv,AG916MK,5964.94,7,AUTO-OESTE
3fb1ea13-c9b2-4e68-9e57-76131d77aeca,pasadas_2026-07-29_5009A02060191.csv,AE831SI,6044.83,9,AUSA
3ff312ca-a41b-4dc5-8784-43a66cfa52eb,pasadas_2026-07-23_5009A02044703.csv,AH543IQ,15255.79,9,AUSA
4070375c-451f-41fc-a2a3-fb57ecd7c24f,pasadas_2026-07-15_5364164.csv,AG916MK,26933.11,7,AUBASA
40782619-ea03-420a-9556-ccdbca7dc559,pasadas_2026-07-16_343555.csv,AC561DQ,4771.95,6,AUTO-OESTE
4086bf21-9d9e-4db6-9a8f-e157a7687a98,pasadas_2026-07-23_5009A02044703.csv,AG309CO,6044.83,9,AUSA
40bbaa66-7d95-4d1e-bbe0-90583c69891d,pasadas_2026-07-08_5009A02027769.csv,AG893YR,9731.46,9,AUSA
4108721f-8686-4f9b-8129-76d3a746a23b,pasadas_2026-07-16_343555.csv,AB456CQ,3976.59,6,AUTO-OESTE
41298a54-303d-4b7a-a65d-f16b2e3dc928,pasadas_2026-07-22_1947768.csv,AG939HX,6600.00,5,SANTAFE
4132011f-3cb1-4e3d-bcf1-1615b26c2976,pasadas_2026-07-08_5009A02027769.csv,AF103ZL,6044.83,8,AUSA
4137b64c-206f-4fbc-b30a-8504ce29b5df,pasadas_2026-07-08_5009A02027769.csv,AB247VR,15255.79,7,AUSA
4164dfc7-2061-4262-9df4-f23b39119500,pasadas_2026-07-16_343555.csv,OWG130,3976.59,6,AUTO-OESTE
4182dca1-de87-4d7e-b51f-67415ac4c072,pasadas_2026-07-16_493556.csv,AH351RT,4970.74,7,AUSOL
41abef05-1ef3-4bcc-8473-0f78c055b92c,pasadas_2026-07-08_5009A02027769.csv,AG939HX,9935.82,9,AUSA
41bb9239-29a9-4750-a6f1-de515b064128,pasadas_2026-07-15_5364165.csv,AF993HA,14370.19,7,AUBASA
41cc6523-669e-4fbb-9483-089bb60bc168,pasadas_2026-07-29_5009A02060191.csv,AD625QB,9935.82,7,AUSA
41ddf2cf-9cf8-41e5-bfd9-5bd78aa833e2,pasadas_2026-07-16_343555.csv,AB151SM,3976.59,6,AUTO-OESTE
41e6f214-00b6-4761-8af1-08a6ae65187c,pasadas_2026-07-15_5364165.csv,AI348TS,2805.54,2,AUBASA
41f84eb6-944f-4daa-b205-940e9b0aa627,pasadas_2026-07-15_5009A02037803.csv,AG939HR,33965.25,9,AUSA
41fa1bf2-79dd-47b9-b967-1017dce47fa7,pasadas_2026-07-29_5009A02060191.csv,AH351RT,9935.82,8,AUSA
42070387-9134-46fa-958a-e1956be10cf6,pasadas_2026-07-16_329454.csv,AI178ER,4970.74,7,AUTO-OESTE
421984ca-439f-4e13-ad18-c6186da2a4e3,pasadas_2026-07-23_5009A02044703.csv,AC295IE,15255.79,7,AUSA
4288a153-7975-4d66-a125-52779014be83,pasadas_2026-07-23_5009A02044703.csv,AG893YR,15255.79,9,AUSA
429b8426-0d34-4e75-ab9c-6476d38328f4,pasadas_2026-07-08_5009A02027769.csv,AF436WI,6044.83,7,AUSA
429b87d1-9b40-4939-9624-e3060c8d4e32,pasadas_2026-07-22_1947768.csv,AF103ZL,17400.00,5,SANTAFE
42b2f04b-4e60-413d-89a9-e75d06dac87b,pasadas_2026-07-16_343555.csv,AB633TZ,3976.59,6,AUTO-OESTE
42c85361-33ac-4ff4-96f7-ae5fe19ac5db,pasadas_2026-07-15_5009A02037803.csv,AG309CO,33965.25,9,AUSA
42d1fee0-11f2-4468-baab-a4e51dd9ca44,pasadas_2026-07-23_5009A02044703.csv,AG249HS,1439.11,2,AUSA
42f46193-c67b-41d5-8c0f-8ac201b17f69,pasadas_2026-07-16_343555.csv,AG309CH,994.15,2,AUTO-OESTE
42fc4c8b-ff6d-49a5-b268-2288553da987,pasadas_2026-07-29_5009A02060191.csv,AC264UA,33965.25,7,AUSA
42fd623f-b585-44fd-822b-fc717d7b945d,pasadas_2026-07-16_343555.csv,AC561DQ,4771.95,6,AUTO-OESTE
430399ba-803a-4703-b75f-f885bec2aae4,pasadas_2026-07-15_5364164.csv,AF091AI,14370.19,7,AUBASA
4305c852-6f27-4f6e-b893-a46ffc07fb11,pasadas_2026-07-15_5009A02037760.csv,AF993HA,6044.83,9,AUSA
43444718-f6fc-43ad-8f3d-5f6d16a47ed2,pasadas_2026-07-15_5364164.csv,AG893YR,13466.55,7,AUBASA
434daa27-c8b7-4414-9672-6cb90a517af9,pasadas_2026-07-15_5364164.csv,AG893YR,13466.55,7,AUBASA
435113c7-69e7-4126-bc27-f9ac31366cc3,pasadas_2026-07-29_5009A02060191.csv,AG893YR,6044.83,9,AUSA
43745887-fe38-45fb-b42b-5d84707adc40,pasadas_2026-07-15_5364164.csv,AD625QA,31427.15,5,AUBASA
438babaa-b0e8-499c-accd-3c26e99e7876,pasadas_2026-07-08_5009A02027769.csv,AF436WI,15255.79,7,AUSA
43a6cb88-9f6b-4781-a785-52d7f7e39037,pasadas_2026-07-08_5009A02027769.csv,AH543IQ,6044.83,9,AUSA
43c1f75a-766d-4230-a2d0-c772ee753c9d,pasadas_2026-07-29_5009A02052902.csv,AF993HA,9935.82,9,AUSA
43f50ffc-99db-48a8-b2f6-103c70517903,pasadas_2026-07-29_5009A02060191.csv,AH729QW,15255.79,9,AUSA
4404b002-9077-493f-8813-d78d8b029249,pasadas_2026-07-22_1947768.csv,AF136HN,8400.00,6,SANTAFE
44584408-5a93-461f-bbb5-ee30d3d9863d,pasadas_2026-07-16_343555.csv,AH729QW,5964.94,7,AUTO-OESTE
446ab049-673c-497d-9c14-790927efd964,pasadas_2026-07-15_5364165.csv,AF993HA,13466.55,7,AUBASA
448a188d-d273-4d85-a580-d619e502495b,pasadas_2026-07-29_5009A02052902.csv,AI178ER,15255.79,9,AUSA
449c4a64-9a4c-44af-a01f-b89be8763b15,pasadas_2026-07-16_343555.csv,AH185KI,4970.74,7,AUTO-OESTE
44dd4398-e9b2-4cfb-bd55-a89e29105361,pasadas_2026-07-23_5009A02044703.csv,AG507DK,16982.69,9,AUSA
45137bcd-4a23-4858-8dfa-ea0a0a84e1d9,pasadas_2026-07-16_343555.csv,EXT374,3976.59,6,AUTO-OESTE
45339fe1-c728-4564-a909-d86c64a32b1d,pasadas_2026-07-16_343555.csv,AE469PH,3976.59,6,AUTO-OESTE
4535fdc6-83c8-4647-825b-9953b67bc586,pasadas_2026-07-15_5364164.csv,AG507DK,11222.12,6,AUBASA
45443f7b-8176-45ff-9a3b-3d3aaaa341e6,pasadas_2026-07-16_343555.csv,AB456CQ,4771.95,6,AUTO-OESTE
458af475-b408-4383-8a67-8d06516063e8,pasadas_2026-07-16_493556.csv,AB456CP,4771.95,6,AUSOL
45ce0b55-f073-42d8-a076-9a9148ea09f6,pasadas_2026-07-15_5364164.csv,AH351RT,13466.55,7,AUBASA
45e240f3-4797-42dd-92da-51a08feca5d1,pasadas_2026-07-29_5009A02060191.csv,AD625QB,6044.83,7,AUSA
4612b12e-8da1-4363-9d15-cd5001cd7d0a,pasadas_2026-07-16_343555.csv,AB151SM,3976.59,6,AUTO-OESTE
46650828-6683-462f-8ecf-8ce8fd7d4bb0,pasadas_2026-07-08_5009A02027769.csv,AG916MK,6044.83,9,AUSA
46b0d14e-4038-4e89-9672-ac00a4839adc,pasadas_2026-07-23_5009A02044703.csv,AF103ZL,9935.82,7,AUSA
46cd71b5-7321-46e2-9bd8-469e8878909b,pasadas_2026-07-23_5009A02044703.csv,AF202UU,15255.79,7,AUSA
46d01354-a637-4159-9090-37daaec28251,pasadas_2026-07-29_5009A02060191.csv,AB151SM,6044.83,8,AUSA
46ee0f21-24cb-4b85-9813-84a293d327cd,pasadas_2026-07-23_5009A02044703.csv,AC295IE,6044.83,7,AUSA
46ef0194-d6b4-4c38-a081-7321cb51d3f5,pasadas_2026-07-29_5009A02052902.csv,AI178ER,9935.82,7,AUSA
46f0c1a3-81e2-492a-8214-63cb1d910305,pasadas_2026-07-15_5364164.csv,AF436WI,13466.55,7,AUBASA
4714b40a-dfda-43c8-a31a-72c28a75bdad,pasadas_2026-07-16_343555.csv,EXT374,3976.59,6,AUTO-OESTE
471d91a4-a280-4d98-aaaa-8b52076038ae,pasadas_2026-07-15_5364164.csv,AF436WI,13466.55,7,AUBASA
4768cf24-1207-4853-a69c-fae7f7e6c6ac,pasadas_2026-07-16_343555.csv,AE469PH,4771.95,6,AUTO-OESTE
4772ac9f-f924-420f-b302-f18b011eb97d,pasadas_2026-07-16_343555.csv,AC264UA,3976.59,6,AUTO-OESTE
47753e7f-6f70-4f51-bd57-000b31387a02,pasadas_2026-07-16_343555.csv,AB247VR,4771.95,6,AUTO-OESTE
47a600b1-1cbe-41c6-b8a5-f234359d2b35,pasadas_2026-07-16_343555.csv,AB633TZ,4771.95,6,AUTO-OESTE
47a9d95e-3146-4e44-96c5-0c3555da29f2,pasadas_2026-07-16_343555.csv,AH351RT,5964.94,7,AUTO-OESTE
47bfab3f-6c70-4c23-b3af-a899dddd8661,pasadas_2026-07-08_5009A02027769.csv,AB456CP,9935.82,7,AUSA
48a318f5-3221-4cc2-b224-08da82ab6083,pasadas_2026-07-29_5009A02060191.csv,AC264UA,9935.82,7,AUSA
48c925b0-11f5-4186-aa6a-251d8c775ca3,pasadas_2026-07-15_5364164.csv,AG309CO,13466.55,7,AUBASA
4949fd49-4a46-4e28-8eaf-72989684bb5b,pasadas_2026-07-23_5009A02044703.csv,AF103ZL,15255.79,7,AUSA
4a1cfff3-99f4-4f7a-bb44-64d27e9fa8a4,pasadas_2026-07-29_5009A02060191.csv,AF103ZL,9935.82,7,AUSA
4a1da9b8-d9c9-4bc2-a50f-76ac1c0cb006,pasadas_2026-07-16_493557.csv,AI348TS,994.15,2,AUSOL
4a26014f-b027-487c-9555-fc934accd060,pasadas_2026-07-22_1947768.csv,AH800QT,21000.00,6,SANTAFE
4a4372ec-ad22-4c46-bc9a-87b4252eb293,pasadas_2026-07-16_343555.csv,AF411UY,3976.59,6,AUTO-OESTE
4a4a6a82-55e6-45b8-98c8-0d3e92b5106a,pasadas_2026-07-16_343555.csv,EXT374,3976.59,6,AUTO-OESTE
4a726668-7af6-4175-b042-08536ae58456,pasadas_2026-07-15_5364164.csv,AH543IQ,26933.11,7,AUBASA
4a77d70d-7c98-449b-8344-393a71b90a95,pasadas_2026-07-16_343555.csv,AF103ZL,3976.59,6,AUTO-OESTE
4a9443fe-b9c1-454e-9dd6-38327eeb5def,pasadas_2026-07-15_5009A02037803.csv,AB633TZ,15255.79,7,AUSA
4ab9e6fe-add2-4285-a2cc-41b934cd0385,pasadas_2026-07-16_493556.csv,AG249HS,994.15,2,AUSOL
4ac018d4-5aa1-43e1-8df6-d0d3261bb8f6,pasadas_2026-07-16_343555.csv,AG916MK,4970.74,7,AUTO-OESTE
4aea33f7-69b2-4e55-8f07-564dc9d0d20d,pasadas_2026-07-29_5009A02060191.csv,AG309CO,6044.83,9,AUSA
4b2a2349-3d93-4b79-9463-85374dce8507,pasadas_2026-07-08_5009A02027769.csv,AG916MK,6044.83,9,AUSA
4b420f1c-a0cd-4e47-9f70-db6544b1e4db,pasadas_2026-07-29_5009A02060191.csv,AG507DK,6044.83,9,AUSA
4b72098a-98ec-4865-ad2d-667ae893e6af,pasadas_2026-07-03_3313955.csv,AD985XP,5200.00,6,CVSA
4b874d6d-18b4-42ba-a84a-72bd99646f35,pasadas_2026-07-29_5009A02060191.csv,AG893YR,9935.82,9,AUSA
4b96a1df-0495-4094-aeec-0ca26afa2744,pasadas_2026-07-16_343555.csv,AB633TY,4771.95,6,AUTO-OESTE
4ba57e02-904e-4f69-ac65-ccafdc9a9342,pasadas_2026-07-15_5009A02037760.csv,AI348TS,9935.82,8,AUSA
4bcd5ef8-89f8-4686-a3d9-f47df56a78cf,pasadas_2026-07-08_5009A02027769.csv,AD985XP,9731.46,8,AUSA
4be69404-f03c-4807-b1c4-3cea801b0d7d,pasadas_2026-07-16_343555.csv,AB247VR,3976.59,6,AUTO-OESTE
4c29ffd7-8bdc-4ef1-a4c5-678b8dc1edde,pasadas_2026-07-16_343555.csv,AC295IE,3976.59,6,AUTO-OESTE
4c6ea747-cc68-462c-a1e2-5a7b01bbdd8e,pasadas_2026-07-15_5364164.csv,AG916MK,33666.39,7,AUBASA
4cd23337-af8e-45d5-84fc-69f1c87672be,pasadas_2026-07-16_343555.csv,AB247VR,4771.95,6,AUTO-OESTE
4cfa3e6c-e298-4428-9599-0ee3f1a310f3,pasadas_2026-07-16_343555.csv,AE952TH,4771.95,6,AUTO-OESTE
4d2b6fb9-b3c8-41bb-a84e-caf1a257d242,pasadas_2026-07-15_5364164.csv,AH543IQ,16833.20,7,AUBASA
4d3a6e63-aafd-4d5e-91fe-a1c1e39f4bd8,pasadas_2026-07-16_329454.csv,AI042WA,1192.99,2,AUTO-OESTE
4d41fd25-2c70-4dc3-b00b-729b68ee5351,pasadas_2026-07-03_3313955.csv,AG507DK,5200.00,6,CVSA
4d56dc9a-bc07-4c0f-8b59-b14b8c87dbdb,pasadas_2026-07-15_5009A02037803.csv,AF202UU,6044.83,7,AUSA
4d6be31d-11eb-4186-b3a2-175cb0bfb3dd,pasadas_2026-07-29_5009A02060191.csv,AG939HR,15255.79,9,AUSA
4d925931-9940-43b6-affa-701ad7c9465d,pasadas_2026-07-16_493557.csv,AI348TS,994.15,2,AUSOL
4dd463f3-c422-487d-aad4-e094d2a33c41,pasadas_2026-07-16_343555.csv,AB247VR,4771.95,6,AUTO-OESTE
4dda6b79-0dba-42f0-8dbd-21d06cfb87b1,pasadas_2026-07-15_5364164.csv,AE751PA,14027.67,6,AUBASA
4e34b38a-34c0-4ba8-bfb9-b87b73994ded,pasadas_2026-07-15_5364164.csv,AF091AI,14370.19,7,AUBASA
4eab0629-3f80-4e23-a316-35de57bf4889,pasadas_2026-07-23_5009A02044703.csv,AD625QB,15255.79,7,AUSA
4ed60a02-5d08-4e25-894a-24cd4a1adc0c,pasadas_2026-07-08_5009A02027769.csv,AB456CQ,6044.83,8,AUSA
4edb2188-1a09-4704-8a7f-be177fc0247d,pasadas_2026-07-16_343555.csv,AH543IQ,4970.74,7,AUTO-OESTE
4eedc9fc-0b21-4baa-b082-72378798efbe,pasadas_2026-07-15_5364165.csv,AF993HA,26933.11,7,AUBASA
4efa082a-07d2-4ad5-92fc-33ec32e5e0fa,pasadas_2026-07-15_5009A02037803.csv,AF202UU,9935.82,7,AUSA
4f328fd5-1d65-4bdb-8a38-8536b734c0de,pasadas_2026-07-16_493556.csv,AG533MF,994.15,2,AUSOL
4fa236e0-7521-4bff-b037-2aebc7a0f0db,pasadas_2026-07-08_5009A02027769.csv,AG893YR,9935.82,9,AUSA
4fc04719-66f1-4b91-8af9-58d3f2c7a21e,pasadas_2026-07-16_493556.csv,AB633TY,3976.59,6,AUSOL
4fec0884-19f0-45a4-b1b0-e910187a116a,pasadas_2026-07-23_5009A02044703.csv,AC295IE,15255.79,7,AUSA
5009cafb-6fd9-4b4b-99df-8e2f7e1e61b2,pasadas_2026-07-08_5009A02027769.csv,AA561YA,15255.79,7,AUSA
50800c13-58ee-40ab-a8d4-dd71609b8744,pasadas_2026-07-15_5364164.csv,AG916MK,13466.55,7,AUBASA
508adc86-0f4e-436c-808d-caefe84e9ddf,pasadas_2026-07-15_5009A02037803.csv,AH185KI,6044.83,9,AUSA
512a7a24-f201-4663-bcb3-e104b835ce19,pasadas_2026-07-16_343555.csv,AE952TH,3976.59,6,AUTO-OESTE
51308c1e-14b6-4b85-b19a-47f7558738fd,pasadas_2026-07-15_5009A02037760.csv,AI348TS,4895.18,2,AUSA
51485a25-03d2-4d6a-9f3f-f8228ba0dea5,pasadas_2026-07-15_5364165.csv,AI348TS,4488.85,2,AUBASA
51601aef-5f16-434c-8c3a-ff3904d2def2,pasadas_2026-07-29_5009A02060191.csv,AC561DQ,6044.83,7,AUSA
5164461e-4f96-4cdb-af9f-1edb47439c72,pasadas_2026-07-16_343555.csv,AB247VR,4771.95,6,AUTO-OESTE
51821e68-6a51-4019-bd90-b3789d07210e,pasadas_2026-07-08_5009A02027769.csv,AE751PA,9935.82,8,AUSA
522112ad-63b1-442b-8e73-470153053060,pasadas_2026-07-08_5009A02027769.csv,AE751PA,16982.69,9,AUSA
5295213a-a647-4941-812f-329bb848eab9,pasadas_2026-07-29_5009A02060191.csv,AE952TH,9935.82,9,AUSA
52ab5a1e-bf44-4437-b916-a185b54bae5d,pasadas_2026-07-23_5009A02044703.csv,AE751PA,33965.25,9,AUSA
52c9d857-fa45-4fd3-a6c1-cd58730145ca,pasadas_2026-07-08_5009A02027769.csv,AG507DK,15255.79,9,AUSA
52f014e8-e38a-4410-8478-935ba8871b29,pasadas_2026-07-08_5009A02027769.csv,AF103ZL,6044.83,7,AUSA
530fbf98-210b-498a-aaff-64b146e3609f,pasadas_2026-07-22_1947768.csv,AC295IE,17400.00,5,SANTAFE
5316b28c-4451-4518-b179-7187c04ac179,pasadas_2026-07-23_5009A02044703.csv,AG309CO,16982.69,9,AUSA
53531a3b-df4a-452a-bbc1-5f8f5145b638,pasadas_2026-07-15_5009A02037803.csv,AH185KI,6044.83,9,AUSA
535ef0a3-dcbb-47de-a6a3-1139b5372af3,pasadas_2026-07-29_5009A02052902.csv,AI348TS,9935.82,9,AUSA
5386ef4d-bd10-46be-b02f-e3209c125c9f,pasadas_2026-07-16_343555.csv,AB247VR,3976.59,6,AUTO-OESTE
5391b51f-ed97-4db1-a487-8150aacdb63d,pasadas_2026-07-16_343555.csv,EXT374,3976.59,6,AUTO-OESTE
53aa70d3-de60-4827-9d4d-29883e5fea57,pasadas_2026-07-15_5364164.csv,AG309CO,14370.19,7,AUBASA
5446da41-fa1e-44cd-9b53-5b23b5259b73,pasadas_2026-07-15_5364164.csv,AG893YR,33666.39,7,AUBASA
5486a215-7aee-49e7-bd88-d67bd1fbe370,pasadas_2026-07-16_343555.csv,AB151SM,4771.95,6,AUTO-OESTE
54946f99-9456-46ef-b10c-c36ecc77f682,pasadas_2026-07-15_5009A02037760.csv,AI042WD,9935.82,7,AUSA
549604c7-cf39-453b-b4d9-79ddc1969f52,pasadas_2026-07-16_493556.csv,AG939HR,4970.74,7,AUSOL
54a00c41-dc31-4821-9cd9-7009807b323b,pasadas_2026-07-23_5009A02044703.csv,AB247VR,15255.79,7,AUSA
54a21b10-814f-4a00-b1b3-38e7dbfe7a95,pasadas_2026-07-03_3313955.csv,AF091AI,7500.00,7,CVSA
54a995c0-5bb4-45b2-b56c-8940b02c0e1d,pasadas_2026-07-15_5009A02037803.csv,AG939HR,9935.82,9,AUSA
54c73f19-7c89-4c4b-a425-60b9dcd3cb23,pasadas_2026-07-15_5364164.csv,EXT374,11975.15,6,AUBASA
54cad53c-c5eb-4595-b183-2a9729d25f5f,pasadas_2026-07-23_5009A02044703.csv,AE908YR,2035.11,2,AUSA
55069e29-789a-40af-839f-5a0177cdfd64,pasadas_2026-07-16_493556.csv,AF202UU,5964.94,7,AUSOL
5596ac77-7e0c-493f-bb50-699835942ed7,pasadas_2026-07-08_5009A02027769.csv,AH351RT,15255.79,9,AUSA
559c5344-90f7-4616-b4c5-66552658ed7f,pasadas_2026-07-16_343555.csv,AF202UU,5964.94,7,AUTO-OESTE
559eb275-0a10-4a3b-ad41-3a12064d1099,pasadas_2026-07-16_343555.csv,AB247VR,4771.95,6,AUTO-OESTE
55ab1035-084d-49af-8549-614438d22a04,pasadas_2026-07-22_1947769.csv,AF993HA,21000.00,6,SANTAFE
55c41cc8-3b61-4324-bd63-361118e2402a,pasadas_2026-07-15_5364164.csv,AA561YA,14027.67,6,AUBASA
55d300ce-8438-4834-bc13-949ca60ca85f,pasadas_2026-07-16_343555.csv,AF411UY,4771.95,6,AUTO-OESTE
56167eaa-ea3c-43cc-a807-53e643cff0b0,pasadas_2026-07-08_5009A02027769.csv,AF103ZL,15255.79,7,AUSA
561e00fa-2a4b-4495-9945-254174bd9046,pasadas_2026-07-23_5009A02044703.csv,AF103ZL,6044.83,7,AUSA
56273a0a-18f7-4b42-ba28-2adc296282f2,pasadas_2026-07-29_5009A02052902.csv,AF993HA,33965.25,9,AUSA
56c71c86-7715-482a-9f43-fab653f25ddb,pasadas_2026-07-16_343555.csv,AC264UA,3976.59,6,AUTO-OESTE
56d79ae6-c52e-41de-a55e-7bb924b2adb7,pasadas_2026-07-08_5009A02027769.csv,AH351RT,9935.82,9,AUSA
56e8e0eb-0459-4522-a24e-42c877fb1a09,pasadas_2026-07-16_343555.csv,AB247VR,3976.59,6,AUTO-OESTE
56f7248f-fad5-4c1f-b84f-e27fdf6d414a,pasadas_2026-07-22_1947768.csv,AG939HX,17400.00,5,SANTAFE
56fc782c-ba85-4aea-9765-ad369c64c34d,pasadas_2026-07-16_493556.csv,AG309CH,994.15,2,AUSOL
572b9f12-eea2-41c1-a15d-116baaaa21c8,pasadas_2026-07-29_5009A02052902.csv,AF993HA,9935.82,9,AUSA
5743a3c0-319e-4dbf-8515-0add6d4e3ab3,pasadas_2026-07-03_3305880.csv,AF993HA,7500.00,7,CVSA
5755463c-ddfd-4682-98b4-3f4814f53cad,pasadas_2026-07-16_493556.csv,AD625QB,3976.59,6,AUSOL
57586d42-744b-4148-8f8a-468ce1773d9b,pasadas_2026-07-16_343555.csv,AF993HK,4771.95,6,AUTO-OESTE
578a8caf-3742-4e29-af26-24407ebd64b4,pasadas_2026-07-16_343555.csv,AG939HR,5964.94,7,AUTO-OESTE
57974d64-e5b1-4c03-9ac8-dfc31b1b7a49,pasadas_2026-07-15_5364164.csv,AH351RT,26933.11,7,AUBASA
579e10a6-5c99-4ab3-a31b-5784ef965c05,pasadas_2026-07-15_5364164.csv,AG916MK,14370.19,7,AUBASA
57bf32f8-60ed-48d9-8ac8-c63eb36728ea,pasadas_2026-07-29_5009A02060191.csv,AB633TZ,15255.79,7,AUSA
57daa197-8303-4d5c-ab6a-cf53f5608713,pasadas_2026-07-16_343555.csv,AB151SM,4771.95,6,AUTO-OESTE
58006347-ca4a-437b-b8a7-5e443fe3400d,pasadas_2026-07-23_5009A02044703.csv,AE751PA,6044.83,9,AUSA
5852a901-9e4f-4044-880d-078b7eb39ed5,pasadas_2026-07-16_343555.csv,AB633TZ,4771.95,6,AUTO-OESTE
586b6761-329b-494d-bfd7-dc3440dcd15f,pasadas_2026-07-15_5364164.csv,AH543IQ,13466.55,7,AUBASA
5870f547-0303-43f2-99b0-9917415236fd,pasadas_2026-07-16_343555.csv,AB633TZ,3976.59,6,AUTO-OESTE
588e64a0-4e63-4c65-8020-70b6f06c1278,pasadas_2026-07-16_343555.csv,AD625QA,4771.95,6,AUTO-OESTE
58aeb0d7-241e-4a4c-acd6-61e7342fdd59,pasadas_2026-07-16_343555.csv,AC264UA,4771.95,6,AUTO-OESTE
58bcb6d7-65ed-48b7-8036-5ab78761bf1a,pasadas_2026-07-15_5364164.csv,AG893YR,28740.39,7,AUBASA
59060c59-4f91-4cf3-a5d9-1994872ba454,pasadas_2026-07-08_5009A02027769.csv,AB456CQ,15255.79,8,AUSA
59209956-aeaf-47bd-9863-3c71f44bd673,pasadas_2026-07-29_5009A02052902.csv,AF993HA,9935.82,9,AUSA
596efa45-d666-4f63-87e6-b015f60d5414,pasadas_2026-07-29_5009A02052902.csv,AI348TS,3454.21,2,AUSA
59cc870d-f7be-4b8b-9a02-f6ceea88aa88,pasadas_2026-07-03_3313955.csv,AF091AI,7500.00,7,CVSA
59d7933a-9c61-4678-8b94-b1e5d4cda930,pasadas_2026-07-15_5009A02037760.csv,AF993HA,9935.82,9,AUSA
59da91c9-28b7-407a-a62f-2d8436488957,pasadas_2026-07-16_343555.csv,AE952TH,3976.59,6,AUTO-OESTE
59edef64-bcc6-4895-9baf-1a6818f9d2d4,pasadas_2026-07-29_5009A02060191.csv,AG893YR,6044.83,9,AUSA
59ffe69c-c08a-4c97-8acb-84e3b195d752,pasadas_2026-07-23_5009A02044703.csv,AH543IQ,15255.79,9,AUSA
5a04d866-8d72-4183-8e21-5137f69c731d,pasadas_2026-07-15_5364164.csv,AH351RT,14370.19,7,AUBASA
5a09b569-21fe-4994-9be6-9e47b2714da4,pasadas_2026-07-16_343555.csv,OWG130,4771.95,6,AUTO-OESTE
5a254787-59e4-4bb1-976d-81192afed4e1,pasadas_2026-07-16_343555.csv,AE469PL,3976.59,6,AUTO-OESTE
5a300d30-abc2-4aac-9877-1a1170c3df6a,pasadas_2026-07-16_343555.csv,AH351RT,4970.74,7,AUTO-OESTE
5a40cc96-5ce9-43dc-a0a0-1b035d53f918,pasadas_2026-07-08_5009A02027769.csv,AE469PH,9935.82,7,AUSA
5a44b185-cffa-403c-883a-901de879d550,pasadas_2026-07-29_5009A02060191.csv,AG507DK,15255.79,9,AUSA
5a4fca19-6271-4ffa-b9de-cf58e2befce3,pasadas_2026-07-15_5364164.csv,AH729QW,13466.55,7,AUBASA
5a552f72-5355-4adf-b2a1-f32d4081c85e,pasadas_2026-07-16_493556.csv,AF533SR,5964.94,7,AUSOL
5a7485c4-0acf-4d7d-8e05-e5164747ecea,pasadas_2026-07-15_5364164.csv,AG309CO,13466.55,7,AUBASA
5a75126c-1e00-45d7-acdc-7b23fa9ec8f9,pasadas_2026-07-08_5009A02027769.csv,AB456CU,9935.82,7,AUSA
5a822eb3-bd46-4375-8a6f-26204e114b07,pasadas_2026-07-15_5364164.csv,AG309CO,13466.55,7,AUBASA
5a9efd67-e6bd-41e4-8874-8acaa882d130,pasadas_2026-07-15_5364164.csv,AG893YR,13466.55,7,AUBASA
5b03f1e2-1624-4e12-9680-676d089f8760,pasadas_2026-07-15_5364164.csv,AG309CO,14370.19,7,AUBASA
5b3aa65d-fd8b-4e1a-979e-3da85c09a215,pasadas_2026-07-16_343555.csv,AB633TZ,3976.59,6,AUTO-OESTE
5b4b11e9-970d-4a33-abed-d80e8653c6bd,pasadas_2026-07-16_343555.csv,AB633TY,4771.95,6,AUTO-OESTE
5be89d86-5329-414d-a277-bd9616b6c73c,pasadas_2026-07-03_3313955.csv,AG507DK,5200.00,6,CVSA
5c03c4f9-d10a-4da1-a5f3-caa7facca808,pasadas_2026-07-15_5364164.csv,AG309CO,13466.55,7,AUBASA
5c7ddc40-7375-4a3f-ba92-76caf24b0415,pasadas_2026-07-29_5009A02060191.csv,AD482MT,9935.82,7,AUSA
5c87912a-ec00-4d58-bc95-197aecabdd7d,pasadas_2026-07-15_5364164.csv,AB456CP,11975.15,6,AUBASA
5c9c3d18-f23f-425f-a43c-dd131058a024,pasadas_2026-07-16_343555.csv,AF202UU,4970.74,7,AUTO-OESTE
5cbe7afc-ca0d-4a7b-aa1a-a08822eb594f,pasadas_2026-07-16_343555.csv,AB633TY,3976.59,6,AUTO-OESTE
5cd64d84-f2c3-4090-ad3b-1e2b5c2615f4,pasadas_2026-07-16_343555.csv,AD239PP,3976.59,6,AUTO-OESTE
5cdb6a26-3014-4ad1-9805-475d0cc20e8f,pasadas_2026-07-16_343555.csv,AB247VR,4771.95,6,AUTO-OESTE
5d073eb2-8826-4d6d-bb31-e7ccb2f8921f,pasadas_2026-07-08_5009A02027769.csv,AG309CO,9935.82,9,AUSA
5d236dff-7c0d-4160-9a9a-7ed872a2a90d,pasadas_2026-07-15_5009A02037803.csv,AB633TZ,6044.83,7,AUSA
5d6b1d8c-ce9b-44b2-8944-291ecec484c7,pasadas_2026-07-29_5009A02060191.csv,AG249HS,1439.11,2,AUSA
5d988211-be8b-4ec7-ab8f-adc54badbd01,pasadas_2026-07-23_5009A02044703.csv,AD239PP,15255.79,7,AUSA
5db3fbb2-ccef-46a0-bf11-8419139ca666,pasadas_2026-07-16_343555.csv,AA561YA,3976.59,6,AUTO-OESTE
5dba1430-31a7-4969-94c2-2d806f68c8fc,pasadas_2026-07-16_343555.csv,AD667DM,3976.59,6,AUTO-OESTE
5ddfbebf-a29d-4f26-be4b-ce90eab9028f,pasadas_2026-07-22_1947769.csv,AF993HA,21000.00,6,SANTAFE
5dee3715-d0ef-40db-b764-e2ba5657cc1c,pasadas_2026-07-29_5009A02060191.csv,OWG130,15255.79,7,AUSA
5e054ae5-42ce-4d91-9472-6fad0a0231da,pasadas_2026-07-08_5009A02027769.csv,AH351RT,9935.82,8,AUSA
5f006e8e-70eb-45e7-aaf9-29090f8eb6e2,pasadas_2026-07-08_5009A02027769.csv,AF533SR,15255.79,9,AUSA
5f007bb9-2b2e-44ce-ac02-bc9f12336fb2,pasadas_2026-07-16_343555.csv,AB633TY,3976.59,6,AUTO-OESTE
5f024247-343b-4667-8024-ceb2a1faf7bd,pasadas_2026-07-08_5009A02027769.csv,AG309CO,9935.82,9,AUSA
5f044810-6758-4e7a-81b6-2227986fd9d2,pasadas_2026-07-15_5364164.csv,AB151SM,11975.15,6,AUBASA
5f06be3b-e047-40b1-b06f-c6d440e96f1b,pasadas_2026-07-16_493556.csv,AF202UU,4970.74,7,AUSOL
5f1d9b06-89c7-4507-9f53-854abd7b810e,pasadas_2026-07-16_343555.csv,AE469PL,3976.59,6,AUTO-OESTE
5f2a67e5-af3b-4ff0-ba6c-ec427055ccdd,pasadas_2026-07-16_343555.csv,AG916MK,4970.74,7,AUTO-OESTE
5f56bb54-b159-4fad-9b4c-df26bcbfebed,pasadas_2026-07-29_5009A02060191.csv,OWG130,6044.83,7,AUSA
5f5c9cf9-441f-4efd-a1fb-b7b4151904b2,pasadas_2026-07-08_5009A02027769.csv,AA561YA,16982.69,7,AUSA
5f78387c-b364-4e3b-a138-ef46ef30da9e,pasadas_2026-07-16_343555.csv,AF103ZL,4771.95,6,AUTO-OESTE
5f903474-8739-47c0-b681-db368b954511,pasadas_2026-07-16_493556.csv,AG533MF,1192.99,2,AUSOL
5fb4f3be-d430-413d-88fa-f7f2865815d2,pasadas_2026-07-15_5009A02037803.csv,AB247VR,16982.69,7,AUSA
5fba8566-6d10-4038-b7ae-6ae671f40b21,pasadas_2026-07-16_343555.csv,AG916MK,4970.74,7,AUTO-OESTE
5fd2df9c-3607-4c7c-a5ee-1f785948b131,pasadas_2026-07-29_5009A02060191.csv,AG533MF,1439.11,2,AUSA
5fd3af89-e641-4928-bb86-82a8129d9833,pasadas_2026-07-15_5009A02037803.csv,AH729QW,15255.79,9,AUSA
602733fc-5921-49f0-9937-0807d3d47a7f,pasadas_2026-07-16_343555.csv,AB456CQ,3976.59,6,AUTO-OESTE
604d3e44-b44f-4e47-878b-d9c23a06fd73,pasadas_2026-07-16_493556.csv,AG309CH,1192.99,2,AUSOL
609f82a3-1003-453b-8ad0-965e5a6e29a2,pasadas_2026-07-15_5009A02037803.csv,AF202UU,15255.79,7,AUSA
60adf768-30df-4f74-9a4f-193e695e43ca,pasadas_2026-07-23_5009A02044703.csv,AE952TH,6044.83,9,AUSA
60c9227d-28a2-4769-927d-9155d387aed0,pasadas_2026-07-16_343555.csv,AB456CP,3976.59,6,AUTO-OESTE
60ce191c-878d-4b9d-be9e-ac5f1d1ab85b,pasadas_2026-07-16_343555.csv,EXT374,3976.59,6,AUTO-OESTE
60f0aec5-cb26-4d4e-9a1d-bec75739002b,pasadas_2026-07-08_5009A02027769.csv,AG507DK,6044.83,9,AUSA
611f3754-4e27-4bec-a65c-47d9d16e8680,pasadas_2026-07-16_343555.csv,EXT374,3976.59,6,AUTO-OESTE
6184b4ee-d2c7-4043-ae88-187b2aa1da43,pasadas_2026-07-15_5364164.csv,AG916MK,13466.55,7,AUBASA
61a66439-f318-41b7-bd52-910a9d43cb97,pasadas_2026-07-16_343555.csv,AB151SM,3976.59,6,AUTO-OESTE
61a763c0-b03b-4d86-a1e2-a11152ae9b0b,pasadas_2026-07-08_5009A02027769.csv,AG507DK,33965.25,9,AUSA
61ac32b6-8287-4c62-aec6-e4f81d55a4ba,pasadas_2026-07-15_5009A02037803.csv,AG893YR,6044.83,9,AUSA
61b0a851-0b2a-4874-95e6-62c94738ccd7,pasadas_2026-07-16_343555.csv,AC264UA,3976.59,6,AUTO-OESTE
61b71f4a-8a1c-4813-9c71-935e9d6d8bf5,pasadas_2026-07-15_5364164.csv,AH351RT,14370.19,7,AUBASA
61d670fd-c695-4f24-9647-5828ec0750b8,pasadas_2026-07-15_5009A02037803.csv,AB456CP,6044.83,7,AUSA
62016d82-7f90-48c9-8d0f-025060788296,pasadas_2026-07-23_5009A02044703.csv,AF436WI,15255.79,7,AUSA
62327973-c9c4-45a9-be49-bd50fc94c95f,pasadas_2026-07-16_329454.csv,AI348TS,994.15,2,AUTO-OESTE
6240640e-8277-43ac-9d07-e3ca66a35664,pasadas_2026-07-23_5009A02044703.csv,AG507DK,9935.82,9,AUSA
6265ac30-bb44-4f7c-8889-9cd17ecb8e25,pasadas_2026-07-23_5009A02044703.csv,AF231PZ,9935.82,8,AUSA
6281eee3-7221-4f9e-94a6-fff31f7e6c7f,pasadas_2026-07-29_5009A02052902.csv,AF993HA,9935.82,9,AUSA
628768e8-4b45-4c04-b7aa-218632fc0f4a,pasadas_2026-07-08_5009A02027769.csv,AG939HR,33965.25,9,AUSA
62a194f8-c329-4aa8-a70a-c6c9606672d9,pasadas_2026-07-23_5009A02044703.csv,AG309CO,9935.82,9,AUSA
62bdd091-3b21-4dd6-b253-04b48ad82607,pasadas_2026-07-15_5364164.csv,AH351RT,13466.55,7,AUBASA
62dd06a4-22c2-4055-bb2c-260162cb58b5,pasadas_2026-07-22_1947768.csv,AE469PH,17400.00,5,SANTAFE
63160dfc-391d-409b-a5a4-fbefa2c56ba2,pasadas_2026-07-03_3313955.csv,AG309CO,7500.00,7,CVSA
635f0304-efac-4d5b-b7dc-955b6eafe1e8,pasadas_2026-07-16_343555.csv,AB633TZ,4771.95,6,AUTO-OESTE
63891b37-1040-4f3c-8275-4be7b6be6bd7,pasadas_2026-07-29_5009A02060191.csv,AB633TY,15255.79,7,AUSA
63adc165-fc90-4fe0-a880-1a4dc8228155,pasadas_2026-07-16_343555.csv,AD985XP,3976.59,6,AUTO-OESTE
63c40341-e581-49ef-ab49-261aae742b8a,pasadas_2026-07-16_329454.csv,AI348TS,1192.99,2,AUTO-OESTE
63c98e3b-724c-4095-a866-5b9ebeea3465,pasadas_2026-07-16_343555.csv,AF411UY,3976.59,6,AUTO-OESTE
640088f7-5554-4aa3-9272-e4bff0838550,pasadas_2026-07-16_343555.csv,AB456CQ,3976.59,6,AUTO-OESTE
64061f9c-a82e-4ab7-a042-62f0154f435b,pasadas_2026-07-23_5009A02044703.csv,AB633TZ,15255.79,7,AUSA
64489d0b-9352-40ed-b07f-8eaa7f7f69ac,pasadas_2026-07-16_343555.csv,AC561DQ,4771.95,6,AUTO-OESTE
6452bf77-59c6-4dab-b0f6-6374cdf08de7,pasadas_2026-07-08_5009A02027769.csv,AH543IQ,9935.82,9,AUSA
6471fa52-128e-44ba-8315-b66febc13a60,pasadas_2026-07-16_493556.csv,AF136HN,4970.74,7,AUSOL
647db05a-1c5f-4c1a-a1a0-ab2ccf8f0860,pasadas_2026-07-16_343555.csv,AG110LK,3976.59,6,AUTO-OESTE
6487b5ea-11c0-4c28-9136-ad535754093f,pasadas_2026-07-29_5009A02060191.csv,AG309CO,9935.82,9,AUSA
648fa7e5-e103-489e-9218-b1c53461907e,pasadas_2026-07-15_5364164.csv,AF103ZL,11222.12,6,AUBASA
64965134-e7a2-43ea-872b-1d545cc3373b,pasadas_2026-07-16_343555.csv,AE952TH,4771.95,6,AUTO-OESTE
649a264d-0a24-4bd8-9d7d-e372d1a542b7,pasadas_2026-07-23_5009A02044703.csv,AC295IE,15255.79,7,AUSA
6521b12d-59d9-4413-be7d-b925f5817822,pasadas_2026-07-16_493556.csv,AG533MF,1192.99,2,AUSOL
6529116d-042d-40ee-af73-9a2d0681bb0a,pasadas_2026-07-15_5364164.csv,AH729QW,13466.55,7,AUBASA
653401ba-925b-4e92-a4d6-d6e24667cb37,pasadas_2026-07-15_5364164.csv,AD625QB,11975.15,6,AUBASA
653e33b3-2404-436d-8e48-a0da51ff5364,pasadas_2026-07-23_5009A02044703.csv,AE469PH,9935.82,8,AUSA
65476d73-95b5-4553-823e-0156c953fc73,pasadas_2026-07-08_5009A02027769.csv,AH729QW,33965.25,9,AUSA
657f8d0e-eacd-4d47-9822-b73903930175,pasadas_2026-07-29_5009A02060191.csv,AG916MK,6044.83,9,AUSA
6582e585-719b-47fa-b114-479aa2a12a9d,pasadas_2026-07-23_5009A02044703.csv,AG916MK,6044.83,9,AUSA
65835548-0501-43cc-aed2-abc0880cef36,pasadas_2026-07-29_5009A02060191.csv,AC561DQ,15255.79,7,AUSA
6590b1b4-6bf5-45c6-ae1d-b0dfa0ea5f87,pasadas_2026-07-15_5364165.csv,AI042WD,11222.12,6,AUBASA
65e225bb-d7b7-4819-baa2-779e475ae05a,pasadas_2026-07-16_343555.csv,AB633TY,3976.59,6,AUTO-OESTE
65f2cf64-ce8b-4228-96fd-79ba2d4abe74,pasadas_2026-07-23_5009A02044703.csv,AG916MK,9935.82,9,AUSA
65f34104-1a37-4e3b-a19c-4f5f0b5b7609,pasadas_2026-07-22_1947768.csv,AE469PH,17400.00,5,SANTAFE
65f3e794-b001-4e3b-bcdb-7970215fbc89,pasadas_2026-07-23_5009A02044703.csv,AE751PA,15255.79,9,AUSA
6644414c-cc76-4fc0-8dc9-7846a8f0aa7d,pasadas_2026-07-08_5009A02027769.csv,AH543IQ,9731.46,8,AUSA
6647c061-49b6-4cc5-a051-56f6e5d7c020,pasadas_2026-07-16_343555.csv,EXT374,4771.95,6,AUTO-OESTE
66543702-fab8-4c1c-ab89-0a930bbdd6b8,pasadas_2026-07-16_343555.csv,AD667DM,3976.59,6,AUTO-OESTE
665aba3e-6ef9-48b5-b291-d46b50944210,pasadas_2026-07-23_5009A02044703.csv,AH729QW,15255.79,9,AUSA
66b24485-c51d-4539-9204-023993630577,pasadas_2026-07-16_343555.csv,AF411UY,3976.59,6,AUTO-OESTE
66d64371-0269-4c81-9daa-2c1c117faf7b,pasadas_2026-07-23_5009A02044703.csv,AC264UA,15255.79,7,AUSA
670597f0-d8b6-41d0-be43-78e3c8409cb7,pasadas_2026-07-15_5009A02037803.csv,AH351RT,6044.83,9,AUSA
67291401-aeda-451c-ba49-e738aa62a8b8,pasadas_2026-07-29_5009A02060191.csv,AG249HS,1439.11,2,AUSA
6772e587-96ab-4dd2-ae56-fdb577010b94,pasadas_2026-07-29_5009A02060191.csv,AF791ER,15255.79,7,AUSA
67f093e9-deeb-4370-9bc1-bbce92e457af,pasadas_2026-07-16_493557.csv,AI348TS,994.15,2,AUSOL
681128ee-5423-4a7e-b519-4fa0fe2f6f78,pasadas_2026-07-16_343555.csv,AB456CQ,4771.95,6,AUTO-OESTE
68175acc-227a-4a38-9756-06c2d8878c00,pasadas_2026-07-23_5009A02044703.csv,AC295IE,9935.82,7,AUSA
682ca00e-f5dd-4abe-9b3e-68216fb83c62,pasadas_2026-07-03_3305880.csv,AF993HA,6500.00,7,CVSA
6876fbee-c1bd-4679-afbc-ab925d05d8b8,pasadas_2026-07-23_5009A02044703.csv,AG916MK,15255.79,9,AUSA
689a73c8-ef50-482d-89b1-6f93a7329e6d,pasadas_2026-07-08_5009A02027769.csv,AG309CO,6044.83,9,AUSA
689e5908-3ed7-493a-b11e-ae125403dc13,pasadas_2026-07-29_5009A02060191.csv,AF103ZL,6044.83,7,AUSA
68ac836a-e565-4eac-a004-3ea197ed37dc,pasadas_2026-07-15_5364164.csv,AG893YR,14370.19,7,AUBASA
68ad173e-8726-4fd4-b658-659efd0995c7,pasadas_2026-07-03_3313955.csv,AF436WI,6500.00,7,CVSA
68b5ff7b-8e3c-41d9-801e-317d5a55d091,pasadas_2026-07-16_343555.csv,AF533SR,4970.74,7,AUTO-OESTE
68cb856e-19aa-4edb-a9ac-95a4600c020b,pasadas_2026-07-16_343555.csv,AB247VR,3976.59,6,AUTO-OESTE
69026d26-dbda-4b67-b578-495cc7ad30a4,pasadas_2026-07-16_343555.csv,AE469PH,3976.59,6,AUTO-OESTE
6910f693-487a-46d8-8bc7-87ce5f334543,pasadas_2026-07-29_5009A02060191.csv,AH543IQ,16982.69,9,AUSA
6969ddb9-76c0-4a59-ac73-0608778bd63a,pasadas_2026-07-29_5009A02052902.csv,AF993HA,33965.25,9,AUSA
6986d7db-6da1-4679-8d1a-d61ea94687e9,pasadas_2026-07-29_5009A02052902.csv,AI348TS,1439.11,2,AUSA
699355f4-0ee3-45f4-a9ad-ba0fee142280,pasadas_2026-07-16_343555.csv,AB247VR,3976.59,6,AUTO-OESTE
69e73cf5-7e1f-4491-bc42-5016402eedf6,pasadas_2026-07-29_5009A02060191.csv,AB456CQ,16982.69,8,AUSA
6a02685b-dd9c-4edb-89b7-a26343ebc346,pasadas_2026-07-15_5364164.csv,AG309CO,13466.55,7,AUBASA
6a20cd0b-d6fe-4115-a045-0670ad4a030d,pasadas_2026-07-08_5009A02027769.csv,AG916MK,9935.82,9,AUSA
6a216a01-7a19-4199-82c4-b6c4a42ee721,pasadas_2026-07-16_329454.csv,AI178ER,4970.74,7,AUTO-OESTE
6a49cba1-8eee-496c-b181-196fdc8f8c97,pasadas_2026-07-16_343555.csv,AE284KH,4771.95,6,AUTO-OESTE
6aefd5b3-8e52-4cf5-b64f-492610342a9c,pasadas_2026-07-16_493556.csv,OWG130,3976.59,6,AUSOL
6af42a0d-f180-4e82-8792-b8449bfe8af4,pasadas_2026-07-16_493556.csv,AG249HS,1192.99,2,AUSOL
6b071b8e-6ef5-404a-9659-c1dcb5b4707d,pasadas_2026-07-29_5009A02052902.csv,AI348TS,1439.11,2,AUSA
6b0afa53-47b3-49b4-9007-1ca646f3db14,pasadas_2026-07-16_343555.csv,AA946VU,1192.99,2,AUTO-OESTE
6b74f05a-3ed6-4818-8184-83c86edd16ff,pasadas_2026-07-23_5009A02044703.csv,AD625QA,16982.69,8,AUSA
6b8b987a-8f9e-4f05-8d72-e11a9e84eff1,pasadas_2026-07-16_343555.csv,AD625QA,4771.95,6,AUTO-OESTE
6b8bb5a2-2f9c-4e4e-b3a9-ab25531ea5a0,pasadas_2026-07-08_5009A02027769.csv,AD096FX,33965.25,7,AUSA
6bae295d-0242-4ac5-96b3-f252675c18e8,pasadas_2026-07-08_5009A02027769.csv,AF436WI,9935.82,7,AUSA
6baf1623-6873-488f-8442-a0142c672f86,pasadas_2026-07-15_5009A02037803.csv,AG893YR,9935.82,9,AUSA
6bc1d1f4-fa87-40e9-a111-6398bb11abe0,pasadas_2026-07-08_5009A02027769.csv,AG309CO,6044.83,9,AUSA
6bca99b0-130a-463a-afad-53691e74f790,pasadas_2026-07-16_343555.csv,AF202UU,4970.74,7,AUTO-OESTE
6beaea2d-cf0b-4cbd-a80e-f04611b8438e,pasadas_2026-07-23_5009A02044703.csv,AH033DL,16982.69,7,AUSA
6c148981-19dc-4358-841f-f39895d85ed3,pasadas_2026-07-03_3313955.csv,AC561DQ,6000.00,6,CVSA
6c24e20c-7f09-47f5-a89f-9232d242bb51,pasadas_2026-07-23_5009A02044703.csv,AC295IE,9935.82,7,AUSA
6c5e36c9-fa10-4c7e-bd06-1b42fc15a705,pasadas_2026-07-15_5009A02037803.csv,OWG130,9935.82,7,AUSA
6d2218c6-f0f7-4bcf-b4e9-9013b2ba4d2c,pasadas_2026-07-16_343555.csv,AC295IE,3976.59,6,AUTO-OESTE
6d51fe54-4351-4e08-a51d-79198c42ffc4,pasadas_2026-07-23_5009A02044703.csv,AF740MG,1439.11,2,AUSA
6da4835d-5958-44be-8bd4-786b94ed7aed,pasadas_2026-07-08_5009A02027769.csv,AC264UA,15255.79,7,AUSA
6db9f2da-b1c5-4478-a24e-d5e314ddd347,pasadas_2026-07-16_343555.csv,AF231PZ,3976.59,6,AUTO-OESTE
6dce2586-a740-419a-b5d4-5b6eea451b8e,pasadas_2026-07-16_343555.csv,AB633TZ,3976.59,6,AUTO-OESTE
6deeb351-a22d-455f-aa7a-c91011d24922,pasadas_2026-07-16_343555.csv,AF411UY,3976.59,6,AUTO-OESTE
6e18eb6b-7fb3-43a9-b08c-defb34d6afca,pasadas_2026-07-29_5009A02052902.csv,AI348TS,3454.21,2,AUSA
6e26fe34-63ef-41f9-9da8-519ab3616b9c,pasadas_2026-07-16_343555.csv,AH351RT,4970.74,7,AUTO-OESTE
6e411016-f3dc-41ba-8e1c-24373c877459,pasadas_2026-07-15_5364164.csv,AG939HR,33666.39,7,AUBASA
6e908367-85a9-40a9-9ff9-9703fa5bbfc4,pasadas_2026-07-16_493556.csv,AB247VR,4771.95,6,AUSOL
6e9d67d6-6832-4ba9-a7e3-6bda8e7db05b,pasadas_2026-07-23_5009A02044703.csv,AF791ER,9935.82,9,AUSA
6eb904e6-ef23-444e-9773-e77561aa7de5,pasadas_2026-07-16_493556.csv,AB456CQ,3976.59,6,AUSOL
6edf5221-5b25-4c36-b900-4a67706161b9,pasadas_2026-07-16_343555.csv,AA561YA,3976.59,6,AUTO-OESTE
6f2d6e58-b864-4157-97fa-6c5710aa5748,pasadas_2026-07-29_5009A02060191.csv,AD625QA,9935.82,8,AUSA
6f607582-f56a-4603-9230-a8b351965e28,pasadas_2026-07-15_5009A02037803.csv,AH351RT,15255.79,9,AUSA
6f6843c7-deae-4dcd-a0bc-f26bcdc6c212,pasadas_2026-07-16_343555.csv,AB151SM,3976.59,6,AUTO-OESTE
6f69035e-7aa1-4446-89f9-c63c3a5f03ce,pasadas_2026-07-16_343555.csv,AC561DQ,3976.59,6,AUTO-OESTE
6f940aaf-4cf1-4a57-a3a7-d3cb556933c2,pasadas_2026-07-16_343555.csv,AG309CO,4970.74,7,AUTO-OESTE
6fa3cfcd-65a0-4c46-b840-14a2c4998b49,pasadas_2026-07-29_5009A02060191.csv,AG939HR,9935.82,9,AUSA
6facd284-2ab7-495c-9a55-e4f4dcd6c65f,pasadas_2026-07-29_5009A02060191.csv,AD625QB,6044.83,7,AUSA
6fe7f3b3-3dda-4e25-8f72-f197ad307089,pasadas_2026-07-03_3313955.csv,AE469PL,5200.00,6,CVSA
70245561-8a11-4ebe-9759-f4828c17a163,pasadas_2026-07-08_5009A02027769.csv,AB456CQ,15255.79,8,AUSA
702e0bb9-d093-4153-bcde-c27562969e7a,pasadas_2026-07-08_5009A02027769.csv,AG309CO,6044.83,9,AUSA
7046afa8-8a3f-450e-9c66-e775689a4f73,pasadas_2026-07-15_5364164.csv,AG916MK,26933.11,7,AUBASA
7065b31d-95be-4e91-a17c-21eef1f8aee9,pasadas_2026-07-15_5009A02037760.csv,AI042WD,9935.82,8,AUSA
70f8f982-1483-443f-8711-30c347bc6372,pasadas_2026-07-23_5009A02044703.csv,AG309CH,1439.11,2,AUSA
71067f49-61b2-49ed-b7d7-89eb4674fb87,pasadas_2026-07-22_1947768.csv,AD985XP,17400.00,5,SANTAFE
7106f44a-506f-422c-ae12-32e9c425aa28,pasadas_2026-07-23_5009A02044703.csv,AF533SR,15255.79,9,AUSA
7142bc2a-14e7-4326-b020-4612891130ea,pasadas_2026-07-08_5009A02027769.csv,AH351RT,6044.83,9,AUSA
7166a7b5-0a24-4f55-8d4a-c07321fa6b54,pasadas_2026-07-16_493556.csv,AG309CO,5964.94,7,AUSOL
719b7517-3000-43a9-939f-a65ad7b9aa50,pasadas_2026-07-08_5009A02027769.csv,AG893YR,33965.25,9,AUSA
71da4c14-9d76-42ee-9099-0b982b12b925,pasadas_2026-07-08_5009A02027769.csv,AG939HR,6044.83,9,AUSA
71eefef1-36d2-49b0-a43a-8e4f2e074f91,pasadas_2026-07-08_5009A02027769.csv,AB456CP,6044.83,7,AUSA
71f22230-8652-4daf-a6de-2dd0c7b90882,pasadas_2026-07-16_343555.csv,AB456CP,3976.59,6,AUTO-OESTE
71f64ffe-4149-4ac6-b43a-67550d5876b8,pasadas_2026-07-15_5364164.csv,AF436WI,16833.20,7,AUBASA
71f9d6a2-4104-49cf-9e6a-3acdbfcc201b,pasadas_2026-07-15_5364165.csv,AI348TS,4790.06,2,AUBASA
72074629-3ef0-42fc-b70d-071e71f3195d,pasadas_2026-07-15_5364164.csv,AG309CO,33666.39,7,AUBASA
720ac5eb-4714-47a0-bc43-94815f8fb499,pasadas_2026-07-23_5009A02044703.csv,AH185KI,9935.82,9,AUSA
7211b9c6-a4e0-42f1-beda-06e8824ae067,pasadas_2026-07-15_5364164.csv,AE469PH,11975.15,6,AUBASA
726606a3-6834-4211-a836-be8f7f622a26,pasadas_2026-07-15_5009A02037803.csv,AH351RT,9935.82,7,AUSA
726b1c3b-d152-4d8b-ac47-e00eeabe1274,pasadas_2026-07-29_5009A02052902.csv,AI348TS,4895.18,2,AUSA
728c477a-90f8-49db-920c-7c8858897b48,pasadas_2026-07-16_343555.csv,AB633TY,3976.59,6,AUTO-OESTE
729a096c-4521-4a21-8411-e4a41b9738b8,pasadas_2026-07-29_5009A02052902.csv,AI348TS,3454.21,2,AUSA
730feaad-8ad7-4346-93dd-af6fa61775f7,pasadas_2026-07-23_5009A02044703.csv,AE469PH,9935.82,8,AUSA
733f05b3-96df-415b-9f69-1dca0d53e369,pasadas_2026-07-15_5009A02037760.csv,AI178ER,6044.83,9,AUSA
734ad569-e3d2-4f06-b75c-83e03c5f9b68,pasadas_2026-07-16_329454.csv,AI042WA,1192.99,2,AUTO-OESTE
739a991f-889d-404a-b5ab-8646db845ad6,pasadas_2026-07-16_343555.csv,EXT374,4771.95,6,AUTO-OESTE
73a2148d-6a54-4131-b73e-9e95311c9c44,pasadas_2026-07-16_493556.csv,AG309CO,5964.94,7,AUSOL
7470617f-f008-44c0-aee5-702083e919b0,pasadas_2026-07-16_343555.csv,AC295IE,3976.59,6,AUTO-OESTE
74ab18b0-4e48-4868-a666-00780f2c5c42,pasadas_2026-07-16_343555.csv,AG309CO,4970.74,7,AUTO-OESTE
74ef3699-7c97-402b-8915-e4696a3aa659,pasadas_2026-07-16_343555.csv,EXT374,4771.95,6,AUTO-OESTE
74fb0bd5-d2d6-4358-8010-e3486ab2d63b,pasadas_2026-07-16_343555.csv,AB456CQ,4771.95,6,AUTO-OESTE
751082b7-a74f-4bcf-890c-15e0dcff4280,pasadas_2026-07-29_5009A02052902.csv,AI348TS,7642.85,2,AUSA
7565a648-3d25-4539-8407-f07642b27f94,pasadas_2026-07-15_5364164.csv,AH729QW,13466.55,7,AUBASA
76717a22-04c1-473e-b6d8-241d1124920a,pasadas_2026-07-08_5009A02027769.csv,AF103ZL,15255.79,7,AUSA
7676b0d5-5c4c-471e-afca-591fc981cf67,pasadas_2026-07-29_5009A02060191.csv,AF103ZL,6044.83,7,AUSA
76ab5425-b3b3-4b57-801f-d06356d13340,pasadas_2026-07-15_5364164.csv,AD625QA,31427.15,5,AUBASA
76b93e1a-9cc4-4536-b581-789963e2b2c0,pasadas_2026-07-03_3313955.csv,AD985XP,6000.00,6,CVSA
76cbbed0-fa96-4654-a46f-1f2f3688531b,pasadas_2026-07-16_343555.csv,AA561YA,4771.95,6,AUTO-OESTE
76f0b807-ef69-4643-a0e7-a0a246d17291,pasadas_2026-07-16_343555.csv,AC295IE,4771.95,6,AUTO-OESTE
76fca76c-9608-421b-bc11-b7173884d8de,pasadas_2026-07-08_5009A02027769.csv,AG309CO,9935.82,9,AUSA
7701d3b3-b9df-4572-865e-ae7b48c37530,pasadas_2026-07-16_493557.csv,AI348TS,1192.99,2,AUSOL
772ad0c5-d89f-4bec-a71e-a29a63b76a6d,pasadas_2026-07-08_5009A02027769.csv,AG893YR,6044.83,9,AUSA
77309bfd-9b3d-4568-9f70-c49a2263aff6,pasadas_2026-07-08_5009A02027769.csv,AG309CO,6044.83,9,AUSA
77af6974-8dfb-4efe-ba3d-96bebccd2b2e,pasadas_2026-07-16_493557.csv,AF993HA,4970.74,7,AUSOL
77be535d-c264-4587-b65c-2ce2fd44450b,pasadas_2026-07-29_5009A02052902.csv,AI348TS,7642.85,2,AUSA
77ce6e7a-d95d-44ef-a020-44085d90d984,pasadas_2026-07-15_5364164.csv,AF202UU,14370.19,7,AUBASA
77f9e0ef-1a6f-4277-a821-2647c262181d,pasadas_2026-07-16_329454.csv,AI042WA,994.15,2,AUTO-OESTE
78077ed3-02d2-44ea-be78-476621ff4f4a,pasadas_2026-07-15_5364165.csv,AI348TS,2244.43,2,AUBASA
784d4dec-4e72-4734-80d6-3e3780a17694,pasadas_2026-07-23_5009A02044703.csv,AF436WI,9935.82,9,AUSA
7859e6b8-2d9b-4a39-81c3-6cd176d386aa,pasadas_2026-07-03_3305880.csv,AI178ER,6500.00,7,CVSA
78a341d3-5b18-4226-98d2-06e6c8423d96,pasadas_2026-07-15_5009A02037760.csv,AI178EY,6044.83,9,AUSA
78b6e575-dcbc-49ee-baa0-66f5d4f34a40,pasadas_2026-07-23_5009A02044703.csv,AH185KI,9935.82,9,AUSA
79002d3d-fed0-4404-b3df-5a59aa6c25fd,pasadas_2026-07-16_343555.csv,AB633TY,4771.95,6,AUTO-OESTE
793d1208-d18f-49da-b7ad-26869c5bdfdb,pasadas_2026-07-22_1947768.csv,AH800QT,21000.00,6,SANTAFE
795d6ac2-0bc3-495d-8d66-07d5abaf076b,pasadas_2026-07-16_343555.csv,AD667DM,3976.59,6,AUTO-OESTE
799337ef-3cf4-4eb8-b02c-f124007c12c0,pasadas_2026-07-16_493556.csv,AH729QW,4970.74,7,AUSOL
7993d5bc-9914-44fe-b81d-d2cc259b61ac,pasadas_2026-07-29_5009A02060191.csv,AC561DQ,15255.79,7,AUSA
79a381fa-0416-409f-9580-44cc12ddfd76,pasadas_2026-07-22_1947768.csv,AF136HN,8400.00,6,SANTAFE
79b5c2cb-aa62-4311-b4c5-dc3b7f0c9979,pasadas_2026-07-29_5009A02052902.csv,AF993HA,9935.82,9,AUSA
79c43df9-f37b-43c7-917e-46735aeb7022,pasadas_2026-07-16_493556.csv,AG309CO,4970.74,7,AUSOL
7a21ec53-9ede-4714-a9a1-54fbd3e0b8e5,pasadas_2026-07-15_5364164.csv,AH185KI,13466.55,7,AUBASA
7a3db7c2-a3a0-4c39-bebb-a8ec1955fea2,pasadas_2026-07-16_493556.csv,AG533MF,994.15,2,AUSOL
7a75eeea-db59-4542-b7d5-dc7e73072a89,pasadas_2026-07-15_5364164.csv,AH351RT,14370.19,7,AUBASA
7a92d2f8-fe81-4b6d-80ae-996d4e757b95,pasadas_2026-07-16_493556.csv,AB456CU,3976.59,6,AUSOL
7a9aa8cf-4f5b-484c-8b8c-5a784043a788,pasadas_2026-07-16_493557.csv,AF993HA,4970.74,7,AUSOL
7aae9a72-5623-4671-9c90-7df76c75bc87,pasadas_2026-07-15_5009A02037803.csv,AE831SI,15255.79,9,AUSA
7abc1f3e-57e3-43ac-bc4e-d6e9ab512d14,pasadas_2026-07-15_5364164.csv,AG916MK,13466.55,7,AUBASA
7ac6f69f-a4be-49c2-9a12-686bfe83f48e,pasadas_2026-07-15_5364164.csv,AG309CO,13466.55,7,AUBASA
7afb508d-3f29-4591-b78a-6291e289bd39,pasadas_2026-07-29_5009A02060191.csv,AE831SI,9935.82,9,AUSA
7b2489f0-3941-4e50-9ca8-18a501fcc9e4,pasadas_2026-07-23_5009A02044703.csv,AH351RT,9935.82,8,AUSA
7b3f5b05-0dd3-4c6e-ae11-04094628d44b,pasadas_2026-07-29_5009A02060191.csv,AF103ZL,6044.83,7,AUSA
7b5e6400-4882-4b30-ac23-beb2e9d3dc59,pasadas_2026-07-08_5009A02027769.csv,AF103ZL,15255.79,7,AUSA
7b6238da-1585-445a-8de9-4e3c7865ad32,pasadas_2026-07-16_329454.csv,AF993HA,4970.74,7,AUTO-OESTE
7b6d950c-3155-4edd-9fc9-044c53d4289f,pasadas_2026-07-16_493556.csv,AH351RT,4970.74,7,AUSOL
7b707fab-ba01-4b40-ae55-ca01a08a57bf,pasadas_2026-07-16_343555.csv,EXT374,3976.59,6,AUTO-OESTE
7b834f97-8102-410d-8e35-0643961f8344,pasadas_2026-07-08_5009A02027769.csv,AH185KI,9935.82,9,AUSA
7c907f36-eb7c-478b-818b-1137168ae9c1,pasadas_2026-07-15_5364164.csv,AF436WI,14370.19,7,AUBASA
7cceb68d-a9d8-4a81-bc6e-cacae41dc68f,pasadas_2026-07-29_5009A02052902.csv,AF993HA,6044.83,9,AUSA
7cee76ee-2b5a-443f-9a4b-c5cdf5268e97,pasadas_2026-07-08_5009A02027769.csv,AF103ZL,9935.82,7,AUSA
7cfeb5f4-59fc-413f-a2e8-40bd856dd97f,pasadas_2026-07-08_5009A02027769.csv,AG309CO,9935.82,9,AUSA
7d0d99de-ee06-4c95-aa52-65e17cf87eb4,pasadas_2026-07-15_5364164.csv,AB247VR,11222.12,6,AUBASA
7d22bf14-660a-46e0-8483-de65441f674d,pasadas_2026-07-15_5364164.csv,AH185KI,16833.20,7,AUBASA
7d3dcc76-1a6e-4ae3-824f-08170be07464,pasadas_2026-07-16_343555.csv,AF103ZL,3976.59,6,AUTO-OESTE
7d417552-d791-422a-811a-765407e34035,pasadas_2026-07-16_493556.csv,AE751PA,4771.95,6,AUSOL
7d95b7d4-6b85-4fc6-b8d8-974428708ee5,pasadas_2026-07-23_5009A02044703.csv,AG916MK,6044.83,9,AUSA
7dc54085-c33a-4530-bce6-4e21060dfda4,pasadas_2026-07-15_5364164.csv,AG939HR,14370.19,7,AUBASA
7e123878-a048-40a0-b94d-870343396da8,pasadas_2026-07-29_5009A02060191.csv,AF231PZ,6044.83,8,AUSA
7e237254-34f6-4e6f-94b1-83b939cead08,pasadas_2026-07-15_5364164.csv,AF791ER,11222.12,6,AUBASA
7e29993f-d9ce-4be8-9657-4cc6f34893f0,pasadas_2026-07-16_343555.csv,AB247VR,4771.95,6,AUTO-OESTE
7e4466a7-982d-4d79-bded-d22caac66f89,pasadas_2026-07-08_5009A02027769.csv,AF411UY,9935.82,7,AUSA
7e8d7a62-3f5a-4ffc-a48c-e75feab81f70,pasadas_2026-07-16_343555.csv,AD985XP,3976.59,6,AUTO-OESTE
7ebf0cfd-bf65-4b64-947c-6143607e059d,pasadas_2026-07-08_5009A02027769.csv,AH185KI,9935.82,9,AUSA
7ebfe9ea-e28c-4c62-960c-7b931df04c49,pasadas_2026-07-16_343555.csv,EXT374,4771.95,6,AUTO-OESTE
7eefc17f-1122-49f8-b59f-6823fce4cfef,pasadas_2026-07-16_493556.csv,AG309CO,4970.74,7,AUSOL
7f1807e0-e155-4f69-a952-35677f2b2c8b,pasadas_2026-07-22_1947768.csv,AH285SP,21000.00,6,SANTAFE
7f636342-9d45-48c5-b8f5-9ef5cf497c51,pasadas_2026-07-15_5364165.csv,AF993HA,26933.11,7,AUBASA
7f9b6ab7-a691-4037-89cd-3774ea769ac0,pasadas_2026-07-08_5009A02027769.csv,AF202UU,15255.79,7,AUSA
7fcb7de2-377f-49c0-9c05-0dcd6b148df4,pasadas_2026-07-16_493556.csv,AD625QB,3976.59,6,AUSOL
7fd22d9b-2f05-4e93-9fa6-ab2ffa0bd54b,pasadas_2026-07-16_343555.csv,EXT374,4771.95,6,AUTO-OESTE
7fea8769-7389-414e-b0f3-dd071b70a40f,pasadas_2026-07-22_1947768.csv,AG939HX,6600.00,5,SANTAFE
800e65a4-45ac-4fd3-9c42-19dd0ef1cfc0,pasadas_2026-07-15_5364164.csv,AH185KI,13466.55,7,AUBASA
808c7114-70ad-49a1-b4de-e632cbf6dc74,pasadas_2026-07-16_343555.csv,AC561DQ,4771.95,6,AUTO-OESTE
80af5939-3468-489c-a1b5-af8d2aa33aa5,pasadas_2026-07-16_343555.csv,AH729QW,5964.94,7,AUTO-OESTE
80d9020f-60c0-4636-80ca-ac1aeac40984,pasadas_2026-07-16_343555.csv,AD625QA,4771.95,6,AUTO-OESTE
810d1083-c63f-44c3-ab35-935607872cc1,pasadas_2026-07-15_5009A02037803.csv,AG309CH,1439.11,2,AUSA
811fb9dc-b0c6-436d-a292-16a8fcb315ae,pasadas_2026-07-16_343555.csv,AH351RT,4970.74,7,AUTO-OESTE
81556edf-18bc-4e62-8568-131530e871d4,pasadas_2026-07-16_493557.csv,AI348TS,994.15,2,AUSOL
81930ef6-5d1f-4c44-9ef5-8a771d69ace6,pasadas_2026-07-08_5009A02027769.csv,AF136HN,15255.79,9,AUSA
81e6bcc5-c469-4a0d-814c-0ddfbb993d1a,pasadas_2026-07-08_5009A02027769.csv,AH543IQ,16982.69,9,AUSA
820846f7-337b-49a5-961f-429dbe7a86e7,pasadas_2026-07-15_5364164.csv,AG939HR,13466.55,7,AUBASA
8210c09c-93f1-4658-9fe5-09415857095c,pasadas_2026-07-15_5364164.csv,AG309CO,13466.55,7,AUBASA
82bf98ef-bcaa-4976-af99-5332dcb69cda,pasadas_2026-07-23_5009A02044703.csv,AF533SR,6044.83,9,AUSA
82de2216-c9b5-414b-aeb1-6f8c872fbf65,pasadas_2026-07-16_343555.csv,AA946VU,1192.99,2,AUTO-OESTE
837138a3-97c5-4df1-a84f-3981ea85b262,pasadas_2026-07-16_343555.csv,AF533SR,4970.74,7,AUTO-OESTE
83a67b46-a836-44a9-8bb7-a617fbfb8432,pasadas_2026-07-22_1947768.csv,AG939HX,17400.00,5,SANTAFE
83c4b343-1931-46ca-a330-873d32d80879,pasadas_2026-07-08_5009A02027769.csv,AB456CQ,9935.82,7,AUSA
83c5e4de-75c6-4b0e-9b76-3a4fa61fcd57,pasadas_2026-07-23_5009A02044703.csv,AF436WI,9935.82,7,AUSA
83cb0484-e65e-458d-86fd-63f03d2986b2,pasadas_2026-07-23_5009A02044703.csv,AF791ER,6044.83,7,AUSA
840aabdc-4f94-450f-aa67-29ecff5620dd,pasadas_2026-07-08_5009A02027769.csv,AB456CQ,15255.79,8,AUSA
841887b8-20b4-48a1-905e-db7a39804264,pasadas_2026-07-08_5009A02027769.csv,AF436WI,9935.82,7,AUSA
845d1126-8a5a-4578-89b3-b4631e1da6f4,pasadas_2026-07-15_5009A02037803.csv,AB151SM,15255.79,8,AUSA
8486b638-8117-4068-b4e6-de9d90f6d826,pasadas_2026-07-16_343555.csv,AE469PH,4771.95,6,AUTO-OESTE
84e4690f-7f99-427f-a122-5a4aa6ca1a0d,pasadas_2026-07-16_343555.csv,AB633TZ,3976.59,6,AUTO-OESTE
84f98dec-6dda-4aeb-8d4e-74205b011712,pasadas_2026-07-16_343555.csv,AD985XP,3976.59,6,AUTO-OESTE
857144d9-e154-4a7b-b950-e1ab6c1b71c0,pasadas_2026-07-22_1947768.csv,AG507DK,17400.00,5,SANTAFE
8603fab2-eb6a-4072-aba3-91bd2275a40f,pasadas_2026-07-16_343555.csv,AG110LK,4771.95,6,AUTO-OESTE
86c55a98-0dcd-4f1b-a40a-0a907efdc976,pasadas_2026-07-03_3313955.csv,AH800QT,7500.00,7,CVSA
86e77bec-40b9-4437-aecb-904795df70f2,pasadas_2026-07-15_5364164.csv,AH351RT,13466.55,7,AUBASA
86fa5382-adfb-41f1-ad6c-f7befec50a72,pasadas_2026-07-15_5364164.csv,AF103ZL,11222.12,6,AUBASA
8720496c-4ee3-486b-b651-60615e393b57,pasadas_2026-07-29_5009A02060191.csv,AF791ER,15255.79,7,AUSA
87248b59-5fce-4333-8cb8-7b8bff814247,pasadas_2026-07-16_343555.csv,EXT374,3976.59,6,AUTO-OESTE
8726ae0d-6c96-427d-b2d1-a76b515ad3eb,pasadas_2026-07-08_5009A02027769.csv,AE284KH,15255.79,7,AUSA
873d360b-566a-4a89-a127-b92f113ae2b6,pasadas_2026-07-16_343555.csv,EXT374,4771.95,6,AUTO-OESTE
878ba51a-0b11-4483-ad82-c832b5d827e3,pasadas_2026-07-15_5364164.csv,AG309CO,14370.19,7,AUBASA
8797f3ed-bfcb-4453-81c8-3026ab53a1cd,pasadas_2026-07-16_343555.csv,AG507DK,4970.74,7,AUTO-OESTE
879fcf0f-1233-4c19-8d57-bcf283ed0d63,pasadas_2026-07-15_5009A02037760.csv,AI348TS,9935.82,8,AUSA
87fac209-ab4a-402a-9481-2ca5befd6a78,pasadas_2026-07-29_5009A02052902.csv,AI348TS,9935.82,7,AUSA
88287a57-bf04-4e8c-9e6b-282edaaa739d,pasadas_2026-07-29_5009A02052902.csv,AI348TS,1439.11,2,AUSA
8841e05a-e141-44f6-9a90-21884d674d7a,pasadas_2026-07-08_5009A02027769.csv,AG309CO,15255.79,9,AUSA
88824891-27c7-455e-8315-166aa85898bb,pasadas_2026-07-03_3313955.csv,AF436WI,6500.00,7,CVSA
88c02e3a-d0e8-41a8-804a-b9b02871f33d,pasadas_2026-07-23_5009A02044703.csv,AH185KI,33965.25,9,AUSA
88c8f3c0-3384-4bdd-aa0d-a6287c3aaaca,pasadas_2026-07-23_5009A02044703.csv,AE751PA,9935.82,9,AUSA
88caa100-d944-4477-91b1-99a7350eb933,pasadas_2026-07-15_5364164.csv,AG893YR,14370.19,7,AUBASA
890dd465-1e1d-490b-b983-3d329f3c56b9,pasadas_2026-07-23_5009A02044703.csv,AB151SM,15255.79,8,AUSA
895cbe78-ca99-4480-b73a-c7aa4700a748,pasadas_2026-07-08_5009A02027769.csv,AG939HX,6044.83,7,AUSA
896be2eb-9607-40d1-a3b9-c54b0bb28b42,pasadas_2026-07-15_5364164.csv,AG939HR,26933.11,7,AUBASA
897d86c8-0500-44c5-841d-93b53444b9ea,pasadas_2026-07-16_493556.csv,AG533MF,994.15,2,AUSOL
898bf72f-81d2-4f7d-991f-cad1cb3a622c,pasadas_2026-07-23_5009A02044703.csv,AG916MK,15255.79,9,AUSA
89c3eeb4-2344-4f31-b6a9-afe862a5f998,pasadas_2026-07-03_3313955.csv,AB456CQ,5200.00,6,CVSA
8a4179e7-35f3-4177-98e6-e38bef98323e,pasadas_2026-07-23_5009A02044703.csv,AG507DK,9935.82,7,AUSA
8a898198-f702-4795-b5cd-2514990dd02e,pasadas_2026-07-15_5009A02037803.csv,AD625QB,9935.82,7,AUSA
8a8df6ae-973c-40a0-bcb6-ac8eab56a469,pasadas_2026-07-08_5009A02027769.csv,AG507DK,6044.83,9,AUSA
8a9fc3a1-eb43-474b-b136-b4b25b08a761,pasadas_2026-07-23_5009A02044703.csv,AF791ER,15255.79,7,AUSA
8aead1a0-04b4-4f74-bcee-fb1b7d3f0adb,pasadas_2026-07-15_5364164.csv,AG309CO,33666.39,7,AUBASA
8b492a6b-ef3f-47dc-bf42-e5263012c7e6,pasadas_2026-07-16_329454.csv,AI348TS,994.15,2,AUTO-OESTE
8b5dff6e-0a58-400f-b19c-5b15dbb7e9e5,pasadas_2026-07-16_493556.csv,AG939HR,5964.94,7,AUSOL
8b7c3038-eae3-4770-8735-a7b1c86815cb,pasadas_2026-07-16_343555.csv,EXT374,3976.59,6,AUTO-OESTE
8b819b2e-3178-492c-9cb2-b91adc7caf56,pasadas_2026-07-16_329454.csv,AF993HA,4970.74,7,AUTO-OESTE
8b90340b-4e3f-498a-9daa-052cb690ffcf,pasadas_2026-07-16_493556.csv,AB247VR,3976.59,6,AUSOL
8b96fad9-99a2-4672-b350-6999d2efc49e,pasadas_2026-07-29_5009A02060191.csv,AC264UA,6044.83,7,AUSA
8b9c56f1-cf52-464b-9f08-60761728dd89,pasadas_2026-07-08_5009A02027769.csv,AG939HR,9935.82,9,AUSA
8bd50b2b-a05d-4081-92d8-c47dc3703a7c,pasadas_2026-07-23_5009A02044703.csv,AG309CH,2035.11,2,AUSA
8bdfe7bc-ef2e-4870-878e-c8bad324c63e,pasadas_2026-07-08_5009A02027769.csv,AH351RT,15255.79,9,AUSA
8c2b972a-00a7-4dbb-829c-979217f9864f,pasadas_2026-07-03_3313955.csv,AF202UU,7500.00,7,CVSA
8c2bdbdd-63f0-4158-98f6-027532fd0b23,pasadas_2026-07-16_343555.csv,AC295IE,4771.95,6,AUTO-OESTE
8c397a45-3822-40ff-9831-0751476ad832,pasadas_2026-07-16_343555.csv,AB247VR,4771.95,6,AUTO-OESTE
8c3eec1c-1a30-49eb-b717-2a3265d33277,pasadas_2026-07-08_5009A02027769.csv,AG916MK,15255.79,9,AUSA
8c4070a8-e049-481b-9f08-32ff950957b8,pasadas_2026-07-08_5009A02027769.csv,AG939HX,33965.25,7,AUSA
8d015d00-4da6-4277-8bbc-ef1abaa10fd4,pasadas_2026-07-23_5009A02044703.csv,AB456CQ,9935.82,7,AUSA
8d1f946a-85c6-48e6-ab27-caa007f0a362,pasadas_2026-07-15_5009A02037803.csv,AG939HR,6044.83,9,AUSA
8d2e4006-fd18-4a41-99d0-ca20e4e13110,pasadas_2026-07-23_5009A02044703.csv,AH185KI,9935.82,9,AUSA
8d534fb2-f7bb-41c9-bd92-7ae6460a2d30,pasadas_2026-07-08_5009A02027769.csv,AG309CO,33965.25,9,AUSA
8dc3c4dd-6d4f-45ec-9bf4-97a820b5a93e,pasadas_2026-07-16_493556.csv,AG893YR,4970.74,7,AUSOL
8dd15798-0a83-431b-ab61-26ab991c2fe5,pasadas_2026-07-08_5009A02027769.csv,AH729QW,33965.25,9,AUSA
8ddc160c-bb27-42ac-bf7b-5bd022fc4201,pasadas_2026-07-15_5364164.csv,AH543IQ,13466.55,7,AUBASA
8ddcb8c6-3516-4c52-bfc8-e39d83674873,pasadas_2026-07-23_5009A02044703.csv,AE751PA,9935.82,8,AUSA
8df0580c-c930-4ead-9802-4a7b6dbdf6c2,pasadas_2026-07-08_5009A02027769.csv,AB633TZ,9935.82,7,AUSA
8dfdb5a0-3a89-4a6a-a369-2eae6a76d973,pasadas_2026-07-08_5009A02027769.csv,AG916MK,9935.82,9,AUSA
8e3c400c-648e-4e3a-89ce-6af4c1b80940,pasadas_2026-07-22_1947768.csv,AG507DK,17400.00,5,SANTAFE
8e4f5050-b2bd-4c0f-8882-89b151326ce0,pasadas_2026-07-15_5364164.csv,AB456CU,11975.15,6,AUBASA
8e77eae6-c427-48de-bbb8-e854fd25fd32,pasadas_2026-07-22_1947768.csv,AG939HX,6600.00,5,SANTAFE
8e94d044-5ac3-4f8e-9c02-72e6e105616d,pasadas_2026-07-22_1947768.csv,AE469PH,17400.00,5,SANTAFE
8ee84431-dda5-4e7b-95dc-a82c8e28fe12,pasadas_2026-07-16_493556.csv,AG533MF,994.15,2,AUSOL
8f3fdcf4-c3dd-4d1a-af5a-5fb1b9f50b19,pasadas_2026-07-15_5364164.csv,AG507DK,22444.27,6,AUBASA
8f42d6ec-05e9-429e-bc92-48c1dbfb5dbc,pasadas_2026-07-16_343555.csv,AB456CQ,3976.59,6,AUTO-OESTE
8f6dbbd3-375c-4dc2-994f-90e2673bac36,pasadas_2026-07-23_5009A02044703.csv,AF436WI,9935.82,7,AUSA
8fbdcd19-388b-4a9f-9d61-795fc1a1cd22,pasadas_2026-07-15_5364164.csv,AH543IQ,13466.55,7,AUBASA
8fd4e0bd-7512-423b-a3c6-4cf3aff6021d,pasadas_2026-07-16_343555.csv,AD625QA,4771.95,6,AUTO-OESTE
8fdc165d-a6d7-4d9f-bf31-4b81dd3b10c3,pasadas_2026-07-08_5009A02027769.csv,AH351RT,6044.83,9,AUSA
8fe3a9d4-4358-4ddf-801b-3160da943a37,pasadas_2026-07-16_329454.csv,AI348TS,1192.99,2,AUTO-OESTE
90132e49-ba47-4d1d-97ae-2beafa377bdd,pasadas_2026-07-15_5364165.csv,AF993HA,16833.20,7,AUBASA
9046615c-da06-430f-ac8e-11fa104635bb,pasadas_2026-07-29_5009A02052902.csv,AF993HA,6044.83,9,AUSA
9079b7ec-db12-43ad-88fd-4ce5df0e09d1,pasadas_2026-07-15_5364164.csv,AF202UU,13466.55,7,AUBASA
910130f6-9617-4687-bdf8-c4439e1643f6,pasadas_2026-07-29_5009A02060191.csv,AB247VR,6044.83,7,AUSA
912bd6e7-cb95-4de1-8d97-b93c9de46f07,pasadas_2026-07-16_343555.csv,AF231PZ,3976.59,6,AUTO-OESTE
915df51c-8b80-4a8c-9507-03c470502563,pasadas_2026-07-08_5009A02027769.csv,AG893YR,6044.83,9,AUSA
91752d8b-65e8-4c6d-b529-9f851d033f31,pasadas_2026-07-16_343555.csv,AG893YR,4970.74,7,AUTO-OESTE
91c87446-f1bd-4119-b338-312aa787dfaa,pasadas_2026-07-16_343555.csv,AE469PH,3976.59,6,AUTO-OESTE
91dfe1ab-23f5-4616-a226-aa51eb99e992,pasadas_2026-07-16_343555.csv,AB456CQ,4771.95,6,AUTO-OESTE
91f82654-e716-4a01-9bf1-4b743fb96cdc,pasadas_2026-07-23_5009A02044703.csv,AB151SM,6044.83,8,AUSA
920bb0c8-b52d-43b8-8bc1-8346ad86b4d8,pasadas_2026-07-29_5009A02060191.csv,AF136HN,15255.79,9,AUSA
920cd209-3b3b-4f7d-900b-90c73a9e1dbd,pasadas_2026-07-16_329454.csv,AF993HA,4970.74,7,AUTO-OESTE
922b8319-df91-4798-bc1e-4678cd14a7d7,pasadas_2026-07-15_5364165.csv,AI348TS,4790.06,2,AUBASA
92664f67-5d46-48eb-8f5e-36d8cc0362f9,pasadas_2026-07-22_1947768.csv,AE469PH,17400.00,5,SANTAFE
9278bdea-a2de-4a84-bcb7-30d9fcb18e9a,pasadas_2026-07-23_5009A02044703.csv,AB633TZ,15255.79,7,AUSA
92f12b26-f8a2-4fa0-b103-fe5cca3d0bc7,pasadas_2026-07-16_493556.csv,AB456CP,3976.59,6,AUSOL
93327261-f78b-4778-a7ca-5ee25b579d94,pasadas_2026-07-16_343555.csv,AD328WK,3976.59,6,AUTO-OESTE
9346fae6-8fba-45ce-a73b-33a571063d7c,pasadas_2026-07-16_493556.csv,EXT374,4771.95,6,AUSOL
93724d0a-49e5-4e32-b1fe-322fe75d3ffc,pasadas_2026-07-15_5009A02037803.csv,AG249HS,3454.21,2,AUSA
9391a296-4cad-44de-9f10-351f258d4b56,pasadas_2026-07-15_5009A02037803.csv,OWG130,9935.82,8,AUSA
939ab2c6-01ce-461f-a7ee-338cd6425d23,pasadas_2026-07-15_5364164.csv,AG309CO,14370.19,7,AUBASA
93cbe85d-9e45-4ae4-98d7-bd394a70628b,pasadas_2026-07-15_5364164.csv,AH185KI,13466.55,7,AUBASA
93cfcd95-f4ba-46ec-8558-0568c81ad29a,pasadas_2026-07-15_5364164.csv,AB151SM,11975.15,6,AUBASA
93f75787-6556-418e-807d-a7fa2d259097,pasadas_2026-07-29_5009A02060191.csv,AG916MK,15255.79,9,AUSA
9443297e-d4ad-438b-9655-47b09ea4f09f,pasadas_2026-07-15_5009A02037803.csv,AF411UY,9935.82,7,AUSA
9462ac16-fdf7-4871-92ae-79db2341b5fa,pasadas_2026-07-16_493556.csv,AH185KI,4970.74,7,AUSOL
94946546-44fc-4d9e-9652-a8e3e51d055d,pasadas_2026-07-16_493556.csv,AD736OU,3976.59,6,AUSOL
94a826dd-54c6-428a-8bf7-be54c46d8c57,pasadas_2026-07-15_5009A02037760.csv,AI042WD,15255.79,7,AUSA
94ac1019-b6b6-4d3a-8888-53d49e728040,pasadas_2026-07-15_5364164.csv,AH351RT,14370.19,7,AUBASA
94bb882c-2e63-4bb8-ab66-af2e8250917a,pasadas_2026-07-23_5009A02044703.csv,AH543IQ,16982.69,9,AUSA
95304ed5-2a6d-4ee3-8c51-6788f122087c,pasadas_2026-07-16_343555.csv,EXT374,4771.95,6,AUTO-OESTE
954812d0-aae3-460c-9dce-544c83ed83ea,pasadas_2026-07-16_493556.csv,AH729QW,4970.74,7,AUSOL
954afea1-8ff2-4e1c-9018-fe665bc5c65d,pasadas_2026-07-16_343555.csv,EXT374,4771.95,6,AUTO-OESTE
9592ac04-6ea5-42c5-9488-22687dfdd556,pasadas_2026-07-08_5009A02027769.csv,AH543IQ,9935.82,9,AUSA
95d018ae-cd16-49b2-9a11-4a1c09b23b7f,pasadas_2026-07-23_5009A02044703.csv,AD985XP,5468.98,4,AUSA
95d3b1c0-9cc2-49fa-9469-6f6134d9ccb2,pasadas_2026-07-23_5009A02044703.csv,AH351RT,15255.79,9,AUSA
95e8312b-87e5-42be-adae-2da6f392ecbb,pasadas_2026-07-16_493556.csv,AG533MF,994.15,2,AUSOL
95ed99e8-ead8-47b3-bd61-384db2736159,pasadas_2026-07-15_5364164.csv,AG916MK,13466.55,7,AUBASA
95edf664-534a-4e4d-b730-635ec0d7c3d7,pasadas_2026-07-29_5009A02052902.csv,AF993HA,6044.83,9,AUSA
960a1549-529a-4878-9275-eb8cdc788b0d,pasadas_2026-07-16_343555.csv,AB151SM,3976.59,6,AUTO-OESTE
96212f74-cf93-488d-9cf1-c21ee7e77120,pasadas_2026-07-15_5009A02037803.csv,AG249HS,1439.11,2,AUSA
96291bb0-c5a5-476d-a0c8-030a51a6ddbb,pasadas_2026-07-29_5009A02060191.csv,AF791ER,6044.83,7,AUSA
96632ef9-5b58-4d8f-8f9a-6f93d931e941,pasadas_2026-07-16_493556.csv,OWG130,3976.59,6,AUSOL
967414e7-7323-4f90-8bc7-5829e86eb259,pasadas_2026-07-16_493556.csv,AH351RT,4970.74,7,AUSOL
96a48bc4-c28d-45a3-bd22-ae92a2578b34,pasadas_2026-07-23_5009A02044703.csv,AF740MG,2035.11,2,AUSA
96ac8d89-0fae-4132-b822-5289bf8d4154,pasadas_2026-07-16_343555.csv,AA561YA,3976.59,6,AUTO-OESTE
96acbebf-4f9d-46c2-b78a-115e1e2f3114,pasadas_2026-07-08_5009A02027769.csv,AG507DK,9935.82,9,AUSA
96af197f-3a59-4880-867f-14f01a7edb7f,pasadas_2026-07-15_5364164.csv,AG309CO,13466.55,7,AUBASA
97220c57-41ff-4dea-98dd-4637c1c351c2,pasadas_2026-07-03_3313955.csv,AF993HK,5200.00,6,CVSA
973198c1-4b4f-42aa-ad52-8d9fdc1ebb34,pasadas_2026-07-16_343555.csv,AH543IQ,5964.94,7,AUTO-OESTE
973383df-17ae-4af4-8e69-611deee3c242,pasadas_2026-07-16_493556.csv,AB633TY,3976.59,6,AUSOL
97625bfc-8ed7-4cb9-873f-9295ce13089b,pasadas_2026-07-08_5009A02027769.csv,AF136HN,6044.83,9,AUSA
97872689-422b-4329-827e-d72262b643f1,pasadas_2026-07-03_3313955.csv,AD239PP,5200.00,6,CVSA
97ac1d7b-8960-4ff9-b238-c8557b59de0e,pasadas_2026-07-15_5364164.csv,AF202UU,16833.20,7,AUBASA
97b8f785-66f7-4182-87eb-dad01874c3ed,pasadas_2026-07-15_5009A02037803.csv,AG893YR,6044.83,9,AUSA
97f644c6-09d4-4974-a47f-ba5641038be2,pasadas_2026-07-23_5009A02044703.csv,AG939HR,15255.79,9,AUSA
97f9953b-398d-499e-9780-fc7781102ef6,pasadas_2026-07-15_5009A02037803.csv,AG939HR,9935.82,9,AUSA
980994d4-edf6-488b-a9a6-692cedf0a5b4,pasadas_2026-07-29_5009A02052902.csv,AF993HA,9935.82,8,AUSA
985a6f69-2d1f-4790-a321-07320940d2d6,pasadas_2026-07-29_5009A02060191.csv,AG507DK,6044.83,9,AUSA
9870237a-44a7-4b31-8c7f-89cb024823d3,pasadas_2026-07-03_3313955.csv,AF791ER,5200.00,6,CVSA
989c2990-d62d-406c-8268-cb1418280faf,pasadas_2026-07-16_343555.csv,AB247VR,3976.59,6,AUTO-OESTE
98a0d59d-c9af-4f69-b0c6-335e7a646f08,pasadas_2026-07-15_5364164.csv,AG939HR,14370.19,7,AUBASA
98e916b9-c1c9-49d1-ae1d-2fb2095c76b7,pasadas_2026-07-29_5009A02060191.csv,AG507DK,9935.82,7,AUSA
98fc8679-c98b-4cdb-97f2-6ecd56c700d0,pasadas_2026-07-22_1947769.csv,AF993HA,8400.00,6,SANTAFE
98fff204-239e-463f-a59a-ff3d5a93340c,pasadas_2026-07-16_343555.csv,AF533SR,4970.74,7,AUTO-OESTE
9933d425-15a4-48ab-8e49-96ccb7b883dd,pasadas_2026-07-15_5364164.csv,AH351RT,13466.55,7,AUBASA
9982c2f6-423c-4743-84d0-09b332521a7a,pasadas_2026-07-22_1947768.csv,AE952TH,17400.00,5,SANTAFE
99897eb5-d3bb-4658-a73f-2850e3f9435f,pasadas_2026-07-16_493556.csv,AG309CH,994.15,2,AUSOL
99904818-f54d-4201-9e33-ac6927967e8c,pasadas_2026-07-15_5364164.csv,OWG130,11222.12,6,AUBASA
99bbed9b-1bee-4537-b8f3-f1c03119ba93,pasadas_2026-07-29_5009A02060191.csv,AF436WI,15255.79,7,AUSA
99eec2d9-cac0-42c0-ad24-01814d8ce9be,pasadas_2026-07-16_493556.csv,AB633TZ,3976.59,6,AUSOL
99f776fe-1282-4436-bb7e-e3655c73e32e,pasadas_2026-07-15_5009A02037803.csv,AG916MK,15255.79,9,AUSA
9a212462-bf63-4c75-a9a0-fb87e5e73bb3,pasadas_2026-07-29_5009A02060191.csv,AB247VR,15255.79,7,AUSA
9a4b4ea7-3751-4c84-9c53-cd137d65443d,pasadas_2026-07-15_5364164.csv,AE751PA,11222.12,6,AUBASA
9a7d29b8-21ea-41e0-be3c-095f6d715148,pasadas_2026-07-29_5009A02060191.csv,AF791ER,9935.82,7,AUSA
9a89b5b1-c78a-4385-beb6-bacf16eb84fa,pasadas_2026-07-08_5009A02027769.csv,AH185KI,16982.69,9,AUSA
9a928ed0-749e-479b-a1c5-d36aa1f0017f,pasadas_2026-07-23_5009A02044703.csv,AG916MK,9935.82,9,AUSA
9b03d49b-66b2-4032-a20b-b122284b5b7c,pasadas_2026-07-16_343555.csv,AH729QW,5964.94,7,AUTO-OESTE
9b100fde-83b5-432a-980d-1a633c79560a,pasadas_2026-07-16_343555.csv,AG533MF,994.15,2,AUTO-OESTE
9b86f05f-57e6-4a97-879b-582fcaa61d04,pasadas_2026-07-29_5009A02052902.csv,AD736OU,16982.69,7,AUSA
9b883a42-4d09-431f-98fc-46c68cd90789,pasadas_2026-07-29_5009A02052902.csv,AI348TS,1439.11,2,AUSA
9bd25f46-c8ae-4822-9b47-ca824cf21e76,pasadas_2026-07-16_493556.csv,AH185KI,4970.74,7,AUSOL
9bf1ef17-65dd-402d-b2bb-f5914a9e9cdf,pasadas_2026-07-15_5009A02037803.csv,AG916MK,16982.69,9,AUSA
9c886ee6-5db8-4e8c-ac16-e10e0eba20f7,pasadas_2026-07-15_5364164.csv,AG916MK,13466.55,7,AUBASA
9ca82794-8860-48b5-8c06-bb4a2d76a6a2,pasadas_2026-07-16_343555.csv,AB633TY,4771.95,6,AUTO-OESTE
9cc9ea40-26ae-49f5-aa58-7e225b4aee8b,pasadas_2026-07-16_343555.csv,AB456CQ,4771.95,6,AUTO-OESTE
9cea5747-87b7-4657-9f56-c5378aecba38,pasadas_2026-07-23_5009A02044703.csv,AG893YR,9935.82,9,AUSA
9d00aec5-56ca-4dad-9fe6-e294ed68fc1d,pasadas_2026-07-23_5009A02044703.csv,AD625QB,15255.79,7,AUSA
9d032491-dc20-41b5-ab48-8e1cb04628a8,pasadas_2026-07-23_5009A02044703.csv,AG893YR,6044.83,9,AUSA
9d29e990-6fa1-4fd9-a4a8-8b9d3ea1a15b,pasadas_2026-07-08_5009A02027769.csv,AG507DK,33965.25,9,AUSA
9d861d55-6c6f-483f-94a1-a709dc6d14b1,pasadas_2026-07-16_343555.csv,AB247VR,4771.95,6,AUTO-OESTE
9dac2392-a7bd-4ae8-998d-d19306b4171d,pasadas_2026-07-08_5009A02027769.csv,AB456CP,15255.79,7,AUSA
9dd195a6-48d0-4703-887c-f69fc0bc98af,pasadas_2026-07-29_5009A02052902.csv,AI042WD,33965.25,7,AUSA
9ddd71bc-abbf-4bea-9f0a-c4fdcbfa6ead,pasadas_2026-07-15_5009A02037803.csv,AH033DL,9935.82,7,AUSA
9df107bb-4a3a-4264-85a1-80a36d97f696,pasadas_2026-07-15_5009A02037760.csv,AI348TS,3454.21,2,AUSA
9e2331ae-8dae-4d87-bccf-215d682bd15d,pasadas_2026-07-15_5009A02037760.csv,AI042WD,9935.82,7,AUSA
9e30e11d-4054-48ed-b05b-b402c067583e,pasadas_2026-07-29_5009A02060191.csv,AH351RT,6044.83,9,AUSA
9e6816de-a0cf-40e5-b298-da3f9c869866,pasadas_2026-07-15_5364164.csv,AG939HR,13466.55,7,AUBASA
9e927cee-7e76-4d78-89f1-359a2d1bf488,pasadas_2026-07-29_5009A02052902.csv,AF993HA,33965.25,9,AUSA
9ea514c8-502c-4f3a-ad49-0ac3b874ab44,pasadas_2026-07-16_343555.csv,EXT374,4771.95,6,AUTO-OESTE
9eb4d9b5-d993-4828-9cf1-283f7b72d295,pasadas_2026-07-15_5009A02037803.csv,EXT374,9935.82,7,AUSA
9f4cd69e-ced1-49fb-874b-f08b4d915a1c,pasadas_2026-07-23_5009A02044703.csv,AG309CO,15255.79,9,AUSA
9f7e8025-051c-4ec7-80fc-cd16ed50ffef,pasadas_2026-07-08_5009A02027769.csv,AB456CQ,16982.69,8,AUSA
9f8043bf-f223-47ac-bd49-4b6afe7f39dd,pasadas_2026-07-15_5009A02037760.csv,AF993HA,9731.46,9,AUSA
9f84ba10-a61c-4593-a470-b4786cc25cdb,pasadas_2026-07-22_1947769.csv,AI178EY,21000.00,6,SANTAFE
9f8c8b9b-b74c-4e09-9a94-afcc4c26ef5f,pasadas_2026-07-16_343555.csv,AF103ZL,3976.59,6,AUTO-OESTE
9faa4121-6a1f-46b7-9c9c-0663d7193733,pasadas_2026-07-16_493556.csv,AF411UY,3976.59,6,AUSOL
9fd116d3-26d5-4b70-a4a4-406a42ee82b8,pasadas_2026-07-16_493556.csv,AG249HS,994.15,2,AUSOL
9fd3bef8-d751-45f2-a23d-db22510f79d9,pasadas_2026-07-29_5009A02052902.csv,AI348TS,9935.82,8,AUSA
9fe17adb-ec52-4c01-9c7c-c44f23a52440,pasadas_2026-07-16_343555.csv,OWG130,4771.95,6,AUTO-OESTE
a00b6eb9-8854-410d-8b3f-37374a569c0c,pasadas_2026-07-08_5009A02027769.csv,AE469PH,15255.79,8,AUSA
a0356f7f-1c60-4c0c-aa31-80b2cd46d989,pasadas_2026-07-15_5009A02037803.csv,AG309CO,6044.83,9,AUSA
a057db14-ebbe-4bd8-b27e-6b838fdd0f52,pasadas_2026-07-15_5364164.csv,AG939HR,16833.20,7,AUBASA
a0de6b32-249a-432a-b1ac-b470566d55cd,pasadas_2026-07-15_5364164.csv,AG939HR,13466.55,7,AUBASA
a0ebd3cd-ccc2-4830-af43-a6124ca3896b,pasadas_2026-07-22_1947768.csv,AC295IE,17400.00,5,SANTAFE
a0f0bf4b-564d-4aa8-b546-8b84824d0448,pasadas_2026-07-29_5009A02052902.csv,AI348TS,4895.18,2,AUSA
a102d887-f524-4412-8ecf-9b03301d098d,pasadas_2026-07-29_5009A02060191.csv,AH729QW,6044.83,9,AUSA
a1205d28-aa39-4145-a3f7-3f50188433e9,pasadas_2026-07-08_5009A02027769.csv,AD985XP,5468.98,4,AUSA
a16b86f7-0605-4568-92d6-2f7693717f25,pasadas_2026-07-16_343555.csv,AE284KH,3976.59,6,AUTO-OESTE
a1c92876-ba18-4baf-8017-2d70085aa013,pasadas_2026-07-15_5009A02037760.csv,AI348TS,3454.21,2,AUSA
a1d3ba82-051f-4d31-8355-a9882975ec0a,pasadas_2026-07-23_5009A02044703.csv,AG507DK,15255.79,9,AUSA
a1f4227f-4556-43ab-872e-47b4ed786ff5,pasadas_2026-07-08_5009A02027769.csv,AF791ER,9935.82,7,AUSA
a2556497-5f70-4b07-881e-50750895cb07,pasadas_2026-07-16_493556.csv,AG309CO,4970.74,7,AUSOL
a25d8552-90f6-4569-ac41-12a1942de9d5,pasadas_2026-07-15_5009A02037803.csv,AG916MK,15255.79,9,AUSA
a26f0b71-af04-44c9-81e6-b6f2f5cc4750,pasadas_2026-07-16_329454.csv,AI348TS,994.15,2,AUTO-OESTE
a27ecffd-d4f1-4afd-bc63-1d2e89ea73c7,pasadas_2026-07-16_343555.csv,AH800QT,4970.74,7,AUTO-OESTE
a3204bd6-bd86-4a01-9b1e-0efbf0ceceff,pasadas_2026-07-15_5009A02037803.csv,AF091AI,6044.83,9,AUSA
a339f13b-bd36-4923-863b-0ed6babc8b49,pasadas_2026-07-15_5009A02037803.csv,AB633TZ,9935.82,7,AUSA
a33d11bd-7751-45b4-bad1-3226c14ce102,pasadas_2026-07-16_343555.csv,AG309CO,5964.94,7,AUTO-OESTE
a35736e4-2c5e-40b0-b136-0f5deae6a26d,pasadas_2026-07-23_5009A02044703.csv,AF533SR,16982.69,9,AUSA
a391e8b2-7053-4086-aee2-21d1e2948f2f,pasadas_2026-07-16_343555.csv,AE469PH,4771.95,6,AUTO-OESTE
a3f7d091-a151-4ed2-9e68-bc771ee2d187,pasadas_2026-07-16_343555.csv,AB247VR,3976.59,6,AUTO-OESTE
a4087510-3105-4e9a-8d79-3027aa673991,pasadas_2026-07-15_5009A02037760.csv,AI348TS,2035.11,2,AUSA
a42a98f6-08f9-4b93-a5ba-17184bc9610f,pasadas_2026-07-08_5009A02027769.csv,AG916MK,6044.83,9,AUSA
a43240a4-3926-4d13-9b5e-3698a58435f4,pasadas_2026-07-23_5009A02044703.csv,AH185KI,6044.83,9,AUSA
a4647cc6-add0-4461-8f3e-63b79a7e2d45,pasadas_2026-07-16_343555.csv,AB633TZ,3976.59,6,AUTO-OESTE
a4669e1c-9e03-4d3c-8e12-c1c7879c746e,pasadas_2026-07-15_5009A02037803.csv,AG309CH,7642.85,2,AUSA
a46d3104-b3cf-4602-b1aa-5c30b051859f,pasadas_2026-07-16_343555.csv,EXT374,4771.95,6,AUTO-OESTE
a48e6649-93f9-4bc7-b92c-05697db8de77,pasadas_2026-07-08_5009A02027769.csv,AE751PA,6044.83,9,AUSA
a48ed44d-153a-4eef-90b9-fefe79025a83,pasadas_2026-07-15_5364164.csv,AG507DK,11975.15,6,AUBASA
a4fcd87f-afb8-4b5d-a956-25d22f5042e3,pasadas_2026-07-08_5009A02027769.csv,AG309CO,9731.46,8,AUSA
a5202560-a20a-46c1-afa7-2915601c606f,pasadas_2026-07-16_343555.csv,AE469PH,3976.59,6,AUTO-OESTE
a523431c-0efd-4733-883f-47b5869c596f,pasadas_2026-07-16_343555.csv,AE469PH,3976.59,6,AUTO-OESTE
a53cb2a8-87dd-4d77-9da3-499d578de6f9,pasadas_2026-07-16_493557.csv,AI042WA,994.15,2,AUSOL
a55da858-2b1a-4967-a992-1a674a0135ab,pasadas_2026-07-16_343555.csv,AF231PZ,3976.59,6,AUTO-OESTE
a59e9e8d-5945-4186-b6df-f5ea911b0b49,pasadas_2026-07-29_5009A02060191.csv,AD625QB,6044.83,7,AUSA
a5ac9531-c4bc-4deb-aa88-f123ed11ff6b,pasadas_2026-07-22_1947768.csv,AE469PH,17400.00,5,SANTAFE
a5d48fab-e4aa-4659-a38b-2cf7595742e3,pasadas_2026-07-16_343555.csv,AA561YA,3976.59,6,AUTO-OESTE
a5da776c-adc6-42d9-983f-bf1c16a85405,pasadas_2026-07-16_343555.csv,AC264UA,3976.59,6,AUTO-OESTE
a5e7d0ed-6dae-41df-859b-1f40726d9380,pasadas_2026-07-23_5009A02044703.csv,AH351RT,6044.83,9,AUSA
a604ab13-cdf1-44ea-bce2-458a7bfb0d7a,pasadas_2026-07-15_5364164.csv,AH351RT,13466.55,7,AUBASA
a61ad27c-8858-4fd2-83bd-1ee7df6ab423,pasadas_2026-07-15_5364164.csv,AH543IQ,16833.20,7,AUBASA
a644a553-0ea0-4d55-9741-cbad3c48bea3,pasadas_2026-07-03_3305880.csv,AG676SP,5200.00,6,CVSA
a64a2340-5754-44d6-bbc2-d0f3c7231a90,pasadas_2026-07-15_5364164.csv,AD625QA,11975.15,6,AUBASA
a65880ae-5a94-4607-b59f-b5ca46f0ab20,pasadas_2026-07-15_5364165.csv,AI348TS,2244.43,2,AUBASA
a663218d-c138-473f-b658-604f37eef68c,pasadas_2026-07-15_5009A02037803.csv,AG893YR,15255.79,9,AUSA
a6639476-f5ee-42ba-9796-2e2f4f6b46b7,pasadas_2026-07-29_5009A02060191.csv,AG916MK,9935.82,9,AUSA
a66bbbaa-9c95-422e-912c-1f6c58154e81,pasadas_2026-07-16_343555.csv,AF533SR,5964.94,7,AUTO-OESTE
a6b7d7e3-fbdc-4ef4-bae4-ca1591e8ca8e,pasadas_2026-07-29_5009A02052902.csv,AI178ER,15255.79,9,AUSA
a6b84f20-3214-4534-aeaf-ed529ea71b4f,pasadas_2026-07-16_343555.csv,AB633TY,3976.59,6,AUTO-OESTE
a6b86877-096d-4ccf-83a8-5a58eede501b,pasadas_2026-07-29_5009A02060191.csv,AG507DK,9935.82,9,AUSA
a7018ba0-a8e0-4503-9d60-c91321ee3966,pasadas_2026-07-15_5009A02037803.csv,AB456CQ,15255.79,8,AUSA
a702da33-6751-4513-bd38-df2a1441ad46,pasadas_2026-07-16_343555.csv,AB456CQ,3976.59,6,AUTO-OESTE
a764449d-cd0c-4a39-bacf-9a072f43c5ad,pasadas_2026-07-23_5009A02044703.csv,AG916MK,6044.83,9,AUSA
a76c4bc2-d722-4c99-b95f-37b0320de4bc,pasadas_2026-07-16_493556.csv,AA561YA,3976.59,6,AUSOL
a7823d5b-e429-4912-857b-298d2e5b1368,pasadas_2026-07-15_5009A02037803.csv,AH033DL,6044.83,7,AUSA
a7eb79f0-b22d-422a-86c0-0007181b9513,pasadas_2026-07-08_5009A02027769.csv,AG939HR,6044.83,9,AUSA
a7fc3775-6656-47ca-b467-197a17cd1532,pasadas_2026-07-29_5009A02052902.csv,AF993HA,6044.83,9,AUSA
a83c2fa9-7452-4b2d-a3f9-65950fe5ec36,pasadas_2026-07-16_343555.csv,AF533SR,5964.94,7,AUTO-OESTE
a841a3d9-4554-4d3a-b093-ae2d229a8879,pasadas_2026-07-08_5009A02027769.csv,AG916MK,33965.25,9,AUSA
a846ded6-2341-4f03-a1c0-d10db4e3b7b5,pasadas_2026-07-15_5364164.csv,AE751PA,11222.12,6,AUBASA
a88e4867-8232-48ff-83aa-71ae0e281eee,pasadas_2026-07-29_5009A02060191.csv,AE952TH,6044.83,9,AUSA
a8b6b889-9123-46c9-9363-e43a7d21aefd,pasadas_2026-07-29_5009A02052902.csv,AI348TS,9935.82,7,AUSA
a8e1c2a8-a32b-415a-8563-ad9a8c1e87b5,pasadas_2026-07-23_5009A02044703.csv,AF436WI,6044.83,7,AUSA
a9494601-cf2e-476a-bdd4-04ef95d8b2a0,pasadas_2026-07-08_5009A02027769.csv,AF202UU,16982.69,7,AUSA
a97fa106-5b0f-4ba3-95e1-987c82445b94,pasadas_2026-07-16_343555.csv,AD985XP,4771.95,6,AUTO-OESTE
a98bac2c-1ee7-416e-975b-f23bc97276de,pasadas_2026-07-16_493557.csv,AI348TS,994.15,2,AUSOL
a9d48f4b-9ff0-4516-b0ca-c27ad5ac24d9,pasadas_2026-07-08_5009A02027769.csv,AH351RT,6044.83,9,AUSA
a9f3df85-6f47-46be-8892-a47d0a1e28db,pasadas_2026-07-22_1947768.csv,AD985XP,17400.00,5,SANTAFE
aa03f72c-3d8f-44e8-a5f7-d9d38edda904,pasadas_2026-07-16_343555.csv,AC561DQ,4771.95,6,AUTO-OESTE
aa119dab-d533-4152-a610-99aa5bcb09da,pasadas_2026-07-08_5009A02027769.csv,AF533SR,15255.79,9,AUSA
aa34563b-75ef-4f50-8238-9d7689e3da69,pasadas_2026-07-03_3313955.csv,AG533MF,1500.00,2,CVSA
aa3a4c78-fa09-4326-b4a4-b5bce9bf7314,pasadas_2026-07-16_343555.csv,AH351RT,4970.74,7,AUTO-OESTE
aa4182b5-2a60-435a-91e4-22dfff1f53ad,pasadas_2026-07-15_5009A02037803.csv,AF202UU,16982.69,7,AUSA
aa4dc971-b3d3-4ebe-bc34-5e2a69a0aad3,pasadas_2026-07-16_493556.csv,AG533MF,994.15,2,AUSOL
aa5c799a-f5ba-4c41-beae-c147aa65a346,pasadas_2026-07-15_5364165.csv,AI348TS,2244.43,2,AUBASA
aa5ddef6-8eed-4865-8721-0ffe1936c9f3,pasadas_2026-07-08_5009A02027769.csv,AC812DO,15255.79,8,AUSA
aa6d4312-5d2e-4751-b2ad-670df3f91d0a,pasadas_2026-07-16_343555.csv,AF411UY,3976.59,6,AUTO-OESTE
aa7ce5cc-cc70-4d74-a7a6-2c5d92a673f5,pasadas_2026-07-22_1947768.csv,AB151SM,6600.00,5,SANTAFE
aa84d665-3520-4ec1-aa3b-6afb352e46d0,pasadas_2026-07-16_343555.csv,AH351RT,5964.94,7,AUTO-OESTE
aa8fb93e-56c3-44d5-b1b4-59398571a7ff,pasadas_2026-07-08_5009A02027769.csv,AF533SR,6044.83,9,AUSA
aaecf609-9e68-4e8e-8c7c-4410fbbaa473,pasadas_2026-07-03_3313955.csv,AH185KI,6500.00,7,CVSA
ab12c0a0-3c14-41ea-913f-ee0c2c8753cf,pasadas_2026-07-16_343555.csv,OWG130,3976.59,6,AUTO-OESTE
ab155c6d-ddf2-4076-bf0e-bc9e9d36596c,pasadas_2026-07-16_343555.csv,AG309CO,4970.74,7,AUTO-OESTE
ab83395e-4a17-490d-80da-56e76962d66e,pasadas_2026-07-22_1947768.csv,AF103ZL,17400.00,5,SANTAFE
aba2dc44-f12a-4081-a9e6-6180eb628907,pasadas_2026-07-16_493556.csv,AD625QB,4771.95,6,AUSOL
abaf2cfc-5fd0-4d8b-bfc1-8eb2b46e6fd3,pasadas_2026-07-16_493556.csv,AG249HS,1192.99,2,AUSOL
ac0780d3-3e09-464d-9630-9dc74d82bb52,pasadas_2026-07-29_5009A02060191.csv,AG507DK,15255.79,9,AUSA
ac6388dd-3631-4ad3-9732-db42ef42d762,pasadas_2026-07-23_5009A02044703.csv,AF231PZ,6044.83,8,AUSA
ac97479d-cc28-41cf-8977-7097c39455b1,pasadas_2026-07-03_3313955.csv,AE751PA,5200.00,6,CVSA
ac9ed91d-871b-43c4-84cf-aaafb99c93b7,pasadas_2026-07-16_343555.csv,AB456CU,3976.59,6,AUTO-OESTE
acb4e75b-2a84-4c3c-9332-15cf2334483b,pasadas_2026-07-15_5009A02037803.csv,AH185KI,6044.83,9,AUSA
ace26edc-c341-4767-9970-2e5d409712d9,pasadas_2026-07-15_5009A02037803.csv,AH729QW,9935.82,9,AUSA
ad94dbe1-1124-465d-bfd5-4d4c757e1502,pasadas_2026-07-15_5364165.csv,AI178ER,14370.19,7,AUBASA
adb48c47-cd33-4759-84b8-c539e6758bc9,pasadas_2026-07-16_343555.csv,AG939HR,5964.94,7,AUTO-OESTE
adcfa4e4-3e8d-4f98-822c-633cc605e25f,pasadas_2026-07-16_493556.csv,AE952TH,3976.59,6,AUSOL
add01e67-7b7e-4a9d-9e68-8fa7f27ff6c3,pasadas_2026-07-08_5009A02027769.csv,AE469PL,15255.79,7,AUSA
adda317c-6438-4461-91eb-dff4c24ae572,pasadas_2026-07-29_5009A02060191.csv,AD625QB,9935.82,7,AUSA
adec53ed-9e60-4553-8c2a-1c262d6fb20d,pasadas_2026-07-15_5364164.csv,AH351RT,14370.19,7,AUBASA
adf8e3a1-e4ab-4f73-8776-b139e8a4a3f8,pasadas_2026-07-15_5364164.csv,AF411UY,11222.12,6,AUBASA
ae05201d-6825-415a-ae53-adb3af7f6d99,pasadas_2026-07-15_5364164.csv,AH543IQ,16833.20,7,AUBASA
ae0abe21-b8ea-4d2d-a38e-69c5bb235d4c,pasadas_2026-07-22_1947769.csv,AI178EY,21000.00,6,SANTAFE
ae1c1730-a8d0-4690-b1be-87aee326a26c,pasadas_2026-07-15_5009A02037803.csv,AG309CO,9935.82,9,AUSA
ae6b7009-f5aa-464f-ab34-1f4501bf48f2,pasadas_2026-07-23_5009A02044703.csv,AF791ER,6044.83,9,AUSA
ae75ab5e-a3bb-46fe-b523-969cb808f956,pasadas_2026-07-15_5009A02037803.csv,AG309CO,16982.69,9,AUSA
ae7b42e6-927a-4ed6-b590-0666eb08f964,pasadas_2026-07-16_343555.csv,AD667DM,3976.59,6,AUTO-OESTE
aea06151-037e-4db4-b16f-ed2cfe1554a7,pasadas_2026-07-16_493556.csv,AH729QW,4970.74,7,AUSOL
aebf687f-2099-4462-aced-6d07b1a2f783,pasadas_2026-07-15_5364164.csv,AH729QW,13466.55,7,AUBASA
aed0015f-964f-4a70-a863-d403e30913ec,pasadas_2026-07-23_5009A02044703.csv,AE469PH,6044.83,8,AUSA
aed945d9-81be-470b-b0a8-f006a22ec732,pasadas_2026-07-08_5009A02027769.csv,AH351RT,33965.25,9,AUSA
af18feed-5221-4cde-9090-15aedfaa2731,pasadas_2026-07-16_493556.csv,AG249HS,1192.99,2,AUSOL
af4e9179-269b-49ff-a881-947a16ae6a96,pasadas_2026-07-29_5009A02052902.csv,AF993HA,15255.79,9,AUSA
af831627-8254-4c84-933d-2238f91921bc,pasadas_2026-07-15_5009A02037803.csv,AG939HR,6044.83,9,AUSA
af8cc94e-b052-490d-8f21-ce3a079e5eca,pasadas_2026-07-08_5009A02027769.csv,AG507DK,15255.79,9,AUSA
afa01b4c-a5a7-4f74-bb8d-64a9d3338473,pasadas_2026-07-15_5009A02037760.csv,AF993HA,15255.79,9,AUSA
afb7bc66-bf56-4b03-a52d-326264246f9d,pasadas_2026-07-15_5009A02037760.csv,AF993HA,9935.82,9,AUSA
afea49af-53ac-477b-a13d-95a29a4f20e8,pasadas_2026-07-16_343555.csv,AB247VR,4771.95,6,AUTO-OESTE
b00c012b-0041-4646-a62d-6139b980264f,pasadas_2026-07-29_5009A02060191.csv,AH185KI,15255.79,9,AUSA
b01431de-3408-45a8-b278-910cb1f1d79d,pasadas_2026-07-29_5009A02060191.csv,AH351RT,9935.82,9,AUSA
b0234d64-e3ba-4419-9cef-c4c633509ec5,pasadas_2026-07-15_5009A02037803.csv,AB456CP,33965.25,7,AUSA
b0244786-732b-4f39-80b7-575f535f0bda,pasadas_2026-07-16_343555.csv,AB456CQ,3976.59,6,AUTO-OESTE
b02be128-6f4a-4f4e-90cc-411a690ead72,pasadas_2026-07-08_5009A02027769.csv,AF231PZ,6044.83,8,AUSA
b03793ba-afb8-481f-aaae-0b2a9951cf70,pasadas_2026-07-16_343555.csv,AB456CQ,4771.95,6,AUTO-OESTE
b0819ad0-bdc5-4b30-93af-a5dd60c4f690,pasadas_2026-07-29_5009A02052902.csv,AI348TS,3454.21,2,AUSA
b0c2889e-068f-42e1-a60c-45ffef2a1d80,pasadas_2026-07-23_5009A02044703.csv,AG893YR,6044.83,9,AUSA
b0cefeb2-ccbd-425c-bd3f-8c225c9add9e,pasadas_2026-07-29_5009A02060191.csv,AG916MK,9935.82,9,AUSA
b0eb1caa-2587-45d7-a2f5-65b6cc4e6ab1,pasadas_2026-07-16_343555.csv,AG916MK,4970.74,7,AUTO-OESTE
b108d508-5085-4b9e-a539-507f0f284640,pasadas_2026-07-29_5009A02060191.csv,AG939HR,15255.79,9,AUSA
b10a2b69-07f1-4b22-b1eb-05eeea046609,pasadas_2026-07-29_5009A02060191.csv,AG309CO,15255.79,9,AUSA
b1175a7a-4a60-44c8-a583-7918a99ebf29,pasadas_2026-07-29_5009A02060191.csv,AH351RT,15255.79,9,AUSA
b13d3051-d4aa-44c2-b920-08346bf9f01f,pasadas_2026-07-29_5009A02060191.csv,AG916MK,15255.79,9,AUSA
b1441cdf-388e-44f1-9879-6f83c840aaee,pasadas_2026-07-16_343555.csv,EXT374,3976.59,6,AUTO-OESTE
b17bf15a-6ade-46c2-8d8f-fd10aa2a4265,pasadas_2026-07-15_5364165.csv,AI042WD,11222.12,6,AUBASA
b1b8a85e-3601-4c54-aa38-1177d2873df8,pasadas_2026-07-16_343555.csv,AF202UU,4970.74,7,AUTO-OESTE
b1d342ee-b57a-40e4-86b4-50bd0f684a48,pasadas_2026-07-23_5009A02044703.csv,AB247VR,15255.79,7,AUSA
b22d3b4c-9eac-459d-9839-9f3196a6f980,pasadas_2026-07-15_5009A02037760.csv,AI178ER,9935.82,8,AUSA
b2ad46ae-0530-4ea8-99a3-96ffdd5c5cae,pasadas_2026-07-22_1947768.csv,AE952TH,17400.00,5,SANTAFE
b2f33dfd-0b2b-4eb7-b69f-4c884d881f23,pasadas_2026-07-08_5009A02027769.csv,AG916MK,9935.82,9,AUSA
b30ed6fe-8c51-42ea-96a0-6c508c2f0aa9,pasadas_2026-07-16_343555.csv,AG110LK,4771.95,6,AUTO-OESTE
b348687e-9298-484a-bbaa-f29ac5e191e4,pasadas_2026-07-16_493556.csv,AG916MK,4970.74,7,AUSOL
b35a9c1f-7346-4b15-a602-a1f1f7981dde,pasadas_2026-07-16_343555.csv,AB247VR,4771.95,6,AUTO-OESTE
b3762021-0b65-4667-ad4d-c445f2b189b2,pasadas_2026-07-08_5009A02027769.csv,AD096FX,16982.69,7,AUSA
b3b7d7d0-7f06-4e13-b76b-4d9ab7ac7aec,pasadas_2026-07-16_343555.csv,AD239PP,3976.59,6,AUTO-OESTE
b3e5d1ca-5c74-4076-9380-0721bc477f80,pasadas_2026-07-16_343555.csv,AB456CQ,4771.95,6,AUTO-OESTE
b3ee584c-1966-4dc1-b4dd-106d1aac62b9,pasadas_2026-07-15_5009A02037803.csv,AG309CO,6044.83,9,AUSA
b41ea346-8d35-4c07-b135-ee9793b0378b,pasadas_2026-07-15_5364164.csv,AH729QW,13466.55,7,AUBASA
b4284eb2-4e54-4f7c-a16f-6f1dd81b49c3,pasadas_2026-07-08_5009A02027769.csv,AH185KI,33965.25,9,AUSA
b43276ad-db90-4f6a-a278-b6a21523ff02,pasadas_2026-07-23_5009A02044703.csv,AC295IE,16982.69,7,AUSA
b4352b6c-277d-42e7-a497-daf925535d8d,pasadas_2026-07-16_343555.csv,AD625QA,4771.95,6,AUTO-OESTE
b443101a-a33c-4d92-95e2-1cd329304989,pasadas_2026-07-15_5009A02037803.csv,AF436WI,6044.83,7,AUSA
b45af505-f4f7-401a-9134-7f86548027ad,pasadas_2026-07-16_343555.csv,AD625QA,3976.59,6,AUTO-OESTE
b45e0371-659b-45c0-bd5d-70f0658110a0,pasadas_2026-07-15_5364164.csv,AF436WI,28740.39,7,AUBASA
b47f73ea-5ab1-4bed-ac8d-799efb358528,pasadas_2026-07-16_493556.csv,AH351RT,4970.74,7,AUSOL
b4a6e9ad-eacf-4861-b586-cd897469e3fe,pasadas_2026-07-16_343555.csv,AH729QW,4970.74,7,AUTO-OESTE
b4b4351d-d140-4e1d-a81e-b1ae2308854e,pasadas_2026-07-16_343555.csv,AF103ZL,4771.95,6,AUTO-OESTE
b4c15d0c-e057-4ca0-9b94-7ce214d23e6d,pasadas_2026-07-29_5009A02060191.csv,AH543IQ,15255.79,9,AUSA
b4c84457-bf24-46bd-8be1-25bbcb7fda27,pasadas_2026-07-15_5009A02037803.csv,AH351RT,9935.82,9,AUSA
b4e1f53f-8074-445b-889d-d716128ee8c6,pasadas_2026-07-16_493556.csv,AG309CH,994.15,2,AUSOL
b4eb74a4-c25b-4f35-aa57-b442953032ae,pasadas_2026-07-29_5009A02060191.csv,AH185KI,9935.82,9,AUSA
b54f6244-c635-4e22-848b-6145059b646b,pasadas_2026-07-16_493556.csv,AF411UY,3976.59,6,AUSOL
b5546262-bc51-4499-a917-47528880bd3c,pasadas_2026-07-08_5009A02027769.csv,AF103ZL,9935.82,7,AUSA
b55814cf-a489-4523-985d-d0543697402b,pasadas_2026-07-16_343555.csv,AH351RT,4970.74,7,AUTO-OESTE
b586971b-514e-4b3e-ba58-7400da0077e1,pasadas_2026-07-16_343555.csv,AB633TZ,3976.59,6,AUTO-OESTE
b5967245-fdba-45eb-8350-cc3b01015fde,pasadas_2026-07-03_3313955.csv,AD482MT,6000.00,6,CVSA
b597c1cf-a063-48b5-bd58-e61de237afc2,pasadas_2026-07-15_5364164.csv,AH351RT,26933.11,7,AUBASA
b5fb1c04-6ea9-4945-b655-c7cfa20ea674,pasadas_2026-07-16_343555.csv,AG916MK,4970.74,7,AUTO-OESTE
b62f827c-f3fc-4a29-ba68-37ce45ad153c,pasadas_2026-07-08_5009A02027769.csv,AG939HR,9935.82,9,AUSA
b648546b-ebf2-44a6-9e95-87db889b8b4a,pasadas_2026-07-15_5009A02037760.csv,AF993HA,9935.82,9,AUSA
b6633459-4200-462d-9cb3-72d0fe59241e,pasadas_2026-07-08_5009A02027769.csv,AH185KI,16982.69,9,AUSA
b6675449-62bf-4d9c-8e59-b85c6ca11ba1,pasadas_2026-07-16_343555.csv,AD625QA,4771.95,6,AUTO-OESTE
b6740f1a-e439-415f-90c2-6bc174d31b38,pasadas_2026-07-29_5009A02052902.csv,AF993HA,6044.83,9,AUSA
b702c3e2-4d32-4cb3-a442-64ed6d87b94e,pasadas_2026-07-23_5009A02044703.csv,AF436WI,33965.25,7,AUSA
b711d739-c427-4dbc-8197-68ec56fac49a,pasadas_2026-07-03_3313955.csv,AG916MK,6500.00,7,CVSA
b7120584-6953-49a5-8241-2e693eee97b6,pasadas_2026-07-03_3313955.csv,AF202UU,7500.00,7,CVSA
b71270c3-09f7-41e4-99f6-0ea901c9d38b,pasadas_2026-07-16_343555.csv,AD328WK,3976.59,6,AUTO-OESTE
b716e631-9d6b-4eb9-98a6-5921cee21580,pasadas_2026-07-16_493556.csv,AF091AI,4970.74,7,AUSOL
b726efce-69b1-489a-b2f4-f061952130ad,pasadas_2026-07-15_5009A02037803.csv,AB456CU,15255.79,7,AUSA
b72de548-fcdf-4231-8949-aeacb8589bc6,pasadas_2026-07-29_5009A02060191.csv,AB247VR,6044.83,7,AUSA
b7462130-66a7-415d-a0af-4ab587904b40,pasadas_2026-07-29_5009A02060191.csv,AB456CU,15255.79,7,AUSA
b7a85c58-2e45-466a-b25b-63d95d57392d,pasadas_2026-07-15_5364164.csv,AF202UU,28740.39,7,AUBASA
b7b8304c-64f9-4169-9069-0653f841bcc5,pasadas_2026-07-23_5009A02044703.csv,AF791ER,6044.83,7,AUSA
b7c973cf-c30a-4d6a-a68f-8a778daced59,pasadas_2026-07-23_5009A02044703.csv,AB633TZ,16982.69,7,AUSA
b7cfcaa3-7043-4589-979d-7559945692eb,pasadas_2026-07-16_493556.csv,AF411UY,4771.95,6,AUSOL
b85b786c-161b-42c1-879d-f546b5385880,pasadas_2026-07-16_329454.csv,AI178ER,5964.94,7,AUTO-OESTE
b8785f96-5c70-466c-baea-6a0b700c3dad,pasadas_2026-07-29_5009A02052902.csv,AF993HA,6044.83,9,AUSA
b889b259-5367-4083-b053-edf0ec3590b2,pasadas_2026-07-23_5009A02044703.csv,AB633TZ,9935.82,7,AUSA
b8c8a773-03f2-4f3d-8d2e-ce190cf06c11,pasadas_2026-07-16_493556.csv,AD736OU,3976.59,6,AUSOL
b8d1655e-aa47-49fe-b12a-29f5f290c392,pasadas_2026-07-29_5009A02052902.csv,AF993HA,9935.82,9,AUSA
b90dc37d-76f4-4671-a09d-ac7f8274d5ef,pasadas_2026-07-29_5009A02060191.csv,AH351RT,15255.79,9,AUSA
b9101d7b-c8f0-4304-b6bd-cc3fd37e34fe,pasadas_2026-07-15_5009A02037803.csv,AH351RT,6044.83,9,AUSA
b921c950-c6f7-4051-8db8-ccb0a5e760be,pasadas_2026-07-16_329454.csv,AI348TS,994.15,2,AUTO-OESTE
b92eda30-024d-4421-afd3-4473f8478812,pasadas_2026-07-29_5009A02060191.csv,AG507DK,6044.83,9,AUSA
b9565dc9-8724-4938-985b-bc0e9861d6aa,pasadas_2026-07-23_5009A02044703.csv,AH351RT,9935.82,9,AUSA
b96ba83b-79b5-4dc0-bbb9-44c3922e7596,pasadas_2026-07-15_5009A02037760.csv,AI042WD,33965.25,7,AUSA
b971b4c7-cbd2-4fec-8e10-32673b6c7aea,pasadas_2026-07-23_5009A02044703.csv,AF791ER,6044.83,7,AUSA
b985f993-3f1c-4ac0-a026-cbcce76da227,pasadas_2026-07-22_1947768.csv,AF103ZL,17400.00,5,SANTAFE
b9920d8b-52a2-490a-b940-e63e49248724,pasadas_2026-07-15_5364164.csv,AG916MK,13466.55,7,AUBASA
b9d36ff0-c3f3-431f-86b3-3cd2fdfacebb,pasadas_2026-07-16_493557.csv,AI348TS,994.15,2,AUSOL
b9dcc57d-62b5-4100-ab87-08ab43747282,pasadas_2026-07-23_5009A02044703.csv,AB247VR,16982.69,7,AUSA
b9e4a2f9-5655-44f1-818d-d389db56feb8,pasadas_2026-07-23_5009A02044703.csv,AH351RT,6044.83,9,AUSA
ba03d258-ce50-4c76-be40-06b90f1c1166,pasadas_2026-07-16_329454.csv,AI348TS,1192.99,2,AUTO-OESTE
ba92d17e-7b61-406d-b45a-355cacf6e502,pasadas_2026-07-29_5009A02060191.csv,AF136HN,9935.82,9,AUSA
bab0e5f0-6341-4f29-8ce6-fc7b5149ceed,pasadas_2026-07-16_343555.csv,AG309CO,4970.74,7,AUTO-OESTE
bab2dcc2-b972-4533-8cd5-6c07ed7de06c,pasadas_2026-07-16_493556.csv,AD625QB,3976.59,6,AUSOL
bab318fa-d966-44e0-9f41-c9e166cd4e61,pasadas_2026-07-29_5009A02060191.csv,AG939HR,6044.83,9,AUSA
bac88629-49a5-4e91-9547-9b4b8ed527dc,pasadas_2026-07-16_493556.csv,AD625QA,3976.59,6,AUSOL
baca6c5b-1a38-4af9-85d3-9157e2496de3,pasadas_2026-07-16_343555.csv,AG916MK,4970.74,7,AUTO-OESTE
bad334f0-1403-4a7a-ac33-5441e1e0f0e4,pasadas_2026-07-15_5009A02037803.csv,AG916MK,9935.82,9,AUSA
bade9e6f-7bac-46a4-9a09-3cd1f6384728,pasadas_2026-07-16_493556.csv,AF202UU,5964.94,7,AUSOL
bae2f28c-4212-41b3-823e-6ab61a7fa2f3,pasadas_2026-07-23_5009A02044703.csv,AB456CP,9935.82,7,AUSA
bb12adde-aa46-497d-8d46-69b83f2aba34,pasadas_2026-07-23_5009A02044703.csv,AG893YR,9935.82,9,AUSA
bb140304-f0f1-4a8b-beeb-8445602c3104,pasadas_2026-07-08_5009A02027769.csv,AG507DK,9731.46,9,AUSA
bb72ac2d-aea7-4510-b42d-0877efe29a69,pasadas_2026-07-08_5009A02027769.csv,AG939HR,9935.82,9,AUSA
bbaa846c-4322-423f-ad14-262322b194e2,pasadas_2026-07-29_5009A02060191.csv,AG916MK,6044.83,9,AUSA
bbd6b6dd-7715-4257-b430-7de96409c33f,pasadas_2026-07-16_493556.csv,AG309CH,994.15,2,AUSOL
bbe0e073-3769-4cc8-9238-79bd9ff26a4e,pasadas_2026-07-16_343555.csv,AG916MK,4970.74,7,AUTO-OESTE
bc03efa3-9fa8-4b63-bba8-96baf3133288,pasadas_2026-07-03_3313955.csv,AH351RT,7500.00,7,CVSA
bc238ad4-cee0-4142-a0b2-81881c6ec834,pasadas_2026-07-15_5364165.csv,AI348TS,2244.43,2,AUBASA
bc3259f8-d7a1-4bd5-b9d7-b00aa1e04ca6,pasadas_2026-07-22_1947768.csv,AF436WI,21000.00,6,SANTAFE
bc34ccee-f7d4-4b41-8df2-74ba0078de55,pasadas_2026-07-23_5009A02044703.csv,AH033DL,9935.82,8,AUSA
bc4e5e40-4b83-4268-8461-a7c958847423,pasadas_2026-07-15_5009A02037803.csv,AG249HS,3454.21,2,AUSA
bc5cdb9a-fc24-4a1d-a19a-cd996cb8044b,pasadas_2026-07-15_5364165.csv,AF993HA,13466.55,7,AUBASA
bc79ced2-926e-4984-b3fe-de9d9922bcec,pasadas_2026-07-29_5009A02060191.csv,AB456CQ,9935.82,7,AUSA
bcc6cb2a-0448-40ea-9f3f-baa86718700c,pasadas_2026-07-08_5009A02027769.csv,AB456CU,33965.25,7,AUSA
bcfc88d9-b097-49b8-8e21-f935abb0f13b,pasadas_2026-07-08_5009A02027769.csv,AF411UY,33965.25,7,AUSA
bd293016-ea49-45a8-947a-d882e091e4c0,pasadas_2026-07-23_5009A02044703.csv,AG507DK,9935.82,9,AUSA
bd52c4e9-621b-457e-8397-e27d86dcf270,pasadas_2026-07-22_1947768.csv,AE952TH,17400.00,5,SANTAFE
bd621322-f976-4abb-bc71-c590b31830cf,pasadas_2026-07-23_5009A02044703.csv,AG939HR,6044.83,9,AUSA
bd87129d-01c6-4d5e-8759-56aadd7233ce,pasadas_2026-07-15_5364164.csv,AG893YR,13466.55,7,AUBASA
bdaf378e-cf45-4a8f-843b-bf5c5667101a,pasadas_2026-07-23_5009A02044703.csv,AF791ER,15255.79,7,AUSA
be064912-0be2-4ec5-bce6-d3a9b1c536a0,pasadas_2026-07-08_5009A02027769.csv,AE469PL,33965.25,7,AUSA
be104268-d93a-4a25-9316-6228e5ca6796,pasadas_2026-07-16_343555.csv,AG939HR,5964.94,7,AUTO-OESTE
be29f4dc-959b-4045-9bc5-d2ad454857a0,pasadas_2026-07-16_343555.csv,AB456CU,4771.95,6,AUTO-OESTE
be31e258-897a-4f02-80b4-d8d0899687a3,pasadas_2026-07-23_5009A02044703.csv,AG916MK,6044.83,9,AUSA
be34ae4f-a7a6-46fe-9e51-774ca43f053d,pasadas_2026-07-29_5009A02060191.csv,AG893YR,9935.82,9,AUSA
be901f7f-8bca-4696-b91b-12e15aec041c,pasadas_2026-07-08_5009A02027769.csv,AH185KI,6044.83,9,AUSA
be9b4d3c-bee7-4360-90c8-8733e2e3bf6a,pasadas_2026-07-23_5009A02044703.csv,AD625QA,9935.82,8,AUSA
bebedacc-ef31-4e92-b072-9642cdd84d0d,pasadas_2026-07-23_5009A02044703.csv,AF436WI,15255.79,7,AUSA
bf159b56-e90e-47a8-af10-9c29da2c1ebb,pasadas_2026-07-16_343555.csv,AD625QA,3976.59,6,AUTO-OESTE
bf57cec6-5338-45b7-b385-0f80839373e6,pasadas_2026-07-23_5009A02044703.csv,AG916MK,15255.79,9,AUSA
bf959744-a1c4-42e8-ac6c-0380ed0ee772,pasadas_2026-07-16_343555.csv,AB633TZ,3976.59,6,AUTO-OESTE
bfa6a4ad-d09c-43d2-b177-b0e184cc0d98,pasadas_2026-07-16_343555.csv,AC561DQ,3976.59,6,AUTO-OESTE
bfbfe6df-aad9-43bd-8c80-baa180f6538c,pasadas_2026-07-15_5364164.csv,AG309CO,26933.11,7,AUBASA
bfca5fbc-79a2-4f85-9ea1-fbbc2c2faedb,pasadas_2026-07-16_493556.csv,AH185KI,4970.74,7,AUSOL
bfd6cefd-e3ee-4f41-910e-3d07111196d7,pasadas_2026-07-03_3313955.csv,AE454PH,6500.00,7,CVSA
c07f805f-5dc2-44d5-b6bd-c46429e9b489,pasadas_2026-07-15_5009A02037803.csv,AD625QB,6044.83,7,AUSA
c09372f3-5aed-4f21-be4f-8382e570f885,pasadas_2026-07-16_343555.csv,AF231PZ,3976.59,6,AUTO-OESTE
c0d3cc5d-e4a8-41ce-b055-f69989790823,pasadas_2026-07-23_5009A02044703.csv,AF791ER,15255.79,7,AUSA
c10e1044-171e-4e5c-a970-276abd809cfe,pasadas_2026-07-16_343555.csv,AB633TZ,3976.59,6,AUTO-OESTE
c15bc975-56a4-4dc5-9bab-fa59d5b063e4,pasadas_2026-07-08_5009A02027769.csv,AH351RT,6044.83,9,AUSA
c184b30b-c81e-4703-9101-ac1ef0dbfb70,pasadas_2026-07-23_5009A02044703.csv,AG916MK,9935.82,8,AUSA
c1b848ea-4252-471f-8701-1618bbb7f992,pasadas_2026-07-23_5009A02044703.csv,AH185KI,15255.79,9,AUSA
c1b8cdba-02e6-4f7e-966e-582a722072b6,pasadas_2026-07-16_343555.csv,AF411UY,3976.59,6,AUTO-OESTE
c1ca0e48-c8f0-4b65-9763-52bc796bbb02,pasadas_2026-07-16_493556.csv,AC561DQ,4771.95,6,AUSOL
c1fdd2ca-3f5d-4b12-83ef-0f8da225d5f9,pasadas_2026-07-15_5364164.csv,AG939HR,14370.19,7,AUBASA
c2008f52-5411-4db3-b383-edb605302bb7,pasadas_2026-07-16_493556.csv,AB456CP,3976.59,6,AUSOL
c20ca423-07de-4ff7-b44a-7fdbe6e24eda,pasadas_2026-07-15_5009A02037803.csv,AH351RT,9935.82,9,AUSA
c241fe90-c15d-4b0d-96fa-eb17198549cc,pasadas_2026-07-03_3313955.csv,AF993HK,5200.00,6,CVSA
c2691729-cac7-4098-bd2a-016c8bc0f30f,pasadas_2026-07-08_5009A02027769.csv,AH729QW,6044.83,9,AUSA
c2ac4f9f-e420-4289-8d64-5d6f60beaa69,pasadas_2026-07-22_1947769.csv,AF993HA,8400.00,6,SANTAFE
c2af3ef0-6e11-4d19-9ec9-0f7e1517badd,pasadas_2026-07-08_5009A02027769.csv,AF993HK,16633.40,7,AUSA
c3058fc3-65f0-4915-b94b-c3a7ada0d865,pasadas_2026-07-16_343555.csv,AB633TZ,3976.59,6,AUTO-OESTE
c3075dba-8861-4ce3-83b7-3593e1299ca5,pasadas_2026-07-16_343555.csv,AD625QA,3976.59,6,AUTO-OESTE
c314b81a-8685-4fb1-92d0-27b9e97c87b5,pasadas_2026-07-15_5364164.csv,AH351RT,13466.55,7,AUBASA
c32ed039-b9b1-4816-bb57-0c87909d8c9f,pasadas_2026-07-22_1947768.csv,AF103ZL,6600.00,5,SANTAFE
c344b4eb-cccc-4b71-af5c-43c92cc9c626,pasadas_2026-07-23_5009A02044703.csv,AH185KI,9935.82,8,AUSA
c3b6fdab-74c0-4073-af02-52935fe4eab4,pasadas_2026-07-29_5009A02060191.csv,AG507DK,9935.82,9,AUSA
c3b8a144-3881-437e-a652-5130d9bae8e5,pasadas_2026-07-23_5009A02044703.csv,AG916MK,6044.83,9,AUSA
c3c0470a-0a33-4fae-9596-fd2c4f91067a,pasadas_2026-07-22_1947769.csv,AF993HA,21000.00,6,SANTAFE
c3cdd0e5-4efb-41e8-8c67-b422accf1257,pasadas_2026-07-15_5364164.csv,AG939HR,13466.55,7,AUBASA
c3e7414f-2576-4945-be1f-997de3d32520,pasadas_2026-07-16_493556.csv,EXT374,4771.95,6,AUSOL
c3ec0ca1-7f46-47b2-816e-53da089c665e,pasadas_2026-07-08_5009A02027769.csv,AB456CQ,9935.82,7,AUSA
c40ae127-6e14-4513-b619-748a5a4b66cb,pasadas_2026-07-23_5009A02044703.csv,AD625QA,6044.83,8,AUSA
c41e20e5-4916-40bc-a47d-6d017c31bb6b,pasadas_2026-07-15_5009A02037803.csv,AE831SI,9935.82,9,AUSA
c43fe04c-a3b2-4e9d-9701-3183cdae1b4a,pasadas_2026-07-08_5009A02027769.csv,AG309CO,9935.82,9,AUSA
c451db0d-973d-4f3e-9227-3b405d4f22b0,pasadas_2026-07-15_5364164.csv,AF791ER,11222.12,6,AUBASA
c4563516-8b0f-47cf-9b46-f0db7dd8473a,pasadas_2026-07-23_5009A02044703.csv,AG309CH,7642.85,2,AUSA
c4a5d8cc-5527-4796-80e4-262d294460a6,pasadas_2026-07-29_5009A02052902.csv,AF993HA,6044.83,9,AUSA
c4d2667a-2a6a-4508-b528-d6a73d5f2317,pasadas_2026-07-16_343555.csv,AF533SR,5964.94,7,AUTO-OESTE
c4fb8f09-4495-415e-9f53-04c87ed63b5b,pasadas_2026-07-16_343555.csv,AH351RT,4970.74,7,AUTO-OESTE
c5277e95-f666-4271-8e15-a2e361cf30a1,pasadas_2026-07-29_5009A02060191.csv,AG916MK,33965.25,9,AUSA
c546a9bc-b214-4556-8e95-d014cb6a0aba,pasadas_2026-07-29_5009A02052902.csv,AF993HA,9935.82,9,AUSA
c563b4cf-3be9-438c-9f6e-5562c111ccc1,pasadas_2026-07-22_1947768.csv,AD625QB,17400.00,5,SANTAFE
c5a5a065-38b7-412c-ba94-5065ee9240ff,pasadas_2026-07-16_493556.csv,AG916MK,4970.74,7,AUSOL
c5c396c5-99c4-4a8d-a117-bf7fd619a6e8,pasadas_2026-07-08_5009A02027769.csv,AH351RT,15255.79,9,AUSA
c5ee527f-f09a-44fa-b5b8-6eb115d30428,pasadas_2026-07-16_493556.csv,AF411UY,3976.59,6,AUSOL
c6029e40-c958-4601-95fe-8a827ebdbce5,pasadas_2026-07-23_5009A02044703.csv,AG893YR,33965.25,9,AUSA
c608ddc7-232a-44a5-ad93-c07c36440275,pasadas_2026-07-16_343555.csv,EXT374,4771.95,6,AUTO-OESTE
c64b1bbc-1c55-4019-9904-875690fe20d6,pasadas_2026-07-16_493556.csv,AH800QT,4970.74,7,AUSOL
c655c4da-31eb-4623-9b08-cca716c46ed0,pasadas_2026-07-16_329454.csv,AD736OU,3976.59,6,AUTO-OESTE
c65d0965-3f63-44af-999e-ef527ab911bc,pasadas_2026-07-23_5009A02044703.csv,AF436WI,15255.79,7,AUSA
c674227a-acfc-4242-9e0b-78f366e9959d,pasadas_2026-07-03_3313955.csv,AC295IE,6000.00,6,CVSA
c685b498-2ed8-4ada-a5d9-1774cb447352,pasadas_2026-07-15_5364164.csv,AF103ZL,11222.12,6,AUBASA
c6abb4d9-959e-48ed-8afc-de9d2ba31679,pasadas_2026-07-15_5009A02037760.csv,AF993HA,15255.79,9,AUSA
c6eb8ec0-7f0b-4d57-a8a7-1a8efbb93f8b,pasadas_2026-07-29_5009A02052902.csv,AI348TS,3454.21,2,AUSA
c6f9b4bc-021f-42b8-a361-d7055a185078,pasadas_2026-07-22_1947768.csv,AD985XP,17400.00,5,SANTAFE
c77272b5-c52d-4ece-b9cb-504f8feba405,pasadas_2026-07-16_343555.csv,AH351RT,4970.74,7,AUTO-OESTE
c77347af-30ec-4722-9d3e-415af0ebad5b,pasadas_2026-07-23_5009A02044703.csv,AC295IE,6044.83,7,AUSA
c77aa6b3-a3d3-4622-9012-596140762cab,pasadas_2026-07-03_3313955.csv,AD239PP,5200.00,6,CVSA
c7a9cc01-9971-4b9e-a25a-cea9f3521a39,pasadas_2026-07-23_5009A02044703.csv,AG507DK,9935.82,9,AUSA
c812f579-c122-4001-a478-c4073190abe6,pasadas_2026-07-22_1947768.csv,AH285SP,21000.00,6,SANTAFE
c83707d2-eb04-4ebc-9810-625b37c1a41a,pasadas_2026-07-29_5009A02060191.csv,AG893YR,16982.69,9,AUSA
c89585e6-a579-43ea-ab1b-62c37004a1d3,pasadas_2026-07-29_5009A02060191.csv,AG916MK,9935.82,9,AUSA
c8bdffbe-9547-46f4-ace7-bd33ce19c2d8,pasadas_2026-07-16_343555.csv,AD625QA,4771.95,6,AUTO-OESTE
c8d95bf4-701e-4618-8d07-7d3eb9cd8e87,pasadas_2026-07-16_329454.csv,AI178ER,4970.74,7,AUTO-OESTE
c911593d-6367-42d9-9fce-7f9dfc0ce7c9,pasadas_2026-07-29_5009A02060191.csv,AG916MK,9935.82,9,AUSA
c915b182-6374-4ec3-88e5-9d7299b6b31d,pasadas_2026-07-22_1947769.csv,AF993HA,21000.00,6,SANTAFE
c91af690-abf3-4dcd-ad75-41577ec640f6,pasadas_2026-07-15_5364165.csv,AI178ER,14370.19,7,AUBASA
c9264507-3c2f-4ee0-9dc3-893a2b1ae326,pasadas_2026-07-16_493556.csv,AH185KI,4970.74,7,AUSOL
c9335ae6-1547-4065-8ad5-b41216259984,pasadas_2026-07-16_343555.csv,AF202UU,4970.74,7,AUTO-OESTE
c942dcf5-3ee7-4c3c-b734-250c4db9bb21,pasadas_2026-07-16_343555.csv,AA561YA,3976.59,6,AUTO-OESTE
c96b72ae-b2e2-4b5b-8a18-fe4d22f2f1f8,pasadas_2026-07-23_5009A02044703.csv,AF202UU,33965.25,7,AUSA
c986eedf-0fcb-4410-85d4-a14362513960,pasadas_2026-07-15_5364164.csv,AB247VR,11222.12,6,AUBASA
c988a5d3-6906-4cbb-8d05-84e27ee90b22,pasadas_2026-07-23_5009A02044703.csv,AG507DK,6044.83,9,AUSA
c99970a6-21fa-4c04-a8c9-3dace5458e24,pasadas_2026-07-15_5009A02037803.csv,AG309CH,2035.11,2,AUSA
c99fc7d4-8c90-42b0-9c37-0a3116eaea6e,pasadas_2026-07-29_5009A02060191.csv,AG249HS,1439.11,2,AUSA
c9a1c26f-adcf-4832-8eac-d4d470c04899,pasadas_2026-07-16_493556.csv,AB633TY,4771.95,6,AUSOL
c9bc1c5d-5896-4b07-88d5-c4b8f56c96be,pasadas_2026-07-23_5009A02044703.csv,AH351RT,9935.82,9,AUSA
c9e90024-1863-4618-be00-8916899b1182,pasadas_2026-07-15_5009A02037760.csv,AI042WD,6044.83,7,AUSA
ca12f8c5-8c23-4a20-8d44-384fdea0625f,pasadas_2026-07-15_5364164.csv,AG507DK,11222.12,6,AUBASA
ca2414e5-ea75-41c1-9226-4fc4e069115a,pasadas_2026-07-16_343555.csv,AF411UY,3976.59,6,AUTO-OESTE
ca765725-da98-4cd7-aa33-abcf8fd41995,pasadas_2026-07-29_5009A02060191.csv,AF993HK,15255.79,8,AUSA
ca926e95-ab77-45df-87eb-e4aa5860501a,pasadas_2026-07-16_343555.csv,AB633TZ,3976.59,6,AUTO-OESTE
caba824e-136a-46e7-8cec-8008cf68fa66,pasadas_2026-07-15_5364164.csv,AF436WI,14370.19,7,AUBASA
cacfa4b1-c555-485d-957c-01bd19fdb22f,pasadas_2026-07-16_493557.csv,AI042WA,994.15,2,AUSOL
cae56310-08c6-4d48-8d45-7826029631b9,pasadas_2026-07-15_5364164.csv,AG939HR,13466.55,7,AUBASA
cb26357c-a0ce-4323-9aae-d5aa42709133,pasadas_2026-07-23_5009A02044703.csv,AD625QB,9935.82,7,AUSA
cb26d1df-baae-49bb-914d-2c900ff91479,pasadas_2026-07-23_5009A02044703.csv,AH185KI,15255.79,9,AUSA
cb765652-5dae-4793-81c4-bacceb263879,pasadas_2026-07-16_343555.csv,AC295IE,4771.95,6,AUTO-OESTE
cb8e3325-1336-4c71-9e44-36811b334319,pasadas_2026-07-16_343555.csv,AB456CQ,3976.59,6,AUTO-OESTE
cb90f80f-9880-4b2e-b584-b47578fa778d,pasadas_2026-07-16_343555.csv,AG309CO,5964.94,7,AUTO-OESTE
cbb7c11a-5ff6-4c02-b04e-b7e2e93ce771,pasadas_2026-07-16_343555.csv,AH351RT,4970.74,7,AUTO-OESTE
cbe1dcf8-9135-4755-bc04-13d17504c51e,pasadas_2026-07-23_5009A02044703.csv,AG507DK,16982.69,9,AUSA
cbe8c0bd-39e7-452d-869e-c275b5482184,pasadas_2026-07-08_5009A02027769.csv,AB456CQ,15255.79,8,AUSA
cc1a5477-e3e3-4a64-9393-270136ea883b,pasadas_2026-07-22_1947768.csv,AB456CU,17400.00,5,SANTAFE
cc2dfea6-42f7-40d6-8fd6-a3706ceb9a77,pasadas_2026-07-22_1947769.csv,AI178EY,21000.00,6,SANTAFE
cc434714-1174-4fb0-a5f5-97f68aea1348,pasadas_2026-07-29_5009A02060191.csv,AF103ZL,9935.82,7,AUSA
ccb9ed79-76cd-4384-8ff3-badc7935844f,pasadas_2026-07-23_5009A02044703.csv,AG249HS,1439.11,2,AUSA
ccd07c34-94ab-4d78-8c25-9105bc8dd0d7,pasadas_2026-07-08_5009A02027769.csv,AG893YR,15255.79,9,AUSA
cd5e187b-d9d2-4507-b97b-951cf274d7b5,pasadas_2026-07-29_5009A02060191.csv,AG309CO,6044.83,9,AUSA
cd70e8c8-2a06-4f6f-9f92-760d5036f7ca,pasadas_2026-07-16_329454.csv,AI348TS,1192.99,2,AUTO-OESTE
cdaff6a3-fabf-4c7b-8b3d-e12e3d176f9f,pasadas_2026-07-08_5009A02027769.csv,AF091AI,15255.79,9,AUSA
cdc279c2-6d8e-4733-82e7-2e7d93459109,pasadas_2026-07-16_493556.csv,AG309CH,1192.99,2,AUSOL
cdd610ef-ab31-41e4-bb36-dbf12d9cd7c3,pasadas_2026-07-29_5009A02060191.csv,AH351RT,6044.83,9,AUSA
ce25bf7a-5909-40a6-a86f-9e26bf6a5172,pasadas_2026-07-16_493557.csv,AI042WD,3976.59,6,AUSOL
ce481c44-e012-4948-b60e-9b8d282ed863,pasadas_2026-07-16_343555.csv,AB633TZ,3976.59,6,AUTO-OESTE
ce98927b-90d2-413d-815c-30f903cfb0d7,pasadas_2026-07-22_1947768.csv,AB151SM,17400.00,5,SANTAFE
cec5fe4b-3183-49a7-bcd5-b5cbeac47c12,pasadas_2026-07-16_493557.csv,AI042WA,994.15,2,AUSOL
cefa0128-dadb-4db7-949d-a606a7bacd3e,pasadas_2026-07-08_5009A02027769.csv,AG939HR,6044.83,9,AUSA
cf02068b-2d1a-4423-b163-4fdbbb619959,pasadas_2026-07-29_5009A02052902.csv,AD736OU,9935.82,7,AUSA
cf238a9b-00cc-4e12-a2fe-db304538f47f,pasadas_2026-07-03_3313955.csv,AF533SR,7500.00,7,CVSA
cf3214fb-f8d1-4151-9eeb-2aa32ab9776c,pasadas_2026-07-23_5009A02044703.csv,AH185KI,15255.79,9,AUSA
cf60a4b5-f71d-43d0-b783-c7b207b1827d,pasadas_2026-07-15_5364165.csv,AI348TS,2395.04,2,AUBASA
cf6eac2b-4480-46a4-a094-28411d84e4ee,pasadas_2026-07-16_343555.csv,AB247VR,4771.95,6,AUTO-OESTE
cf882cae-c62d-40ca-8b93-30b537622eae,pasadas_2026-07-15_5364164.csv,AF103ZL,11222.12,6,AUBASA
cfcaa5fc-1025-4b8c-b019-ac23b768d763,pasadas_2026-07-08_5009A02027769.csv,AG507DK,9935.82,9,AUSA
cfde50b0-a3f4-4b75-a1e7-dc74d6eed1ea,pasadas_2026-07-15_5364164.csv,AD625QA,31427.15,5,AUBASA
cff85173-91e2-4a26-becf-e65dec659def,pasadas_2026-07-29_5009A02060191.csv,AH351RT,15255.79,9,AUSA
d0246989-9399-4dc1-95e1-b4ac14ffeb0c,pasadas_2026-07-15_5009A02037803.csv,AB151SM,15255.79,8,AUSA
d033e381-6e3d-4749-b586-5dcdf39118b0,pasadas_2026-07-08_5009A02027769.csv,AG507DK,9935.82,9,AUSA
d03e06ea-6779-4568-9adb-3d29caf6592c,pasadas_2026-07-29_5009A02060191.csv,AG916MK,6044.83,9,AUSA
d072cec3-e1c4-41f4-a3a9-ea35161373fa,pasadas_2026-07-29_5009A02060191.csv,AB456CQ,6044.83,8,AUSA
d0d27ffd-f956-4ac7-bcd6-4fe51ec2a9e4,pasadas_2026-07-16_493557.csv,AI042WA,1192.99,2,AUSOL
d0da058f-bf4f-4064-9d08-198d49302085,pasadas_2026-07-15_5364164.csv,AH351RT,14370.19,7,AUBASA
d0eca018-d698-4f41-8b4c-17e4a6f7e23b,pasadas_2026-07-15_5009A02037803.csv,AF436WI,9935.82,7,AUSA
d1264388-83fe-4c83-b232-93c3883caa43,pasadas_2026-07-16_343555.csv,AD985XP,3976.59,6,AUTO-OESTE
d1619725-54f0-41e9-b0a8-b9003d8927c4,pasadas_2026-07-29_5009A02052902.csv,AI042WD,9935.82,7,AUSA
d17b8dae-94eb-451f-81ac-8279b090b295,pasadas_2026-07-22_1947768.csv,AG507DK,17400.00,5,SANTAFE
d1b6730d-f6aa-4059-89a7-c115bf9d4437,pasadas_2026-07-16_329454.csv,AF993HA,4970.74,7,AUTO-OESTE
d1ed8ec4-443b-47cc-9681-4fc3f51b2010,pasadas_2026-07-15_5364164.csv,AH033DL,11975.15,6,AUBASA
d2259dcd-d626-44fd-b58f-230451392b25,pasadas_2026-07-16_343555.csv,EXT374,3976.59,6,AUTO-OESTE
d26087e8-02cb-4c0e-b7b0-340afa290c16,pasadas_2026-07-16_343555.csv,EXT374,3976.59,6,AUTO-OESTE
d287f2be-14bd-468f-b473-d48a63e45144,pasadas_2026-07-16_493557.csv,AF993HA,4970.74,7,AUSOL
d28c897c-170e-4f89-82ed-147de4de0c53,pasadas_2026-07-23_5009A02044703.csv,AB247VR,6044.83,7,AUSA
d294a11e-2f33-4a81-9a76-ba2d7100b65c,pasadas_2026-07-22_1947768.csv,AE469PH,17400.00,5,SANTAFE
d2a433c2-5b8e-4ba3-a18d-7f15303af862,pasadas_2026-07-16_343555.csv,AH729QW,5964.94,7,AUTO-OESTE
d2fe84c9-5c9a-44ce-bc5b-13e13421bdde,pasadas_2026-07-23_5009A02044703.csv,AH729QW,16982.69,9,AUSA
d317fdca-f7d1-4eea-8593-57c755654491,pasadas_2026-07-22_1947768.csv,AG507DK,6600.00,5,SANTAFE
d36cbc73-90d3-45ec-a485-02b31580ee41,pasadas_2026-07-22_1947768.csv,AB151SM,6600.00,5,SANTAFE
d37e912d-91d7-41eb-8c35-9734daa890f9,pasadas_2026-07-23_5009A02044703.csv,AG507DK,9935.82,9,AUSA
d3ce2791-b10f-466d-b2d9-1ab65a2800e0,pasadas_2026-07-15_5009A02037803.csv,AH351RT,9935.82,9,AUSA
d3ea7d6c-7f27-4ea0-a491-68e9d85ab0c2,pasadas_2026-07-16_493556.csv,AF993HK,3976.59,6,AUSOL
d3ed5a28-7988-4e67-88a0-9d5e1fc352d8,pasadas_2026-07-23_5009A02044703.csv,AD625QA,9935.82,8,AUSA
d3f8bca6-58f4-4787-abd7-666f49946375,pasadas_2026-07-15_5364164.csv,AD625QB,11222.12,6,AUBASA
d47c7c7d-9bfb-4cf8-bcd1-b03cc69c5a75,pasadas_2026-07-15_5009A02037803.csv,AF436WI,9935.82,7,AUSA
d48ba696-1d41-46d0-b8e8-b6e3ae882a3f,pasadas_2026-07-23_5009A02044703.csv,AF436WI,15255.79,7,AUSA
d4ef8932-beb8-46af-a1f6-5b2efba9124f,pasadas_2026-07-22_1947768.csv,AE469PH,17400.00,5,SANTAFE
d55500ed-a985-4509-b29e-17306bc77cfc,pasadas_2026-07-16_343555.csv,AB633TZ,4771.95,6,AUTO-OESTE
d55cbce7-3503-4209-baf1-3987b52e5d06,pasadas_2026-07-16_329454.csv,AF993HA,4970.74,7,AUTO-OESTE
d567f184-031c-4bbe-855e-893e69094da7,pasadas_2026-07-16_343555.csv,EXT374,3976.59,6,AUTO-OESTE
d60a1252-9b51-4004-9f30-205d89d13a28,pasadas_2026-07-16_493556.csv,AF740MG,994.15,2,AUSOL
d60ad610-3c5c-4fc7-9375-57ab90e75668,pasadas_2026-07-16_343555.csv,AB247VR,3976.59,6,AUTO-OESTE
d6429e66-c13a-4ad7-a2f1-1ea5264941b8,pasadas_2026-07-15_5009A02037803.csv,AG939HR,9935.82,9,AUSA
d6671f22-7be4-4145-a76f-e74e7cc7ceeb,pasadas_2026-07-22_1947768.csv,AG893YR,21000.00,6,SANTAFE
d6885023-b5a4-4638-9207-31bfdfaaf468,pasadas_2026-07-15_5009A02037760.csv,AI348TS,3454.21,2,AUSA
d71e50ba-0b0b-4ddf-b186-c8ae8f1688f2,pasadas_2026-07-15_5009A02037760.csv,AF993HA,15255.79,9,AUSA
d75e9495-50a7-4144-aa87-9fe12c6f907a,pasadas_2026-07-08_5009A02027769.csv,AH543IQ,15255.79,9,AUSA
d79049f9-ee4b-4d76-a598-45b64aa97baa,pasadas_2026-07-23_5009A02044703.csv,AG939HR,33965.25,9,AUSA
d81e8386-fa9b-4b50-acfc-784216edb65d,pasadas_2026-07-29_5009A02060191.csv,AC812DO,15255.79,8,AUSA
d826e0f6-19f8-4548-a6c5-cdb1683db559,pasadas_2026-07-15_5364164.csv,AB456CP,11975.15,6,AUBASA
d83a7532-76fc-4ca3-8981-bd891ead35a3,pasadas_2026-07-16_343555.csv,AD985XP,4771.95,6,AUTO-OESTE
d841382e-2ba7-4160-b071-4272d842e6d5,pasadas_2026-07-16_493556.csv,AG533MF,994.15,2,AUSOL
d865b398-fcad-4f6a-b566-59a7e06ea385,pasadas_2026-07-23_5009A02044703.csv,AD625QB,15255.79,7,AUSA
d86e2b85-3931-425f-9ce7-d95fd3140535,pasadas_2026-07-15_5364165.csv,AF993HA,13466.55,7,AUBASA
d8bc43a8-cce5-4b5b-83bd-13c08cc34ad4,pasadas_2026-07-15_5009A02037803.csv,AG249HS,1439.11,2,AUSA
d90e49a5-8f05-4fd9-9ab9-a665c7a7568a,pasadas_2026-07-15_5009A02037760.csv,AI348TS,1439.11,2,AUSA
d90fece0-3c1c-4f00-9f3a-f07b66dd2d8e,pasadas_2026-07-15_5364164.csv,AH729QW,33666.39,7,AUBASA
d9461b7a-fdf8-4cfc-a50b-0a6e14ad09a5,pasadas_2026-07-03_3313955.csv,AH351RT,7500.00,7,CVSA
d94ec0ec-9c5b-4117-ac6f-8d216b16c85f,pasadas_2026-07-16_343555.csv,AD239PP,4771.95,6,AUTO-OESTE
d96cc172-82ed-499c-98d1-42c8dba3168a,pasadas_2026-07-15_5364164.csv,AA561YA,11222.12,6,AUBASA
d99556c9-555e-4c72-938f-fc0c2378c057,pasadas_2026-07-29_5009A02060191.csv,EXT374,15255.79,7,AUSA
d9aced00-6f70-4fdf-b589-31072bb3326d,pasadas_2026-07-16_343555.csv,AD625QB,4771.95,6,AUTO-OESTE
da228531-a497-4db1-b29a-b60db70ecd28,pasadas_2026-07-15_5009A02037803.csv,AF202UU,9935.82,7,AUSA
da6dbf39-65b4-4d61-8ae3-6500e977ea70,pasadas_2026-07-15_5009A02037803.csv,AG309CH,1439.11,2,AUSA
da898f07-bdea-4796-bddc-23dfb6e6ed37,pasadas_2026-07-16_493556.csv,AF533SR,4970.74,7,AUSOL
daa3e01e-339e-40e3-8c6b-c1cae9c31f1b,pasadas_2026-07-16_493556.csv,AB456CQ,3976.59,6,AUSOL
dbbaed9a-1b68-47a2-9176-321fcd4dfa93,pasadas_2026-07-08_5009A02027769.csv,AH351RT,9935.82,9,AUSA
dbddac94-9f57-4e2c-a382-2b2a9872ef45,pasadas_2026-07-16_343555.csv,AB456CQ,3976.59,6,AUTO-OESTE
dbf91fc5-1acd-41ba-98db-ee6fba4849c2,pasadas_2026-07-16_343555.csv,AB247VR,3976.59,6,AUTO-OESTE
dc35a936-d32d-4fbf-8760-e0021e1ab80d,pasadas_2026-07-15_5364164.csv,AH185KI,16833.20,7,AUBASA
dc387c95-6024-430f-810b-9f1274357000,pasadas_2026-07-16_493556.csv,AG533MF,1192.99,2,AUSOL
dc398658-35c2-40a3-bf8a-287686939a83,pasadas_2026-07-29_5009A02060191.csv,AG309CO,6044.83,9,AUSA
dc3f2fbc-6471-4f4e-8800-2fc3b0ae001d,pasadas_2026-07-16_493556.csv,AG110LK,3976.59,6,AUSOL
dcbf86c8-1f74-4552-ae9d-51d51f67ab0a,pasadas_2026-07-08_5009A02027769.csv,AH729QW,6044.83,9,AUSA
dcd4b2ee-131d-44db-ae2f-9e97e169628c,pasadas_2026-07-22_1947768.csv,AG507DK,17400.00,5,SANTAFE
dcd577ee-b653-43ad-a6dd-86f167dcffaa,pasadas_2026-07-16_343555.csv,AB633TY,3976.59,6,AUTO-OESTE
dcf93bb6-f1f3-4e0d-9768-17826d3afb36,pasadas_2026-07-15_5009A02037760.csv,AF993HA,6044.83,9,AUSA
dd1becf5-78ed-4695-8b1d-b8bb29258701,pasadas_2026-07-29_5009A02060191.csv,AF231PZ,33965.25,8,AUSA
dd96f737-809e-461a-9637-6b65bf14b975,pasadas_2026-07-08_5009A02027769.csv,AF411UY,15255.79,7,AUSA
ddbd7b1a-1223-4ca7-aec0-c1ad637fdfe2,pasadas_2026-07-16_343555.csv,AB633TY,4771.95,6,AUTO-OESTE
ddcf7bce-dd14-4bcc-b051-73cd12dac91f,pasadas_2026-07-16_343555.csv,AG507DK,4970.74,7,AUTO-OESTE
de1923b3-229a-4fe2-bf2d-d3b932ffa74e,pasadas_2026-07-15_5364164.csv,AG893YR,13466.55,7,AUBASA
de459e14-85c1-4d9c-ac50-804318ae6b29,pasadas_2026-07-23_5009A02044703.csv,AG507DK,6044.83,9,AUSA
de4abd7f-2db9-4b9c-bbc4-8b3e75787549,pasadas_2026-07-16_343555.csv,AB456CQ,3976.59,6,AUTO-OESTE
de560ec4-a8ee-48f3-bb79-da32a86431c3,pasadas_2026-07-16_329454.csv,AI178ER,4970.74,7,AUTO-OESTE
de798186-fb53-4710-89f0-ff443d71b652,pasadas_2026-07-16_493556.csv,AG249HS,994.15,2,AUSOL
de7ce59a-2ba0-48fa-aea4-156cd114c6b4,pasadas_2026-07-16_493556.csv,AG939HR,4970.74,7,AUSOL
deaaaf1c-9d6a-458a-af08-5fa329292902,pasadas_2026-07-16_493556.csv,AH543IQ,5964.94,7,AUSOL
dee0b155-45a3-430e-b025-6355fb4c3c4f,pasadas_2026-07-16_343555.csv,AB633TY,3976.59,6,AUTO-OESTE
defe3469-9eda-4d23-afa2-3a86a236dbf3,pasadas_2026-07-23_5009A02044703.csv,AB151SM,9935.82,8,AUSA
df2e8610-fc77-48c5-9634-6835670ee5aa,pasadas_2026-07-23_5009A02044703.csv,OWG130,15255.79,7,AUSA
df36d98b-ce64-4131-b816-e003cae145d1,pasadas_2026-07-22_1947768.csv,AB151SM,17400.00,5,SANTAFE
df3cdd29-0781-444c-a47b-927099b2161e,pasadas_2026-07-16_343555.csv,AB247VR,3976.59,6,AUTO-OESTE
df48a331-86ed-42f4-a6ee-d17ac476ceb1,pasadas_2026-07-23_5009A02044703.csv,AB456CQ,6044.83,7,AUSA
df4edcdd-0d80-474c-8ea8-0b678233581d,pasadas_2026-07-23_5009A02044703.csv,AF791ER,9935.82,7,AUSA
df7c3367-acbc-4dd0-9c72-9db0e22c3e5c,pasadas_2026-07-23_5009A02044703.csv,AG533MF,1439.11,2,AUSA
dfaa2ee8-3183-4634-8bf8-9b42b430eba3,pasadas_2026-07-29_5009A02060191.csv,AG916MK,6044.83,9,AUSA
dfd8f7ab-1e3e-4579-9f04-68783a92388c,pasadas_2026-07-16_493556.csv,AG309CH,994.15,2,AUSOL
e059b25f-9262-408e-b899-11d324fdaaca,pasadas_2026-07-15_5009A02037803.csv,AH033DL,6044.83,7,AUSA
e09a85c0-3584-40d5-bffe-d37292c9bc98,pasadas_2026-07-15_5364164.csv,AH351RT,26933.11,7,AUBASA
e0c94ce1-c142-4486-a9f1-f335a4b08f73,pasadas_2026-07-16_493556.csv,AH800QT,4970.74,7,AUSOL
e0ef6093-eb55-42d7-9fa4-cd9692f12438,pasadas_2026-07-29_5009A02060191.csv,AF136HN,6044.83,9,AUSA
e101f2bb-7035-4f30-88c2-b6c43b239d99,pasadas_2026-07-16_493556.csv,AE751PA,3976.59,6,AUSOL
e1069f1f-0e10-46b7-9977-4da01b3facda,pasadas_2026-07-29_5009A02052902.csv,AD736OU,9935.82,7,AUSA
e1449388-28ba-4af9-a622-30ee4f9f3c72,pasadas_2026-07-08_5009A02027769.csv,AG893YR,9935.82,9,AUSA
e1749b1f-2832-432e-b7dc-5e7ee09e49c4,pasadas_2026-07-16_493556.csv,AG533MF,1192.99,2,AUSOL
e180723e-a34e-4086-aa04-7e03ec046fd9,pasadas_2026-07-22_1947768.csv,AE831SI,17400.00,5,SANTAFE
e18c6eb6-b6c0-46ec-a507-d0bd7b11d47a,pasadas_2026-07-23_5009A02044703.csv,AG939HR,9935.82,9,AUSA
e1a13358-9b5d-4ca5-8b62-a9d15acd8cfe,pasadas_2026-07-16_493556.csv,AG309CH,994.15,2,AUSOL
e1b2ca30-e27c-4c40-910b-e699034d2123,pasadas_2026-07-23_5009A02044703.csv,AG507DK,15255.79,9,AUSA
e1b8c131-7f50-4745-85de-f858a481487e,pasadas_2026-07-08_5009A02027769.csv,AE469PL,16982.69,7,AUSA
e1ba7c88-def5-4cb6-a052-fa252713fba4,pasadas_2026-07-23_5009A02044703.csv,AG916MK,6044.83,9,AUSA
e1bdd372-7072-4ba1-bc41-8f0d788427a1,pasadas_2026-07-23_5009A02044703.csv,AF791ER,9935.82,7,AUSA
e23d22ea-5170-436d-a852-bbdf614269e8,pasadas_2026-07-23_5009A02044703.csv,AF533SR,9935.82,9,AUSA
e24b7e8d-7c6e-42ea-af17-a8f0f9b8014a,pasadas_2026-07-16_343555.csv,EXT374,3976.59,6,AUTO-OESTE
e2622ec9-f736-4b79-b9c8-c1015266bf72,pasadas_2026-07-08_5009A02027769.csv,AH185KI,9935.82,9,AUSA
e279085f-9d67-4fec-9a46-59162217ff15,pasadas_2026-07-16_493556.csv,AH351RT,4970.74,7,AUSOL
e2793341-6597-4dcc-9715-b2f14b63057d,pasadas_2026-07-16_493556.csv,AG533MF,994.15,2,AUSOL
e27aae50-aecb-40c8-b6bb-ef62cafe66a4,pasadas_2026-07-16_343555.csv,AD328WK,3976.59,6,AUTO-OESTE
e292706a-f0f2-42f3-9d0b-6c8c6e9a8d65,pasadas_2026-07-23_5009A02044703.csv,AG309CO,15255.79,9,AUSA
e2a09e4b-c845-453d-87ca-d22d61272d31,pasadas_2026-07-23_5009A02044703.csv,AE751PA,6044.83,9,AUSA
e2ae0888-bf02-44ee-b1fd-14ecd0f5ae0f,pasadas_2026-07-29_5009A02060191.csv,AF791ER,9935.82,7,AUSA
e2bc65b6-4369-4a49-bdf7-6ccef020cad5,pasadas_2026-07-15_5009A02037803.csv,AG893YR,15255.79,9,AUSA
e2c849f3-9ebd-4946-b48b-e9bd8ac9e421,pasadas_2026-07-16_493556.csv,AH800QT,4970.74,7,AUSOL
e2dab196-79a0-419d-9125-a37fbd7255e3,pasadas_2026-07-16_343555.csv,AB456CP,3976.59,6,AUTO-OESTE
e2e36ab2-1045-40ad-b9c7-c56d0ebd6839,pasadas_2026-07-23_5009A02044703.csv,AD625QA,6044.83,8,AUSA
e308c959-3771-4041-8481-83e932dc09a7,pasadas_2026-07-29_5009A02052902.csv,AF993HA,6044.83,9,AUSA
e31752ef-84eb-46a8-b611-1e371abe7c6c,pasadas_2026-07-23_5009A02044703.csv,AB247VR,15255.79,7,AUSA
e341b5ee-ccac-46d2-a4dc-0c15fd889ba9,pasadas_2026-07-08_5009A02027769.csv,AB456CU,6044.83,7,AUSA
e342bd17-bc87-416e-8e9f-05ead1b39d99,pasadas_2026-07-16_493556.csv,AG533MF,994.15,2,AUSOL
e350716e-4cf1-4fe3-8c89-4017c1a936c5,pasadas_2026-07-03_3313955.csv,AC812DO,6000.00,6,CVSA
e36e5a9c-0500-4b06-8e12-68f69f00354e,pasadas_2026-07-16_343555.csv,AC295IE,4771.95,6,AUTO-OESTE
e372aa8e-1473-4ca0-a65e-bfbc058ae628,pasadas_2026-07-15_5364164.csv,AH351RT,13466.55,7,AUBASA
e3e659c0-2525-4d2b-a205-0711d5ba658a,pasadas_2026-07-23_5009A02044703.csv,AG507DK,9935.82,9,AUSA
e3f364a1-453c-431f-a117-f8224f7abb05,pasadas_2026-07-03_3313955.csv,AD625QA,5200.00,6,CVSA
e40e5f7e-0e56-4ded-8d09-cd40203a7adb,pasadas_2026-07-03_3313955.csv,AH185KI,6500.00,7,CVSA
e41ee2ad-6dcf-4797-a9ea-750b737415ea,pasadas_2026-07-16_343555.csv,AG939HR,4970.74,7,AUTO-OESTE
e4791437-8c43-4a75-afde-31dc624c24b4,pasadas_2026-07-15_5009A02037760.csv,AF993HA,15255.79,9,AUSA
e49f98d2-e05c-4c8a-a67b-095c897662a7,pasadas_2026-07-29_5009A02060191.csv,AB456CP,9935.82,7,AUSA
e4b28a3f-b84d-4b58-a15b-2bd5a222b25c,pasadas_2026-07-16_329454.csv,AF993HA,4970.74,7,AUTO-OESTE
e4cb9aad-6ae5-4f9b-8b14-545da212220f,pasadas_2026-07-16_493556.csv,AG939HR,4970.74,7,AUSOL
e5271f7e-9b3a-467e-a863-8830ebca89fc,pasadas_2026-07-23_5009A02044703.csv,AH185KI,16982.69,9,AUSA
e53e2bbb-3d27-4a7f-8981-8b4a9f6cea5e,pasadas_2026-07-23_5009A02044703.csv,AG507DK,15255.79,9,AUSA
e5426226-d976-4897-834a-1a1795eeafb6,pasadas_2026-07-16_343555.csv,AD625QB,4771.95,6,AUTO-OESTE
e5451e15-a584-440d-8ead-afddf988394b,pasadas_2026-07-29_5009A02060191.csv,AE952TH,9935.82,8,AUSA
e5be5dfd-b86e-4a47-b803-bba526e6b07b,pasadas_2026-07-15_5009A02037760.csv,AI348TS,1439.11,2,AUSA
e5cdd063-6645-46a1-8b5e-0b16f8421238,pasadas_2026-07-16_343555.csv,AF231PZ,3976.59,6,AUTO-OESTE
e6044b81-cb32-43a2-8237-85890bb97869,pasadas_2026-07-16_343555.csv,AB456CU,3976.59,6,AUTO-OESTE
e611121a-3d90-468d-ad5c-b0fc224f6a58,pasadas_2026-07-15_5009A02037803.csv,AF091AI,9935.82,9,AUSA
e6149b21-daa0-46b3-be72-60b08bcfc83e,pasadas_2026-07-08_5009A02027769.csv,AE469PH,9731.46,8,AUSA
e64ad6a4-54c1-4f3c-a1de-e078be17a06a,pasadas_2026-07-15_5364165.csv,AF993HA,13466.55,7,AUBASA
e65a9fa5-02fc-428e-9c97-fcf523b4af8d,pasadas_2026-07-16_493556.csv,AG309CO,5964.94,7,AUSOL
e68afddf-6e93-4443-9eac-d91bfeaec73d,pasadas_2026-07-16_343555.csv,AB456CQ,4771.95,6,AUTO-OESTE
e6fa7bee-1a9c-44d3-bace-54efe55c101a,pasadas_2026-07-23_5009A02044703.csv,AG916MK,15255.79,9,AUSA
e73c4ebf-aea5-466c-b825-74e2b7c59671,pasadas_2026-07-29_5009A02060191.csv,AD625QA,16982.69,8,AUSA
e74069f9-c332-48aa-a236-6532ebe3359c,pasadas_2026-07-15_5364165.csv,AI348TS,2395.04,2,AUBASA
e744054e-fe38-4d83-9011-622c767313e6,pasadas_2026-07-16_329454.csv,AI178ER,5964.94,7,AUTO-OESTE
e782e1f3-7b28-43bf-979d-e797c93c5155,pasadas_2026-07-16_343555.csv,AC295IE,4771.95,6,AUTO-OESTE
e79346d7-71f4-4795-b79c-ad8924c98f50,pasadas_2026-07-22_1947769.csv,AF993HA,21000.00,6,SANTAFE
e7ca30fc-4400-46ef-9bbe-aa457d1a1952,pasadas_2026-07-29_5009A02060191.csv,AG249HS,1439.11,2,AUSA
e7cd3d03-6d43-423e-b871-fd0aca3fb440,pasadas_2026-07-23_5009A02044703.csv,AD625QB,6044.83,7,AUSA
e7cde45b-bf41-48ed-8c80-faf21cc73016,pasadas_2026-07-03_3313955.csv,AG110LK,5200.00,6,CVSA
e7f94ae3-e412-4e6f-9ef2-0be7f1641eef,pasadas_2026-07-22_1947768.csv,AG893YR,21000.00,6,SANTAFE
e8086ce6-db7f-4b90-9f07-aa09230a35af,pasadas_2026-07-15_5364164.csv,AH185KI,26933.11,7,AUBASA
e8122cdc-cffe-4c3a-a038-d56b51c8687c,pasadas_2026-07-15_5364164.csv,AF103ZL,11222.12,6,AUBASA
e8252e40-f094-4a35-8298-4cacc5a0ba5e,pasadas_2026-07-16_343555.csv,AH351RT,4970.74,7,AUTO-OESTE
e8297dd7-fcdd-4df1-b002-9d4866aa5d35,pasadas_2026-07-16_343555.csv,AB456CQ,4771.95,6,AUTO-OESTE
e8440cfe-9113-4b9d-b574-803f4337c7ed,pasadas_2026-07-15_5364164.csv,AF231PZ,11222.12,6,AUBASA
e8616b8c-ba9f-4100-9c14-2f291f43b68f,pasadas_2026-07-16_493556.csv,AF411UY,1988.30,6,AUSOL
e868cbe4-d97d-44c4-bbea-93203817bf50,pasadas_2026-07-08_5009A02027769.csv,AG309CO,15255.79,9,AUSA
e870d742-2a36-4f79-95e6-f62a804521dd,pasadas_2026-07-23_5009A02044703.csv,AF436WI,9935.82,7,AUSA
e88c41a1-36a7-4d71-a18d-f09981c4a038,pasadas_2026-07-16_343555.csv,AB456CU,4771.95,6,AUTO-OESTE
e8a7dfd9-a5a0-4ebe-b4f7-dbf14c8e3a42,pasadas_2026-07-15_5364164.csv,AH351RT,13466.55,7,AUBASA
e8aad97c-a30c-473d-bf3a-0419ecc48cee,pasadas_2026-07-15_5364164.csv,AH185KI,13466.55,7,AUBASA
e8f4c8ab-9056-4767-9b9a-55054f8d9644,pasadas_2026-07-15_5009A02037803.csv,AG309CO,15255.79,9,AUSA
e8ff4623-9642-4701-8323-8bd478e7d36b,pasadas_2026-07-16_493556.csv,AH033DL,3976.59,6,AUSOL
e914e311-c723-4611-a366-7e2ae5c0a238,pasadas_2026-07-16_343555.csv,AF533SR,5964.94,7,AUTO-OESTE
e920f616-e4b9-4a1a-b5a4-9cefd57ed65c,pasadas_2026-07-15_5009A02037803.csv,EXT374,6044.83,7,AUSA
e93011c0-c90c-4f5c-9f66-855fe2e65f82,pasadas_2026-07-08_5009A02027769.csv,AF136HN,9731.46,8,AUSA
e961bedb-ce75-479d-8f0b-d36df2c9dd4c,pasadas_2026-07-16_343555.csv,AF103ZL,3976.59,6,AUTO-OESTE
e970776d-d076-4776-859e-6307fa9b7f02,pasadas_2026-07-15_5009A02037760.csv,AI348TS,9935.82,9,AUSA
e9b3ce77-b1e7-4fe7-909e-ec7a728ef919,pasadas_2026-07-23_5009A02044703.csv,AB247VR,15255.79,7,AUSA
e9ea05fa-a7a8-4529-bb8c-50e1492ea83c,pasadas_2026-07-16_343555.csv,AA561YA,4771.95,6,AUTO-OESTE
ea4392d2-5719-45cd-a340-de8bb4089830,pasadas_2026-07-15_5364164.csv,AF091AI,13466.55,7,AUBASA
ea4c7da4-903f-4675-b0b0-4ff6db6ac98a,pasadas_2026-07-29_5009A02060191.csv,AF136HN,15255.79,9,AUSA
ea4e5df4-2a81-45ea-a4c9-8c64c6983152,pasadas_2026-07-08_5009A02027769.csv,AF202UU,15255.79,7,AUSA
ea54ea49-8177-41be-a878-14e3d277554e,pasadas_2026-07-22_1947768.csv,AE469PH,17400.00,5,SANTAFE
ea56036b-96fb-45bd-8cab-21a234156d64,pasadas_2026-07-15_5009A02037803.csv,AG309CO,16982.69,9,AUSA
ea986122-89c1-4b9c-a803-712222e12d01,pasadas_2026-07-08_5009A02027769.csv,AE751PA,33965.25,9,AUSA
eaa3d859-2556-40de-949d-f4ac2eb84949,pasadas_2026-07-16_343555.csv,AB151SM,4771.95,6,AUTO-OESTE
eab18c9b-cced-48e5-ad20-8bdc8a2546de,pasadas_2026-07-29_5009A02060191.csv,AG507DK,9935.82,9,AUSA
eadc9944-3854-401a-a69d-80d3dbd6c071,pasadas_2026-07-15_5364164.csv,AG249HS,4790.06,2,AUBASA
eafafb30-6b97-4831-80ba-6bae9596e2ad,pasadas_2026-07-08_5009A02027769.csv,AG939HR,6044.83,9,AUSA
eb537fda-c47a-453d-8677-e7866194bb41,pasadas_2026-07-16_343555.csv,AC264UA,4771.95,6,AUTO-OESTE
eb718642-4f09-4d28-bb4c-61c75e143bbd,pasadas_2026-07-16_343555.csv,AH351RT,4970.74,7,AUTO-OESTE
eb847a47-07de-4e39-8eaa-8c5326dd244d,pasadas_2026-07-16_343555.csv,AG309CO,4970.74,7,AUTO-OESTE
eba07771-c212-421c-82ba-8e1fd27a66fe,pasadas_2026-07-16_493556.csv,AA561YA,3976.59,6,AUSOL
ebae288c-6975-420b-a2ac-b4d139162366,pasadas_2026-07-15_5364164.csv,AH729QW,26933.11,7,AUBASA
ebd1c30f-92cc-43db-9a51-9d2cad140f1d,pasadas_2026-07-15_5364164.csv,AG916MK,17962.75,7,AUBASA
ebe85b55-8236-4a48-8583-c0ffa440e499,pasadas_2026-07-29_5009A02060191.csv,AB456CQ,15255.79,8,AUSA
ebec5303-4c6a-48fd-8a14-7c255948ce77,pasadas_2026-07-15_5009A02037803.csv,AG893YR,9935.82,9,AUSA
ebf86d24-24ec-4261-bead-2c235ca0f57d,pasadas_2026-07-15_5009A02037803.csv,AD625QA,15255.79,8,AUSA
ebff25c7-8f42-49ea-8b47-0ed146bfce34,pasadas_2026-07-16_493556.csv,AG249HS,994.15,2,AUSOL
ec696367-d107-4775-8302-55e370701bae,pasadas_2026-07-29_5009A02052902.csv,AI348TS,9935.82,8,AUSA
eca72572-5923-443a-b24b-0b6ee12a8e0d,pasadas_2026-07-29_5009A02060191.csv,AB151SM,15255.79,8,AUSA
ecc6fc99-b4dd-42c2-bb91-21a369c4cddc,pasadas_2026-07-15_5364164.csv,AG507DK,11975.15,6,AUBASA
ecd8b938-505d-41e5-ab2d-1cbee01ff8d0,pasadas_2026-07-23_5009A02044703.csv,AE751PA,33965.25,9,AUSA
eceea4eb-f071-4959-ab84-09e1420ea97e,pasadas_2026-07-16_493556.csv,AG893YR,5964.94,7,AUSOL
eceec572-d148-4f65-82c7-ae2c6d7ec8d8,pasadas_2026-07-15_5009A02037803.csv,AH729QW,6044.83,9,AUSA
ecf2efa9-3468-46b7-b360-d7e5266a4bd3,pasadas_2026-07-22_1947768.csv,AF103ZL,17400.00,5,SANTAFE
edb9cbec-e1ba-45cb-aa94-99504fd54b71,pasadas_2026-07-03_3313955.csv,AD239PP,6000.00,6,CVSA
edc7f74c-d78b-46f1-a276-d8c0ac369546,pasadas_2026-07-16_493556.csv,AB633TY,4771.95,6,AUSOL
edcfa4c1-f51e-4799-9a14-426a3353d19e,pasadas_2026-07-29_5009A02060191.csv,AG507DK,6044.83,9,AUSA
ee497bb6-dabd-4a4d-a77c-7b62b495a0aa,pasadas_2026-07-15_5009A02037760.csv,AF993HA,16982.69,9,AUSA
ee5b2bea-3531-42f1-b44a-76e174a98fb1,pasadas_2026-07-15_5364164.csv,EXT374,14968.96,6,AUBASA
ee5faa25-ac54-47a1-a6cf-457aebd8b5eb,pasadas_2026-07-08_5009A02027769.csv,AH543IQ,9731.46,9,AUSA
ee65dbe4-5940-45af-962b-d2d2e5320f4b,pasadas_2026-07-15_5009A02037803.csv,AG309CO,15255.79,9,AUSA
ee7533e6-4c5f-4cfd-af2b-34b4f29da3da,pasadas_2026-07-16_343555.csv,AD985XP,4771.95,6,AUTO-OESTE
ee9e0b82-ab97-4832-9768-9f2f519daad7,pasadas_2026-07-15_5364164.csv,AA561YA,14027.67,6,AUBASA
eea4098c-6641-4ea4-8a16-28adeba45b49,pasadas_2026-07-15_5364164.csv,AF202UU,14370.19,7,AUBASA
eea97cf1-3317-4017-86f0-9c28e1249e47,pasadas_2026-07-23_5009A02044703.csv,AG916MK,15255.79,9,AUSA
eedfd092-b827-4f9a-ad3b-480bdf950ef9,pasadas_2026-07-29_5009A02060191.csv,OWG130,9935.82,7,AUSA
ef1b549a-98bf-4aae-a8b1-28d486955d7c,pasadas_2026-07-16_493556.csv,EXT374,4771.95,6,AUSOL
ef41d27d-9168-4c81-92ec-e84cbdac624f,pasadas_2026-07-23_5009A02044703.csv,AG507DK,15255.79,9,AUSA
ef7acef3-a83b-47c8-b5d5-1ada506acf6b,pasadas_2026-07-16_343555.csv,AB633TY,4771.95,6,AUTO-OESTE
ef88aeb3-b527-4c84-bc26-716b0d0a67d9,pasadas_2026-07-08_5009A02027769.csv,AF091AI,16982.69,9,AUSA
efac22b5-2fc2-47f6-b062-fdc97d763915,pasadas_2026-07-16_343555.csv,AD239PP,4771.95,6,AUTO-OESTE
efadc33c-501c-403b-b03e-bf26813597bc,pasadas_2026-07-22_1947768.csv,AD625QB,17400.00,5,SANTAFE
eff4ac61-3458-4f05-9d35-82cff1431bcd,pasadas_2026-07-16_493556.csv,AB633TZ,3976.59,6,AUSOL
f01f7987-3fa2-4760-ace8-438ee976593d,pasadas_2026-07-16_343555.csv,EXT374,4771.95,6,AUTO-OESTE
f04878dd-9248-45a2-8ec2-7cf1bb3a261a,pasadas_2026-07-15_5009A02037760.csv,AI178ER,9935.82,8,AUSA
f0509ae0-c5e4-4862-a5db-0838828e0a83,pasadas_2026-07-16_343555.csv,AC264UA,4771.95,6,AUTO-OESTE
f0698553-49a5-4fe0-b0af-17fcaeb4eaf3,pasadas_2026-07-15_5009A02037803.csv,AG893YR,33965.25,9,AUSA
f0a254f1-e7bc-4ede-be0f-c008e0149ec0,pasadas_2026-07-16_343555.csv,AF993HK,3976.59,6,AUTO-OESTE
f0c46b94-47b5-4f48-9e35-cad2951c12cd,pasadas_2026-07-16_493556.csv,AG916MK,5964.94,7,AUSOL
f0cbff79-55f8-439e-a680-a6201d6c16eb,pasadas_2026-07-15_5364164.csv,AB151SM,23950.33,6,AUBASA
f0dc98e8-e900-4bcf-ae0e-1a961a7500f2,pasadas_2026-07-16_493556.csv,AG309CH,1192.99,2,AUSOL
f117d958-d838-4256-a8b1-396fe7e1b82e,pasadas_2026-07-29_5009A02060191.csv,AH351RT,15255.79,9,AUSA
f13b6af3-22b9-4718-9686-d4a363d514b5,pasadas_2026-07-15_5009A02037803.csv,AG309CO,9935.82,9,AUSA
f1433e63-61d5-491b-82e9-5da41922268d,pasadas_2026-07-15_5364164.csv,AG309CO,13466.55,7,AUBASA
f15acc3a-337d-4140-803c-102584fc3def,pasadas_2026-07-08_5009A02027769.csv,AH185KI,6044.83,9,AUSA
f16c2927-70ce-4d37-8d16-b3a3d0145f24,pasadas_2026-07-16_343555.csv,AE952TH,3976.59,6,AUTO-OESTE
f1da5f85-2071-45f4-bc8b-133d4141c062,pasadas_2026-07-16_343555.csv,AB456CU,4771.95,6,AUTO-OESTE
f1f5fe79-8451-4ec0-8058-557912fd122e,pasadas_2026-07-16_343555.csv,AB633TY,4771.95,6,AUTO-OESTE
f205939a-b326-4973-8ce5-e64cf25c525f,pasadas_2026-07-15_5009A02037803.csv,AH351RT,6044.83,9,AUSA
f22b9fff-5200-4046-906c-aa0f92cad3f9,pasadas_2026-07-16_343555.csv,AD985XP,3976.59,6,AUTO-OESTE
f22e0dd3-bfd2-4417-8389-12d49ffb0b00,pasadas_2026-07-15_5364165.csv,AI348TS,2244.43,2,AUBASA
f285590e-71b0-4f38-b37e-9752b596615e,pasadas_2026-07-15_5009A02037803.csv,AH033DL,9935.82,7,AUSA
f2a75b49-8df4-46ed-b5b0-48cdef8f9a69,pasadas_2026-07-15_5009A02037760.csv,AI042WD,6044.83,7,AUSA
f2bfdf4d-38e8-4cd1-aa53-66c5a304088b,pasadas_2026-07-08_5009A02027769.csv,AF533SR,9935.82,9,AUSA
f2ee0a8d-bef6-4153-bcdf-9575967886a4,pasadas_2026-07-15_5009A02037760.csv,AI348TS,1439.11,2,AUSA
f30c4c8b-2c48-47de-82d2-c9610f098cbb,pasadas_2026-07-15_5364164.csv,AG939HR,13466.55,7,AUBASA
f30dd250-63f1-4f31-ba13-79892afe295b,pasadas_2026-07-16_493556.csv,AE469PH,3976.59,6,AUSOL
f32cf993-0387-41b4-9b26-5f3f468b8fce,pasadas_2026-07-16_343555.csv,AB633TY,3976.59,6,AUTO-OESTE
f3603fd3-3ddc-4e52-a98b-dfd1323b594e,pasadas_2026-07-22_1947768.csv,AG893YR,21000.00,6,SANTAFE
f373c066-f949-40d0-882b-f1afc38f87b7,pasadas_2026-07-29_5009A02060191.csv,AH543IQ,9935.82,7,AUSA
f38aab6f-c214-444e-8d0a-45fd97d8360e,pasadas_2026-07-15_5009A02037760.csv,AI042WD,6044.83,7,AUSA
f3a436ff-3571-47a0-87bf-84ec8c982bc0,pasadas_2026-07-15_5364164.csv,AH351RT,13466.55,7,AUBASA
f40bfadc-3eb9-418c-bff5-7fcf391d7a7b,pasadas_2026-07-23_5009A02044703.csv,AH033DL,15255.79,7,AUSA
f40c5993-f44d-44a5-9281-b9ee0f377588,pasadas_2026-07-29_5009A02060191.csv,AB151SM,9935.82,8,AUSA
f434eb77-38ce-43fe-b9be-10c473c26a95,pasadas_2026-07-16_493556.csv,AH543IQ,5964.94,7,AUSOL
f43633a3-ac6a-4963-b42d-b03249982b5c,pasadas_2026-07-22_1947768.csv,AD625QB,17400.00,5,SANTAFE
f438b24b-664d-4377-b1ee-f5265d2ba07a,pasadas_2026-07-15_5009A02037803.csv,AF202UU,33965.25,7,AUSA
f495c9b4-871b-42cc-a5e0-4a41086137a7,pasadas_2026-07-16_493557.csv,AI178ER,4970.74,7,AUSOL
f4a6b1bb-9e6e-4f70-9890-47a7c6d28014,pasadas_2026-07-03_3313955.csv,AG916MK,6500.00,7,CVSA
f4b8af53-9d30-4192-87f1-a4a4ced8aae9,pasadas_2026-07-15_5364164.csv,AF091AI,16833.20,7,AUBASA
f4e3f8da-2b2c-4413-974f-33d73606b618,pasadas_2026-07-23_5009A02044703.csv,AG507DK,9935.82,9,AUSA
f52b6bf3-0877-47d5-91f0-1bc171c4dd09,pasadas_2026-07-15_5009A02037803.csv,AH185KI,16982.69,9,AUSA
f55ea001-869d-4543-894e-fcfde9931159,pasadas_2026-07-03_3313955.csv,AF411UY,6000.00,6,CVSA
f5cdfe30-c26c-4bd1-b319-e120758cd959,pasadas_2026-07-16_343555.csv,AC264UA,3976.59,6,AUTO-OESTE
f5d0f9fc-7cfd-44d6-8928-33ffa8aa02b2,pasadas_2026-07-16_343555.csv,AB247VR,3976.59,6,AUTO-OESTE
f61319b9-9262-44cf-9d24-d5b5b0254227,pasadas_2026-07-15_5364164.csv,AH185KI,14370.19,7,AUBASA
f640e24b-c37e-410c-ae5e-dfd3bd94f08d,pasadas_2026-07-15_5364164.csv,AG309CO,16833.20,7,AUBASA
f6546de6-8e88-4f15-b7c1-818e6d9c5936,pasadas_2026-07-29_5009A02060191.csv,AC561DQ,9935.82,7,AUSA
f699b936-4877-46a6-ac5b-b6c9a8b03781,pasadas_2026-07-15_5364164.csv,AH729QW,16833.20,7,AUBASA
f6b87e43-d379-4288-9b35-de2da8df4421,pasadas_2026-07-16_343555.csv,AF103ZL,4771.95,6,AUTO-OESTE
f7248215-e8b7-4c06-a83b-2c8a7a681732,pasadas_2026-07-15_5364164.csv,AH185KI,13466.55,7,AUBASA
f72595f0-d57b-4ad4-9b99-e1e0245fb794,pasadas_2026-07-08_5009A02027769.csv,AE469PL,9935.82,7,AUSA
f797fab6-752b-4ce9-95e1-6a20b1da5e4a,pasadas_2026-07-08_5009A02027769.csv,AF436WI,6044.83,7,AUSA
f7dcde88-b86a-48eb-be05-b97743b21d82,pasadas_2026-07-16_493556.csv,AH351RT,4970.74,7,AUSOL
f7ec7011-62aa-4098-ab84-e7d139960251,pasadas_2026-07-15_5364164.csv,AF791ER,11222.12,6,AUBASA
f7fd4cf9-8e84-4961-8086-473731f531bf,pasadas_2026-07-29_5009A02052902.csv,AI178ER,6044.83,9,AUSA
f802b6c8-801d-45be-a6fe-9008489d6bf7,pasadas_2026-07-16_343555.csv,AG507DK,4970.74,7,AUTO-OESTE
f826371f-c5f8-47bb-9e23-7ee98fcabf75,pasadas_2026-07-03_3313955.csv,AF436WI,6500.00,7,CVSA
f8368aaa-2a82-4b38-9fc9-c4e6f78cbdb8,pasadas_2026-07-08_5009A02027769.csv,AH351RT,6044.83,9,AUSA
f838fc2f-07f6-4430-b4c6-eb6ba2b2c198,pasadas_2026-07-16_493556.csv,AG309CO,5964.94,7,AUSOL
f83ba600-3066-47ee-9ac8-9fd5b5a4611b,pasadas_2026-07-08_5009A02027769.csv,AF533SR,6044.83,9,AUSA
f845103a-8cb4-4a89-b03c-43c7329183e9,pasadas_2026-07-29_5009A02052902.csv,AF993HA,9935.82,9,AUSA
f89e4e3a-803e-4817-83b8-36c4bf6b52c6,pasadas_2026-07-08_5009A02027769.csv,AH543IQ,15255.79,9,AUSA
f8bc914d-c167-45f2-8058-e1d4e1f50e15,pasadas_2026-07-16_493556.csv,AG939HR,4970.74,7,AUSOL
f8bdfa9a-24f6-440f-bf35-6338196a8082,pasadas_2026-07-29_5009A02060191.csv,AG916MK,6044.83,9,AUSA
f8d26c9a-41a3-4f61-b096-0bd1451e09c8,pasadas_2026-07-15_5364164.csv,AH185KI,14370.19,7,AUBASA
f8d79f12-5b00-4acb-aa77-50ba51ed0664,pasadas_2026-07-16_493556.csv,AG939HX,4970.74,7,AUSOL
f8d822df-3b54-44b6-a5f0-ed39973cc42a,pasadas_2026-07-08_5009A02027769.csv,AE751PA,9935.82,9,AUSA
f9067870-16ba-4b00-93d8-e04076d693f3,pasadas_2026-07-29_5009A02060191.csv,AB456CP,15255.79,7,AUSA
f9411c9e-818b-46d8-97cf-fda033c610f1,pasadas_2026-07-22_1947768.csv,AF103ZL,6600.00,5,SANTAFE
f9422f0a-dd81-43d5-b530-3ee19289a300,pasadas_2026-07-03_3313955.csv,AG309CO,7500.00,7,CVSA
f9b78400-bb12-47cd-aa4f-2be5288dea36,pasadas_2026-07-16_343555.csv,AB151SM,3976.59,6,AUTO-OESTE
f9f980f8-b611-4bc0-a562-dbd370f17ec2,pasadas_2026-07-29_5009A02060191.csv,AF103ZL,9935.82,7,AUSA
f9f98daa-4c58-4495-ae31-e9817599898b,pasadas_2026-07-16_493557.csv,AI042WA,1192.99,2,AUSOL
fa07d974-02df-4ee1-aa0c-6756f0f4232c,pasadas_2026-07-15_5009A02037803.csv,AH729QW,9935.82,9,AUSA
fa0e8404-16c6-4e67-9a86-ef6b78403cae,pasadas_2026-07-15_5364164.csv,AG309CO,13466.55,7,AUBASA
fa7dfe49-134f-423e-b15a-935401138e38,pasadas_2026-07-29_5009A02060191.csv,AH185KI,9935.82,9,AUSA
fb16e341-583a-4c5c-a86c-f3cefaf28e44,pasadas_2026-07-15_5364164.csv,AF202UU,16833.20,7,AUBASA
fb55a2e5-3f94-453e-895b-2f15f6540bfc,pasadas_2026-07-03_3313955.csv,OWG130,5200.00,6,CVSA
fb5f7364-5ee0-4d47-8f1a-6c70407ae24c,pasadas_2026-07-08_5009A02027769.csv,AG916MK,15255.79,9,AUSA
fb661950-813d-471d-9ee2-41d2139e5c98,pasadas_2026-07-16_329454.csv,AI348TS,994.15,2,AUTO-OESTE
fb952d86-369b-489e-a356-9f2444adf68c,pasadas_2026-07-03_3313955.csv,AG533MF,1500.00,2,CVSA
fbb83776-430e-4507-bbd4-d65c34a553ee,pasadas_2026-07-16_343555.csv,AB633TY,4771.95,6,AUTO-OESTE
fbc39dcb-6b1a-4b9d-ab7e-f6463e0bc382,pasadas_2026-07-16_343555.csv,AB456CQ,3976.59,6,AUTO-OESTE
fbd32f8d-ab1f-482d-a9fd-6cf126bc6153,pasadas_2026-07-15_5009A02037760.csv,AI348TS,1439.11,2,AUSA
fbda1167-9807-4160-9983-2dfa9e4a09a5,pasadas_2026-07-16_493557.csv,AI178EY,4970.74,7,AUSOL
fbe9a128-2199-4c1a-998c-8e40d30618da,pasadas_2026-07-16_343555.csv,AC264UA,4771.95,6,AUTO-OESTE
fc2e52b2-d8bb-4035-b52c-979d0933941e,pasadas_2026-07-23_5009A02044703.csv,AF791ER,16982.69,7,AUSA
fc50d22c-a54e-44f3-b4e7-6dbb733d7690,pasadas_2026-07-29_5009A02060191.csv,AH729QW,6044.83,9,AUSA
fc5f85c1-88b9-4aee-b9d0-1e508c5e9bbe,pasadas_2026-07-15_5364164.csv,AH351RT,26933.11,7,AUBASA
fc709d25-e5eb-4ff3-9227-23c0f3cf1356,pasadas_2026-07-15_5364164.csv,AH185KI,13466.55,7,AUBASA
fc934fd2-2402-44d6-870b-96a84a34674e,pasadas_2026-07-16_493556.csv,AB633TY,4771.95,6,AUSOL
fcb6b062-6432-4b4c-82d3-888df64e3c6d,pasadas_2026-07-16_343555.csv,AB633TZ,3976.59,6,AUTO-OESTE
fcc6b5cf-b1e8-4fc9-8e5d-f8f7d6c27a56,pasadas_2026-07-16_493556.csv,AE469PL,4771.95,6,AUSOL
fcfcb8ff-2197-4b5c-84bf-b51f9d9bbaff,pasadas_2026-07-15_5009A02037760.csv,AI178EY,15255.79,9,AUSA
fd6754ad-24b3-4626-8545-1510d4a0de13,pasadas_2026-07-16_343555.csv,EXT374,4771.95,6,AUTO-OESTE
fdbe41bb-55d8-4c73-b79c-3d41befa57e1,pasadas_2026-07-15_5364164.csv,AH185KI,16833.20,7,AUBASA
fdde3ec7-480d-4010-af62-902a5a1973ad,pasadas_2026-07-15_5009A02037803.csv,AH185KI,15255.79,9,AUSA
fe2599ca-e20d-406b-b232-00a1f6f7316c,pasadas_2026-07-08_5009A02027769.csv,AB633TZ,16982.69,7,AUSA
fe2ed57d-c94b-4242-81d9-ae6b1174c9f2,pasadas_2026-07-16_343555.csv,AG533MF,994.15,2,AUTO-OESTE
fe42e983-d19c-4a41-aeb8-fe9577af5589,pasadas_2026-07-16_343555.csv,AD239PP,3976.59,6,AUTO-OESTE
fe436c91-346c-486e-9488-8243b7cf225f,pasadas_2026-07-29_5009A02060191.csv,AB247VR,15255.79,7,AUSA
fe4a7ad6-38d4-474f-83f6-b881edcf552e,pasadas_2026-07-16_329454.csv,AF993HA,4970.74,7,AUTO-OESTE
fe69207b-dc64-40a0-9e6c-8bc02e7a5f84,pasadas_2026-07-08_5009A02027769.csv,AH543IQ,9935.82,7,AUSA
fe742018-e083-4a5f-84c9-6917fed50acc,pasadas_2026-07-16_493556.csv,AG309CH,994.15,2,AUSOL
fe749806-cd5b-4b1c-85cc-9bb89aa7ddeb,pasadas_2026-07-23_5009A02044703.csv,AD625QA,9935.82,8,AUSA
fe82f8b0-b9e2-483c-904f-8b1bf926ebd7,pasadas_2026-07-29_5009A02060191.csv,AG916MK,9935.82,8,AUSA
fe88552b-af53-4170-8d48-83a28639fe76,pasadas_2026-07-08_5009A02027769.csv,AD096FX,9935.82,8,AUSA
fecb02af-d754-4dc3-95fb-8a35740c72fc,pasadas_2026-07-03_3313955.csv,AE284KH,5200.00,6,CVSA
ff2dadd2-02db-40c6-b94d-3dd2ce3509e7,pasadas_2026-07-16_493556.csv,AF740MG,994.15,2,AUSOL
ff3ba449-befa-45b7-a6a3-aa826c7ae883,pasadas_2026-07-16_343555.csv,AD985XP,4771.95,6,AUTO-OESTE
ff50f11e-f2e2-4961-8cbe-2b45c62ab22f,pasadas_2026-07-16_343555.csv,AG893YR,4970.74,7,AUTO-OESTE
ff592753-257e-4cd5-85bd-313e186476d5,pasadas_2026-07-16_343555.csv,AD625QB,3976.59,6,AUTO-OESTE
ff6deafe-7f72-4f33-9808-71074caf8a81,pasadas_2026-07-29_5009A02060191.csv,AG507DK,6044.83,9,AUSA
ff9ee7d2-8ef8-4b85-bf28-dc35ac7b3c50,pasadas_2026-07-29_5009A02060191.csv,AH351RT,9935.82,9,AUSA
ffa68490-b922-4b27-9a76-eedc9a723286,pasadas_2026-07-16_343555.csv,EXT374,3976.59,6,AUTO-OESTE
ffb68790-5dd2-43f6-b225-97e630377b53,pasadas_2026-07-08_5009A02027769.csv,AH543IQ,6044.83,9,AUSA
ffd24021-7928-4c25-a015-5109a1cf67e6,pasadas_2026-07-15_5009A02037760.csv,AI348TS,9935.82,8,AUSA
ffe0f400-ceec-4e21-ba49-7f19a8592206,pasadas_2026-07-29_5009A02060191.csv,AF136HN,6044.83,9,AUSA
