id,tarifa_id,importe,importe_base,cases,multiplicador,desvio,hora_min,hora_max,hora_media,diagnostico,muestra_confiable,confirmado_manual,fecha_aparicion,tarifas_normalizadas_id
f9597f66-b059-44d5-9bbe-6082cbdd7340,4dd8d523-3fd5-4586-88d9-d3f51f5f8a1e,5500,5500,4,1,7.4598,0.67,20.28,11.31,CONFIRMADO,false,true,2025-08-21 20:17:15+00,f9597f66-b059-44d5-9bbe-6082cbdd7340
d94f53b4-1b4a-47b2-b7e2-d8f79682efe8,f6e111cd-8c8e-4f78-8515-abfc41e353df,14000,14000,5,1,6.8972,0.77,20.38,12.27,CONFIRMADO,false,true,2025-08-21 20:23:19+00,d94f53b4-1b4a-47b2-b7e2-d8f79682efe8
5920654c-67da-4107-9fbd-722c1a13427b,28752670-d0cd-4af3-89a8-767455c1e392,14000,14000,5,1,6.3748,2.47,22.03,12.66,CONFIRMADO,false,true,2025-08-21 22:02:36+00,5920654c-67da-4107-9fbd-722c1a13427b
5b3f4fd5-d9cc-429b-8805-5237b7943201,80407cef-fc16-4336-8e0b-00b43fdaf7d1,4500,4500,1,1,0,22.95,22.95,22.95,CONFIRMADO,false,true,2025-08-21 22:57:39+00,5b3f4fd5-d9cc-429b-8805-5237b7943201
9e8a22a9-0a9e-4543-9f3c-86f77c593d60,4291a26a-ecd5-4a21-89d3-304cbc4a324a,11500,11500,5,1,3.3798,8.32,18.15,12.22,CONFIRMADO,false,true,2025-08-22 00:24:46+00,9e8a22a9-0a9e-4543-9f3c-86f77c593d60
ad26c6fd-20ad-4b32-9e7a-4c5b50c71d2c,2b517a8c-7eef-4cab-8d1b-4850068fe295,4500,4500,3,1,6.9901,8.17,23.67,18.02,CONFIRMADO,false,true,2025-08-24 23:40:50+00,ad26c6fd-20ad-4b32-9e7a-4c5b50c71d2c
f2a558a4-3c8e-4b2d-a982-ed210a6ec1a3,290982e2-9202-4c0d-8db8-cc8a1a779643,11500,11500,6,1,5.3669,8.58,23.77,17.32,CONFIRMADO,false,true,2025-08-24 23:46:07+00,f2a558a4-3c8e-4b2d-a982-ed210a6ec1a3
079e6d37-67a7-4c65-b3e3-1bfbf0d011f7,ae299f6f-a7f5-46cd-8406-53156ad29d7d,4500,4500,2,1,0.9,8.3,10.1,9.2,CONFIRMADO,false,true,2025-08-27 08:18:02+00,079e6d37-67a7-4c65-b3e3-1bfbf0d011f7
923ebe53-0f9e-49fb-bc3c-a2decda9b7ba,6a2c5f50-cc68-4e66-8fa0-d65db2ef4a3c,5500,5500,1,1,0,16.98,16.98,16.98,CONFIRMADO,false,true,2025-08-27 16:59:45+00,923ebe53-0f9e-49fb-bc3c-a2decda9b7ba
c87791f9-b9ab-4b41-b4cb-2d10ff3a1dc4,290982e2-9202-4c0d-8db8-cc8a1a779643,14500,14500,10,1,6.6107,2.5,22.33,13.59,CONFIRMADO,false,true,2025-09-03 12:19:59+00,c87791f9-b9ab-4b41-b4cb-2d10ff3a1dc4
01e40771-76c6-4b47-84cc-88106dffd562,b4611a41-9d5e-4176-84c6-04d9e994d1c7,5500,5500,5,1,1.258,11.15,14.52,12.7,CONFIRMADO,false,true,2025-09-04 11:09:34+00,01e40771-76c6-4b47-84cc-88106dffd562
afa74c05-1912-4797-85ad-9cdb9e8982ca,4291a26a-ecd5-4a21-89d3-304cbc4a324a,14500,14500,7,1,4.6015,4.65,19.75,14.9,CONFIRMADO,false,true,2025-09-04 18:38:30+00,afa74c05-1912-4797-85ad-9cdb9e8982ca
352eb25d-d777-4014-a318-b2af6e414c4c,ae299f6f-a7f5-46cd-8406-53156ad29d7d,5500,5500,2,1,1.025,10,12.05,11.03,CONFIRMADO,false,true,2025-09-15 12:03:06+00,352eb25d-d777-4014-a318-b2af6e414c4c
8e2eca1e-1a7b-4e5f-80ad-f02f0a93623f,f6e111cd-8c8e-4f78-8515-abfc41e353df,17500,17500,2,1,5.025,12.7,22.75,17.73,CONFIRMADO,false,true,2025-09-19 22:45:07+00,8e2eca1e-1a7b-4e5f-80ad-f02f0a93623f
1b2f2caf-1435-4333-affd-8a6e97c6f0c7,28752670-d0cd-4af3-89a8-767455c1e392,17500,17500,2,1,1.2583,8.62,11.13,9.88,CONFIRMADO,false,true,2025-09-20 08:37:50+00,1b2f2caf-1435-4333-affd-8a6e97c6f0c7
32877727-ea21-4694-ad7a-5ea740aa1157,57dbb369-f6a7-4f83-8e56-da91b94a98a2,2500,2500,1,1,0,9.03,9.03,9.03,CONFIRMADO,false,true,2025-09-25 18:09:43+00,32877727-ea21-4694-ad7a-5ea740aa1157
fb2814a6-4950-4cb3-8423-1de1b8d2d53b,c819befd-54a5-4bae-861a-439c204d30aa,2500,2500,1,1,0,7.53,7.53,7.53,CONFIRMADO,false,true,2025-09-25 19:18:38+00,fb2814a6-4950-4cb3-8423-1de1b8d2d53b
79ed36f1-fe6e-4a8b-afee-c27217b7bf75,4dd8d523-3fd5-4586-88d9-d3f51f5f8a1e,7000,7000,1,1,0,18.55,18.55,18.55,CONFIRMADO,false,true,2025-09-29 09:15:13+00,79ed36f1-fe6e-4a8b-afee-c27217b7bf75
88113b83-ae9b-4b52-bb30-0a11840ba71d,02037cf4-0d29-4ee5-8f27-95991111ac42,7000,7000,2,1,1.175,10.87,13.22,12.04,CONFIRMADO,false,true,2025-09-30 01:52:45+00,88113b83-ae9b-4b52-bb30-0a11840ba71d
89b7cbee-8d1e-4eff-bc62-61f4755cc3f6,6a2c5f50-cc68-4e66-8fa0-d65db2ef4a3c,7000,7000,1,1,0,11.4,11.4,11.4,CONFIRMADO,false,true,2025-09-30 12:30:52+00,89b7cbee-8d1e-4eff-bc62-61f4755cc3f6
28fb2d4c-c7c6-44d1-8c01-5d8bdc84bff8,80407cef-fc16-4336-8e0b-00b43fdaf7d1,5500,5500,5,1,2.9034,7.85,15.35,12.92,CONFIRMADO,false,true,2025-10-24 12:30:31+00,28fb2d4c-c7c6-44d1-8c01-5d8bdc84bff8
dec9d265-b55a-40b0-8509-008d0cdc9ba4,edf4b40f-070e-4776-883e-a34289aac3ee,3495.45,3495.45,83,1,7.1192,0.17,23.88,11.8,CONFIRMADO,true,true,2025-12-16 01:14:35+00,dec9d265-b55a-40b0-8509-008d0cdc9ba4
2e837d38-9d02-45b2-83be-1a5119bf3c6e,f73949a4-87bc-4d56-8338-a93c1f82bee3,699.09,699.09,39,1,5.8387,3.12,23.92,13.74,CONFIRMADO,true,true,2025-12-16 05:56:55+00,2e837d38-9d02-45b2-83be-1a5119bf3c6e
fe708251-fb69-47f5-915e-63d56f5fc60d,28ca0e32-1494-4ed5-8e73-208c6b227660,2796.36,2796.36,39,1,5.9877,0.37,22.97,11.29,CONFIRMADO,true,true,2025-12-16 06:05:38+00,fe708251-fb69-47f5-915e-63d56f5fc60d
3a983e29-65a1-4344-8c5a-df16636d9310,0fcf13eb-ed8b-4ee8-83aa-a1eb73b7a662,3355.72,3355.72,4,1,4.5169,7.13,18.65,10.96,CONFIRMADO,false,true,2025-12-16 07:31:22+00,3a983e29-65a1-4344-8c5a-df16636d9310
7bfd670a-8140-4597-87aa-77815edeb633,9954a4d7-6bdc-4065-8b0f-c7d154cc4d35,3355.72,3355.72,1,1,0,9.17,9.17,9.17,CONFIRMADO,false,true,2025-12-16 07:59:58+00,7bfd670a-8140-4597-87aa-77815edeb633
a1c1fd1c-2044-4709-bbbb-79e41b2e1344,f4b349aa-fa13-49e9-80d5-f9ec7d5084c1,3355.72,3355.72,18,1,4.0843,7.15,18.33,12.61,CONFIRMADO,true,true,2025-12-16 08:58:15+00,a1c1fd1c-2044-4709-bbbb-79e41b2e1344
9c6b1753-d7bb-446c-98a2-eff479c3838c,87ea9909-7488-4644-8c23-02041e5ad6a2,838.93,838.93,33,1,4.4132,7.38,20.55,15.08,CONFIRMADO,true,true,2025-12-16 09:42:58+00,9c6b1753-d7bb-446c-98a2-eff479c3838c
3abb4784-e807-4b29-abd4-a18a6662c94f,04a705bf-cebd-41c0-887a-ae3fed86a0e1,4194.65,4194.65,38,1,4.5069,8.25,20.18,14.34,CONFIRMADO,true,true,2025-12-16 09:54:18+00,3abb4784-e807-4b29-abd4-a18a6662c94f
aa864014-dcdb-4b22-91df-b3f83bb045a7,658bf7fa-4e37-41c0-8a2b-fabd4c290260,3495.45,3495.45,11,1,2.9674,11.05,22.62,14.15,CONFIRMADO,false,true,2025-12-16 11:39:23+00,aa864014-dcdb-4b22-91df-b3f83bb045a7
6995f2ca-6ef3-42bb-a4f0-5a847edaf234,38e92514-2139-4f81-8be7-116d318a6f76,2796.36,2796.36,7,1,3.9737,5.42,15.98,10.82,CONFIRMADO,false,true,2025-12-16 12:33:21+00,6995f2ca-6ef3-42bb-a4f0-5a847edaf234
2d4bccdd-0cb6-4b69-a801-ce4845161a6c,facc96ab-439b-4891-8bdc-0d9e64a343f6,2796.36,2796.36,6,1,5.8385,6.13,23.43,15.08,CONFIRMADO,false,true,2025-12-16 12:45:50+00,2d4bccdd-0cb6-4b69-a801-ce4845161a6c
05b8f169-b857-4f39-96ea-785b6abb6506,be6a7db6-12e7-4723-8f4c-bb7950a28e85,4194.65,4194.65,5,1,3.7859,8.35,18.73,15.79,CONFIRMADO,false,true,2025-12-16 16:22:43+00,05b8f169-b857-4f39-96ea-785b6abb6506
6e2cfc18-2f15-4cf3-ae8f-a3ac99d91397,29319c95-4954-4a7e-8ddb-f6b49cc2aac0,3355.72,3355.72,4,1,1.9817,14.32,19.62,17.33,CONFIRMADO,false,true,2025-12-16 17:42:11+00,6e2cfc18-2f15-4cf3-ae8f-a3ac99d91397
8c0783c3-6a97-42f0-ba20-3fa2aa0b6ed4,87b9a977-a6c1-4070-8af4-a2ceed4db693,2796.36,2796.36,5,1,3.667,3.7,13.48,6.33,CONFIRMADO,false,true,2025-12-17 03:43:00+00,8c0783c3-6a97-42f0-ba20-3fa2aa0b6ed4
35bf94fc-5223-4f5b-8e3f-45c522d7f496,b6258e3a-075f-41ba-8675-8e8b4d9b96e0,4194.65,4194.65,14,1,3.7112,10.22,19.32,14.76,CONFIRMADO,false,true,2025-12-17 16:50:15+00,35bf94fc-5223-4f5b-8e3f-45c522d7f496
d0492bfe-2e8f-45c8-8ef6-d4da5004e5ab,c0ae52ff-8415-433d-8243-e1f81ffcf35d,3495.45,3495.45,2,1,0.2,15.25,15.65,15.45,CONFIRMADO,false,true,2025-12-18 14:15:23+00,d0492bfe-2e8f-45c8-8ef6-d4da5004e5ab
ff37f763-72dd-4422-bfa6-a6f253b2f655,dcd48d13-249a-4444-84cf-e4e0576f317c,4194.65,4194.65,2,1,4.6167,8.08,17.32,12.7,CONFIRMADO,false,true,2025-12-18 17:32:21+00,ff37f763-72dd-4422-bfa6-a6f253b2f655
2a97ade6-76a6-42c4-80bc-5fca13f77297,48ca0582-72ee-4146-8985-3635c07bb8af,2796.36,2796.36,6,1,3.0033,5.87,14.78,12.3,CONFIRMADO,false,true,2025-12-19 12:17:21+00,2a97ade6-76a6-42c4-80bc-5fca13f77297
29e0a311-ea03-4879-97cb-c48a476dbdcd,8940bf15-ea28-4a4d-84a0-bbf85abb85cf,4026.78,4026.78,77,1,6.2587,0.33,23.95,13.4,CONFIRMADO,true,true,2025-12-20 00:46:36+00,29e0a311-ea03-4879-97cb-c48a476dbdcd
b991feb4-aefc-4fd5-8f29-02246e45f2f6,5f19fc18-325c-465c-8bc1-147785e480c4,3495.45,3495.45,13,1,6.0099,1.07,22.63,13.58,CONFIRMADO,false,true,2025-12-20 01:51:14+00,b991feb4-aefc-4fd5-8f29-02246e45f2f6
d35063c0-2741-4ee7-b142-26efe8135ace,163808bc-2f33-49d6-8e67-1bfb4c38efa3,2796.36,2796.36,2,1,2.4,16.15,20.95,18.55,CONFIRMADO,false,true,2025-12-20 16:09:10+00,d35063c0-2741-4ee7-b142-26efe8135ace
4e6d19f4-9ed7-4168-a8d6-82e7bd6afd14,260822dc-8ec4-48f1-8cbf-872f11997f33,5033.48,5033.48,65,1,6.6395,1.08,23.75,13.6,CONFIRMADO,true,true,2025-12-20 20:30:17+00,4e6d19f4-9ed7-4168-a8d6-82e7bd6afd14
98d2bd28-af5e-4775-94e7-5024f44005c6,ba0e505e-f52c-436b-86d3-65d7ee0cef96,2796.36,2796.36,4,1,0.9013,12.05,14.47,13.08,CONFIRMADO,false,true,2025-12-22 15:00:41+00,98d2bd28-af5e-4775-94e7-5024f44005c6
bb803765-0b61-4366-94c0-10d1bf5a3114,b89b29d2-ddab-40b2-8432-baff43444659,838.93,838.93,1,1,0,16.22,16.22,16.22,CONFIRMADO,false,true,2025-12-22 16:13:54+00,bb803765-0b61-4366-94c0-10d1bf5a3114
bf05b1da-92eb-409b-bc72-82cf755419e0,52d7cf98-737d-4b46-8320-6a88ba9f478b,7611.69,7611.69,1,1,0,6.1,6.1,6.1,CONFIRMADO,false,true,2025-12-23 06:06:05+00,bf05b1da-92eb-409b-bc72-82cf755419e0
a88f6162-a878-4890-a5cc-574af2233959,56623032-335e-4af2-8862-008a0a653df0,5033.5,5033.5,36,1,4.3189,7.18,19.63,14.33,CONFIRMADO,true,true,2025-12-24 10:16:56+00,a88f6162-a878-4890-a5cc-574af2233959
b11fd19c-8056-4014-9492-fe57424b72b5,9f0e4786-37fe-4ea9-80a1-ad20438ed0f4,7611.69,7611.69,1,1,0,10.95,10.95,10.95,CONFIRMADO,false,true,2025-12-24 10:57:06+00,b11fd19c-8056-4014-9492-fe57424b72b5
1a474c3b-7139-4af0-8ee3-ee5bffea5704,1eb1456a-ee23-471e-8801-310dee193c0f,5033.5,5033.5,1,1,0,9.22,9.22,9.22,CONFIRMADO,false,true,2025-12-26 08:47:30+00,1a474c3b-7139-4af0-8ee3-ee5bffea5704
952b2e33-9da2-437e-98bc-e6f0d2fb0dbb,60032a01-baa4-4797-83be-ec06b4d75b6e,4026.78,4026.78,38,1,6.5176,1.03,23.87,13.43,CONFIRMADO,true,true,2025-12-26 11:58:01+00,952b2e33-9da2-437e-98bc-e6f0d2fb0dbb
f6d1dd28-4a00-4a5d-a0a2-33b59878e55d,4013fc65-7c29-4491-856b-1e62e3684667,5033.48,5033.48,49,1,6.3548,0.07,23.13,14.79,CONFIRMADO,true,true,2025-12-26 20:26:23+00,f6d1dd28-4a00-4a5d-a0a2-33b59878e55d
6c0baeb8-2ffa-4a22-a9eb-8fe3ea37f799,ccf0061f-3216-4a9c-84f1-95fb159351fe,5033.48,5033.48,7,1,7.2839,3,23.03,11.29,CONFIRMADO,false,true,2025-12-26 21:37:22+00,6c0baeb8-2ffa-4a22-a9eb-8fe3ea37f799
6869b429-95a5-4e34-bf8f-6eae1d913699,f1e80861-bf04-472f-8922-957700148663,5033.48,5033.48,16,1,7.3607,0.85,21.68,11.37,CONFIRMADO,true,true,2025-12-27 03:11:47+00,6869b429-95a5-4e34-bf8f-6eae1d913699
a8b5f8fe-3e79-484c-a845-f20c94f842b4,6cfca90c-8d00-4182-8fd3-4449ee9db72c,5033.5,5033.5,81,1,6.911,0.07,23.82,11.87,CONFIRMADO,true,true,2025-12-28 00:31:07+00,a8b5f8fe-3e79-484c-a845-f20c94f842b4
2bc481f9-102b-4bb1-b44c-58e70cc84ade,216def40-7e99-4866-8dff-f2d1e26f92d6,6291.88,6291.88,79,1,6.986,0.23,23.98,12.22,CONFIRMADO,true,true,2025-12-28 01:08:30+00,2bc481f9-102b-4bb1-b44c-58e70cc84ade
65a0a1fc-79d6-4255-bdbd-48291c3c4eee,8266ef4e-6c59-48af-8970-fd55654f137d,5033.5,5033.5,17,1,4.5302,0.47,20.38,11.22,CONFIRMADO,true,true,2025-12-28 10:47:43+00,65a0a1fc-79d6-4255-bdbd-48291c3c4eee
059d3f4b-3fde-4e3e-9ea1-a37f19fc7b52,320818f5-9720-4e9e-8ea7-1910a2eb7d7a,6291.88,6291.88,6,1,3.903,10.85,23.03,16.15,CONFIRMADO,false,true,2025-12-28 10:51:40+00,059d3f4b-3fde-4e3e-9ea1-a37f19fc7b52
41fba180-f094-41c0-9d07-8164ae3031cb,abe1b17d-0f8d-4f28-88a6-01545831aa19,5033.5,5033.5,3,1,6.9456,7.13,23.4,13.83,CONFIRMADO,false,true,2025-12-28 10:57:10+00,41fba180-f094-41c0-9d07-8164ae3031cb
302e6235-9188-498b-9c9b-803feb7b8cbf,f16565db-7e0e-4732-8072-a3a99878c3fb,6291.88,6291.88,17,1,5.6988,1.52,20.67,11.95,CONFIRMADO,true,true,2025-12-28 13:39:11+00,302e6235-9188-498b-9c9b-803feb7b8cbf
9d1aae95-2230-4c22-8587-986ef5fbdaa0,d5d8ec2e-6ac3-47b3-895f-4c1e64958bc8,1258.38,1258.38,1,1,0,15.12,15.12,15.12,CONFIRMADO,false,true,2025-12-28 15:07:10+00,9d1aae95-2230-4c22-8587-986ef5fbdaa0
24b53f18-46c9-4efb-8127-89fe793b7403,4de05c6b-5358-4980-8fd5-8bfc3e92e686,3775.13,3775.13,14,1,7.2652,0.27,23.02,14.08,CONFIRMADO,false,true,2025-12-28 15:47:34+00,24b53f18-46c9-4efb-8127-89fe793b7403
47dbe8b1-4810-4265-9160-776d9dd6eba5,05dfa91d-20ee-42ac-8e37-ef438acb5bb6,6291.88,6291.88,16,1,5.1691,1.78,22.75,13.86,CONFIRMADO,true,true,2025-12-28 16:01:46+00,47dbe8b1-4810-4265-9160-776d9dd6eba5
f3299d4e-8362-4d38-8d2a-960f660a2310,921ace6e-c2cb-47d9-810b-912afb46b1da,6291.88,6291.88,13,1,4.7412,6.88,23.62,15.04,CONFIRMADO,false,true,2025-12-28 18:05:33+00,f3299d4e-8362-4d38-8d2a-960f660a2310
26fa5e39-34b5-4653-ba30-186080511f47,4f035d00-f1d3-42c1-8e4b-e247149f4432,5033.5,5033.5,18,1,4.8966,4.05,20.02,13.2,CONFIRMADO,true,true,2025-12-28 18:42:41+00,26fa5e39-34b5-4653-ba30-186080511f47
d188225d-31b7-4624-85b7-5841dcd0c38d,e3b27c12-3b26-4f0c-866a-a137ac0cb1b7,5033.5,5033.5,14,1,6.3227,1.47,21.23,13.35,CONFIRMADO,false,true,2025-12-28 19:29:57+00,d188225d-31b7-4624-85b7-5841dcd0c38d
4a9690cb-f0c5-4280-be32-bf3eed3a44b4,3216cb53-4eb1-4684-885f-fc8195ee3d27,3775.13,3775.13,1,1,0,19.67,19.67,19.67,CONFIRMADO,false,true,2025-12-28 19:40:32+00,4a9690cb-f0c5-4280-be32-bf3eed3a44b4
6142d9cf-625a-4a4d-a11e-b7584210db51,f10f73df-68bb-4585-8ab4-9bc7a7fce578,1258.38,1258.38,54,1,6.6622,0.1,23.97,13.06,CONFIRMADO,true,true,2025-12-28 20:38:21+00,6142d9cf-625a-4a4d-a11e-b7584210db51
eb31a921-bed8-4263-8b3b-cf24db027645,c7098ffe-ae67-440e-8a50-69ea57b9419a,5033.5,5033.5,18,1,7.0716,0.05,23.37,14.8,CONFIRMADO,true,true,2025-12-28 21:33:14+00,eb31a921-bed8-4263-8b3b-cf24db027645
c641bea8-0661-45db-bb39-e228afce5c1b,3841fe24-7b26-471c-874b-a084293e0738,5033.5,5033.5,3,1,4.7734,11.58,23.22,17.06,CONFIRMADO,false,true,2025-12-28 23:13:56+00,c641bea8-0661-45db-bb39-e228afce5c1b
14a4bf77-df43-4346-b621-d3bd8fcb8a66,2bb31b5b-7854-4f90-8c3a-5239a88adfdd,6291.88,6291.88,9,1,4.1999,5.17,17.37,11.93,CONFIRMADO,false,true,2025-12-29 05:10:56+00,14a4bf77-df43-4346-b621-d3bd8fcb8a66
56f78837-1ac4-4d22-92d4-409b1dead5af,9fa0f145-70f7-4536-868c-874397cc7adf,5033.5,5033.5,17,1,4.5576,0.33,21.35,11,CONFIRMADO,true,true,2025-12-29 07:39:19+00,56f78837-1ac4-4d22-92d4-409b1dead5af
1edea0b0-7c08-4b96-a0a1-6f1d05de5236,064e8490-aa66-4fa3-8cc3-264e2a8ace58,5033.5,5033.5,3,1,5.3819,7.15,19.72,12.28,CONFIRMADO,false,true,2025-12-29 08:21:19+00,1edea0b0-7c08-4b96-a0a1-6f1d05de5236
02b22577-c8f2-4b0d-a0f5-32ffa4df076c,822fa487-43a3-45f6-8ef8-324f7d778490,6291.88,6291.88,19,1,4.1797,4.98,23,11.54,CONFIRMADO,true,true,2025-12-29 09:29:34+00,02b22577-c8f2-4b0d-a0f5-32ffa4df076c
003ddcd1-ca16-4401-abe6-8ce87aa922a6,2908e525-c3ff-4f63-8bfd-ad4d053111e8,2516.75,2516.75,2,1,1.5583,10.35,13.47,11.91,CONFIRMADO,false,true,2025-12-29 13:28:07+00,003ddcd1-ca16-4401-abe6-8ce87aa922a6
51edb828-4326-4914-9c64-d17c389f0a50,90ce2b18-b90d-499c-8e06-36031671c9bc,6291.88,6291.88,7,1,5.0164,3.22,20.48,14.29,CONFIRMADO,false,true,2025-12-29 13:49:29+00,51edb828-4326-4914-9c64-d17c389f0a50
318da7e3-357d-4696-82f3-b4f4513b7605,886a6543-6e7d-4d87-8222-fb2a2ea61c18,5033.5,5033.5,5,1,3.6954,11.97,21.38,16.62,CONFIRMADO,false,true,2025-12-29 13:54:32+00,318da7e3-357d-4696-82f3-b4f4513b7605
2ffa05e3-9f9c-4569-a6f2-2ecb652aa94b,3c87995d-d920-4188-825d-8f5a3f165678,3775.13,3775.13,6,1,0.543,14.42,16.15,15.43,CONFIRMADO,false,true,2025-12-29 15:43:23+00,2ffa05e3-9f9c-4569-a6f2-2ecb652aa94b
d5e7f748-b85d-49e9-b8d8-ebbe484343d7,ebbc43b7-9d1e-4dac-8be8-d3b7ce2a9615,5033.5,5033.5,15,1,4.9517,1.6,22.33,12.58,CONFIRMADO,true,true,2025-12-29 16:38:41+00,d5e7f748-b85d-49e9-b8d8-ebbe484343d7
ab880068-9400-42fb-956b-d92a5de938e0,bea20383-3269-42a6-809f-26e5733e2960,6291.88,6291.88,28,1,4.1884,7.28,19.77,14.69,CONFIRMADO,true,true,2025-12-29 16:53:23+00,ab880068-9400-42fb-956b-d92a5de938e0
6e86cd27-4ef0-47bc-96db-8f61ac4a663d,9b6a6188-32a6-4c9a-829a-a5dd962b125e,6291.88,6291.88,30,1,3.4226,7.18,19.83,15.35,CONFIRMADO,true,true,2025-12-29 17:15:05+00,6e86cd27-4ef0-47bc-96db-8f61ac4a663d
d3fd8ef0-6941-4a2c-ae72-fed711b31863,dcbaac1a-940b-4635-8dab-c39fdd45a63a,6291.88,6291.88,1,1,0,16.83,16.83,16.83,CONFIRMADO,false,true,2025-12-29 18:56:57+00,d3fd8ef0-6941-4a2c-ae72-fed711b31863
37b82bc1-4869-4e7c-93d8-e82465ef3426,9483e056-57df-474c-8b31-9176da90c8d8,3775.13,3775.13,2,1,0.3417,19.87,20.55,20.21,CONFIRMADO,false,true,2025-12-29 19:52:49+00,37b82bc1-4869-4e7c-93d8-e82465ef3426
68e21083-e5d1-4fd8-8218-88228b2a216f,a36b5b95-bcfa-487a-8a71-f2233b70e270,5033.5,5033.5,12,1,6.3132,0.2,23.5,15.52,CONFIRMADO,false,true,2025-12-30 00:12:12+00,68e21083-e5d1-4fd8-8218-88228b2a216f
1e3dee54-74c0-446c-8f34-758065e68b74,1b853ccd-019a-4d0b-8add-a4b966ddc6ec,4026.78,4026.78,5,1,7.1532,1.37,21.6,14.45,CONFIRMADO,false,true,2025-12-30 02:45:12+00,1e3dee54-74c0-446c-8f34-758065e68b74
3270c2b0-049d-4f6c-b4ae-163825bd6d3d,be6a7db6-12e7-4723-8f4c-bb7950a28e85,2097.33,2097.33,1,1,0,7.75,7.75,7.75,CONFIRMADO,false,true,2025-12-30 07:45:50+00,3270c2b0-049d-4f6c-b4ae-163825bd6d3d
cc9e9b23-1df8-4e85-bd5e-4cc96583d199,6d29fd3c-6cc3-47d1-8a3d-3e0ac5972de4,4194.65,4194.65,1,1,0,9.35,9.35,9.35,CONFIRMADO,false,true,2025-12-30 09:21:01+00,cc9e9b23-1df8-4e85-bd5e-4cc96583d199
ee5e7921-64d4-46b6-845f-94757f5638bc,f5b94901-4b31-48c9-83f7-96825781bc13,5033.5,5033.5,29,1,4.4396,7.05,19.97,14.66,CONFIRMADO,true,true,2025-12-30 09:26:41+00,ee5e7921-64d4-46b6-845f-94757f5638bc
97707607-a6e5-4922-be9c-904f53328ee6,e550e213-be80-4b1c-802b-67ce555dc19b,2516.75,2516.75,2,1,4.2167,11.4,19.83,15.62,CONFIRMADO,false,true,2025-12-30 11:24:21+00,97707607-a6e5-4922-be9c-904f53328ee6
7a8872ef-cdba-4c12-bb6c-0c7808325da4,7fbb9f1b-8402-47b9-8a66-570d79625cd0,3775.13,3775.13,2,1,2.2833,8.58,13.15,10.87,CONFIRMADO,false,true,2025-12-30 13:09:58+00,7a8872ef-cdba-4c12-bb6c-0c7808325da4
db00d6d1-3bf2-4ec2-be93-084dbfa5ab5d,b2a00bf0-af1a-498f-8b77-d5345666baab,3355.72,3355.72,1,1,0,8.45,8.45,8.45,CONFIRMADO,false,true,2025-12-30 16:16:20+00,db00d6d1-3bf2-4ec2-be93-084dbfa5ab5d
486d3278-50bb-4c53-a14f-15fb5a26754a,a40bd8d6-8a47-455b-8363-c1851dd141da,1258.38,1258.38,4,1,8.4978,0.03,23.55,13.54,CONFIRMADO,false,true,2025-12-31 15:05:11+00,486d3278-50bb-4c53-a14f-15fb5a26754a
3fd51d9d-4551-49a0-9a94-02fcb7bc055e,2fb8ff02-fb79-45d1-8044-f926e42653e5,4839.25,4839.25,53,1,7.3027,0.37,22.97,11.39,CONFIRMADO,true,true,2026-01-01 22:52:10+00,3fd51d9d-4551-49a0-9a94-02fcb7bc055e
406b5968-839c-409a-bfe6-d48477b2a4be,90724f8a-9439-4d36-8715-5499bd622d71,7954.22,7954.22,1,1,0,9.65,9.65,9.65,CONFIRMADO,false,true,2026-01-01 22:59:09+00,406b5968-839c-409a-bfe6-d48477b2a4be
55433bde-12b0-4a2a-ade0-50b53c1af822,90e0cdf8-824c-4993-8052-43a626633f5e,9904.28,9904.28,3,1,4.7248,11.9,23.07,16.61,CONFIRMADO,false,true,2026-01-01 23:04:28+00,55433bde-12b0-4a2a-ade0-50b53c1af822
9b7197fd-377a-407c-af58-5696ba752acc,8122a4df-4223-4fe5-8776-127d2fdcd9b3,9904.28,9904.28,2,1,5.5083,12.37,23.38,17.88,CONFIRMADO,false,true,2026-01-01 23:23:54+00,9b7197fd-377a-407c-af58-5696ba752acc
aca5429a-c7fb-460e-b595-606fa55224bb,6b483839-1fd6-46c4-8bb9-79b5ea3bf0fd,11885.15,11885.15,5,1,5.1073,3.48,16.07,10.09,CONFIRMADO,false,true,2026-01-02 03:29:13+00,aca5429a-c7fb-460e-b595-606fa55224bb
142174ce-effc-4764-81dc-987b53a09a93,99825b96-90f3-4a7b-8210-af08b71b0d6b,11885.15,11885.15,5,1,5.1061,3.8,16.38,10.42,CONFIRMADO,false,true,2026-01-02 03:48:10+00,142174ce-effc-4764-81dc-987b53a09a93
391973ad-e430-4826-b4b2-ba99c23a7261,70e24954-b625-463a-8a96-01d9f14849e8,2796.36,2796.36,43,1,4.3852,1.87,22.18,12.61,CONFIRMADO,true,true,2026-01-02 04:47:37+00,391973ad-e430-4826-b4b2-ba99c23a7261
e7794737-5a49-47b6-9dc8-d357b9d2a683,0ae346f6-140b-47d6-8ef8-ecd9771eef0c,12213.18,12213.18,11,1,4.8135,1.38,20.73,6.22,CONFIRMADO,false,true,2026-01-02 06:07:09+00,e7794737-5a49-47b6-9dc8-d357b9d2a683
b38feba3-48a4-4a43-984c-5cba0e8a565c,78b83c9f-1966-43b0-8dc7-60cd00134011,13595.67,13595.67,34,1,4.265,7.62,20.78,13.9,CONFIRMADO,true,true,2026-01-02 07:28:58+00,b38feba3-48a4-4a43-984c-5cba0e8a565c
bf31a916-8303-4946-84b6-0405939fcf0d,173fb795-0625-4ead-825a-0ecf427fce83,13595.67,13595.67,13,1,4.5751,7.35,18.83,12.48,CONFIRMADO,false,true,2026-01-02 07:33:06+00,bf31a916-8303-4946-84b6-0405939fcf0d
73d80081-08cb-47f1-b456-ecb182161051,52d7cf98-737d-4b46-8320-6a88ba9f478b,7954.22,7954.22,2,1,3.8083,6.83,14.45,10.64,CONFIRMADO,false,true,2026-01-02 07:40:17+00,73d80081-08cb-47f1-b456-ecb182161051
31acb652-f0f8-43c8-b45a-f0ad2999ddf5,c6225cf6-fb25-4fc2-868e-bfdbdd37f9da,14856.44,14856.44,1,1,0,7.67,7.67,7.67,CONFIRMADO,false,true,2026-01-02 07:40:42+00,31acb652-f0f8-43c8-b45a-f0ad2999ddf5
20fc34c7-b905-4712-b9fb-d4e3f788fba0,805aaea1-ca69-437d-803c-406e6a4e354d,12380.37,12380.37,1,1,0,7.75,7.75,7.75,CONFIRMADO,false,true,2026-01-02 07:45:59+00,20fc34c7-b905-4712-b9fb-d4e3f788fba0
22f751c9-f4e3-4273-b7ca-fb5a0a8113e3,97649de4-7904-4b4e-8397-4646454464b8,2516.75,2516.75,2,1,1.2,7.98,10.38,9.18,CONFIRMADO,false,true,2026-01-02 07:59:05+00,22f751c9-f4e3-4273-b7ca-fb5a0a8113e3
10c687ed-b378-4a56-b893-7a1f0a6d6d37,99825b96-90f3-4a7b-8210-af08b71b0d6b,14856.44,14856.44,1,1,0,8,8,8,CONFIRMADO,false,true,2026-01-02 08:00:13+00,10c687ed-b378-4a56-b893-7a1f0a6d6d37
1a04ac2f-c48b-45f2-a721-5a9051e0f00b,7e56e62a-0718-4cc3-8f81-b37a682e228e,3355.72,3355.72,1,1,0,9.8,9.8,9.8,CONFIRMADO,false,true,2026-01-02 09:48:56+00,1a04ac2f-c48b-45f2-a721-5a9051e0f00b
70ed0afe-76ee-4359-b276-0db7ada8a10c,5f5e80c7-f121-4ae6-86da-e6cd3de2b630,27191.24,27191.24,4,1,3.4951,10.85,19.6,16.44,CONFIRMADO,false,true,2026-01-02 09:59:30+00,70ed0afe-76ee-4359-b276-0db7ada8a10c
d9af5742-3ff4-49f7-af9d-b01f745729ec,083ff10d-4c60-4fcd-8b35-82778865c507,9904.28,9904.28,2,1,1.55,10.5,13.6,12.05,CONFIRMADO,false,true,2026-01-02 10:30:30+00,d9af5742-3ff4-49f7-af9d-b01f745729ec
66e0a65e-db32-40f7-ad8b-4c975e168a57,a31625c6-7e28-41a4-83aa-8792b3d0769f,11885.15,11885.15,3,1,0.9087,11.77,13.98,12.93,CONFIRMADO,false,true,2026-01-02 11:46:16+00,66e0a65e-db32-40f7-ad8b-4c975e168a57
7d0db9a6-2173-4b07-bd60-192c98500945,49112538-4198-4fbe-8dff-6090172ad00c,1398.18,1398.18,1,1,0,13.67,13.67,13.67,CONFIRMADO,false,true,2026-01-02 11:46:50+00,7d0db9a6-2173-4b07-bd60-192c98500945
e99cfa96-0a2b-4296-b413-b06045f45b99,77e44855-1058-458e-8a84-00662f60b118,5033.5,5033.5,1,1,0,12.23,12.23,12.23,CONFIRMADO,false,true,2026-01-02 12:14:53+00,e99cfa96-0a2b-4296-b413-b06045f45b99
4ef05476-95a4-4ea6-898a-e77cb5cf43ef,04498cbd-3afd-4887-8eb0-85a4b9ac0d22,2073.88,2073.88,1,1,0,13.18,13.18,13.18,CONFIRMADO,false,true,2026-01-02 13:11:15+00,4ef05476-95a4-4ea6-898a-e77cb5cf43ef
76275bf6-76f9-48bd-b118-164e3a45228a,3fd54f5b-34e5-42e2-8ec5-e6d29727bdd2,2796.36,2796.36,28,1,4.1626,0.62,15.83,11.31,CONFIRMADO,true,true,2026-01-02 13:23:04+00,76275bf6-76f9-48bd-b118-164e3a45228a
ae617bea-f10f-48da-83f3-583ad12d3d53,1ed3840f-b3ec-4292-8acc-3781beb668fd,1398.18,1398.18,2,1,0.0333,13.52,13.58,13.55,CONFIRMADO,false,true,2026-01-02 13:31:00+00,ae617bea-f10f-48da-83f3-583ad12d3d53
fc6f0530-9511-4d23-a2b2-f4760bf29e80,99f85bd1-6da6-430e-8ad8-7258257a6a87,4839.25,4839.25,30,1,5.3939,0.38,22.28,11.86,CONFIRMADO,true,true,2026-01-02 14:41:04+00,fc6f0530-9511-4d23-a2b2-f4760bf29e80
f616ac71-0f3b-4e57-b5cd-764ae60c9434,d268dcf0-86f5-49b7-8861-6ea294e20c40,6933,6933,1,1,0,15.1,15.1,15.1,CONFIRMADO,false,true,2026-01-02 15:06:51+00,f616ac71-0f3b-4e57-b5cd-764ae60c9434
a4194059-8599-46a3-b9f3-d9ae69ff1b67,666ebbff-ac93-4995-8f7a-9e72e4477d90,12213.18,12213.18,32,1,5.7719,0.17,23.13,15.37,CONFIRMADO,true,true,2026-01-02 15:42:42+00,a4194059-8599-46a3-b9f3-d9ae69ff1b67
e9eab52d-faba-42f2-8ed8-00ce044015a6,f6972b14-dedf-41e7-84e8-b9aac9f611f5,4194.65,4194.65,6,1,2.7342,10.57,18.72,16.28,CONFIRMADO,false,true,2026-01-02 16:01:30+00,e9eab52d-faba-42f2-8ed8-00ce044015a6
ef6ac5e8-aa58-4ba1-b3da-b6e581106d96,ffdbf581-4044-469c-801a-a720b204a708,4194.65,4194.65,2,1,1,16.48,18.48,17.48,CONFIRMADO,false,true,2026-01-02 16:29:23+00,ef6ac5e8-aa58-4ba1-b3da-b6e581106d96
63593a4a-c622-4b3e-8a34-baa7613a1bef,61cec489-ecb6-4c66-8ac3-0acb672e5709,27191.24,27191.24,7,1,4.1654,7,18.7,11.26,CONFIRMADO,false,true,2026-01-02 16:38:25+00,63593a4a-c622-4b3e-8a34-baa7613a1bef
ecfc9107-25e0-47c5-8139-b8832af40e71,83cc8ac6-cbf1-4805-81b9-df937140db43,3775.13,3775.13,2,1,3.325,10.05,16.7,13.38,CONFIRMADO,false,true,2026-01-02 16:42:01+00,ecfc9107-25e0-47c5-8139-b8832af40e71
4d3b092c-22ed-472c-8274-a359aa94255e,2448c069-4adc-4cca-8e80-227248822805,3355.72,3355.72,16,1,4.5099,7.23,19.25,12,CONFIRMADO,true,true,2026-01-02 17:23:17+00,4d3b092c-22ed-472c-8274-a359aa94255e
dc61539b-0763-4330-9b0d-4b550d2e25c1,b5cd2205-8617-47dd-8747-ea6f2cb325fb,3355.72,3355.72,20,1,4.7389,7,19.78,13.6,CONFIRMADO,true,true,2026-01-02 17:52:22+00,dc61539b-0763-4330-9b0d-4b550d2e25c1
19b7adca-0848-47f7-a117-580e9e3062cf,81005bb0-cc80-46c7-81fa-95cdef075633,14856.44,14856.44,1,1,0,18.32,18.32,18.32,CONFIRMADO,false,true,2026-01-02 18:19:05+00,19b7adca-0848-47f7-a117-580e9e3062cf
3fcc6e45-741c-4bd7-876e-7a8991fb8b14,d268dcf0-86f5-49b7-8861-6ea294e20c40,21046.62,21046.62,1,1,0,18.98,18.98,18.98,CONFIRMADO,false,true,2026-01-02 18:59:13+00,3fcc6e45-741c-4bd7-876e-7a8991fb8b14
bea73ba5-7cbc-4115-a6c0-70d822264599,a31625c6-7e28-41a4-83aa-8792b3d0769f,12737.5,12737.5,11,1,6.4829,1.48,23.45,14.08,CONFIRMADO,false,true,2026-01-03 00:26:40+00,bea73ba5-7cbc-4115-a6c0-70d822264599
dda58591-ef9d-4087-96f6-d2a1150dfb0f,8122a4df-4223-4fe5-8776-127d2fdcd9b3,21229.17,21229.17,9,1,6.6999,0.65,23.57,17.31,CONFIRMADO,false,true,2026-01-03 00:47:25+00,dda58591-ef9d-4087-96f6-d2a1150dfb0f
58c0f7c0-7e9e-4d05-99d9-0a524dbfa9e8,b8ec6fda-bb12-4dd0-8769-c623acfa2a0c,3495.45,3495.45,29,1,7.7219,0.3,23.7,12.93,CONFIRMADO,true,true,2026-01-03 01:30:51+00,58c0f7c0-7e9e-4d05-99d9-0a524dbfa9e8
0622871a-b8f7-452b-8342-386b8d5ada6b,99825b96-90f3-4a7b-8210-af08b71b0d6b,25474.99,25474.99,37,1,5.0919,2.12,22.28,14.38,CONFIRMADO,true,true,2026-01-03 02:25:05+00,0622871a-b8f7-452b-8342-386b8d5ada6b
54a5192e-a3f7-4c4b-8378-8502e7bf80b3,224b5822-995f-4a04-82da-57db957a90eb,12213.18,12213.18,15,1,5.9433,4.4,23.97,15.53,CONFIRMADO,true,true,2026-01-03 03:01:46+00,54a5192e-a3f7-4c4b-8378-8502e7bf80b3
52802c21-a996-4447-bff8-8a6d5962e912,6b483839-1fd6-46c4-8bb9-79b5ea3bf0fd,12737.5,12737.5,112,1,6.5332,0.27,23.3,11.88,CONFIRMADO,true,true,2026-01-03 04:06:14+00,52802c21-a996-4447-bff8-8a6d5962e912
20c8c90b-feb5-4a94-945e-50c5a9db3113,99825b96-90f3-4a7b-8210-af08b71b0d6b,12737.5,12737.5,58,1,7.3263,0.62,23.52,12.07,CONFIRMADO,true,true,2026-01-03 04:25:09+00,20c8c90b-feb5-4a94-945e-50c5a9db3113
65947e78-7bf2-44dd-a082-0b3738a8ed58,90e0cdf8-824c-4993-8052-43a626633f5e,10614.57,10614.57,29,1,5.0968,0.5,22.13,10.67,CONFIRMADO,true,true,2026-01-03 07:34:18+00,65947e78-7bf2-44dd-a082-0b3738a8ed58
cecc1523-51fe-4458-a7c4-d69b0f18e784,8122a4df-4223-4fe5-8776-127d2fdcd9b3,10614.57,10614.57,7,1,5.6572,2.07,19.9,12.35,CONFIRMADO,false,true,2026-01-03 09:07:21+00,cecc1523-51fe-4458-a7c4-d69b0f18e784
cb33f9a3-c00d-4101-af54-3eb5d720c15a,e1968556-6311-443f-8d16-1611dbb31db5,2516.75,2516.75,8,1,3.2433,13.05,23.8,16.54,CONFIRMADO,false,true,2026-01-03 13:03:26+00,cb33f9a3-c00d-4101-af54-3eb5d720c15a
6cb4ced0-2e8a-4a45-a651-34f0323da5e2,2b26ce38-8809-48c1-897c-df26d1b0b7fe,1152.09,1152.09,4,1,4.0084,5.7,15.32,10.08,CONFIRMADO,false,true,2026-01-04 00:10:35+00,6cb4ced0-2e8a-4a45-a651-34f0323da5e2
ff68b5ea-893f-4cc8-afc0-67e8523120e2,6a6d7603-4a26-46e0-89b7-5cc9eae88e76,3495.45,3495.45,7,1,7.2631,1.85,21.73,12.43,CONFIRMADO,false,true,2026-01-04 03:36:40+00,ff68b5ea-893f-4cc8-afc0-67e8523120e2
cb8b27ad-ca2d-43f6-be78-267811697cfc,66e60bf6-da74-4599-89ad-8854d1705f32,3495.45,3495.45,3,1,5.1914,4.02,15.52,11.33,CONFIRMADO,false,true,2026-01-04 04:01:48+00,cb8b27ad-ca2d-43f6-be78-267811697cfc
631d9d53-ba39-447f-b149-ccabc1fcfbf9,bbc3726b-ca5d-4942-8cf3-5a8a2afc1019,6291.88,6291.88,2,1,1.7333,17.4,20.87,19.13,CONFIRMADO,false,true,2026-01-04 17:24:20+00,631d9d53-ba39-447f-b149-ccabc1fcfbf9
fe344d3d-2431-404a-9861-db1d5f3ad510,8dc8109a-27e2-4f6c-82a9-121b0f289519,5033.5,5033.5,4,1,6.7366,4.7,22.08,15.79,CONFIRMADO,false,true,2026-01-04 22:05:59+00,fe344d3d-2431-404a-9861-db1d5f3ad510
ccd5cb78-7227-41d5-a2ba-bc3662858b6b,8ff5dee8-e524-4514-8436-875635ad8fdc,3775.13,3775.13,2,1,1.4167,19.68,22.52,21.1,CONFIRMADO,false,true,2026-01-04 22:31:17+00,ccd5cb78-7227-41d5-a2ba-bc3662858b6b
067e4143-1ef0-421b-b52c-91148a5cc7cc,083ff10d-4c60-4fcd-8b35-82778865c507,10614.57,10614.57,5,1,7.367,2.88,23.03,17.06,CONFIRMADO,false,true,2026-01-05 02:57:41+00,067e4143-1ef0-421b-b52c-91148a5cc7cc
4b3211ec-426f-4278-bdbd-76545c58ab18,963b700a-640a-4fe0-83d3-0a531946bfa8,699.09,699.09,5,1,3.7421,5.22,13.82,10.06,CONFIRMADO,false,true,2026-01-05 05:13:20+00,4b3211ec-426f-4278-bdbd-76545c58ab18
d110bf71-21bb-44f2-b3d8-ee2a4db27cab,c303e1ee-9ada-4a2b-8823-38d01f3d8916,699.09,699.09,4,1,3.3781,5.67,13.4,9.28,CONFIRMADO,false,true,2026-01-05 05:40:03+00,d110bf71-21bb-44f2-b3d8-ee2a4db27cab
ba51e143-79c3-4e15-878c-cba851b9b060,60247fae-1301-41f8-85ba-0e01bcca9383,2796.36,2796.36,35,1,3.4849,4.9,21.8,13.68,CONFIRMADO,true,true,2026-01-05 06:47:30+00,ba51e143-79c3-4e15-878c-cba851b9b060
2d796829-0744-44d9-b906-d3770b16cd25,2d5372b4-066b-4b8d-8162-d265f5b4171d,6291.88,6291.88,7,1,4.9228,7.05,19.05,12.95,CONFIRMADO,false,true,2026-01-05 07:13:29+00,2d796829-0744-44d9-b906-d3770b16cd25
f47fbea0-3e1a-403f-9074-c280c665fa59,b2997921-0a79-4d07-8616-284c2d3b5c23,3355.72,3355.72,1,1,0,9.52,9.52,9.52,CONFIRMADO,false,true,2026-01-05 07:37:58+00,f47fbea0-3e1a-403f-9074-c280c665fa59
a149932e-552a-4d03-984b-c7a1781425db,a5ceb9ca-7a15-47c0-85d8-85fd9adaf93c,7954.22,7954.22,1,1,0,15.3,15.3,15.3,CONFIRMADO,false,true,2026-01-05 07:50:21+00,a149932e-552a-4d03-984b-c7a1781425db
3dc78ef2-30f1-4755-9e12-18673f10ea3f,90e0cdf8-824c-4993-8052-43a626633f5e,13268.23,13268.23,16,1,4.5549,8.18,19.87,15.45,CONFIRMADO,true,true,2026-01-05 07:55:18+00,3dc78ef2-30f1-4755-9e12-18673f10ea3f
e4468527-ebad-41ca-a8a6-f4b7a2cf1512,81005bb0-cc80-46c7-81fa-95cdef075633,15921.88,15921.88,6,1,4.5724,8.4,18.9,13.72,CONFIRMADO,false,true,2026-01-05 08:45:12+00,e4468527-ebad-41ca-a8a6-f4b7a2cf1512
904ae7c1-475e-4c8b-a6f9-25f7afbcf8a9,0254b2b1-d5f5-4fc6-80a1-2e8f4b7e3d23,27191.24,27191.24,4,1,4.9458,7.28,19.15,15.83,CONFIRMADO,false,true,2026-01-05 08:53:09+00,904ae7c1-475e-4c8b-a6f9-25f7afbcf8a9
ba7f054c-167c-4b7c-8576-dd0327d75958,6b483839-1fd6-46c4-8bb9-79b5ea3bf0fd,15921.88,15921.88,24,1,4.4189,9.22,19.38,14.29,CONFIRMADO,true,true,2026-01-05 09:10:15+00,ba7f054c-167c-4b7c-8576-dd0327d75958
9a05a4bf-9caf-47ef-b99c-0c27c1912228,33d316df-bcc0-495c-8305-b4148f3e63cb,4194.65,4194.65,12,1,4.1971,8.5,19.75,12.85,CONFIRMADO,false,true,2026-01-05 10:18:45+00,9a05a4bf-9caf-47ef-b99c-0c27c1912228
60d09e92-f756-448a-8945-8605adb57b1a,67d28964-78f9-4afa-827f-9164032f330f,27191.24,27191.24,12,1,3.8635,8.05,19.78,14.79,CONFIRMADO,false,true,2026-01-05 10:32:25+00,60d09e92-f756-448a-8945-8605adb57b1a
b5e63e54-dcd5-4e4d-8c9c-031b846ce5d2,cc4bc448-9fa2-4000-83a3-9d55a0f85257,2796.36,2796.36,5,1,3.4991,5.42,14.22,9.62,CONFIRMADO,false,true,2026-01-05 11:30:58+00,b5e63e54-dcd5-4e4d-8c9c-031b846ce5d2
fa0ab476-44fa-400d-955e-730016c2f5a0,72eb9212-9790-4820-85de-2d9a8b402fc6,4839.25,4839.25,1,1,0,13.2,13.2,13.2,CONFIRMADO,false,true,2026-01-05 13:12:09+00,fa0ab476-44fa-400d-955e-730016c2f5a0
de8fe2b2-397a-4d7b-8008-331c2b9571a2,f3d07caf-e8b6-41a0-89e1-3ce3ac27f076,12213.18,12213.18,2,1,0.175,11.13,11.48,11.31,CONFIRMADO,false,true,2026-01-05 14:31:57+00,de8fe2b2-397a-4d7b-8008-331c2b9571a2
c75c677b-1203-46b7-bee3-e828ab943afd,9f0e4786-37fe-4ea9-80a1-ad20438ed0f4,7954.22,7954.22,1,1,0,12.48,12.48,12.48,CONFIRMADO,false,true,2026-01-05 14:47:38+00,c75c677b-1203-46b7-bee3-e828ab943afd
83113128-8443-4ecf-8706-70d8bce51e52,e2261f49-1cce-46df-8aa9-f4469f3f3c2d,4839.25,4839.25,2,1,3.4167,5.63,12.47,9.05,CONFIRMADO,false,true,2026-01-05 14:54:56+00,83113128-8443-4ecf-8706-70d8bce51e52
f65e124d-2b32-49e2-8995-224e6d6380bf,d14de0fb-20f8-4cc8-87dc-84a2a1784b57,13595.67,13595.67,6,1,1.15,7.18,10.63,9.17,CONFIRMADO,false,true,2026-01-05 16:03:02+00,f65e124d-2b32-49e2-8995-224e6d6380bf
098c192b-e8d1-4500-96a3-e82a66e960ee,aeef01ba-08d7-4e0b-8173-bb7d837af30e,27191.24,27191.24,1,1,0,17.93,17.93,17.93,CONFIRMADO,false,true,2026-01-05 17:18:12+00,098c192b-e8d1-4500-96a3-e82a66e960ee
f6810888-c24b-41a6-b264-0b300bbe9b20,9c4bf6d2-1d53-4e61-881e-24dbb0b336a4,31843.74,31843.74,6,1,3.0806,9.67,18.58,16.49,CONFIRMADO,false,true,2026-01-05 17:58:29+00,f6810888-c24b-41a6-b264-0b300bbe9b20
5da41cef-ef1f-4ef9-b803-a1502a4b0d3c,685bc4ee-1c96-4bdd-8c2a-a4bdb8fce0e1,3355.72,3355.72,1,1,0,18.13,18.13,18.13,CONFIRMADO,false,true,2026-01-05 18:08:25+00,5da41cef-ef1f-4ef9-b803-a1502a4b0d3c
5796a5ee-7f6f-4399-a5de-6677fb2ac386,ac8d9068-ebe7-4efb-8b7d-bb62b7c8933f,27191.24,27191.24,1,1,0,10.92,10.92,10.92,CONFIRMADO,false,true,2026-01-05 18:15:34+00,5796a5ee-7f6f-4399-a5de-6677fb2ac386
0a75d2f9-062c-41ed-ac5b-dda4ea84f32e,33f3473e-5a63-4903-8efa-6ad119f220db,5033.5,5033.5,1,1,0,20.13,20.13,20.13,CONFIRMADO,false,true,2026-01-05 20:08:43+00,0a75d2f9-062c-41ed-ac5b-dda4ea84f32e
1d4e6ce2-92f3-436c-b684-2671b6e3ab98,b479ee3d-7816-4dd5-86cd-cf46382013dc,12213.18,12213.18,7,1,5.0069,1.33,19.1,12.24,CONFIRMADO,false,true,2026-01-06 02:11:04+00,1d4e6ce2-92f3-436c-b684-2671b6e3ab98
6301a771-9264-4481-80dd-b961314bacda,268d62a4-4d94-4be7-8e45-36da7e81b7a6,4026.78,4026.78,4,1,4.1446,12.28,22.05,16.73,CONFIRMADO,false,true,2026-01-06 02:33:27+00,6301a771-9264-4481-80dd-b961314bacda
ecf1f7cb-bce2-407b-a934-516c13d977d5,c735329d-48ae-47c7-8cab-b9f8738ed9f8,6291.88,6291.88,6,1,7.7292,1.93,23.35,12.26,CONFIRMADO,false,true,2026-01-06 03:44:17+00,ecf1f7cb-bce2-407b-a934-516c13d977d5
b81af38f-5e76-4b1e-ab8b-ec437e45483b,8fce27b7-0fa7-429b-8c29-237bf472b228,6291.88,6291.88,4,1,7.3381,5.15,21.53,12.91,CONFIRMADO,false,true,2026-01-06 06:08:52+00,b81af38f-5e76-4b1e-ab8b-ec437e45483b
9222d9c7-67c6-412a-bd81-4dea7b960578,0a14f7af-714e-49b0-84d0-ca0fcdac74b9,3355.72,3355.72,15,1,4.1092,7.07,18.68,13.33,CONFIRMADO,true,true,2026-01-06 07:43:22+00,9222d9c7-67c6-412a-bd81-4dea7b960578
dcfc9cbd-7469-45d9-b255-90f619dfd5dd,1aa610f7-c4a9-4797-8596-6b4b85af7f09,5033.5,5033.5,4,1,2.946,8.43,15.55,10.48,CONFIRMADO,false,true,2026-01-06 08:26:29+00,dcfc9cbd-7469-45d9-b255-90f619dfd5dd
5606765f-e1ab-4a88-940a-6a1c35a3fa67,dbc69076-932b-48be-826a-f1edb39ae313,3355.72,3355.72,7,1,2.5445,8.85,17.13,11.24,CONFIRMADO,false,true,2026-01-06 09:06:25+00,5606765f-e1ab-4a88-940a-6a1c35a3fa67
fae75836-cf74-48c2-b64e-71df9079a818,2c19de04-9579-4272-84f4-29e013ab1cc5,3355.72,3355.72,2,1,0.175,9.47,9.82,9.64,CONFIRMADO,false,true,2026-01-06 09:28:44+00,fae75836-cf74-48c2-b64e-71df9079a818
fa6b27d5-2c60-45b2-b905-dae077d6b3a8,9a00f941-c861-4ecc-897e-6a3357606bf2,27191.24,27191.24,3,1,0.3744,9.43,10.35,9.88,CONFIRMADO,false,true,2026-01-06 10:14:17+00,fa6b27d5-2c60-45b2-b905-dae077d6b3a8
c1dd84b0-2af6-46e4-b148-8f7e3872d5ed,f2050f62-34ef-4bab-8ef7-8c20525a6e64,3355.72,3355.72,1,1,0,10.37,10.37,10.37,CONFIRMADO,false,true,2026-01-06 10:22:27+00,c1dd84b0-2af6-46e4-b148-8f7e3872d5ed
ff338df6-6dcf-439d-a24f-8043482c263d,9c43f5a7-f39c-4b8e-8121-a20d1b6b6c65,4194.65,4194.65,3,1,3.2592,10.9,18.38,15.44,CONFIRMADO,false,true,2026-01-06 10:54:41+00,ff338df6-6dcf-439d-a24f-8043482c263d
34157981-63a0-4ab5-b835-d99073720eef,910eec47-38b3-471d-8c78-87a9ffbfd95f,6291.88,6291.88,3,1,4.2903,9.67,19.53,13.56,CONFIRMADO,false,true,2026-01-06 11:28:08+00,34157981-63a0-4ab5-b835-d99073720eef
b782f56c-3045-4520-a51f-e98d5dbaf656,2a2e438e-8570-4c47-84d9-6b426791f02e,2796.36,2796.36,1,1,0,12,12,12,CONFIRMADO,false,true,2026-01-06 12:00:17+00,b782f56c-3045-4520-a51f-e98d5dbaf656
d7285be3-937f-4820-9c05-e8f833bca4ce,5909be94-39fd-4fdf-8c5c-85fbf7ab748b,2516.75,2516.75,1,1,0,13.77,13.77,13.77,CONFIRMADO,false,true,2026-01-06 13:46:26+00,d7285be3-937f-4820-9c05-e8f833bca4ce
ba6d91bc-55c8-467e-9749-dfe093576959,dfd1fb11-ef88-4cee-8208-1f107361e443,13595.67,13595.67,2,1,0.0333,16.2,16.27,16.23,CONFIRMADO,false,true,2026-01-06 16:12:25+00,ba6d91bc-55c8-467e-9749-dfe093576959
f0b4cc2a-e304-4fee-80d3-f1484f0de5d0,10dd4d54-34cd-4a03-8273-85d13b24c5fe,2516.75,2516.75,1,1,0,18.78,18.78,18.78,CONFIRMADO,false,true,2026-01-06 18:47:59+00,f0b4cc2a-e304-4fee-80d3-f1484f0de5d0
b33cd7fb-186c-4160-b274-2d0884708a8f,e829722d-5af3-4667-8526-6b38045a2a40,27191.24,27191.24,5,1,4.0199,7.53,18.57,14.86,CONFIRMADO,false,true,2026-01-07 08:39:26+00,b33cd7fb-186c-4160-b274-2d0884708a8f
4d78fa93-0c94-47cd-a3b2-098a7963ec71,5770c936-a941-490d-85e8-80fda878101f,3918.89,3918.89,1,1,0,17.28,17.28,17.28,CONFIRMADO,false,true,2026-01-07 10:36:47+00,4d78fa93-0c94-47cd-a3b2-098a7963ec71
89fe93ed-8c10-47c9-992b-018ab4930bf0,74ff84d3-8f37-4fef-888f-ec7e5ada78d8,8526.02,8526.02,1,1,0,11.4,11.4,11.4,CONFIRMADO,false,true,2026-01-07 11:24:36+00,89fe93ed-8c10-47c9-992b-018ab4930bf0
964be612-796b-42dd-91e1-4b785e3c401e,cdaa7cd6-0dd4-4590-8193-2abdeffb0ce8,2796.36,2796.36,1,1,0,12.57,12.57,12.57,CONFIRMADO,false,true,2026-01-07 12:34:07+00,964be612-796b-42dd-91e1-4b785e3c401e
85d097f0-9ad7-4135-af02-f720a783fae5,daa2de7b-1c79-4e70-8326-07b1c380489d,4026.78,4026.78,1,1,0,20.28,20.28,20.28,CONFIRMADO,false,true,2026-01-07 20:17:29+00,85d097f0-9ad7-4135-af02-f720a783fae5
d3e6aa00-9860-4eac-a78e-bd38a6079bbd,b2a3b01a-29b8-4d24-849c-c3017943ccbc,5033.5,5033.5,1,1,0,21.97,21.97,21.97,CONFIRMADO,false,true,2026-01-07 21:58:02+00,d3e6aa00-9860-4eac-a78e-bd38a6079bbd
48de8c93-914b-42a8-9097-dfc6996f2ccc,7eb17466-6b59-4abc-8554-56a1379f1029,6291.88,6291.88,4,1,5.4855,8.5,22.02,12.62,CONFIRMADO,false,true,2026-01-07 22:01:48+00,48de8c93-914b-42a8-9097-dfc6996f2ccc
e464923f-7085-4065-b7e1-72eada0d89f4,58748dda-1c03-4313-84f1-3244a350aa12,5033.5,5033.5,2,1,11.0667,0.43,22.57,11.5,CONFIRMADO,false,true,2026-01-07 22:34:03+00,e464923f-7085-4065-b7e1-72eada0d89f4
df622a35-f1de-4b38-84aa-f677a2a64453,c4090dc7-0f9f-4b8f-8a87-65be4204a496,3495.45,3495.45,1,1,0,6.12,6.12,6.12,CONFIRMADO,false,true,2026-01-08 06:07:56+00,df622a35-f1de-4b38-84aa-f677a2a64453
52249207-161f-423b-ba24-2353095e3ba0,e8ff6345-958e-4bd4-8477-208b8a5f291d,1258.38,1258.38,5,1,2.7585,8.9,16.42,11.06,CONFIRMADO,false,true,2026-01-08 08:12:50+00,52249207-161f-423b-ba24-2353095e3ba0
89c78621-922e-4622-8537-efa7ca1576e9,609838f1-8719-42cb-849c-7c4284fa6a0a,1006.7,1006.7,12,1,4.6709,7.15,21.25,16.22,CONFIRMADO,false,true,2026-01-08 14:06:52+00,89c78621-922e-4622-8537-efa7ca1576e9
2152abcf-0a83-49cf-9ea6-b4b38b9dd99f,9b64797c-57df-49ad-8f16-d397760c9188,2073.88,2073.88,2,1,0.1,13.23,13.43,13.33,CONFIRMADO,false,true,2026-01-08 14:55:20+00,2152abcf-0a83-49cf-9ea6-b4b38b9dd99f
eedee6cc-6d7f-4ff3-867d-3c4c71e72019,e327510c-52cc-4ac3-805d-225374493c54,6118.56,6118.56,3,1,3.7683,13.33,21.43,16.11,CONFIRMADO,false,true,2026-01-08 15:02:01+00,eedee6cc-6d7f-4ff3-867d-3c4c71e72019
8b881e7c-6f96-4a05-87a7-b0791b641e96,dd95a4f4-bf86-4222-8a7d-cc955fe4e6b7,6452.15,6452.15,1,1,0,17.3,17.3,17.3,CONFIRMADO,false,true,2026-01-08 17:18:36+00,8b881e7c-6f96-4a05-87a7-b0791b641e96
5b893ee0-455f-4893-ad8c-cd0c177f4283,9c4bf6d2-1d53-4e61-881e-24dbb0b336a4,15921.88,15921.88,6,1,4.3648,9.58,19.17,13.93,CONFIRMADO,false,true,2026-01-08 19:57:51+00,5b893ee0-455f-4893-ad8c-cd0c177f4283
8eac8c55-5e45-4794-b7d9-b49457dc53b5,eb6530a5-eebe-4f70-884d-e745d5874cfb,34820.62,34820.62,2,1,1.4917,8.75,11.73,10.24,CONFIRMADO,false,true,2026-01-08 19:58:01+00,8eac8c55-5e45-4794-b7d9-b49457dc53b5
0ca6db3f-1497-4192-9561-125bfd7e7133,d268dcf0-86f5-49b7-8861-6ea294e20c40,7430.2,7430.2,2,1,1.0833,8.65,10.82,9.73,CONFIRMADO,false,true,2026-01-08 22:49:08+00,0ca6db3f-1497-4192-9561-125bfd7e7133
42f9ad6e-609d-4d56-a14a-a3fb55acdcb7,1ef67d78-4c96-46f7-87c1-c39dddf498d2,12213.18,12213.18,13,1,5.023,1.18,15.77,8.51,CONFIRMADO,false,true,2026-01-08 23:26:34+00,42f9ad6e-609d-4d56-a14a-a3fb55acdcb7
5e37a6a4-2845-48ad-8fe4-b038e3b8f822,3236dd40-de84-4a36-8ee8-ca45fc0c44e9,7547.5,7547.5,49,1,7.0615,0,23.33,13.56,CONFIRMADO,true,true,2026-01-09 00:26:27+00,5e37a6a4-2845-48ad-8fe4-b038e3b8f822
20c15008-3751-4ee5-913d-ea31c6454b6a,eb5e16fe-4a1b-4f17-85bb-58cd8bb65a27,7547.5,7547.5,27,1,5.4776,2.55,22.7,13.24,CONFIRMADO,true,true,2026-01-09 05:29:01+00,20c15008-3751-4ee5-913d-ea31c6454b6a
da3608cd-2a11-4350-8e84-7d06d3370368,478ca043-17d6-481b-87a4-b94efbd55c1c,4378.25,4378.25,1,1,0,6.5,6.5,6.5,CONFIRMADO,false,true,2026-01-09 06:30:40+00,da3608cd-2a11-4350-8e84-7d06d3370368
61d15f2c-12c8-4beb-897f-99d8f779b256,08be883c-8956-4ce5-8d0e-e4bbd77a1983,6118.56,6118.56,2,1,4.1583,6.88,15.2,11.04,CONFIRMADO,false,true,2026-01-09 06:53:11+00,61d15f2c-12c8-4beb-897f-99d8f779b256
dc39322d-7010-4872-b148-7b8dcd85a1fd,8122a4df-4223-4fe5-8776-127d2fdcd9b3,13268.23,13268.23,3,1,5.8542,7.13,19.83,15.41,CONFIRMADO,false,true,2026-01-09 07:36:47+00,dc39322d-7010-4872-b148-7b8dcd85a1fd
36182fd5-0794-4a8e-bbbc-d7a7e3598ceb,4c292532-9afd-47e7-8291-18e7231bc0f4,1886.87,1886.87,16,1,4.8,2.13,20.7,12.07,CONFIRMADO,true,true,2026-01-09 08:04:38+00,36182fd5-0794-4a8e-bbbc-d7a7e3598ceb
1db0aead-d5d7-41fa-8472-7ccf2dd9104f,f85034ec-ac28-421a-8802-31f50b0e80c6,5033.5,5033.5,1,1,0,9.47,9.47,9.47,CONFIRMADO,false,true,2026-01-09 09:28:36+00,1db0aead-d5d7-41fa-8472-7ccf2dd9104f
2046fbab-2849-431b-a641-db0a0e7d501a,feb4ff56-0ad6-4e1c-80e4-fb017d63b400,2653.65,2653.65,2,1,0.9083,7.97,9.78,8.88,CONFIRMADO,false,true,2026-01-09 09:55:27+00,2046fbab-2849-431b-a641-db0a0e7d501a
edc82b41-e676-4a31-84fc-199b9f4be24b,26b7ea01-7421-4c47-8107-ef44891df65d,1886.87,1886.87,6,1,1.2725,9.47,13,10.78,CONFIRMADO,false,true,2026-01-09 10:53:03+00,edc82b41-e676-4a31-84fc-199b9f4be24b
7fefc199-e98a-4fdd-bdd8-b6a473459ae5,ea2df027-ea87-491d-8c2f-81621fc17280,2765.3,2765.3,1,1,0,15,15,15,CONFIRMADO,false,true,2026-01-09 11:07:55+00,7fefc199-e98a-4fdd-bdd8-b6a473459ae5
c8850d45-c249-454b-b4e8-ab60591137df,43758c46-ddc5-4456-81a0-f3565413db40,7547.5,7547.5,30,1,5.0587,4.2,23.2,12.74,CONFIRMADO,true,true,2026-01-09 11:32:17+00,c8850d45-c249-454b-b4e8-ab60591137df
a956bbb2-b3e8-48cb-806f-6cdca2b9caa9,a3c6e8db-53ce-4783-82a8-4e3b60f06852,4839.25,4839.25,1,1,0,12.58,12.58,12.58,CONFIRMADO,false,true,2026-01-09 12:35:59+00,a956bbb2-b3e8-48cb-806f-6cdca2b9caa9
9ba7a58e-93d6-44af-a933-3763c87a9181,b2381998-c2e5-4643-81f7-dac37cb52f37,7547.5,7547.5,45,1,7.4686,0.33,23.97,13.97,CONFIRMADO,true,true,2026-01-09 15:17:32+00,9ba7a58e-93d6-44af-a933-3763c87a9181
0b544e64-2c65-4874-95a4-21f6300e3bf1,91e873ea-73dc-4e1d-81dd-a9d96019ba4b,7547.5,7547.5,21,1,5.9039,2.12,20.73,12.43,CONFIRMADO,true,true,2026-01-09 15:48:28+00,0b544e64-2c65-4874-95a4-21f6300e3bf1
84f5dc7c-e509-4e24-ab54-1a9c25f8a8d8,924829e4-74cd-41f7-87e7-420f0a4cc374,7547.5,7547.5,64,1,5.8056,0.33,23.8,12.48,CONFIRMADO,true,true,2026-01-09 15:50:37+00,84f5dc7c-e509-4e24-ab54-1a9c25f8a8d8
b5b871a0-a9b0-421a-a630-a4e746abcbc1,aab2514a-995d-414c-8ae8-0fa72c2c2965,3918.89,3918.89,1,1,0,17.9,17.9,17.9,CONFIRMADO,false,true,2026-01-09 17:54:04+00,b5b871a0-a9b0-421a-a630-a4e746abcbc1
eaab1a56-eb47-4de1-9436-7a694d5797e1,67c151af-2af3-4311-8ac4-cd9b48ca6094,22555.99,22555.99,1,1,0,9.82,9.82,9.82,CONFIRMADO,false,true,2026-01-09 18:22:53+00,eaab1a56-eb47-4de1-9436-7a694d5797e1
a43d5c40-9cda-417b-b567-873abdd11f2a,5881dec2-d5f6-44ea-881d-824ba993abab,7547.5,7547.5,41,1,5.623,0.48,23.13,14.88,CONFIRMADO,true,true,2026-01-09 18:49:02+00,a43d5c40-9cda-417b-b567-873abdd11f2a
8d99e6f9-285f-4f06-a5e1-f0e1d4582b88,1ac42dd1-9869-4de7-816a-813f4ea19c18,3773.75,3773.75,2,1,0.3417,7.72,8.4,8.06,CONFIRMADO,false,true,2026-01-10 07:43:09+00,8d99e6f9-285f-4f06-a5e1-f0e1d4582b88
acbb841c-1c04-4685-9b59-124a9e56bf61,edcb2377-1731-4b03-8325-d977609f6260,3495.45,3495.45,1,1,0,21.47,21.47,21.47,CONFIRMADO,false,true,2026-01-10 21:28:51+00,acbb841c-1c04-4685-9b59-124a9e56bf61
8e10e942-95d7-4afd-859a-a7091b776b57,6c7aa76e-c2db-4911-8408-4d71db9758b3,12213.18,12213.18,3,1,0.5249,5.33,6.53,6.07,CONFIRMADO,false,true,2026-01-12 06:39:39+00,8e10e942-95d7-4afd-859a-a7091b776b57
81b58183-b651-40b2-8982-ffbc2f07f11f,ae6bda40-cbcd-4b00-81a7-de06fa2047ed,1258.38,1258.38,4,1,3.4455,7.95,16.18,13.88,CONFIRMADO,false,true,2026-01-12 07:57:42+00,81b58183-b651-40b2-8982-ffbc2f07f11f
59076f21-1f84-48f1-a0bd-8d149ad2d5ce,a9c2eda3-78c7-4f51-84fc-c335464885ff,26536.45,26536.45,2,1,4.6583,9.4,18.72,14.06,CONFIRMADO,false,true,2026-01-12 09:56:07+00,59076f21-1f84-48f1-a0bd-8d149ad2d5ce
dffd8c05-5d2c-4a40-b478-9c117948a578,285f0ca3-332b-479b-8f8c-ac45fbf2dbef,1258.38,1258.38,1,1,0,12.72,12.72,12.72,CONFIRMADO,false,true,2026-01-12 12:43:26+00,dffd8c05-5d2c-4a40-b478-9c117948a578
d8a732cc-d3a2-4856-a9db-50a591bebcd6,08df2708-5666-4bcf-8825-a2b5ffb4259a,5202.35,5202.35,7,1,6.2434,5.78,21.97,15.56,CONFIRMADO,false,true,2026-01-12 20:55:17+00,d8a732cc-d3a2-4856-a9db-50a591bebcd6
f0f99184-ab3a-418c-bbbb-5af5bb133f23,4bad68db-0b0f-4425-8364-15b41754549e,4026.78,4026.78,1,1,0,21.67,21.67,21.67,CONFIRMADO,false,true,2026-01-12 21:40:15+00,f0f99184-ab3a-418c-bbbb-5af5bb133f23
6f88be45-1822-4bde-9280-17777786b808,1d79eee7-775b-493f-85fd-4d3007d24a7b,6291.88,6291.88,9,1,6.4814,0.1,23.42,13.83,CONFIRMADO,false,true,2026-01-13 10:35:57+00,6f88be45-1822-4bde-9280-17777786b808
037c7399-474f-484f-9501-c1aaaa729053,f4b349aa-fa13-49e9-80d5-f9ec7d5084c1,3495.45,3495.45,1,1,0,11.05,11.05,11.05,CONFIRMADO,false,true,2026-01-13 11:03:32+00,037c7399-474f-484f-9501-c1aaaa729053
84ba1500-f941-40b5-9403-587cedd8abf7,8045706d-547e-4eee-8d7a-ab41764dcc05,2013.39,2013.39,1,1,0,13.18,13.18,13.18,CONFIRMADO,false,true,2026-01-13 11:10:04+00,84ba1500-f941-40b5-9403-587cedd8abf7
a20cbe58-8617-4d33-b06b-e5c4a0617e94,69876855-972c-4a07-830e-2973ac7a0000,2796.36,2796.36,1,1,0,11.65,11.65,11.65,CONFIRMADO,false,true,2026-01-13 11:39:41+00,a20cbe58-8617-4d33-b06b-e5c4a0617e94
87d6296d-2794-4af0-8ba3-cd645541c341,81cd490c-a099-4ecd-8d45-b71cf95c8e37,1006.7,1006.7,2,1,0.2583,14.62,15.13,14.88,CONFIRMADO,false,true,2026-01-13 14:42:31+00,87d6296d-2794-4af0-8ba3-cd645541c341
bef8200d-c60b-40e0-9524-7a163fa22923,d268dcf0-86f5-49b7-8861-6ea294e20c40,18044.79,18044.79,1,1,0,13.02,13.02,13.02,CONFIRMADO,false,true,2026-01-13 21:44:30+00,bef8200d-c60b-40e0-9524-7a163fa22923
31df9e16-4705-4f24-89b8-7d144310cda1,8d467fa4-c8f5-4c86-8d71-4fc427daabfa,3355.72,3355.72,1,1,0,9.7,9.7,9.7,CONFIRMADO,false,true,2026-01-14 09:42:28+00,31df9e16-4705-4f24-89b8-7d144310cda1
a4b445a8-7e8c-4292-baf3-3e59d9cab49a,de992cb5-8a64-448c-824d-314bf9ade137,6291.88,6291.88,6,1,4.8621,6.68,21.38,11.44,CONFIRMADO,false,true,2026-01-14 10:48:22+00,a4b445a8-7e8c-4292-baf3-3e59d9cab49a
92e95854-e57d-47d0-ba1d-4de920d27fa8,ee03f98f-6366-475a-8753-ced47a75c650,4378.25,4378.25,1,1,0,11.5,11.5,11.5,CONFIRMADO,false,true,2026-01-14 11:30:15+00,92e95854-e57d-47d0-ba1d-4de920d27fa8
449ebb7f-502c-4c26-9318-e04c7dcf8a86,bfd6f7c4-2acf-4a9b-8718-dc8ea57562f7,699.09,699.09,1,1,0,12.23,12.23,12.23,CONFIRMADO,false,true,2026-01-14 12:14:10+00,449ebb7f-502c-4c26-9318-e04c7dcf8a86
dbdac32f-a5d9-4989-805d-e3d3b33a7936,ab752084-7f34-47a9-8401-d9893bc9cbe6,3495.45,3495.45,1,1,0,12.23,12.23,12.23,CONFIRMADO,false,true,2026-01-14 12:14:19+00,dbdac32f-a5d9-4989-805d-e3d3b33a7936
f4ee3337-d418-4ab9-a6b0-de9f91559699,19eb4d80-096c-4b32-8089-aba6d9b8faa6,6291.88,6291.88,6,1,4.2985,8.32,21.92,14.17,CONFIRMADO,false,true,2026-01-14 14:33:44+00,f4ee3337-d418-4ab9-a6b0-de9f91559699
a54a11e4-317b-4817-ad3d-9468c80651bb,f7a20930-54bf-47fb-81f8-21ce403ed5bb,4194.65,4194.65,1,1,0,16,16,16,CONFIRMADO,false,true,2026-01-14 16:00:19+00,a54a11e4-317b-4817-ad3d-9468c80651bb
fa78f5b0-c5b5-419c-897f-a1d2e6817447,f354d2ac-2cf8-4cdd-88ef-299d1028f398,1629.23,1629.23,1,1,0,18.23,18.23,18.23,CONFIRMADO,false,true,2026-01-14 18:14:01+00,fa78f5b0-c5b5-419c-897f-a1d2e6817447
14d29a67-4744-4f8d-a914-35f244caceb4,a13fab0c-e6a6-477c-8c2c-b81d402b74e7,7547.5,7547.5,13,1,6.8998,0.43,23.12,15.1,CONFIRMADO,false,true,2026-01-15 00:26:05+00,14d29a67-4744-4f8d-a914-35f244caceb4
b33374d3-6f40-40c3-8667-1aac9b95c3ff,1edba25c-d931-487d-8c7b-f1cd07c2ce2f,3355.72,3355.72,1,1,0,17.78,17.78,17.78,CONFIRMADO,false,true,2026-01-15 17:47:09+00,b33374d3-6f40-40c3-8667-1aac9b95c3ff
9a3822e1-e7da-4757-8fd7-f588f0565452,338a975b-b91b-486a-882a-a91f7bcd0ea1,3495.45,3495.45,1,1,0,12.85,12.85,12.85,CONFIRMADO,false,true,2026-01-16 12:51:04+00,9a3822e1-e7da-4757-8fd7-f588f0565452
23db80e8-384d-48e0-b19a-b6fdab2029ba,963b700a-640a-4fe0-83d3-0a531946bfa8,3495.45,3495.45,1,1,0,13.03,13.03,13.03,CONFIRMADO,false,true,2026-01-16 13:02:38+00,23db80e8-384d-48e0-b19a-b6fdab2029ba
0fdcfba5-ddb3-401d-8606-29d5800c44ee,1fe9c29d-25be-4c97-8419-e0fb50af68ac,12213.18,12213.18,2,1,0.6167,11.78,13.02,12.4,CONFIRMADO,false,true,2026-01-16 14:05:33+00,0fdcfba5-ddb3-401d-8606-29d5800c44ee
b4f3fca3-f3a1-49bd-81da-7094f75faa4d,4604c384-054e-4ba5-89f1-4f6d7344718b,2516.75,2516.75,1,1,0,17.67,17.67,17.67,CONFIRMADO,false,true,2026-01-16 17:40:49+00,b4f3fca3-f3a1-49bd-81da-7094f75faa4d
e0d997ab-87b1-49f3-ac7b-fd4d06c88e49,785bf8ed-5d1f-4ee0-84a8-a6f4bdf6027d,5202.35,5202.35,4,1,4.9422,7.75,21.5,15.24,CONFIRMADO,false,true,2026-01-16 21:30:47+00,e0d997ab-87b1-49f3-ac7b-fd4d06c88e49
63b7b1b3-a614-4a9e-8ce0-2df595b46621,009c5ff0-9d44-4907-8bcb-79c66c6a088e,5202.35,5202.35,9,1,6.7554,0.6,22.08,12.02,CONFIRMADO,false,true,2026-01-17 06:00:22+00,63b7b1b3-a614-4a9e-8ce0-2df595b46621
653c4a2b-7002-4cba-a33e-23eb64a2f8b5,d2a3dc53-266a-4407-8fc3-5d51ce163f88,12213.18,12213.18,15,1,7.7608,1.13,23.83,11.41,CONFIRMADO,true,true,2026-01-17 09:54:44+00,653c4a2b-7002-4cba-a33e-23eb64a2f8b5
ca9a7135-ea4a-454b-8da2-1c59529afd9f,66581dc8-5dfa-42f8-883b-98370d8fd935,2796.36,2796.36,3,1,5.9055,4.83,19,12.76,CONFIRMADO,false,true,2026-01-17 19:15:00+00,ca9a7135-ea4a-454b-8da2-1c59529afd9f
c3d99edf-8bbe-46c7-a350-b6e9fd9b82fe,34bee852-72cd-41b0-867b-975b8c4a3ba8,1629.23,1629.23,3,1,1.4502,16.58,20.13,18.32,CONFIRMADO,false,true,2026-01-17 20:08:36+00,c3d99edf-8bbe-46c7-a350-b6e9fd9b82fe
8bf26e68-894a-46a9-b0ee-cf7e6595949e,51220f92-b8a0-420e-86b3-674790979308,5033.5,5033.5,5,1,5.5293,1.73,16.57,10.58,CONFIRMADO,false,true,2026-01-19 07:03:29+00,8bf26e68-894a-46a9-b0ee-cf7e6595949e
8c12c531-adb3-4a65-b044-f868b3278dfe,50ffad9d-a9fa-4ff9-872a-8aa7be0cc81f,838.93,838.93,2,1,0.075,7.82,7.97,7.89,CONFIRMADO,false,true,2026-01-19 07:49:23+00,8c12c531-adb3-4a65-b044-f868b3278dfe
f3aed68d-da29-4670-ba8f-3b9dd0dd32a5,862ea305-edf4-48b4-8a3c-0c2096339240,3355.72,3355.72,1,1,0,8.57,8.57,8.57,CONFIRMADO,false,true,2026-01-19 08:34:56+00,f3aed68d-da29-4670-ba8f-3b9dd0dd32a5
02d413df-dc89-43c7-9795-4a0b5414ff5a,3950ffe4-c864-4630-8949-abc3e26b1714,4194.65,4194.65,1,1,0,8.92,8.92,8.92,CONFIRMADO,false,true,2026-01-19 08:55:11+00,02d413df-dc89-43c7-9795-4a0b5414ff5a
5cb0da77-0672-479d-8949-80f4afa971ae,87ea9909-7488-4644-8c23-02041e5ad6a2,3355.72,3355.72,1,1,0,10.95,10.95,10.95,CONFIRMADO,false,true,2026-01-19 10:57:00+00,5cb0da77-0672-479d-8949-80f4afa971ae
7023975a-1bfc-43e3-b961-42ce98f44c91,b4ec8d64-34cd-438b-8ef1-42a79168ef52,3775.13,3775.13,2,1,1.9,10.07,13.87,11.97,CONFIRMADO,false,true,2026-01-19 11:52:40+00,7023975a-1bfc-43e3-b961-42ce98f44c91
4991e7b1-f178-4c15-ad90-318a15ed3c0b,7b683fd9-60f1-42db-88d4-4186ae75960f,2796.36,2796.36,1,1,0,12.27,12.27,12.27,CONFIRMADO,false,true,2026-01-19 12:16:40+00,4991e7b1-f178-4c15-ad90-318a15ed3c0b
f413127d-6d64-453d-bb51-651762acffbd,08069a73-c49e-43c2-8ae7-23c7f2049de0,5202.35,5202.35,4,1,5.5256,8.45,23.22,14.15,CONFIRMADO,false,true,2026-01-19 13:23:32+00,f413127d-6d64-453d-bb51-651762acffbd
61c2b03b-d61b-4803-95d9-940e804fed6f,e1f1992b-af93-4189-8303-d20af455ac67,838.93,838.93,2,1,0.0667,16.1,16.23,16.17,CONFIRMADO,false,true,2026-01-19 16:06:47+00,61c2b03b-d61b-4803-95d9-940e804fed6f
ffa685cd-f730-4d2d-a349-22bedcb0c4e6,453bcee9-b134-40e8-8db8-fbd07bc17bef,27856.49,27856.49,1,1,0,1.48,1.48,1.48,CONFIRMADO,false,true,2026-01-20 01:29:25+00,ffa685cd-f730-4d2d-a349-22bedcb0c4e6
35b296d0-51d4-488d-9b2e-efa3a7ecfeea,dddd281e-cfab-48af-8eec-d0a2b61f18b0,838.93,838.93,2,1,0.0917,7.93,8.12,8.03,CONFIRMADO,false,true,2026-01-20 07:56:48+00,35b296d0-51d4-488d-9b2e-efa3a7ecfeea
a4520ff4-9e24-46e9-80d8-89a6fcf476b8,621f4d8b-48b4-487b-8834-448e027b0247,2122.92,2122.92,4,1,2.6754,5.9,12.4,9,CONFIRMADO,false,true,2026-01-20 13:33:31+00,a4520ff4-9e24-46e9-80d8-89a6fcf476b8
70296752-ef5d-4535-a1fc-c0abd6d0e685,e27649d4-dc13-4359-8cae-a45ef21e02df,2765.3,2765.3,1,1,0,14.05,14.05,14.05,CONFIRMADO,false,true,2026-01-20 14:03:43+00,70296752-ef5d-4535-a1fc-c0abd6d0e685
377d3dcd-9e6d-4e9d-af30-23c4a7b3bfa9,10733806-17ff-4224-8283-b4782f542d6d,2765.3,2765.3,1,1,0,14.32,14.32,14.32,CONFIRMADO,false,true,2026-01-20 14:19:17+00,377d3dcd-9e6d-4e9d-af30-23c4a7b3bfa9
eba1bce1-baa0-4668-9560-071c548b0811,1bed6b85-d054-4989-8049-f81aa43785a6,7000,7000,2,1,1.175,15.85,18.2,17.03,CONFIRMADO,false,true,2026-01-20 15:51:42+00,eba1bce1-baa0-4668-9560-071c548b0811
55ee976c-d89c-4b05-ac62-2c7bae9bb02d,51739af4-6efa-4800-8102-b218a4e36730,6291.88,6291.88,1,1,0,22.4,22.4,22.4,CONFIRMADO,false,true,2026-01-20 18:31:16+00,55ee976c-d89c-4b05-ac62-2c7bae9bb02d
4a4d00ea-c878-4c8e-9374-e9a4e6736d95,bc0b7d52-9cc1-4773-885c-0ed5d50043a6,5100,5100,1,1,0,10.98,10.98,10.98,CONFIRMADO,false,true,2026-01-21 10:59:52+00,4a4d00ea-c878-4c8e-9374-e9a4e6736d95
75790668-df72-40e4-a6ff-7161c0a6da72,1eb060e4-00a3-4a4b-8823-98957fc488c2,5033.5,5033.5,3,1,3.7792,13.03,21.08,15.74,CONFIRMADO,false,true,2026-01-21 13:12:19+00,75790668-df72-40e4-a6ff-7161c0a6da72
0944d7ae-596f-4555-bb20-ee34d06eab0e,bc0b7d52-9cc1-4773-885c-0ed5d50043a6,5033.5,5033.5,1,1,0,15.37,15.37,15.37,CONFIRMADO,false,true,2026-01-21 15:22:57+00,0944d7ae-596f-4555-bb20-ee34d06eab0e
54e0ec8f-cdf6-4d03-94ad-7927f3488fe9,479758f5-4339-468c-82a8-5b4b62132b2c,699.09,699.09,1,1,0,15.4,15.4,15.4,CONFIRMADO,false,true,2026-01-21 15:24:35+00,54e0ec8f-cdf6-4d03-94ad-7927f3488fe9
21d8c7ae-603b-4a66-9eff-35403f1dd937,ccf9529c-9b9d-4395-8a04-a4af17988fd5,2516.75,2516.75,1,1,0,19.37,19.37,19.37,CONFIRMADO,false,true,2026-01-21 19:22:10+00,21d8c7ae-603b-4a66-9eff-35403f1dd937
c04b6663-70e4-450c-a4e2-3f8e1506870a,cd67ecc7-9f17-4ed9-81d0-4183264f9049,2516.75,2516.75,2,1,1.9667,7.95,11.88,9.92,CONFIRMADO,false,true,2026-01-21 21:34:36+00,c04b6663-70e4-450c-a4e2-3f8e1506870a
126a277c-32f5-4018-b813-6f730ff65638,258fc5fd-6efa-4715-8665-7df6eb1e48b2,4378.25,4378.25,2,1,0.1167,13.53,13.77,13.65,CONFIRMADO,false,true,2026-01-22 13:46:05+00,126a277c-32f5-4018-b813-6f730ff65638
2414556a-86e4-47c3-825b-86893b1507b7,cf3ce4df-4324-4cb5-8877-8004bcf015e5,699.09,699.09,2,1,0.025,15.38,15.43,15.41,CONFIRMADO,false,true,2026-01-22 15:23:42+00,2414556a-86e4-47c3-825b-86893b1507b7
0fea0c5c-f64c-43d6-9da6-2008a066c1bd,2b0cd95b-8f5d-4a05-8a7e-04952ec94219,2122.92,2122.92,1,1,0,6.2,6.2,6.2,CONFIRMADO,false,true,2026-01-23 06:12:24+00,0fea0c5c-f64c-43d6-9da6-2008a066c1bd
047c6b21-d4bf-479f-aeb4-2db2a21e1469,dad0423c-397b-4125-82aa-9bbbb0c0ddfc,1006.7,1006.7,3,1,3.5482,13.67,21.53,18.67,CONFIRMADO,false,true,2026-01-23 15:27:22+00,047c6b21-d4bf-479f-aeb4-2db2a21e1469
c5459b26-54f8-427e-b611-15e97453fc0e,2df384cd-ff17-472a-8941-f3ad288b3b90,699.09,699.09,1,1,0,15.98,15.98,15.98,CONFIRMADO,false,true,2026-01-23 15:59:48+00,c5459b26-54f8-427e-b611-15e97453fc0e
9e283221-0922-4e83-b965-d484f99d8694,2fe847a7-16b5-4d9e-8d62-45be56e6a6fc,21430.33,21430.33,1,1,0,12.52,12.52,12.52,CONFIRMADO,false,true,2026-01-24 12:31:07+00,9e283221-0922-4e83-b965-d484f99d8694
c9ab89bc-b317-4ec7-b3f4-50c1cc0b5067,963b700a-640a-4fe0-83d3-0a531946bfa8,838.93,838.93,3,1,2.0267,13.53,18.2,16.36,CONFIRMADO,false,true,2026-01-24 13:32:24+00,c9ab89bc-b317-4ec7-b3f4-50c1cc0b5067
a2be7c28-1b3f-4fe2-bdc8-43e5eb101944,66e1eae8-d205-4196-8e06-ad6a7bb0f2b9,1006.7,1006.7,2,1,3.8583,6.93,14.65,10.79,CONFIRMADO,false,true,2026-01-25 14:39:28+00,a2be7c28-1b3f-4fe2-bdc8-43e5eb101944
ba20b1c1-654a-43e3-8356-89f5c320263b,76b4d09d-caef-46ca-8649-08ffefb8a33c,3355.72,3355.72,1,1,0,8.63,8.63,8.63,CONFIRMADO,false,true,2026-01-26 08:38:23+00,ba20b1c1-654a-43e3-8356-89f5c320263b
ce23d3aa-401b-455e-82c0-b40f6a6572cb,134cc71f-1415-40ff-8647-a15a0ea2d002,7430.2,7430.2,1,1,0,5.95,5.95,5.95,CONFIRMADO,false,true,2026-01-27 05:57:09+00,ce23d3aa-401b-455e-82c0-b40f6a6572cb
2c4885e6-ff7e-4fe5-884e-1b7d7eb169bf,134cc71f-1415-40ff-8647-a15a0ea2d002,18044.79,18044.79,1,1,0,6.03,6.03,6.03,CONFIRMADO,false,true,2026-01-27 06:02:02+00,2c4885e6-ff7e-4fe5-884e-1b7d7eb169bf
f8b373cf-e399-447f-a616-3ac66921f118,ee5e9bf7-22cc-4c77-8faf-4cbf08edc272,838.93,838.93,1,1,0,7.92,7.92,7.92,CONFIRMADO,false,true,2026-01-27 07:55:50+00,f8b373cf-e399-447f-a616-3ac66921f118
3432e95f-ed1f-48ac-b516-f045a6ae3d63,c6c0d001-3ea3-4318-828e-778270057eb6,27191.24,27191.24,1,1,0,8.3,8.3,8.3,CONFIRMADO,false,true,2026-01-27 08:18:41+00,3432e95f-ed1f-48ac-b516-f045a6ae3d63
755a3283-73bf-41c4-992e-df00200f4289,870b6aad-5920-4b5c-8d75-44f27e9244df,2796.36,2796.36,1,1,0,12.32,12.32,12.32,CONFIRMADO,false,true,2026-01-27 12:19:29+00,755a3283-73bf-41c4-992e-df00200f4289
7a69d306-c7e7-4d5a-8a33-19b82c925c8d,9b9efb75-d97f-4d9f-800e-e4e289a7344c,699.09,699.09,1,1,0,3.63,3.63,3.63,CONFIRMADO,false,true,2026-01-28 03:38:31+00,7a69d306-c7e7-4d5a-8a33-19b82c925c8d
197b167b-9e9f-44e3-bd71-59a549434caf,0b3d4d6d-e339-4b5f-88fb-5b6c09a8c478,699.09,699.09,1,1,0,3.92,3.92,3.92,CONFIRMADO,false,true,2026-01-28 03:55:39+00,197b167b-9e9f-44e3-bd71-59a549434caf
eee8169a-3bb4-465f-a17a-50702a600b58,67c151af-2af3-4311-8ac4-cd9b48ca6094,9287.73,9287.73,1,1,0,8.45,8.45,8.45,CONFIRMADO,false,true,2026-01-28 08:27:03+00,eee8169a-3bb4-465f-a17a-50702a600b58
b55c0336-bb40-4f97-b573-16dba205514e,288ff43c-ef48-4ff0-8b81-bd10ca8275c5,4194.65,4194.65,1,1,0,10.23,10.23,10.23,CONFIRMADO,false,true,2026-01-28 10:14:37+00,b55c0336-bb40-4f97-b573-16dba205514e
0729aeeb-02b3-420a-a391-6ed535aee009,f4ab6bf6-c9b8-431f-863b-77855f81af3d,6291.88,6291.88,2,1,6.2333,7.65,20.12,13.88,CONFIRMADO,false,true,2026-01-28 20:07:37+00,0729aeeb-02b3-420a-a391-6ed535aee009
8b7ce215-56e3-43ea-9079-4e8435067efc,6927e74e-3567-4adb-8151-a6579d6e598b,838.93,838.93,1,1,0,19.1,19.1,19.1,CONFIRMADO,false,true,2026-01-29 19:06:43+00,8b7ce215-56e3-43ea-9079-4e8435067efc
2647134b-bf92-4133-b531-1e5eb82f84e3,fe72133c-3a12-4a20-89e6-a0e11bb618bd,6291.88,6291.88,6,1,4.75,8.78,20.23,15.29,CONFIRMADO,false,true,2026-01-29 19:24:28+00,2647134b-bf92-4133-b531-1e5eb82f84e3
4256a5c4-550d-430b-9770-410ddd7772b9,5786879f-ef26-4c8f-83ea-8ebbea848122,2796.36,2796.36,1,1,0,20.82,20.82,20.82,CONFIRMADO,false,true,2026-01-29 20:49:49+00,4256a5c4-550d-430b-9770-410ddd7772b9
a3e24d4a-5aa7-4f97-bc60-5d1c971363bf,8985260e-459f-4602-8c78-84816ecd8dda,6291.88,6291.88,1,1,0,22.97,22.97,22.97,CONFIRMADO,false,true,2026-01-29 22:58:37+00,a3e24d4a-5aa7-4f97-bc60-5d1c971363bf
7c5e2698-4e73-4469-af1f-59b92e5ad775,b983a4c1-c54f-4be2-8c0f-674d97d17ba0,6291.88,6291.88,6,1,5.605,1,17.92,10.34,CONFIRMADO,false,true,2026-01-30 07:06:01+00,7c5e2698-4e73-4469-af1f-59b92e5ad775
ba8530c7-de3b-4f73-aeb2-e9c9d5219b9d,55fed0d0-8f26-4b2f-8a24-245eac1e8821,3495.45,3495.45,1,1,0,12.1,12.1,12.1,CONFIRMADO,false,true,2026-01-30 12:06:49+00,ba8530c7-de3b-4f73-aeb2-e9c9d5219b9d
96f1b288-bc77-498e-aec9-0abc33c4c992,38f9c081-535a-4078-8854-df25d6f242f9,1398.18,1398.18,1,1,0,15.55,15.55,15.55,CONFIRMADO,false,true,2026-01-30 15:33:34+00,96f1b288-bc77-498e-aec9-0abc33c4c992
a67e6eeb-2220-4ed9-b388-bc85d213f659,d9fb1a32-24fb-425a-8d95-5c6497b15791,1398.18,1398.18,1,1,0,15.63,15.63,15.63,CONFIRMADO,false,true,2026-01-30 15:38:41+00,a67e6eeb-2220-4ed9-b388-bc85d213f659
bcbf9e42-c1b2-4084-8883-d43366f147cb,dd1a8003-7e1d-4439-8103-a42e30e6bea8,1398.18,1398.18,1,1,0,15.97,15.97,15.97,CONFIRMADO,false,true,2026-01-30 15:58:59+00,bcbf9e42-c1b2-4084-8883-d43366f147cb
3373977a-b58c-46c2-859d-5f8c41ebd2b1,a4f556f0-90c8-461c-84e0-b2c353b0b44a,3355.72,3355.72,1,1,0,18.6,18.6,18.6,CONFIRMADO,false,true,2026-01-30 18:36:46+00,3373977a-b58c-46c2-859d-5f8c41ebd2b1
dee7e0a4-342c-46c4-916f-686a84e06782,2fb8ff02-fb79-45d1-8044-f926e42653e5,5071.53,5071.53,29,1,6.9311,0.17,23.48,11.68,CONFIRMADO,true,true,2026-02-01 01:58:43+00,dee7e0a4-342c-46c4-916f-686a84e06782
b478e475-da3f-424b-a010-88c1ca7c9103,90724f8a-9439-4d36-8715-5499bd622d71,8336.02,8336.02,42,1,6.6218,0.22,23.37,12.47,CONFIRMADO,true,true,2026-02-01 02:05:41+00,b478e475-da3f-424b-a010-88c1ca7c9103
91cde080-b056-4104-9605-8aac02106a33,ea2df027-ea87-491d-8c2f-81621fc17280,2898.03,2898.03,1,1,0,7.25,7.25,7.25,CONFIRMADO,false,true,2026-02-01 07:15:49+00,91cde080-b056-4104-9605-8aac02106a33
911850f0-3560-4a32-bcc3-ecfa3273ecb8,08be883c-8956-4ce5-8d0e-e4bbd77a1983,6412.25,6412.25,1,1,0,7.45,7.45,7.45,CONFIRMADO,false,true,2026-02-01 07:27:43+00,911850f0-3560-4a32-bcc3-ecfa3273ecb8
51b853b7-20f3-4800-be41-f8732f459fff,2b26ce38-8809-48c1-897c-df26d1b0b7fe,1207.39,1207.39,4,1,2.6398,12.3,19.15,14.7,CONFIRMADO,false,true,2026-02-01 07:34:36+00,51b853b7-20f3-4800-be41-f8732f459fff
aba1846e-b9b3-4515-bf6f-0d86e8a145b6,67d28964-78f9-4afa-827f-9164032f330f,28496.41,28496.41,7,1,3.6107,9.82,19.37,15.69,CONFIRMADO,false,true,2026-02-01 11:18:10+00,aba1846e-b9b3-4515-bf6f-0d86e8a145b6
c96badec-91e9-4489-90e7-edd03bfa339f,666ebbff-ac93-4995-8f7a-9e72e4477d90,12799.42,12799.42,20,1,6.5272,0.17,22.3,13.3,CONFIRMADO,true,true,2026-02-01 13:27:52+00,c96badec-91e9-4489-90e7-edd03bfa339f
12a25b36-5f2c-41da-936c-c37622def746,78b83c9f-1966-43b0-8dc7-60cd00134011,14248.27,14248.27,8,1,4.5715,7,19.25,14.6,CONFIRMADO,false,true,2026-02-01 13:47:15+00,12a25b36-5f2c-41da-936c-c37622def746
eb52bed1-a451-4a23-8a27-11815b0b953d,52d7cf98-737d-4b46-8320-6a88ba9f478b,8336.02,8336.02,21,1,7.4636,0,22.98,12.78,CONFIRMADO,true,true,2026-02-01 14:42:09+00,eb52bed1-a451-4a23-8a27-11815b0b953d
33de65e6-e638-4348-9007-068e1882697e,1ef67d78-4c96-46f7-87c1-c39dddf498d2,12799.42,12799.42,4,1,7.3255,6.15,23.82,15.87,CONFIRMADO,false,true,2026-02-01 14:53:37+00,33de65e6-e638-4348-9007-068e1882697e
c86b9a58-7901-49df-89ce-243b296ce061,99f85bd1-6da6-430e-8ad8-7258257a6a87,5071.53,5071.53,15,1,8.2386,0.83,23.88,13.26,CONFIRMADO,true,true,2026-02-01 22:37:42+00,c86b9a58-7901-49df-89ce-243b296ce061
a91ae04d-58e3-43f6-a896-a6c4fca92074,0ae346f6-140b-47d6-8ef8-ecd9771eef0c,12799.42,12799.42,8,1,5.3501,3.85,21.63,10.5,CONFIRMADO,false,true,2026-02-01 22:54:28+00,a91ae04d-58e3-43f6-a896-a6c4fca92074
6e6715cd-8279-4b01-8908-cdb3bf9cb75b,e2261f49-1cce-46df-8aa9-f4469f3f3c2d,5071.53,5071.53,1,1,0,11.4,11.4,11.4,CONFIRMADO,false,true,2026-02-02 06:45:12+00,6e6715cd-8279-4b01-8908-cdb3bf9cb75b
9f522a42-6261-4824-a756-52b08fd1087f,9f0e4786-37fe-4ea9-80a1-ad20438ed0f4,8336.02,8336.02,3,1,3.1064,10.6,17.6,13.24,CONFIRMADO,false,true,2026-02-02 06:52:11+00,9f522a42-6261-4824-a756-52b08fd1087f
79799ae0-8351-4ede-92d7-751feb5b2cad,aeef01ba-08d7-4e0b-8173-bb7d837af30e,28496.41,28496.41,2,1,4.1167,10.57,18.8,14.68,CONFIRMADO,false,true,2026-02-02 07:04:17+00,79799ae0-8351-4ede-92d7-751feb5b2cad
dfdb0977-cda5-463b-b1f7-bec070fb9f62,2ed8392c-0467-4aea-8d82-b9ea8c0ba425,3355.72,3355.72,1,1,0,8.8,8.8,8.8,CONFIRMADO,false,true,2026-02-02 08:48:47+00,dfdb0977-cda5-463b-b1f7-bec070fb9f62
db47b830-6ff1-4a0d-b006-de29da7a5d4f,224b5822-995f-4a04-82da-57db957a90eb,12799.42,12799.42,8,1,3.2927,5.68,15.58,11.15,CONFIRMADO,false,true,2026-02-02 12:15:51+00,db47b830-6ff1-4a0d-b006-de29da7a5d4f
9cb808b7-3581-4b99-b0a2-7a497f1dedd7,b9dce414-426c-430f-8454-3253545a8243,2796.36,2796.36,1,1,0,14.35,14.35,14.35,CONFIRMADO,false,true,2026-02-02 14:21:45+00,9cb808b7-3581-4b99-b0a2-7a497f1dedd7
ccd15171-a031-48d6-90dc-741716e1dd4e,1fe9c29d-25be-4c97-8419-e0fb50af68ac,12799.42,12799.42,1,1,0,15.95,15.95,15.95,CONFIRMADO,false,true,2026-02-02 15:31:49+00,ccd15171-a031-48d6-90dc-741716e1dd4e
d1d914e1-054c-4745-a18f-5cf76e100ce4,ac8d9068-ebe7-4efb-8b7d-bb62b7c8933f,28496.41,28496.41,2,1,0.5,18.97,19.97,19.47,CONFIRMADO,false,true,2026-02-02 18:02:21+00,d1d914e1-054c-4745-a18f-5cf76e100ce4
4e69717f-946a-401e-9631-8a11a87c0e20,173fb795-0625-4ead-825a-0ecf427fce83,14248.27,14248.27,6,1,3.4387,10.78,19.1,15.49,CONFIRMADO,false,true,2026-02-02 18:11:15+00,4e69717f-946a-401e-9631-8a11a87c0e20
9f9b2084-b914-4973-b1e2-33f69bfb7292,e829722d-5af3-4667-8526-6b38045a2a40,28496.41,28496.41,1,1,0,10.87,10.87,10.87,CONFIRMADO,false,true,2026-02-02 18:30:25+00,9f9b2084-b914-4973-b1e2-33f69bfb7292
1133630c-f154-4867-9178-3358630ca0f3,d2a3dc53-266a-4407-8fc3-5d51ce163f88,12799.42,12799.42,1,1,0,20.23,20.23,20.23,CONFIRMADO,false,true,2026-02-02 20:07:42+00,1133630c-f154-4867-9178-3358630ca0f3
2022b530-89af-407f-b2fa-5106c26a2af8,f3d07caf-e8b6-41a0-89e1-3ce3ac27f076,12799.42,12799.42,3,1,1.4326,11.45,14.78,12.8,CONFIRMADO,false,true,2026-02-03 05:47:50+00,2022b530-89af-407f-b2fa-5106c26a2af8
1b7f2c11-94bc-47b3-ae82-40801e433627,0254b2b1-d5f5-4fc6-80a1-2e8f4b7e3d23,28496.41,28496.41,2,1,0.0917,17.13,17.32,17.23,CONFIRMADO,false,true,2026-02-03 07:36:18+00,1b7f2c11-94bc-47b3-ae82-40801e433627
8ba4c170-4ea7-4ab2-9aab-ff8a2e74b85c,ea157c64-5ba0-4064-877d-66acefc6c319,1677.86,1677.86,2,1,1.0917,7.97,10.15,9.06,CONFIRMADO,false,true,2026-02-03 10:06:31+00,8ba4c170-4ea7-4ab2-9aab-ff8a2e74b85c
651392f9-c87e-49cf-b2a8-edcb78d14c74,bb636761-6720-4f91-86de-12b8314b6822,5100,5100,1,1,0,11.43,11.43,11.43,CONFIRMADO,false,true,2026-02-03 11:26:49+00,651392f9-c87e-49cf-b2a8-edcb78d14c74
e094d5c7-4564-4d57-9d6a-6162dbb002c9,ee03f98f-6366-475a-8753-ced47a75c650,4588.4,4588.4,2,1,0.675,14.52,15.87,15.19,CONFIRMADO,false,true,2026-02-03 14:31:02+00,e094d5c7-4564-4d57-9d6a-6162dbb002c9
8201f973-73d1-4107-a82f-6f0d88740fed,15e9e045-e449-4cfc-8ff5-ac15ae4049d3,1398.18,1398.18,1,1,0,14.57,14.57,14.57,CONFIRMADO,false,true,2026-02-03 14:34:50+00,8201f973-73d1-4107-a82f-6f0d88740fed
9d4f5800-f875-4dca-b453-dab0be29d2ca,7a2ca0b5-9629-419e-8713-8191060ab6e6,2796.36,2796.36,1,1,0,14.65,14.65,14.65,CONFIRMADO,false,true,2026-02-03 14:39:10+00,9d4f5800-f875-4dca-b453-dab0be29d2ca
8cdfcf93-adec-48a7-bd84-0cc21f78c4f9,87ea9909-7488-4644-8c23-02041e5ad6a2,3495.45,3495.45,1,1,0,15.23,15.23,15.23,CONFIRMADO,false,true,2026-02-03 15:14:57+00,8cdfcf93-adec-48a7-bd84-0cc21f78c4f9
02ede6b1-c988-4370-b8be-28a988bef18e,8a957d70-c5f9-46c7-8d94-7625e2d9c269,2796.36,2796.36,1,1,0,15.72,15.72,15.72,CONFIRMADO,false,true,2026-02-03 15:43:06+00,02ede6b1-c988-4370-b8be-28a988bef18e
4e51eeeb-1bc3-45bd-8e1f-51b6e3567e57,fcbdde72-2611-403e-8a43-8db4bf464177,4194.65,4194.65,2,1,0.2417,17.85,18.33,18.09,CONFIRMADO,false,true,2026-02-03 17:51:10+00,4e51eeeb-1bc3-45bd-8e1f-51b6e3567e57
aefeeff2-5a84-4118-ae27-8a300692240b,b479ee3d-7816-4dd5-86cd-cf46382013dc,12799.42,12799.42,7,1,8.0877,0.22,20.78,12.28,CONFIRMADO,false,true,2026-02-04 02:49:53+00,aefeeff2-5a84-4118-ae27-8a300692240b
be59828e-ff38-4ae8-a35f-93c148ceb0aa,d14de0fb-20f8-4cc8-87dc-84a2a1784b57,14248.27,14248.27,2,1,3.4917,10.72,17.7,14.21,CONFIRMADO,false,true,2026-02-04 07:57:54+00,be59828e-ff38-4ae8-a35f-93c148ceb0aa
abfbb238-4cb2-4c0c-905f-9bc23bbc387d,5f5e80c7-f121-4ae6-86da-e6cd3de2b630,28496.41,28496.41,2,1,0.1833,17.02,17.38,17.2,CONFIRMADO,false,true,2026-02-04 10:58:13+00,abfbb238-4cb2-4c0c-905f-9bc23bbc387d
c08eddd1-1f5e-49a1-86ce-b3dd242ddf2b,0ac1a82d-3a71-42ce-8e5d-6fdf6eb6d095,5033.5,5033.5,4,1,1.4749,12.12,15.7,13.52,CONFIRMADO,false,true,2026-02-04 14:03:08+00,c08eddd1-1f5e-49a1-86ce-b3dd242ddf2b
b3a6e3d0-dea0-4823-95a9-cf8720f102da,8f13dc72-e6df-4a56-82da-b0cf5e62d806,6291.88,6291.88,3,1,1.0156,17.92,20.32,19.31,CONFIRMADO,false,true,2026-02-05 20:19:10+00,b3a6e3d0-dea0-4823-95a9-cf8720f102da
451809eb-6d5b-459c-82da-1dadf05fe8fe,5bcc0979-84a7-4bbc-8ff1-8500bc5ff526,3775.13,3775.13,1,1,0,12.92,12.92,12.92,CONFIRMADO,false,true,2026-02-06 12:55:30+00,451809eb-6d5b-459c-82da-1dadf05fe8fe
b7c01ff9-fcbb-44e2-abcf-f7f46903b3d9,23d90221-bb9c-4ef9-80ce-bfdba055f0a6,3775.13,3775.13,1,1,0,15.5,15.5,15.5,CONFIRMADO,false,true,2026-02-06 15:30:19+00,b7c01ff9-fcbb-44e2-abcf-f7f46903b3d9
9c751801-b284-4f58-8a90-8888bdc8d4d4,ffe2a6e7-7616-4d89-88e7-0b208ac0bc6a,3775.13,3775.13,1,1,0,17.6,17.6,17.6,CONFIRMADO,false,true,2026-02-06 17:36:34+00,9c751801-b284-4f58-8a90-8888bdc8d4d4
88448c65-6527-4548-9f50-052805dbcfbe,61d85384-3250-4c83-898f-1615d837eb20,3355.72,3355.72,1,1,0,19.05,19.05,19.05,CONFIRMADO,false,true,2026-02-06 19:03:36+00,88448c65-6527-4548-9f50-052805dbcfbe
436711ff-4a7e-4610-80da-7920d778b9e6,09bf5a82-6644-49a4-87cb-30ba8b764f57,3495.45,3495.45,1,1,0,7.27,7.27,7.27,CONFIRMADO,false,true,2026-02-07 07:16:28+00,436711ff-4a7e-4610-80da-7920d778b9e6
6ea62912-9093-4286-badf-4c25df92fa67,9b64797c-57df-49ad-8f16-d397760c9188,2173.42,2173.42,2,1,2.2,11.22,15.62,13.42,CONFIRMADO,false,true,2026-02-09 11:13:19+00,6ea62912-9093-4286-badf-4c25df92fa67
0d1a5351-bf2b-43bf-8664-b45c6e755aec,e327510c-52cc-4ac3-805d-225374493c54,6412.25,6412.25,4,1,2.9,7.53,15.5,11.05,CONFIRMADO,false,true,2026-02-09 11:19:44+00,0d1a5351-bf2b-43bf-8664-b45c6e755aec
08b67bf2-fd82-4114-8b3d-9e322e82f29d,6c7aa76e-c2db-4911-8408-4d71db9758b3,12799.42,12799.42,3,1,8.0846,6.72,23.87,18.15,CONFIRMADO,false,true,2026-02-09 15:10:59+00,08b67bf2-fd82-4114-8b3d-9e322e82f29d
da95834c-247c-49d0-ba85-7353bd281856,34bee852-72cd-41b0-867b-975b8c4a3ba8,1707.43,1707.43,2,1,1.0083,7.17,9.18,8.18,CONFIRMADO,false,true,2026-02-09 16:03:43+00,da95834c-247c-49d0-ba85-7353bd281856
403e2dc7-52b4-4499-8117-4c5455fdd80b,b006008b-5da3-4e41-8cb0-8d34cd0288e3,4194.65,4194.65,1,1,0,16.13,16.13,16.13,CONFIRMADO,false,true,2026-02-09 16:08:34+00,403e2dc7-52b4-4499-8117-4c5455fdd80b
a12f8eb4-a700-4ed0-baf6-73518eee4707,116861d1-b7c3-4001-8658-d0b9228c88ee,3773.75,3773.75,2,1,1.775,7.65,11.2,9.43,CONFIRMADO,false,true,2026-02-10 07:39:39+00,a12f8eb4-a700-4ed0-baf6-73518eee4707
aa992868-7efb-47aa-9b37-9938048709cd,61cec489-ecb6-4c66-8ac3-0acb672e5709,28496.41,28496.41,5,1,4.5834,7.43,18.62,12.67,CONFIRMADO,false,true,2026-02-10 10:25:30+00,aa992868-7efb-47aa-9b37-9938048709cd
6905d677-cfdb-4a9b-8954-9306a6aed9bf,3bc5573b-875b-4bf0-8556-2a21f411d52f,4194.65,4194.65,1,1,0,7.83,7.83,7.83,CONFIRMADO,false,true,2026-02-11 07:50:56+00,6905d677-cfdb-4a9b-8954-9306a6aed9bf
0bc2f910-4db4-4fd2-801f-333b372fe9f0,ec602229-ec9f-4e74-8db2-7640f9c5d153,699.09,699.09,1,1,0,13.57,13.57,13.57,CONFIRMADO,false,true,2026-02-11 13:34:33+00,0bc2f910-4db4-4fd2-801f-333b372fe9f0
724f2fdd-b0e1-49f9-a6dd-14821afe2717,083ff10d-4c60-4fcd-8b35-82778865c507,13268.23,13268.23,1,1,0,9.92,9.92,9.92,CONFIRMADO,false,true,2026-02-11 17:30:37+00,724f2fdd-b0e1-49f9-a6dd-14821afe2717
ec9e3bdc-d9c7-4391-a76d-7a36a09fecdf,c6c0d001-3ea3-4318-828e-778270057eb6,28496.41,28496.41,2,1,5.175,7.07,17.42,12.24,CONFIRMADO,false,true,2026-02-13 07:00:30+00,ec9e3bdc-d9c7-4391-a76d-7a36a09fecdf
79c6fd20-ab8b-4928-bfb5-2c717bcc7a5f,9a00f941-c861-4ecc-897e-6a3357606bf2,28496.41,28496.41,3,1,3.2104,10.28,18.08,13.89,CONFIRMADO,false,true,2026-02-13 10:52:50+00,79c6fd20-ab8b-4928-bfb5-2c717bcc7a5f
96cc91d0-7cca-42c7-b055-5a38503e9025,9bd32ff9-66ce-4119-8990-7a64e9ea1692,3355.72,3355.72,1,1,0,17.53,17.53,17.53,CONFIRMADO,false,true,2026-02-13 17:32:58+00,96cc91d0-7cca-42c7-b055-5a38503e9025
61236db9-7626-4917-9561-0c5a6126fc42,7f74ef35-4015-40be-82ea-2323bb3aac98,3355.72,3355.72,1,1,0,10.98,10.98,10.98,CONFIRMADO,false,true,2026-02-18 10:59:30+00,61236db9-7626-4917-9561-0c5a6126fc42
86e31925-f94c-49a8-a8eb-ff188fb0622d,10733806-17ff-4224-8283-b4782f542d6d,2898.03,2898.03,1,1,0,21.12,21.12,21.12,CONFIRMADO,false,true,2026-02-18 21:07:00+00,86e31925-f94c-49a8-a8eb-ff188fb0622d
5e34cfcf-d66e-427a-b7cf-15cb195498b1,43065e1c-021a-4785-8f3e-32d33d2cf7d8,3355.72,3355.72,1,1,0,7.12,7.12,7.12,CONFIRMADO,false,true,2026-02-20 07:07:57+00,5e34cfcf-d66e-427a-b7cf-15cb195498b1
529ecf92-16da-426c-a628-1365232a21c6,71a1d234-e631-47d3-86ee-3145b77edcfb,838.93,838.93,1,1,0,13.6,13.6,13.6,CONFIRMADO,false,true,2026-02-21 13:36:17+00,529ecf92-16da-426c-a628-1365232a21c6
c9540c0e-1717-4d85-a306-2ca75ab5901b,5becec08-d87c-438e-8231-ea9ecf1950bf,2516.75,2516.75,1,1,0,10.1,10.1,10.1,CONFIRMADO,false,true,2026-02-23 10:06:18+00,c9540c0e-1717-4d85-a306-2ca75ab5901b
b9e8abfe-923b-47db-bda0-444e859d17fa,94fdeefa-ee75-475b-8667-e40b053e4728,4116.81,4116.81,1,1,0,10.1,10.1,10.1,CONFIRMADO,false,true,2026-02-23 10:06:38+00,b9e8abfe-923b-47db-bda0-444e859d17fa
d23f5ee4-bca8-4e83-be49-b70bec8293b2,a5b4876f-70f8-4c07-8803-4621f6300aae,4194.65,4194.65,1,1,0,10.47,10.47,10.47,CONFIRMADO,false,true,2026-02-23 10:28:13+00,d23f5ee4-bca8-4e83-be49-b70bec8293b2
5495d5a6-fded-452b-80e2-fdd0d8d7a573,e27649d4-dc13-4359-8cae-a45ef21e02df,2898.03,2898.03,1,1,0,11.73,11.73,11.73,CONFIRMADO,false,true,2026-02-24 12:53:01+00,5495d5a6-fded-452b-80e2-fdd0d8d7a573
87311a71-da57-43eb-b3c3-97581e6dae85,3c5ed012-3c01-4599-8dbc-0d6c4273632f,1398.18,1398.18,1,1,0,13.32,13.32,13.32,CONFIRMADO,false,true,2026-02-24 13:19:04+00,87311a71-da57-43eb-b3c3-97581e6dae85
096e851f-05d2-4953-b37d-5dcce2fac536,2e51f266-068f-43da-8e01-0f8fa9762eab,1207.39,1207.39,1,1,0,13.73,13.73,13.73,CONFIRMADO,false,true,2026-02-24 13:44:33+00,096e851f-05d2-4953-b37d-5dcce2fac536
56dea2e9-0d97-43a1-8cb4-271c64f2d816,722fb880-c029-4f8b-8d50-001c81d1c4dc,1677.86,1677.86,1,1,0,9.33,9.33,9.33,CONFIRMADO,false,true,2026-02-25 09:20:08+00,56dea2e9-0d97-43a1-8cb4-271c64f2d816
24386190-641c-4919-9c7c-e4e29a595ff6,8abcf441-52ed-4d72-8815-41ce00ea5d82,5033.5,5033.5,1,1,0,12.22,12.22,12.22,CONFIRMADO,false,true,2026-02-25 12:13:16+00,24386190-641c-4919-9c7c-e4e29a595ff6
b474e07c-347f-44d6-a393-73cee1ffe4c6,216def40-7e99-4866-8dff-f2d1e26f92d6,7500,1500,189,5,7.2501,0.17,23.95,12.29,CONFIRMADO,true,true,2026-02-26 00:37:17+00,b474e07c-347f-44d6-a393-73cee1ffe4c6
5805112d-815e-40cc-a82d-2d28b3defbe1,f16565db-7e0e-4732-8072-a3a99878c3fb,7500,6000,2,1.25,0.6083,21.58,22.8,22.19,CONFIRMADO,false,true,2026-02-26 00:43:31+00,5805112d-815e-40cc-a82d-2d28b3defbe1
763f0ae7-82bf-49e5-b1cd-3b81125177c7,8940bf15-ea28-4a4d-84a0-bbf85abb85cf,5200,5200,8,1,3.8976,5.2,19.03,11.14,CONFIRMADO,false,true,2026-02-26 03:28:18+00,763f0ae7-82bf-49e5-b1cd-3b81125177c7
38c38031-d1d0-478f-b112-2e3d42a41dd4,4f035d00-f1d3-42c1-8e4b-e247149f4432,6000,1500,112,4,5.9847,0.25,23.42,12.76,CONFIRMADO,true,true,2026-02-26 06:02:54+00,38c38031-d1d0-478f-b112-2e3d42a41dd4
d1cdbc53-5405-4d4f-96c1-ee8aba679de0,6cfca90c-8d00-4182-8fd3-4449ee9db72c,6000,1500,355,4,5.9855,0.7,23.97,13.59,CONFIRMADO,true,true,2026-02-26 06:30:40+00,d1cdbc53-5405-4d4f-96c1-ee8aba679de0
4a338779-6599-4232-81b8-43cb6d58547d,8fce27b7-0fa7-429b-8c29-237bf472b228,7500,4500,13,1.6667,4.3041,7.12,21.48,16.44,CONFIRMADO,false,true,2026-02-26 07:06:40+00,4a338779-6599-4232-81b8-43cb6d58547d
0538b7ba-34ce-4646-997e-6c92628974d6,abe1b17d-0f8d-4f28-88a6-01545831aa19,6000,3000,38,2,6.6404,0.77,23.87,12.67,CONFIRMADO,true,true,2026-02-26 07:09:43+00,0538b7ba-34ce-4646-997e-6c92628974d6
9466b0d1-c0a0-40db-9a46-c305fd1e0650,e1968556-6311-443f-8d16-1611dbb31db5,3000,1500,20,2,4.7368,3.1,22,15.22,CONFIRMADO,true,true,2026-02-26 07:36:56+00,9466b0d1-c0a0-40db-9a46-c305fd1e0650
38dfe434-5f60-48b7-a013-819da186b606,886a6543-6e7d-4d87-8222-fb2a2ea61c18,4500,3000,17,1.5,6.7009,0.97,22.65,12.76,CONFIRMADO,true,true,2026-02-26 07:47:12+00,38dfe434-5f60-48b7-a013-819da186b606
d7bb2ec4-b48a-4e25-bc81-1c8c4c598d2b,c7098ffe-ae67-440e-8a50-69ea57b9419a,6000,6000,2,1,1.575,19.53,22.68,21.11,CONFIRMADO,false,true,2026-02-26 09:09:53+00,d7bb2ec4-b48a-4e25-bc81-1c8c4c598d2b
3b1fd255-9421-4492-931a-897b7720c455,4de05c6b-5358-4980-8fd5-8bfc3e92e686,4500,1500,35,3,6.3467,0.3,23.12,14.23,CONFIRMADO,true,true,2026-02-26 09:23:29+00,3b1fd255-9421-4492-931a-897b7720c455
bf402120-1cb5-4799-95fb-27092295135d,320818f5-9720-4e9e-8ea7-1910a2eb7d7a,7500,3000,21,2.5,4.502,7.87,23.57,16.33,CONFIRMADO,true,true,2026-02-26 09:24:15+00,bf402120-1cb5-4799-95fb-27092295135d
faabffdd-acca-4d8c-a2eb-0d4877718f84,f10f73df-68bb-4585-8ab4-9bc7a7fce578,1500,1500,89,1,7.024,0.75,23.33,13.43,CONFIRMADO,true,true,2026-02-26 09:25:59+00,faabffdd-acca-4d8c-a2eb-0d4877718f84
8ed8becd-4dc9-4706-81e0-86d7921820bb,97649de4-7904-4b4e-8397-4646454464b8,3000,3000,1,1,0,9.48,9.48,9.48,CONFIRMADO,false,true,2026-02-26 09:29:02+00,8ed8becd-4dc9-4706-81e0-86d7921820bb
b88f2a52-7f67-4609-a082-0e3bc1e464b7,8266ef4e-6c59-48af-8970-fd55654f137d,6000,3000,18,2,4.2052,4.8,22.25,15.59,CONFIRMADO,true,true,2026-02-26 10:05:15+00,b88f2a52-7f67-4609-a082-0e3bc1e464b7
87a51e86-3d8a-4caf-91be-1e4bf24b041a,f1e80861-bf04-472f-8922-957700148663,6500,6500,6,1,6.9089,0.37,21.03,8.99,CONFIRMADO,false,true,2026-02-26 11:03:39+00,87a51e86-3d8a-4caf-91be-1e4bf24b041a
160f12d0-03af-4f27-acbf-615eec794c74,e3b27c12-3b26-4f0c-866a-a137ac0cb1b7,6000,1500,3,4,2.0495,15.52,20.48,17.79,CONFIRMADO,false,true,2026-02-26 11:16:34+00,160f12d0-03af-4f27-acbf-615eec794c74
34470eac-3910-4e84-ab6f-db177c624a08,260822dc-8ec4-48f1-8cbf-872f11997f33,6500,6500,8,1,4.3718,3.6,15.9,11.24,CONFIRMADO,false,true,2026-02-26 11:19:17+00,34470eac-3910-4e84-ab6f-db177c624a08
e4cd82d9-06b5-485e-a98d-f60634cc55aa,822fa487-43a3-45f6-8ef8-324f7d778490,7500,1500,56,5,5.3076,0.48,23.2,13.68,CONFIRMADO,true,true,2026-02-26 11:41:45+00,e4cd82d9-06b5-485e-a98d-f60634cc55aa
fabb5778-16e9-428d-8331-a6f2e9cd7973,2bb31b5b-7854-4f90-8c3a-5239a88adfdd,7500,4500,21,1.6667,4.0621,6.67,21.93,13.95,CONFIRMADO,true,true,2026-02-26 16:51:54+00,fabb5778-16e9-428d-8331-a6f2e9cd7973
dafa66e7-f9c4-4955-9186-171f0d1897e6,a36b5b95-bcfa-487a-8a71-f2233b70e270,6000,6000,1,1,0,22.8,22.8,22.8,CONFIRMADO,false,true,2026-02-26 17:04:33+00,dafa66e7-f9c4-4955-9186-171f0d1897e6
cc1d8fa7-1d58-4c03-8145-38fa3ab9baa2,8f13dc72-e6df-4a56-82da-b0cf5e62d806,7500,4500,7,1.6667,6.2341,6.45,23.63,16.8,CONFIRMADO,false,true,2026-02-27 03:52:09+00,cc1d8fa7-1d58-4c03-8145-38fa3ab9baa2
57b70a5a-134a-48c2-9b24-a472a20493a6,4013fc65-7c29-4491-856b-1e62e3684667,6500,6500,7,1,5.8076,1.1,21.53,13.28,CONFIRMADO,false,true,2026-02-27 06:41:59+00,57b70a5a-134a-48c2-9b24-a472a20493a6
2ce269a4-293c-48d6-929a-b4555f34c511,c735329d-48ae-47c7-8cab-b9f8738ed9f8,7500,3000,14,2.5,6.9822,0.52,21.75,11.81,CONFIRMADO,false,true,2026-02-27 06:42:06+00,2ce269a4-293c-48d6-929a-b4555f34c511
362a4661-d90e-4ca9-b747-59ffd1201291,9fa0f145-70f7-4536-868c-874397cc7adf,6000,4500,10,1.3333,3.6185,9.8,21.05,14.86,CONFIRMADO,false,true,2026-02-27 08:40:40+00,362a4661-d90e-4ca9-b747-59ffd1201291
6a03bc45-ae83-4f41-9073-610c89234b28,5770c936-a941-490d-85e8-80fda878101f,4106.87,4106.87,1,1,0,9.47,9.47,9.47,CONFIRMADO,false,true,2026-02-27 09:28:02+00,6a03bc45-ae83-4f41-9073-610c89234b28
9abefa78-109e-4c0f-baee-502a3740e002,2908e525-c3ff-4f63-8bfd-ad4d053111e8,3000,1500,5,2,2.3716,14.18,19.87,16.59,CONFIRMADO,false,true,2026-02-27 09:36:08+00,9abefa78-109e-4c0f-baee-502a3740e002
584993c5-2c32-48a7-afb7-e797a6474fae,60032a01-baa4-4797-83be-ec06b4d75b6e,5200,5200,11,1,3.8428,5.52,20.18,13.78,CONFIRMADO,false,true,2026-02-27 11:35:39+00,584993c5-2c32-48a7-afb7-e797a6474fae
dc78394f-cd7e-4c4c-a427-228495ac8a23,ccf0061f-3216-4a9c-84f1-95fb159351fe,6500,6500,4,1,7.9576,3.73,21.45,13.07,CONFIRMADO,false,true,2026-02-27 13:03:15+00,dc78394f-cd7e-4c4c-a427-228495ac8a23
b0c1a91a-ec92-47dd-80da-24a9d4a7feec,68574413-a3b4-4659-819a-a11e08c9e9cf,2796.36,2796.36,1,1,0,13.68,13.68,13.68,CONFIRMADO,false,true,2026-02-27 13:41:11+00,b0c1a91a-ec92-47dd-80da-24a9d4a7feec
3b8ec0c8-03cc-4fbb-aa85-7fb1bdbdb3ce,90792ff4-23c0-4cad-80c4-bdbf630bc67d,6000,5200,5,1.1538,3.1635,10.82,18.78,14.54,CONFIRMADO,false,true,2026-02-27 16:43:15+00,3b8ec0c8-03cc-4fbb-aa85-7fb1bdbdb3ce
7f8b7b0c-9b9d-42e5-8a4f-357e6466bc62,2d5372b4-066b-4b8d-8162-d265f5b4171d,7500,7500,3,1,3.1688,9.15,16.37,11.93,CONFIRMADO,false,true,2026-02-27 16:46:21+00,7f8b7b0c-9b9d-42e5-8a4f-357e6466bc62
bbcc73ab-7901-4da7-ac1c-771f15069e5f,bea20383-3269-42a6-809f-26e5733e2960,7500,6500,6,1.1538,1.0793,16.05,19.13,17.75,CONFIRMADO,false,true,2026-02-27 17:00:48+00,bbcc73ab-7901-4da7-ac1c-771f15069e5f
e149578a-87be-4134-9a69-53f2c39a30b3,7eb17466-6b59-4abc-8554-56a1379f1029,7500,1500,25,5,5.1242,0.23,22.08,14.49,CONFIRMADO,true,true,2026-02-27 17:45:55+00,e149578a-87be-4134-9a69-53f2c39a30b3
16cc6b55-f894-44ab-a38e-486573aa9271,910eec47-38b3-471d-8c78-87a9ffbfd95f,7500,6000,10,1.25,3.3833,0.3,14.58,9.21,CONFIRMADO,false,true,2026-02-27 19:01:54+00,16cc6b55-f894-44ab-a38e-486573aa9271
78f80b89-bf8c-473d-baad-fd36b8f0ef16,921ace6e-c2cb-47d9-810b-912afb46b1da,7500,1500,2,5,1.1083,15.07,17.28,16.18,CONFIRMADO,false,true,2026-02-27 21:31:55+00,78f80b89-bf8c-473d-baad-fd36b8f0ef16
ca67e764-a33c-449d-a4c4-c132297fd061,20fc0172-82e9-4d65-8e4d-e1827a1c2219,7500,7500,1,1,0,14.17,14.17,14.17,CONFIRMADO,false,true,2026-02-27 21:51:34+00,ca67e764-a33c-449d-a4c4-c132297fd061
3defdf23-cb6d-42f9-8bb7-ab03a887fad4,609838f1-8719-42cb-849c-7c4284fa6a0a,1300,1300,9,1,4.2465,4.98,20.1,13.97,CONFIRMADO,false,true,2026-02-28 00:53:54+00,3defdf23-cb6d-42f9-8bb7-ab03a887fad4
b3c9d00d-880b-4030-ab62-619bf99dd31a,05dfa91d-20ee-42ac-8e37-ef438acb5bb6,7500,6000,2,1.25,0.4083,18.6,19.42,19.01,CONFIRMADO,false,true,2026-02-28 08:18:24+00,b3c9d00d-880b-4030-ab62-619bf99dd31a
00d3541e-1a01-4554-82d7-106b235ac34e,9b6a6188-32a6-4c9a-829a-a5dd962b125e,7500,6500,7,1.1538,1.2429,16.1,19.48,17.83,CONFIRMADO,false,true,2026-02-28 11:16:34+00,00d3541e-1a01-4554-82d7-106b235ac34e
f5433db0-68e0-4031-86b0-368ce05089a9,9f945536-dcb2-4359-89f9-a98e0483629e,6000,5200,4,1.1538,4.264,10.82,19.55,15.14,CONFIRMADO,false,true,2026-02-28 11:52:35+00,f5433db0-68e0-4031-86b0-368ce05089a9
5a974dcb-47cc-4862-bcb0-e566e93d69ed,666ebbff-ac93-4995-8f7a-9e72e4477d90,13426.59,13426.59,7,1,3.9967,11.47,21,14.39,CONFIRMADO,false,true,2026-03-01 01:40:53+00,5a974dcb-47cc-4862-bcb0-e566e93d69ed
29aa1c38-a871-40b8-83bd-cc279ffdf048,bc5922e5-c3c8-4672-8f49-4f38e2ac2457,7500,3000,33,2.5,5.5887,0.2,23.13,13.15,CONFIRMADO,true,true,2026-03-01 10:40:10+00,29aa1c38-a871-40b8-83bd-cc279ffdf048
30def6ca-e975-4a78-8d96-0b6d44fa5d79,2fb8ff02-fb79-45d1-8044-f926e42653e5,5320.04,5320.04,41,1,6.0609,0.17,23.97,11.39,CONFIRMADO,true,true,2026-03-01 10:41:05+00,30def6ca-e975-4a78-8d96-0b6d44fa5d79
4fe13dbd-8521-46d2-857c-b9f5109be21e,90724f8a-9439-4d36-8715-5499bd622d71,8744.49,8744.49,61,1,5.5207,0.1,23.85,12.45,CONFIRMADO,true,true,2026-03-01 10:43:56+00,4fe13dbd-8521-46d2-857c-b9f5109be21e
77776e94-1573-491a-8809-3a9fdb6eff93,ac8d9068-ebe7-4efb-8b7d-bb62b7c8933f,29892.69,29892.69,3,1,0.1157,17.33,17.6,17.49,CONFIRMADO,false,true,2026-03-01 12:57:28+00,77776e94-1573-491a-8809-3a9fdb6eff93
eab9c040-27a2-4ee5-88c7-c355f2caf731,99f85bd1-6da6-430e-8ad8-7258257a6a87,5320.04,5320.04,36,1,5.8031,0.22,23.43,12.26,CONFIRMADO,true,true,2026-03-01 13:14:26+00,eab9c040-27a2-4ee5-88c7-c355f2caf731
62456b60-a5f2-4b76-991c-1522b89c61ee,52d7cf98-737d-4b46-8320-6a88ba9f478b,8744.49,8744.49,64,1,5.2833,0.1,23.78,12.51,CONFIRMADO,true,true,2026-03-01 13:21:16+00,62456b60-a5f2-4b76-991c-1522b89c61ee
fa69b97f-5b68-4004-a377-3619dce4a3e1,b479ee3d-7816-4dd5-86cd-cf46382013dc,13426.59,13426.59,3,1,4.5253,0.92,11.07,4.71,CONFIRMADO,false,true,2026-03-01 16:45:33+00,fa69b97f-5b68-4004-a377-3619dce4a3e1
3a334ec7-425a-47fd-94ff-fc621f6115bd,78b83c9f-1966-43b0-8dc7-60cd00134011,14946.44,14946.44,18,1,3.4444,9.43,18.92,14.58,CONFIRMADO,true,true,2026-03-01 17:22:54+00,3a334ec7-425a-47fd-94ff-fc621f6115bd
cb596336-0b18-4bb2-b14a-1c213d7ec123,7fbb9f1b-8402-47b9-8a66-570d79625cd0,4500,1500,3,3,5.038,8.77,20.23,15.82,CONFIRMADO,false,true,2026-03-01 17:41:24+00,cb596336-0b18-4bb2-b14a-1c213d7ec123
e0150f1e-8b62-470d-8e61-cc2fb61dcc77,9465811a-808d-4c97-8e9c-9b5fcfc2e1a2,3000,3000,3,1,6.3871,6.4,20.93,15.34,CONFIRMADO,false,true,2026-03-01 18:36:09+00,e0150f1e-8b62-470d-8e61-cc2fb61dcc77
ddcd3046-8b51-4228-a9c4-f59b732db527,224b5822-995f-4a04-82da-57db957a90eb,13426.59,13426.59,4,1,5.0622,0.82,13.03,9.56,CONFIRMADO,false,true,2026-03-01 19:11:57+00,ddcd3046-8b51-4228-a9c4-f59b732db527
a008b6ee-7687-421e-9984-b4757422223e,f4990c85-b4b5-4d3e-8a7d-bed0904b77cd,838.93,838.93,1,1,0,20.03,20.03,20.03,CONFIRMADO,false,true,2026-03-01 20:02:37+00,a008b6ee-7687-421e-9984-b4757422223e
28ad3448-cd58-4d77-8be3-08b2bfb182ab,67d28964-78f9-4afa-827f-9164032f330f,29892.69,29892.69,5,1,2.5191,12.5,19.1,17.13,CONFIRMADO,false,true,2026-03-01 20:53:25+00,28ad3448-cd58-4d77-8be3-08b2bfb182ab
184545d2-6d05-49ef-8e66-079237474510,5f5e80c7-f121-4ae6-86da-e6cd3de2b630,29892.69,29892.69,3,1,3.8328,10.67,19.47,16.01,CONFIRMADO,false,true,2026-03-01 20:53:38+00,184545d2-6d05-49ef-8e66-079237474510
565885ff-ef9f-44c7-b141-5921d5e3672b,cd283c80-ee9d-49b0-8c7a-3e54096de0b6,3000,3000,1,1,0,21.62,21.62,21.62,CONFIRMADO,false,true,2026-03-01 21:37:51+00,565885ff-ef9f-44c7-b141-5921d5e3672b
99dac8f7-1e7d-424d-bffb-606278cbdf34,3841fe24-7b26-471c-874b-a084293e0738,6000,4500,27,1.3333,5.148,0.85,21.83,11.63,CONFIRMADO,true,true,2026-03-02 01:07:06+00,99dac8f7-1e7d-424d-bffb-606278cbdf34
a763d534-9182-4568-803b-11ee0ac3b503,0ae346f6-140b-47d6-8ef8-ecd9771eef0c,13426.59,13426.59,8,1,8.7731,1.32,22.8,13.65,CONFIRMADO,false,true,2026-03-02 02:52:19+00,a763d534-9182-4568-803b-11ee0ac3b503
85fd1b37-f7a3-4f07-b8b5-e30a5ba20937,1ef67d78-4c96-46f7-87c1-c39dddf498d2,13426.59,13426.59,9,1,7.264,1.07,21.97,14.61,CONFIRMADO,false,true,2026-03-02 02:52:37+00,85fd1b37-f7a3-4f07-b8b5-e30a5ba20937
3b0a59f9-bc47-467e-8f77-b0f2e6afdaf9,268d62a4-4d94-4be7-8e45-36da7e81b7a6,5200,5200,4,1,3.6063,12.6,20.97,17.2,CONFIRMADO,false,true,2026-03-02 05:45:06+00,3b0a59f9-bc47-467e-8f77-b0f2e6afdaf9
54918ad9-471d-4dd8-a8bc-5cfe96be88ee,a40bd8d6-8a47-455b-8363-c1851dd141da,1500,1500,20,1,6.4678,2.12,19.83,11.5,CONFIRMADO,true,true,2026-03-02 07:59:11+00,54918ad9-471d-4dd8-a8bc-5cfe96be88ee
f7c7e6e6-ee48-4c13-b3b2-eb486ad1c395,aab2514a-995d-414c-8ae8-0fa72c2c2965,4308.23,4308.23,1,1,0,8.88,8.88,8.88,CONFIRMADO,false,true,2026-03-02 08:53:58+00,f7c7e6e6-ee48-4c13-b3b2-eb486ad1c395
fe60ab48-5af5-4f0d-b482-68cd4955d1cc,1b90afb5-83aa-420e-8a93-7bb2f94d554d,3293.3,3293.3,1,1,0,16.02,16.02,16.02,CONFIRMADO,false,true,2026-03-02 10:17:22+00,fe60ab48-5af5-4f0d-b482-68cd4955d1cc
caddbb11-cc5c-4b43-98c6-ab58cac59051,e327510c-52cc-4ac3-805d-225374493c54,6726.45,6726.45,3,1,3.9181,13.03,22.38,17.08,CONFIRMADO,false,true,2026-03-02 10:23:57+00,caddbb11-cc5c-4b43-98c6-ab58cac59051
014a59ce-1870-4b3f-adcf-c3213043dcf7,dd95a4f4-bf86-4222-8a7d-cc955fe4e6b7,7093.18,7093.18,1,1,0,10.62,10.62,10.62,CONFIRMADO,false,true,2026-03-02 10:37:26+00,014a59ce-1870-4b3f-adcf-c3213043dcf7
3c818038-128f-4c8b-8def-83e80f254782,173fb795-0625-4ead-825a-0ecf427fce83,14946.44,14946.44,22,1,3.6416,7.1,17.77,12.52,CONFIRMADO,true,true,2026-03-02 10:40:34+00,3c818038-128f-4c8b-8def-83e80f254782
79bc8074-57d2-448a-b700-ed06cd6d49ca,478ca043-17d6-481b-87a4-b94efbd55c1c,4813.24,4813.24,1,1,0,6.88,6.88,6.88,CONFIRMADO,false,true,2026-03-02 12:18:40+00,79bc8074-57d2-448a-b700-ed06cd6d49ca
88939960-43eb-4c50-be7c-9b76601ddc4d,d2a3dc53-266a-4407-8fc3-5d51ce163f88,13426.59,13426.59,5,1,4.5607,6.83,19.02,14.89,CONFIRMADO,false,true,2026-03-02 13:14:52+00,88939960-43eb-4c50-be7c-9b76601ddc4d
a18c4918-34bb-434b-9f74-4d1360a3dbde,258fc5fd-6efa-4715-8665-7df6eb1e48b2,4813.24,4813.24,1,1,0,14.27,14.27,14.27,CONFIRMADO,false,true,2026-03-02 14:16:44+00,a18c4918-34bb-434b-9f74-4d1360a3dbde
2ffe9273-07a8-48f1-aa16-cda8bfb1efd9,9a00f941-c861-4ecc-897e-6a3357606bf2,29892.69,29892.69,1,1,0,16.72,16.72,16.72,CONFIRMADO,false,true,2026-03-02 16:19:39+00,2ffe9273-07a8-48f1-aa16-cda8bfb1efd9
7040236f-17c8-40db-9d06-bbe743fedae7,0254b2b1-d5f5-4fc6-80a1-2e8f4b7e3d23,29892.69,29892.69,4,1,5.1538,7.03,19.23,13.64,CONFIRMADO,false,true,2026-03-02 16:37:40+00,7040236f-17c8-40db-9d06-bbe743fedae7
1d6c3fa0-15a4-486b-b88c-39891285ab82,e829722d-5af3-4667-8526-6b38045a2a40,29892.69,29892.69,4,1,0.9645,16.68,19.37,17.89,CONFIRMADO,false,true,2026-03-02 17:34:11+00,1d6c3fa0-15a4-486b-b88c-39891285ab82
781f7cd7-7a78-495b-bc32-7eabf2759873,9f0e4786-37fe-4ea9-80a1-ad20438ed0f4,8744.49,8744.49,8,1,5.2368,1.3,17.35,10.68,CONFIRMADO,false,true,2026-03-02 17:38:02+00,781f7cd7-7a78-495b-bc32-7eabf2759873
a8feafba-fa11-4e9a-b446-f7a86c7cf2fc,aeef01ba-08d7-4e0b-8173-bb7d837af30e,29892.69,29892.69,1,1,0,17.92,17.92,17.92,CONFIRMADO,false,true,2026-03-02 17:55:51+00,a8feafba-fa11-4e9a-b446-f7a86c7cf2fc
cb9e7fb5-b561-4e46-8d31-b6270468a31d,61cec489-ecb6-4c66-8ac3-0acb672e5709,29892.69,29892.69,5,1,4.6963,7.08,19.05,12.76,CONFIRMADO,false,true,2026-03-02 18:17:10+00,cb9e7fb5-b561-4e46-8d31-b6270468a31d
bb21fcf6-a158-4f09-8d75-81f358bd1a68,ebbc43b7-9d1e-4dac-8be8-d3b7ce2a9615,6000,1500,60,4,4.7318,1.68,22.07,14.25,CONFIRMADO,true,true,2026-03-02 22:01:35+00,bb21fcf6-a158-4f09-8d75-81f358bd1a68
08b92911-35c0-4f9d-b946-9c97cd6f9e7e,51220f92-b8a0-420e-86b3-674790979308,6000,6000,1,1,0,15.2,15.2,15.2,CONFIRMADO,false,true,2026-03-02 23:46:18+00,08b92911-35c0-4f9d-b946-9c97cd6f9e7e
5c889f3a-06ae-4470-b9d3-45428d9a3ea1,6c7aa76e-c2db-4911-8408-4d71db9758b3,13426.59,13426.59,1,1,0,0.97,0.97,0.97,CONFIRMADO,false,true,2026-03-03 00:47:23+00,5c889f3a-06ae-4470-b9d3-45428d9a3ea1
879c97e0-07af-42bc-818d-d52bcd91897e,e2261f49-1cce-46df-8aa9-f4469f3f3c2d,5320.04,5320.04,3,1,5.8345,1.4,15.63,8.14,CONFIRMADO,false,true,2026-03-03 01:06:15+00,879c97e0-07af-42bc-818d-d52bcd91897e
320c8f02-286f-4f4f-bb2e-0d94723c0ceb,9b64797c-57df-49ad-8f16-d397760c9188,2279.92,2279.92,2,1,4.7917,12.92,22.5,17.71,CONFIRMADO,false,true,2026-03-03 05:37:14+00,320c8f02-286f-4f4f-bb2e-0d94723c0ceb
80f31686-f4a1-427c-9e7d-3b6caf72b441,1d79eee7-775b-493f-85fd-4d3007d24a7b,7500,3000,8,2.5,2.2273,11.18,18.08,14.45,CONFIRMADO,false,true,2026-03-03 05:49:52+00,80f31686-f4a1-427c-9e7d-3b6caf72b441
c9f23f14-7757-41f1-9ba1-1c6216b35157,b4ec8d64-34cd-438b-8ef1-42a79168ef52,4500,4500,8,1,5.4394,1.67,20.82,11.73,CONFIRMADO,false,true,2026-03-03 07:12:36+00,c9f23f14-7757-41f1-9ba1-1c6216b35157
4f385fa0-223b-40ca-951f-be20f7906843,c6c0d001-3ea3-4318-828e-778270057eb6,29892.69,29892.69,1,1,0,8.35,8.35,8.35,CONFIRMADO,false,true,2026-03-03 08:21:11+00,4f385fa0-223b-40ca-951f-be20f7906843
acc5cfbe-691e-4068-aec7-228aa01b6693,67b609ac-6c04-4035-8688-41f44a74a129,3355.72,3355.72,1,1,0,8.6,8.6,8.6,CONFIRMADO,false,true,2026-03-03 08:36:24+00,acc5cfbe-691e-4068-aec7-228aa01b6693
622edf78-8362-4611-9edb-1903b8afa6bc,d14de0fb-20f8-4cc8-87dc-84a2a1784b57,14946.44,14946.44,6,1,4.6915,7.57,18.85,13.57,CONFIRMADO,false,true,2026-03-03 08:43:13+00,622edf78-8362-4611-9edb-1903b8afa6bc
eaad7a70-ead9-4ead-8e8c-a225160b440d,1aa610f7-c4a9-4797-8596-6b4b85af7f09,6000,6000,9,1,3.7805,8.67,21.85,13.23,CONFIRMADO,false,true,2026-03-03 09:12:53+00,eaad7a70-ead9-4ead-8e8c-a225160b440d
aa0dccd1-a565-47f5-9674-48f7005563b1,33f3473e-5a63-4903-8efa-6ad119f220db,6000,3000,4,2,2.5268,13.9,20.17,17.75,CONFIRMADO,false,true,2026-03-03 09:50:18+00,aa0dccd1-a565-47f5-9674-48f7005563b1
944cdf95-dac3-4dd5-9ec3-00b8e691b356,58748dda-1c03-4313-84f1-3244a350aa12,6000,6000,2,1,0.9333,20.38,22.25,21.32,CONFIRMADO,false,true,2026-03-03 10:54:21+00,944cdf95-dac3-4dd5-9ec3-00b8e691b356
c13b99e1-29ef-40a2-bf09-3df48f2e8502,1fe9c29d-25be-4c97-8419-e0fb50af68ac,13426.59,13426.59,2,1,0.225,11.02,11.47,11.24,CONFIRMADO,false,true,2026-03-03 11:01:03+00,c13b99e1-29ef-40a2-bf09-3df48f2e8502
fcf7c79c-85b4-46fd-83e9-9848c99b0b0d,e27649d4-dc13-4359-8cae-a45ef21e02df,3040.04,3040.04,1,1,0,11.08,11.08,11.08,CONFIRMADO,false,true,2026-03-03 11:18:06+00,fcf7c79c-85b4-46fd-83e9-9848c99b0b0d
eb4ee65a-a5bd-4668-b8a6-471639f206f8,90ce2b18-b90d-499c-8e06-36031671c9bc,6000,3000,21,2,6.0655,2.22,23.58,13.55,CONFIRMADO,true,true,2026-03-03 11:57:41+00,eb4ee65a-a5bd-4668-b8a6-471639f206f8
f6528f1e-29e1-42ba-884a-a0bb07e8e8bd,2b26ce38-8809-48c1-897c-df26d1b0b7fe,1266.56,1266.56,1,1,0,11.87,11.87,11.87,CONFIRMADO,false,true,2026-03-03 11:59:33+00,f6528f1e-29e1-42ba-884a-a0bb07e8e8bd
3c9e459c-acb5-49b2-975c-1895b6616cf1,8abcf441-52ed-4d72-8815-41ce00ea5d82,6000,6000,1,1,0,12.07,12.07,12.07,CONFIRMADO,false,true,2026-03-03 12:04:44+00,3c9e459c-acb5-49b2-975c-1895b6616cf1
6ff42a22-cbe6-44c2-84b4-2bd6ee69a1fc,f3d07caf-e8b6-41a0-89e1-3ce3ac27f076,13426.59,13426.59,2,1,6.0667,1,13.13,7.07,CONFIRMADO,false,true,2026-03-03 14:03:56+00,6ff42a22-cbe6-44c2-84b4-2bd6ee69a1fc
19583751-10ac-4c0e-986c-f8103ea2982f,8b93500f-3a00-4669-8dd8-90105619b0c1,1500,1500,2,1,1.125,7.92,10.17,9.04,CONFIRMADO,false,true,2026-03-03 16:45:35+00,19583751-10ac-4c0e-986c-f8103ea2982f
4a7507ca-e0f0-4253-b800-4f3b141f353c,4604c384-054e-4ba5-89f1-4f6d7344718b,3000,3000,1,1,0,18.63,18.63,18.63,CONFIRMADO,false,true,2026-03-03 18:38:00+00,4a7507ca-e0f0-4253-b800-4f3b141f353c
902b21e8-4703-420e-a1ac-72eb1dae4542,19eb4d80-096c-4b32-8089-aba6d9b8faa6,7500,7500,2,1,8.6917,3.6,20.98,12.29,CONFIRMADO,false,true,2026-03-03 20:59:59+00,902b21e8-4703-420e-a1ac-72eb1dae4542
99b48997-e1ee-4787-8352-bb0fbf92a3f2,3c87995d-d920-4188-825d-8f5a3f165678,3000,3000,9,1,6.7481,0.23,20.68,10.92,CONFIRMADO,false,true,2026-03-03 22:35:15+00,99b48997-e1ee-4787-8352-bb0fbf92a3f2
52b4c92f-a717-40b0-84b8-b696147a72b8,290982e2-9202-4c0d-8db8-cc8a1a779643,17400,17400,22,1,5.5552,1.22,22.03,13.05,CONFIRMADO,true,true,2026-03-04 07:28:24+00,52b4c92f-a717-40b0-84b8-b696147a72b8
7124668f-2989-4645-a0a3-001381038979,4291a26a-ecd5-4a21-89d3-304cbc4a324a,17400,17400,18,1,5.1457,4.47,23.58,13.71,CONFIRMADO,true,true,2026-03-04 08:59:50+00,7124668f-2989-4645-a0a3-001381038979
03668afa-0507-48c9-8135-c194f0c502e1,844882bb-1b0a-45c3-874d-bd873b02e38e,7500,7500,2,1,2.5917,9.48,14.67,12.08,CONFIRMADO,false,true,2026-03-04 09:29:54+00,03668afa-0507-48c9-8135-c194f0c502e1
c7828077-813f-4ece-827e-3302822f4498,de992cb5-8a64-448c-824d-314bf9ade137,7500,7500,3,1,1.0144,16.32,18.77,17.66,CONFIRMADO,false,true,2026-03-04 16:19:45+00,c7828077-813f-4ece-827e-3302822f4498
9f0b8cd5-b81a-4cc9-b55e-93d2e6c36fe5,34bee852-72cd-41b0-867b-975b8c4a3ba8,1791.09,1791.09,2,1,0.4167,16.27,17.1,16.68,CONFIRMADO,false,true,2026-03-04 18:00:41+00,9f0b8cd5-b81a-4cc9-b55e-93d2e6c36fe5
d243e8ac-a10a-4d06-93c5-663ce155eecc,de46f4dd-b159-46fb-8c15-392cf6615139,3000,3000,7,1,2.8425,13.13,22.45,18.48,CONFIRMADO,false,true,2026-03-04 18:25:23+00,d243e8ac-a10a-4d06-93c5-663ce155eecc
9d8619dd-6968-4bb4-aa19-d1cd4df5f535,bbc3726b-ca5d-4942-8cf3-5a8a2afc1019,7500,6000,1,1.25,0,20.92,20.92,20.92,CONFIRMADO,false,true,2026-03-04 23:00:19+00,9d8619dd-6968-4bb4-aa19-d1cd4df5f535
f62ad0b4-b255-4cfa-a70f-6907583ba482,8985260e-459f-4602-8c78-84816ecd8dda,7500,7500,3,1,7.0514,3.97,21.23,12.47,CONFIRMADO,false,true,2026-03-05 03:58:59+00,f62ad0b4-b255-4cfa-a70f-6907583ba482
8f4965ba-e987-40f9-bf98-cd1c62f5c5ea,8ff5dee8-e524-4514-8436-875635ad8fdc,4500,4500,1,1,0,12.37,12.37,12.37,CONFIRMADO,false,true,2026-03-05 12:22:50+00,8f4965ba-e987-40f9-bf98-cd1c62f5c5ea
cc2f224e-18c0-4fa5-ab66-17e47b568f44,49917016-1fb4-4710-810f-52e70854405c,7500,7500,1,1,0,12.53,12.53,12.53,CONFIRMADO,false,true,2026-03-05 12:32:37+00,cc2f224e-18c0-4fa5-ab66-17e47b568f44
bfc21f34-0bd1-4382-aced-ce46e18d0661,fe72133c-3a12-4a20-89e6-a0e11bb618bd,7500,6000,2,1.25,1.925,10.37,14.22,12.29,CONFIRMADO,false,true,2026-03-05 13:16:07+00,bfc21f34-0bd1-4382-aced-ce46e18d0661
a3d3d131-5953-46fa-b9d5-b89c3b961115,78f49276-e0b1-4f3d-8160-dbffd1c9d488,7500,6000,2,1.25,1.15,11.17,13.47,12.32,CONFIRMADO,false,true,2026-03-05 14:17:56+00,a3d3d131-5953-46fa-b9d5-b89c3b961115
93ed392e-749c-49b5-8caa-cab5c8066ad1,51739af4-6efa-4800-8102-b218a4e36730,7500,6000,6,1.25,6.7363,6.33,23.92,15.42,CONFIRMADO,false,true,2026-03-05 18:34:56+00,93ed392e-749c-49b5-8caa-cab5c8066ad1
c2bdb43b-e139-49ff-938d-c3c16777515f,8dc8109a-27e2-4f6c-82a9-121b0f289519,6000,6000,1,1,0,14.8,14.8,14.8,CONFIRMADO,false,true,2026-03-05 23:15:38+00,c2bdb43b-e139-49ff-938d-c3c16777515f
550c1df9-3bc3-43c2-9148-7d81430ca371,1b853ccd-019a-4d0b-8add-a4b966ddc6ec,5200,5200,1,1,0,14.15,14.15,14.15,CONFIRMADO,false,true,2026-03-06 03:11:53+00,550c1df9-3bc3-43c2-9148-7d81430ca371
e8148c11-9f71-4239-af6a-0c21042c6491,7457deea-83ca-4972-8eae-eec2b9dfe636,9373.11,9373.11,1,1,0,5.4,5.4,5.4,CONFIRMADO,false,true,2026-03-06 05:24:05+00,e8148c11-9f71-4239-af6a-0c21042c6491
998d821e-4022-48aa-a5c6-7d9b2a861cdb,0ac1a82d-3a71-42ce-8e5d-6fdf6eb6d095,6000,6000,1,1,0,5.07,5.07,5.07,CONFIRMADO,false,true,2026-03-06 09:01:53+00,998d821e-4022-48aa-a5c6-7d9b2a861cdb
d56f7a94-e995-4b42-9439-73f6aede78d6,dcbaac1a-940b-4635-8dab-c39fdd45a63a,7500,7500,3,1,2.3374,11.28,17,14.23,CONFIRMADO,false,true,2026-03-06 10:18:03+00,d56f7a94-e995-4b42-9439-73f6aede78d6
0f3bd17e-8d06-4a01-a09a-bdd0ecc0a411,d681702b-cf0b-4e46-86dc-983be8445d80,6000,6000,3,1,5.6177,7.07,19.47,11.54,CONFIRMADO,false,true,2026-03-06 10:29:21+00,0f3bd17e-8d06-4a01-a09a-bdd0ecc0a411
938ba8e4-21a6-4e77-a825-11c5257f8250,b983a4c1-c54f-4be2-8c0f-674d97d17ba0,7500,6000,2,1.25,1.9,14.23,18.03,16.13,CONFIRMADO,false,true,2026-03-06 10:29:39+00,938ba8e4-21a6-4e77-a825-11c5257f8250
dc57763a-bf0a-4948-8656-c9002e7f3db2,83cc8ac6-cbf1-4805-81b9-df937140db43,4500,1500,1,3,0,17.77,17.77,17.77,CONFIRMADO,false,true,2026-03-06 12:24:35+00,dc57763a-bf0a-4948-8656-c9002e7f3db2
47817122-765f-4068-969e-e6b60736823c,10733806-17ff-4224-8283-b4782f542d6d,3040.04,3040.04,1,1,0,6.33,6.33,6.33,CONFIRMADO,false,true,2026-03-06 13:05:51+00,47817122-765f-4068-969e-e6b60736823c
ece6ac92-6a0b-4d09-8932-58d90e30c6ae,bb636761-6720-4f91-86de-12b8314b6822,6000,6000,3,1,4.5241,8.23,19.28,14,CONFIRMADO,false,true,2026-03-06 13:08:33+00,ece6ac92-6a0b-4d09-8932-58d90e30c6ae
01f78cb7-af42-47c8-89f1-fab57ae49312,f85034ec-ac28-421a-8802-31f50b0e80c6,6000,6000,1,1,0,8.8,8.8,8.8,CONFIRMADO,false,true,2026-03-06 13:09:21+00,01f78cb7-af42-47c8-89f1-fab57ae49312
02713418-7127-46c6-95fe-ff94613bfba0,debdb370-1ba4-49d7-8c0a-2d6865edc313,4500,4500,1,1,0,17.87,17.87,17.87,CONFIRMADO,false,true,2026-03-06 17:52:06+00,02713418-7127-46c6-95fe-ff94613bfba0
909d784c-47e6-4fe2-91ae-2973f9ba2de3,edf4b40f-070e-4776-883e-a34289aac3ee,4970.74,4970.74,44,1,8.516,0.27,23.75,13.06,CONFIRMADO,true,true,2026-03-07 00:15:16+00,909d784c-47e6-4fe2-91ae-2973f9ba2de3
68bd654c-126f-4ff6-b354-5346782321fc,b8ec6fda-bb12-4dd0-8769-c623acfa2a0c,4970.74,4970.74,28,1,6.3099,2.38,23.43,12.88,CONFIRMADO,true,true,2026-03-07 01:39:37+00,68bd654c-126f-4ff6-b354-5346782321fc
a08d1daa-6eb2-440f-8e45-8e240096717a,f73949a4-87bc-4d56-8338-a93c1f82bee3,994.15,994.15,40,1,6.662,0.6,22.93,11.42,CONFIRMADO,true,true,2026-03-07 02:18:55+00,a08d1daa-6eb2-440f-8e45-8e240096717a
02e4cde5-0e9e-42c3-b65b-f7d74fb7b56b,c9381ef2-6781-45a8-890a-e67d3e06f308,994.15,994.15,3,1,0.055,3.38,3.52,3.44,CONFIRMADO,false,true,2026-03-07 04:53:45+00,02e4cde5-0e9e-42c3-b65b-f7d74fb7b56b
b05dee94-13a7-402e-a32d-754e857409fe,28ca0e32-1494-4ed5-8e73-208c6b227660,3976.59,3976.59,26,1,4.7611,1.5,15.83,8.28,CONFIRMADO,true,true,2026-03-07 06:28:09+00,b05dee94-13a7-402e-a32d-754e857409fe
32f69525-fbce-48aa-9819-0d592cf41159,a0ad6176-c227-486d-8fe1-94ec43039ac7,3976.59,3976.59,1,1,0,12.02,12.02,12.02,CONFIRMADO,false,true,2026-03-07 06:37:57+00,32f69525-fbce-48aa-9819-0d592cf41159
13537ce3-bd64-4d52-bead-00d803ee9596,38e92514-2139-4f81-8be7-116d318a6f76,3976.59,3976.59,4,1,0.5603,11.22,12.7,12.08,CONFIRMADO,false,true,2026-03-07 07:55:24+00,13537ce3-bd64-4d52-bead-00d803ee9596
06d1fb27-414d-492d-a37c-814f51148bd2,70e24954-b625-463a-8a96-01d9f14849e8,3976.59,3976.59,63,1,4.4762,3.1,21.93,11.83,CONFIRMADO,true,true,2026-03-07 08:16:46+00,06d1fb27-414d-492d-a37c-814f51148bd2
2f80ab0a-b5a2-4650-bba2-2788d5222efa,facc96ab-439b-4891-8bdc-0d9e64a343f6,3976.59,3976.59,5,1,5.7616,5.82,23.7,13.85,CONFIRMADO,false,true,2026-03-07 09:02:15+00,2f80ab0a-b5a2-4650-bba2-2788d5222efa
4cd927a3-79c6-4a2a-8b73-825edae73d2b,66581dc8-5dfa-42f8-883b-98370d8fd935,3976.59,3976.59,3,1,5.4267,2.53,15.37,9.95,CONFIRMADO,false,true,2026-03-07 09:31:15+00,4cd927a3-79c6-4a2a-8b73-825edae73d2b
145809d8-4414-4ecd-a2b8-64788307ff39,0cbb5d73-254f-4f26-89c8-7e388369a2d7,5200,5200,1,1,0,10.73,10.73,10.73,CONFIRMADO,false,true,2026-03-07 10:44:55+00,145809d8-4414-4ecd-a2b8-64788307ff39
9c4be4f0-6eb5-4d61-bed0-857c201e926e,4bad68db-0b0f-4425-8364-15b41754549e,5200,5200,1,1,0,10.8,10.8,10.8,CONFIRMADO,false,true,2026-03-07 10:48:08+00,9c4be4f0-6eb5-4d61-bed0-857c201e926e
29624fdf-983b-4ccc-8933-f5b1c4883a15,b5cd2205-8617-47dd-8747-ea6f2cb325fb,4771.95,3976.59,47,1.2,3.8114,7.18,19.93,15.28,CONFIRMADO,true,true,2026-03-07 13:08:36+00,29624fdf-983b-4ccc-8933-f5b1c4883a15
f944bb7f-49b7-4603-83d0-06d5f67f3b2d,2448c069-4adc-4cca-8e80-227248822805,4771.95,3976.59,40,1.2,4.3598,7.05,19.53,14.51,CONFIRMADO,true,true,2026-03-07 13:43:54+00,f944bb7f-49b7-4603-83d0-06d5f67f3b2d
de6279af-889d-4f6c-a473-3e6136e525b0,29319c95-4954-4a7e-8ddb-f6b49cc2aac0,4771.95,3976.59,2,1.2,0.6083,8.5,9.72,9.11,CONFIRMADO,false,true,2026-03-07 14:22:26+00,de6279af-889d-4f6c-a473-3e6136e525b0
8e388c96-4f3d-4746-8847-6307b17a1920,0fb6f612-c6b8-437f-8836-49d15f321912,994.15,994.15,1,1,0,15.62,15.62,15.62,CONFIRMADO,false,true,2026-03-07 15:37:14+00,8e388c96-4f3d-4746-8847-6307b17a1920
96ff44b1-621a-47b7-82f0-05a756e26268,d5d8ec2e-6ac3-47b3-895f-4c1e64958bc8,1500,1500,3,1,5.5843,3.6,15.75,7.86,CONFIRMADO,false,true,2026-03-07 15:45:25+00,96ff44b1-621a-47b7-82f0-05a756e26268
cba41b0d-911e-47cc-bce8-b80aa1742c52,04a705bf-cebd-41c0-887a-ae3fed86a0e1,5964.94,4970.74,14,1.2,3.4715,9.37,20.95,16.92,CONFIRMADO,false,true,2026-03-07 17:28:08+00,cba41b0d-911e-47cc-bce8-b80aa1742c52
a11472a7-23ee-4897-844d-e62b9e2930ec,6a6d7603-4a26-46e0-89b7-5cc9eae88e76,4970.74,4970.74,14,1,7.2471,0.72,22,13.37,CONFIRMADO,false,true,2026-03-07 18:17:29+00,a11472a7-23ee-4897-844d-e62b9e2930ec
9f680c5d-de21-45ae-b69c-738627582e6d,66e60bf6-da74-4599-89ad-8854d1705f32,4970.74,4970.74,11,1,7.1847,1.78,22.7,13.44,CONFIRMADO,false,true,2026-03-07 18:42:07+00,9f680c5d-de21-45ae-b69c-738627582e6d
f0230726-5251-4e3a-8bb3-761594c3a2eb,08df2708-5666-4bcf-8825-a2b5ffb4259a,5660.62,5660.62,4,1,6.2754,5.83,22.65,12.49,CONFIRMADO,false,true,2026-03-08 20:58:01+00,f0230726-5251-4e3a-8bb3-761594c3a2eb
3871aa14-b770-426c-8795-385e371f8c2f,684a556f-4677-4c77-8e41-8c7326b4a3aa,4970.74,4970.74,1,1,0,9.35,9.35,9.35,CONFIRMADO,false,true,2026-03-09 02:13:27+00,3871aa14-b770-426c-8795-385e371f8c2f
b924061c-7bc8-4939-85c0-d2575a9f84c7,5f19fc18-325c-465c-8bc1-147785e480c4,4970.74,4970.74,5,1,6.5106,2.28,22.25,14.19,CONFIRMADO,false,true,2026-03-09 04:22:17+00,b924061c-7bc8-4939-85c0-d2575a9f84c7
c91b3114-f482-400c-a74c-a50fd027c991,77e44855-1058-458e-8a84-00662f60b118,6000,6000,4,1,3.7848,10.75,20.02,14,CONFIRMADO,false,true,2026-03-09 04:35:11+00,c91b3114-f482-400c-a74c-a50fd027c991
a83d8f83-df4e-457a-b54e-13b75ffaeaea,60247fae-1301-41f8-85ba-0e01bcca9383,3976.59,3976.59,47,1,3.2203,5.3,20.1,12.94,CONFIRMADO,true,true,2026-03-09 06:34:10+00,a83d8f83-df4e-457a-b54e-13b75ffaeaea
2ea919a2-8a34-488c-9479-7473841a463d,f4b349aa-fa13-49e9-80d5-f9ec7d5084c1,4771.95,3976.59,10,1.2,3.6407,9.23,19.53,14.53,CONFIRMADO,false,true,2026-03-09 07:03:07+00,2ea919a2-8a34-488c-9479-7473841a463d
b5313fd0-8008-47cc-8bc2-b71b3aa0bfb5,722fb880-c029-4f8b-8d50-001c81d1c4dc,2385.97,2385.97,2,1,0.3083,16.07,16.68,16.38,CONFIRMADO,false,true,2026-03-09 09:17:42+00,b5313fd0-8008-47cc-8bc2-b71b3aa0bfb5
c379fe80-aee3-46b3-ae90-61a59f7f04dd,0a14f7af-714e-49b0-84d0-ca0fcdac74b9,4771.95,3976.59,30,1.2,3.6597,7.03,19.2,14.68,CONFIRMADO,true,true,2026-03-09 09:55:36+00,c379fe80-aee3-46b3-ae90-61a59f7f04dd
6390b0c8-9591-4ede-bee7-8721308aa97f,d266757b-81d2-4c23-8d6c-988278765c5b,1500,1500,2,1,4.1917,10.1,18.48,14.29,CONFIRMADO,false,true,2026-03-09 10:06:10+00,6390b0c8-9591-4ede-bee7-8721308aa97f
1bd6d115-71b8-400a-b0a9-d00931dfa827,dd1a8003-7e1d-4439-8103-a42e30e6bea8,1988.3,1988.3,1,1,0,14.45,14.45,14.45,CONFIRMADO,false,true,2026-03-09 11:14:24+00,1bd6d115-71b8-400a-b0a9-d00931dfa827
10bce807-210f-47ca-a68f-efb442daea15,ec602229-ec9f-4e74-8db2-7640f9c5d153,994.15,994.15,1,1,0,4.58,4.58,4.58,CONFIRMADO,false,true,2026-03-09 12:47:52+00,10bce807-210f-47ca-a68f-efb442daea15
88444766-197b-464d-a733-977fa4e2beb8,cc4bc448-9fa2-4000-83a3-9d55a0f85257,3976.59,3976.59,2,1,0.375,12.35,13.1,12.73,CONFIRMADO,false,true,2026-03-09 13:06:45+00,88444766-197b-464d-a733-977fa4e2beb8
0471c702-2640-4d3c-b309-5092aedf558b,3fd54f5b-34e5-42e2-8ec5-e6d29727bdd2,3976.59,3976.59,51,1,4.9471,0.37,22.37,12.13,CONFIRMADO,true,true,2026-03-09 14:00:51+00,0471c702-2640-4d3c-b309-5092aedf558b
cd2df0f2-f6ca-4ad4-9e90-98a2a0e6e759,ba0e505e-f52c-436b-86d3-65d7ee0cef96,3976.59,3976.59,2,1,0.6917,13.92,15.3,14.61,CONFIRMADO,false,true,2026-03-09 14:47:45+00,cd2df0f2-f6ca-4ad4-9e90-98a2a0e6e759
a7a06258-e4f8-4f8d-a9fd-e8308d9dea90,6ccfd96e-dcac-4a33-8594-047b9a50a545,7093.18,7093.18,1,1,0,16.23,16.23,16.23,CONFIRMADO,false,true,2026-03-09 16:05:58+00,a7a06258-e4f8-4f8d-a9fd-e8308d9dea90
6c10aa61-1b9a-4784-bf81-7644c664e4cc,9954a4d7-6bdc-4065-8b0f-c7d154cc4d35,4771.95,3976.59,2,1.2,3.2417,10.85,17.33,14.09,CONFIRMADO,false,true,2026-03-09 18:13:17+00,6c10aa61-1b9a-4784-bf81-7644c664e4cc
5521eb80-bb41-4c46-99d3-eed8b368db39,ddac2e4d-0daa-4e02-8fc7-2ef10e86d795,4500,4500,3,1,7.041,4.13,19.63,14.07,CONFIRMADO,false,true,2026-03-09 18:26:42+00,5521eb80-bb41-4c46-99d3-eed8b368db39
5208e1ab-9988-411d-a4e0-537d6148ce4e,33d316df-bcc0-495c-8305-b4148f3e63cb,5964.94,4970.74,11,1.2,3.8874,8.82,20.87,17.13,CONFIRMADO,false,true,2026-03-09 19:41:36+00,5208e1ab-9988-411d-a4e0-537d6148ce4e
53102eba-f01d-41a4-ab4e-f057e2443b52,c819befd-54a5-4bae-861a-439c204d30aa,3000,3000,1,1,0,21.87,21.87,21.87,CONFIRMADO,false,true,2026-03-09 21:52:26+00,53102eba-f01d-41a4-ab4e-f057e2443b52
3e6655bf-33fd-45e6-9c22-69192effd24f,57dbb369-f6a7-4f83-8e56-da91b94a98a2,3000,3000,1,1,0,23.38,23.38,23.38,CONFIRMADO,false,true,2026-03-09 23:23:34+00,3e6655bf-33fd-45e6-9c22-69192effd24f
19e29d0c-181b-480c-a3b1-ffc4b3c74c58,f4172d81-d74a-47c3-8b81-ca69b13af330,8916.24,8916.24,1,1,0,2.05,2.05,2.05,CONFIRMADO,false,true,2026-03-10 02:03:55+00,19e29d0c-181b-480c-a3b1-ffc4b3c74c58
a23c4a91-40e4-4df4-8a84-843e0c4562b0,f4172d81-d74a-47c3-8b81-ca69b13af330,21653.75,21653.75,1,1,0,2.12,2.12,2.12,CONFIRMADO,false,true,2026-03-10 02:07:52+00,a23c4a91-40e4-4df4-8a84-843e0c4562b0
b2ba41a4-b66c-4911-95c7-949f7bbec4eb,b2a00bf0-af1a-498f-8b77-d5345666baab,4771.95,4771.95,3,1,2.8835,10.38,16.52,12.44,CONFIRMADO,false,true,2026-03-10 07:33:40+00,b2ba41a4-b66c-4911-95c7-949f7bbec4eb
ab904eb6-277f-4ccb-abc3-3910031ec7f1,31b67da6-a0cf-498d-847a-323e7d908778,4500,4500,1,1,0,10.88,10.88,10.88,CONFIRMADO,false,true,2026-03-10 10:53:20+00,ab904eb6-277f-4ccb-abc3-3910031ec7f1
83220439-110d-47f6-a241-d26404fc0c54,80407cef-fc16-4336-8e0b-00b43fdaf7d1,6600,6600,2,1,1.2917,10.08,12.67,11.38,CONFIRMADO,false,true,2026-03-10 14:04:35+00,83220439-110d-47f6-a241-d26404fc0c54
1e38ead2-ddec-4e0f-804c-b30a8d9e952d,c4090dc7-0f9f-4b8f-8a87-65be4204a496,4970.74,4970.74,1,1,0,14.93,14.93,14.93,CONFIRMADO,false,true,2026-03-10 14:16:31+00,1e38ead2-ddec-4e0f-804c-b30a8d9e952d
194c8ad6-7465-4165-969c-d96631fb0f69,87ea9909-7488-4644-8c23-02041e5ad6a2,1192.99,994.15,17,1.2,4.1279,7.18,20.87,16.77,CONFIRMADO,true,true,2026-03-10 16:41:19+00,194c8ad6-7465-4165-969c-d96631fb0f69
70e9a3db-0a7d-4e29-bd4d-106494c07ed5,ffdbf581-4044-469c-801a-a720b204a708,5964.94,4970.74,9,1.2,4.3121,7.17,19.13,14.56,CONFIRMADO,false,true,2026-03-10 17:23:32+00,70e9a3db-0a7d-4e29-bd4d-106494c07ed5
cab5cc89-6e59-4c69-a154-fda1cc990ed3,f6972b14-dedf-41e7-84e8-b9aac9f611f5,5964.94,4970.74,8,1.2,3.9141,7.65,17.78,12.66,CONFIRMADO,false,true,2026-03-10 18:26:46+00,cab5cc89-6e59-4c69-a154-fda1cc990ed3
4c4c5c64-1bdf-400f-b584-a1e86fdbb222,9c43f5a7-f39c-4b8e-8121-a20d1b6b6c65,5964.94,5964.94,1,1,0,16.03,16.03,16.03,CONFIRMADO,false,true,2026-03-10 18:46:30+00,4c4c5c64-1bdf-400f-b584-a1e86fdbb222
6075d461-1475-43c6-9ed8-a4a9d23dd172,5323f63c-8a10-4c40-86a6-372e126dc618,6000,6000,2,1,10.475,1.33,22.28,11.81,CONFIRMADO,false,true,2026-03-11 01:20:27+00,6075d461-1475-43c6-9ed8-a4a9d23dd172
8fd465a0-8f87-4890-8c53-063a12acbc44,48ca0582-72ee-4146-8985-3635c07bb8af,3976.59,1988.3,3,2,4.153,6.15,15.05,9.18,CONFIRMADO,false,true,2026-03-11 01:39:01+00,8fd465a0-8f87-4890-8c53-063a12acbc44
2aab5f63-77d5-41f8-8438-25f09c9053ee,f4990c85-b4b5-4d3e-8a7d-bed0904b77cd,1192.99,1192.99,1,1,0,9.92,9.92,9.92,CONFIRMADO,false,true,2026-03-11 09:36:22+00,2aab5f63-77d5-41f8-8438-25f09c9053ee
b23d9a51-6d6f-4bb5-b8a4-66a7f5ee0b96,dbc69076-932b-48be-826a-f1edb39ae313,4771.95,3976.59,5,1.2,0.5127,9.53,10.88,10.08,CONFIRMADO,false,true,2026-03-11 10:55:40+00,b23d9a51-6d6f-4bb5-b8a4-66a7f5ee0b96
efb71810-aeef-4876-b013-1535869dda1a,c303e1ee-9ada-4a2b-8823-38d01f3d8916,994.15,994.15,2,1,6.0417,0.08,12.17,6.13,CONFIRMADO,false,true,2026-03-11 12:13:20+00,efb71810-aeef-4876-b013-1535869dda1a
7e7f2f2c-f829-4e6f-b11c-8284d7d312a4,963b700a-640a-4fe0-83d3-0a531946bfa8,994.15,994.15,4,1,5.3925,1.73,15.07,5.83,CONFIRMADO,false,true,2026-03-11 12:33:23+00,7e7f2f2c-f829-4e6f-b11c-8284d7d312a4
7fe7ceee-ef7d-49d9-9262-2e3f331f47b2,dad0423c-397b-4125-82aa-9bbbb0c0ddfc,1300,1300,1,1,0,14.75,14.75,14.75,CONFIRMADO,false,true,2026-03-11 13:57:54+00,7fe7ceee-ef7d-49d9-9262-2e3f331f47b2
6ec43beb-7324-4f8d-896d-6efe272930de,cdaa7cd6-0dd4-4590-8193-2abdeffb0ce8,3976.59,3976.59,3,1,4.5114,4.98,15.08,11.33,CONFIRMADO,false,true,2026-03-11 14:43:32+00,6ec43beb-7324-4f8d-896d-6efe272930de
00e6d11e-8faf-4b02-b256-b2b147a1c2e2,9bd32ff9-66ce-4119-8990-7a64e9ea1692,4771.95,4771.95,2,1,0.025,18.67,18.72,18.69,CONFIRMADO,false,true,2026-03-11 18:40:20+00,00e6d11e-8faf-4b02-b256-b2b147a1c2e2
7f587078-ff09-4f05-8d23-6aeff887dc65,edcb2377-1731-4b03-8325-d977609f6260,4970.74,4970.74,1,1,0,22.02,22.02,22.02,CONFIRMADO,false,true,2026-03-11 22:01:23+00,7f587078-ff09-4f05-8d23-6aeff887dc65
472f323e-1c4a-4fd7-af0a-7bed9b804fb2,1edba25c-d931-487d-8c7b-f1cd07c2ce2f,4771.95,3976.59,3,1.2,0.3752,9.9,10.82,10.38,CONFIRMADO,false,true,2026-03-12 10:07:24+00,472f323e-1c4a-4fd7-af0a-7bed9b804fb2
cefb5c35-38e3-4e2c-a9ed-c9385fbe0a57,658bf7fa-4e37-41c0-8a2b-fabd4c290260,4970.74,4970.74,1,1,0,14.82,14.82,14.82,CONFIRMADO,false,true,2026-03-12 14:46:57+00,cefb5c35-38e3-4e2c-a9ed-c9385fbe0a57
abb4f86b-d8ec-40d3-bc81-bf3610c96ee1,be6a7db6-12e7-4723-8f4c-bb7950a28e85,5964.94,5964.94,1,1,0,17.08,17.08,17.08,CONFIRMADO,false,true,2026-03-12 16:28:06+00,abb4f86b-d8ec-40d3-bc81-bf3610c96ee1
b516d337-9c3c-409a-93cd-a471469b8f7f,b6258e3a-075f-41ba-8675-8e8b4d9b96e0,5964.94,5964.94,2,1,0.3083,16.98,17.6,17.29,CONFIRMADO,false,true,2026-03-12 16:30:59+00,b516d337-9c3c-409a-93cd-a471469b8f7f
e7180b4f-bdee-4a0f-b82e-bd0f956e88a6,daa2de7b-1c79-4e70-8326-07b1c380489d,5200,5200,1,1,0,21.73,21.73,21.73,CONFIRMADO,false,true,2026-03-12 21:44:33+00,e7180b4f-bdee-4a0f-b82e-bd0f956e88a6
9068379d-73a6-4643-a5ec-59d2609820ca,66581dc8-5dfa-42f8-883b-98370d8fd935,4970.74,4970.74,1,1,0,23.93,23.93,23.93,CONFIRMADO,false,true,2026-03-12 23:56:22+00,9068379d-73a6-4643-a5ec-59d2609820ca
c292059e-bd42-4871-9467-3bb385c8fbfd,02037cf4-0d29-4ee5-8f27-95991111ac42,8400,8400,4,1,3.051,13.78,20.57,17.14,CONFIRMADO,false,true,2026-03-13 07:37:08+00,c292059e-bd42-4871-9467-3bb385c8fbfd
55c64e95-4755-4b8f-8b32-d3783a98f74f,87b9a977-a6c1-4070-8af4-a2ceed4db693,3976.59,3976.59,2,1,0.2333,14.67,15.13,14.9,CONFIRMADO,false,true,2026-03-13 14:29:51+00,55c64e95-4755-4b8f-8b32-d3783a98f74f
6f0d90a7-3e89-4283-bbc7-a2b4f549a469,20515d86-09ea-4257-83e5-f286b2d155f7,3000,3000,1,1,0,15.6,15.6,15.6,CONFIRMADO,false,true,2026-03-13 15:36:15+00,6f0d90a7-3e89-4283-bbc7-a2b4f549a469
df685b9b-cb34-4a9c-8957-57490c35c8a0,7f74ef35-4015-40be-82ea-2323bb3aac98,4771.95,3976.59,1,1.2,0,9.48,9.48,9.48,CONFIRMADO,false,true,2026-03-13 16:16:00+00,df685b9b-cb34-4a9c-8957-57490c35c8a0
ad2fe792-48bd-41f3-a152-fe66b383bb2b,685bc4ee-1c96-4bdd-8c2a-a4bdb8fce0e1,4771.95,3976.59,1,1.2,0,10.53,10.53,10.53,CONFIRMADO,false,true,2026-03-13 17:19:53+00,ad2fe792-48bd-41f3-a152-fe66b383bb2b
a4c2445d-f9b5-4db9-b438-3705cde574d1,7e56e62a-0718-4cc3-8f81-b37a682e228e,4771.95,4771.95,1,1,0,16.22,16.22,16.22,CONFIRMADO,false,true,2026-03-13 19:41:37+00,a4c2445d-f9b5-4db9-b438-3705cde574d1
17a2c9dd-ce46-42cc-891a-f593ccfc8ff5,67b609ac-6c04-4035-8688-41f44a74a129,3976.59,3976.59,1,1,0,13.77,13.77,13.77,CONFIRMADO,false,true,2026-03-14 01:22:55+00,17a2c9dd-ce46-42cc-891a-f593ccfc8ff5
221e5f4f-e7b8-4e65-84d6-18e570255e79,e53f3da7-db38-45f0-8679-9ebeb19159ae,994.15,994.15,1,1,0,8.97,8.97,8.97,CONFIRMADO,false,true,2026-03-14 08:58:44+00,221e5f4f-e7b8-4e65-84d6-18e570255e79
e59376ea-d2e8-49ac-86f9-97a9488fb159,285f0ca3-332b-479b-8f8c-ac45fbf2dbef,1500,1500,1,1,0,16.45,16.45,16.45,CONFIRMADO,false,true,2026-03-14 22:23:25+00,e59376ea-d2e8-49ac-86f9-97a9488fb159
0ef2a734-a5ac-4481-8adc-34aaff8f3322,eb1b76cd-fcc7-4b48-8ec0-4a246d406186,1500,1500,2,1,4.45,8.83,17.73,13.28,CONFIRMADO,false,true,2026-03-15 08:50:44+00,0ef2a734-a5ac-4481-8adc-34aaff8f3322
dc8f082d-641e-49ff-b503-90472824f422,cf9fe56c-cb78-42e7-8b6e-883d11e48fec,1500,1500,2,1,3.0083,10.13,16.15,13.14,CONFIRMADO,false,true,2026-03-15 10:08:43+00,dc8f082d-641e-49ff-b503-90472824f422
8bf69ff5-ff6f-41c5-8038-05541291fcf2,b43c8c8d-d28e-49ef-8140-c1c6df95dac4,13426.59,13426.59,24,1,6.0368,5.03,23.92,13,CONFIRMADO,true,true,2026-03-16 05:18:00+00,8bf69ff5-ff6f-41c5-8038-05541291fcf2
4aff8eff-5e8a-4406-951c-70e6c5ae5ad3,862ea305-edf4-48b4-8a3c-0c2096339240,3976.59,3976.59,1,1,0,14.68,14.68,14.68,CONFIRMADO,false,true,2026-03-16 05:54:31+00,4aff8eff-5e8a-4406-951c-70e6c5ae5ad3
1ea9bce3-a6e0-48c5-ad27-1d22fd84fd1a,f9618b6e-4304-4d35-8c29-f1acb472b6db,13426.59,13426.59,4,1,6.5239,1.12,18.88,9.75,CONFIRMADO,false,true,2026-03-16 06:47:36+00,1ea9bce3-a6e0-48c5-ad27-1d22fd84fd1a
4a025af4-0a08-4bd1-b35e-71c7b19f0137,a2390279-0cd2-4b23-81f6-3e11dd17a41e,29892.69,29892.69,14,1,4.4644,7.38,19.95,12.58,CONFIRMADO,false,true,2026-03-16 07:15:16+00,4a025af4-0a08-4bd1-b35e-71c7b19f0137
d8246873-f2cf-4595-8e3f-0dfebc8304d5,bc0b7d52-9cc1-4773-885c-0ed5d50043a6,6000,6000,5,1,3.4683,4.95,14.43,11.47,CONFIRMADO,false,true,2026-03-16 12:11:49+00,d8246873-f2cf-4595-8e3f-0dfebc8304d5
c573470a-9edf-4de9-aaab-1d130bc1845e,6bdf298a-a059-4af7-8fa3-3e5c979353ca,13426.59,13426.59,15,1,5.9605,0.45,23.92,13.15,CONFIRMADO,true,true,2026-03-16 12:13:51+00,c573470a-9edf-4de9-aaab-1d130bc1845e
361082e8-ae4b-4687-840b-92f6547adc85,b4611a41-9d5e-4176-84c6-04d9e994d1c7,6600,6600,4,1,5.124,12.23,23.25,17.73,CONFIRMADO,false,true,2026-03-16 12:26:20+00,361082e8-ae4b-4687-840b-92f6547adc85
9d7d3aa9-34e0-4eef-b5de-1f0a34e4ac7b,8045706d-547e-4eee-8d7a-ab41764dcc05,2600,2600,1,1,0,11.07,11.07,11.07,CONFIRMADO,false,true,2026-03-16 13:26:54+00,9d7d3aa9-34e0-4eef-b5de-1f0a34e4ac7b
0f796c3b-0951-4970-a4d4-66b8c3d721d2,d8c50169-0bfc-4f5e-814a-bd21d33f5e0d,29892.69,29892.69,9,1,3.8148,9.98,19.12,14.79,CONFIRMADO,false,true,2026-03-16 17:21:27+00,0f796c3b-0951-4970-a4d4-66b8c3d721d2
a4ef3d4b-20e9-4087-9967-628a0d1a08bc,870b6aad-5920-4b5c-8d75-44f27e9244df,3976.59,3976.59,1,1,0,13.22,13.22,13.22,CONFIRMADO,false,true,2026-03-17 06:14:01+00,a4ef3d4b-20e9-4087-9967-628a0d1a08bc
2ba275bd-dd5e-4de1-8c55-2dc67eae771b,12aebdbc-838e-4b49-824e-0afee665b2a2,14946.44,14946.44,1,1,0,8.3,8.3,8.3,CONFIRMADO,false,true,2026-03-17 08:18:12+00,2ba275bd-dd5e-4de1-8c55-2dc67eae771b
7e6497dc-a97f-4d4f-bbb4-f7a2d461c087,55fed0d0-8f26-4b2f-8a24-245eac1e8821,4970.74,4970.74,1,1,0,11.08,11.08,11.08,CONFIRMADO,false,true,2026-03-17 11:05:40+00,7e6497dc-a97f-4d4f-bbb4-f7a2d461c087
ecc2d0c7-c02f-4864-a31f-7332e65e1974,44c237f1-b9e5-428d-8fc6-802f9998a635,3976.59,3976.59,1,1,0,12.67,12.67,12.67,CONFIRMADO,false,true,2026-03-17 12:40:40+00,ecc2d0c7-c02f-4864-a31f-7332e65e1974
3ff837fd-ca79-40ba-a74d-b06646631fae,72a49fcb-9b8e-4d70-82d3-de9ede15ef26,3976.59,3976.59,1,1,0,14.5,14.5,14.5,CONFIRMADO,false,true,2026-03-17 13:43:53+00,3ff837fd-ca79-40ba-a74d-b06646631fae
b685b4f3-9be0-47b4-937f-5b91073a0266,0fcf13eb-ed8b-4ee8-83aa-a1eb73b7a662,4771.95,4771.95,2,1,2.475,11.78,16.73,14.26,CONFIRMADO,false,true,2026-03-17 17:23:37+00,b685b4f3-9be0-47b4-937f-5b91073a0266
3ced515f-1806-443f-885a-2b486cb8b585,dcd48d13-249a-4444-84cf-e4e0576f317c,5964.94,5964.94,1,1,0,8.08,8.08,8.08,CONFIRMADO,false,true,2026-03-17 19:50:56+00,3ced515f-1806-443f-885a-2b486cb8b585
0340cf46-b913-4ba3-b996-65d42b4649f8,56a21d85-27c3-4c95-8fea-c24121b06a7a,6000,6000,1,1,0,13.4,13.4,13.4,CONFIRMADO,false,true,2026-03-18 09:19:05+00,0340cf46-b913-4ba3-b996-65d42b4649f8
3c60213a-71d2-4c1f-b940-cbdc478bb802,2b0cd95b-8f5d-4a05-8a7e-04952ec94219,4245.83,4245.83,1,1,0,13.17,13.17,13.17,CONFIRMADO,false,true,2026-03-18 13:10:29+00,3c60213a-71d2-4c1f-b940-cbdc478bb802
9409f6bb-7e80-4948-a6c5-4657e0e1145d,22fdb3a7-f35c-4600-8f30-c9ac7ccc1f30,3040.04,3040.04,1,1,0,13.62,13.62,13.62,CONFIRMADO,false,true,2026-03-18 13:37:38+00,9409f6bb-7e80-4948-a6c5-4657e0e1145d
62dd3666-34db-46a2-99e8-2a0b9b1356f8,3216cb53-4eb1-4684-885f-fc8195ee3d27,4500,3000,4,1.5,4.3662,9.73,21.25,15.75,CONFIRMADO,false,true,2026-03-19 06:45:39+00,62dd3666-34db-46a2-99e8-2a0b9b1356f8
151193c6-7f88-4f02-b689-a55de801b8fb,67b609ac-6c04-4035-8688-41f44a74a129,4771.95,4771.95,1,1,0,10.98,10.98,10.98,CONFIRMADO,false,true,2026-03-19 07:41:25+00,151193c6-7f88-4f02-b689-a55de801b8fb
bcab1165-5e14-4ec5-a5f9-4152bd928a62,9483e056-57df-474c-8b31-9176da90c8d8,4500,4500,3,1,3.0944,7.32,14.58,11.57,CONFIRMADO,false,true,2026-03-19 09:46:19+00,bcab1165-5e14-4ec5-a5f9-4152bd928a62
525532de-a327-4a9b-aa8e-1f8d482ad1d1,ee03f98f-6366-475a-8753-ced47a75c650,4813.24,4813.24,1,1,0,14.98,14.98,14.98,CONFIRMADO,false,true,2026-03-19 14:59:28+00,525532de-a327-4a9b-aa8e-1f8d482ad1d1
67c9aaee-9936-4494-985b-ed3219603143,7a2ca0b5-9629-419e-8713-8191060ab6e6,3976.59,3976.59,1,1,0,15.13,15.13,15.13,CONFIRMADO,false,true,2026-03-19 15:08:05+00,67c9aaee-9936-4494-985b-ed3219603143
fec6e5c2-5da7-40ce-8185-98f3b92b97ab,a4f556f0-90c8-461c-84e0-b2c353b0b44a,4771.95,4771.95,2,1,1.6083,16.1,19.32,17.71,CONFIRMADO,false,true,2026-03-19 16:06:00+00,fec6e5c2-5da7-40ce-8185-98f3b92b97ab
82c9e6cd-6b22-460d-8d2a-92f846a6f1ce,000124bd-60ba-428d-8abf-e5d220d2ea95,4813.24,4813.24,1,1,0,22.2,22.2,22.2,CONFIRMADO,false,true,2026-03-19 22:12:44+00,82c9e6cd-6b22-460d-8d2a-92f846a6f1ce
8fa5365b-8b94-4019-9788-2649dfb857e9,b89b29d2-ddab-40b2-8432-baff43444659,994.15,994.15,1,1,0,1.05,1.05,1.05,CONFIRMADO,false,true,2026-03-20 01:03:05+00,8fa5365b-8b94-4019-9788-2649dfb857e9
a32a7838-1128-409f-9e6f-d788f62b2250,b2997921-0a79-4d07-8616-284c2d3b5c23,4771.95,4771.95,1,1,0,8.98,8.98,8.98,CONFIRMADO,false,true,2026-03-20 08:59:36+00,a32a7838-1128-409f-9e6f-d788f62b2250
2f3c3d2d-5907-4043-8a09-9b26b63ccfc6,3950ffe4-c864-4630-8949-abc3e26b1714,5964.94,5964.94,1,1,0,20.63,20.63,20.63,CONFIRMADO,false,true,2026-03-20 17:36:46+00,2f3c3d2d-5907-4043-8a09-9b26b63ccfc6
275d9de6-e493-4a08-9f00-94b15f5cc51f,7b683fd9-60f1-42db-88d4-4186ae75960f,3976.59,3976.59,1,1,0,13.33,13.33,13.33,CONFIRMADO,false,true,2026-03-20 21:03:34+00,275d9de6-e493-4a08-9f00-94b15f5cc51f
1489d28e-ff4d-4dd3-ba51-f93def9b137d,c0ae52ff-8415-433d-8243-e1f81ffcf35d,4970.74,4970.74,1,1,0,0.22,0.22,0.22,CONFIRMADO,false,true,2026-03-20 23:51:23+00,1489d28e-ff4d-4dd3-ba51-f93def9b137d
daf2654f-fa06-4462-bfa2-06670c251a84,5bcc0979-84a7-4bbc-8ff1-8500bc5ff526,4500,4500,2,1,2.65,7.88,13.18,10.53,CONFIRMADO,false,true,2026-03-21 07:51:23+00,daf2654f-fa06-4462-bfa2-06670c251a84
2fe0a401-c0bd-4d83-8cbc-7d822329fa8d,c78efb2a-a3f5-4e32-829b-0e9debe8658a,6000,6000,1,1,0,4.32,4.32,4.32,CONFIRMADO,false,true,2026-03-21 09:38:09+00,2fe0a401-c0bd-4d83-8cbc-7d822329fa8d
bd284e6f-2e09-41f4-90ab-c9d89c2d3e05,29a5b36e-c940-47c8-858f-9d68c3a45c2c,4500,4500,1,1,0,20.97,20.97,20.97,CONFIRMADO,false,true,2026-03-21 15:29:31+00,bd284e6f-2e09-41f4-90ab-c9d89c2d3e05
9af7d1cc-e2ed-425d-8fbf-b39aebc162df,4aece0b4-d681-4de7-81fe-582d2cdc8c38,7500,6000,1,1.25,0,9.83,9.83,9.83,CONFIRMADO,false,true,2026-03-22 20:44:15+00,9af7d1cc-e2ed-425d-8fbf-b39aebc162df
43e44abf-3ab4-498f-a715-642601863fc2,c5fa03df-0b16-4bed-8de9-c39feba755af,4970.74,4970.74,1,1,0,14.25,14.25,14.25,CONFIRMADO,false,true,2026-03-23 11:45:41+00,43e44abf-3ab4-498f-a715-642601863fc2
729e4183-3767-4f1e-a503-c236f7dc0668,d4591bfa-42ff-4edc-8eb3-e94ffaee9191,4970.74,4970.74,1,1,0,11.08,11.08,11.08,CONFIRMADO,false,true,2026-03-23 12:38:06+00,729e4183-3767-4f1e-a503-c236f7dc0668
c1f3ed61-b48b-4174-8bb2-30aad3cd3c8c,247babf6-8767-42ff-89a0-d2978f031f25,4970.74,4970.74,1,1,0,12.72,12.72,12.72,CONFIRMADO,false,true,2026-03-23 12:43:30+00,c1f3ed61-b48b-4174-8bb2-30aad3cd3c8c
a678962b-c7c3-4454-b9a7-624557e11285,f2050f62-34ef-4bab-8ef7-8c20525a6e64,4771.95,4771.95,3,1,0.7233,17.35,19.12,18.19,CONFIRMADO,false,true,2026-03-23 17:21:24+00,a678962b-c7c3-4454-b9a7-624557e11285
05d1a320-8580-4a2a-826b-6aa247f84c69,d5aab35a-8547-434e-88da-66479958f516,6000,6000,3,1,4.2403,11.95,22.33,17.07,CONFIRMADO,false,true,2026-03-25 12:09:14+00,05d1a320-8580-4a2a-826b-6aa247f84c69
e666525f-ed26-4fb0-bf7a-0e96094b141f,1eb060e4-00a3-4a4b-8823-98957fc488c2,6000,6000,7,1,2.1413,13.58,20.93,17.7,CONFIRMADO,false,true,2026-03-25 14:00:50+00,e666525f-ed26-4fb0-bf7a-0e96094b141f
d02451ea-57cb-4b9c-a039-0dde873a73fb,ae299f6f-a7f5-46cd-8406-53156ad29d7d,6600,6600,6,1,2.2581,10.12,15.4,12,CONFIRMADO,false,true,2026-03-25 18:20:39+00,d02451ea-57cb-4b9c-a039-0dde873a73fb
ac50b230-935b-40be-b72d-1b3adfe71909,8ebbdbf6-82e9-4aba-8d07-4fbd5eca3c21,4500,4500,1,1,0,0.42,0.42,0.42,CONFIRMADO,false,true,2026-03-26 00:25:59+00,ac50b230-935b-40be-b72d-1b3adfe71909
afc8da86-fecb-4dac-9a2f-fb47ccd4ebc4,6a2c5f50-cc68-4e66-8fa0-d65db2ef4a3c,8400,8400,1,1,0,22.73,22.73,22.73,CONFIRMADO,false,true,2026-03-26 18:19:32+00,afc8da86-fecb-4dac-9a2f-fb47ccd4ebc4
0f6eb59e-23b6-43b2-827f-226c7b9a083d,5786879f-ef26-4c8f-83ea-8ebbea848122,3976.59,3976.59,4,1,4.2829,11.5,21.43,16.85,CONFIRMADO,false,true,2026-03-27 13:11:43+00,0f6eb59e-23b6-43b2-827f-226c7b9a083d
814abc10-4d2d-417e-84cc-5ed5029c98d0,bfd6f7c4-2acf-4a9b-8718-dc8ea57562f7,994.15,994.15,1,1,0,16.1,16.1,16.1,CONFIRMADO,false,true,2026-03-28 06:09:45+00,814abc10-4d2d-417e-84cc-5ed5029c98d0
29376fa0-d2b3-4d10-acfe-027b57592e4a,2e43931e-ecfe-4994-8d20-26aad9c06da4,994.15,994.15,1,1,0,7.6,7.6,7.6,CONFIRMADO,false,true,2026-03-28 07:36:13+00,29376fa0-d2b3-4d10-acfe-027b57592e4a
fe917d4b-ff97-4cf2-a957-aa6f66e4665d,51bf39d5-66e5-4c69-8c4e-9c9cd93616bb,1192.99,994.15,2,1.2,0.4833,7.77,8.73,8.25,CONFIRMADO,false,true,2026-03-28 13:38:53+00,fe917d4b-ff97-4cf2-a957-aa6f66e4665d
a7bb571a-92fc-4a30-b82f-5810c134c1d1,826037ac-db7a-4d93-802a-ee1089323838,1192.99,1192.99,1,1,0,13.97,13.97,13.97,CONFIRMADO,false,true,2026-03-28 13:58:25+00,a7bb571a-92fc-4a30-b82f-5810c134c1d1
bdc805a3-8968-415f-b09a-8b2a73d4963d,3339c7e8-9952-410c-8d26-4fb4a2eede5c,1192.99,994.15,6,1.2,4.3288,7.32,19.95,10.38,CONFIRMADO,false,true,2026-03-28 14:02:27+00,bdc805a3-8968-415f-b09a-8b2a73d4963d
1f090a8d-17f9-450e-b797-c6b91ac01a7f,0eb36600-5ba0-435f-8eb9-7f4b427e6a71,29892.69,29892.69,2,1,4.75,8.23,17.73,12.98,CONFIRMADO,false,true,2026-03-30 08:14:06+00,1f090a8d-17f9-450e-b797-c6b91ac01a7f
e1b32c21-6550-405b-9cfd-a8764b9f78c1,f8d10e13-cb57-47e8-8c9e-1afb2fa2101c,4970.74,4970.74,1,1,0,11.93,11.93,11.93,CONFIRMADO,false,true,2026-03-30 11:56:32+00,e1b32c21-6550-405b-9cfd-a8764b9f78c1
ee707446-c688-416a-8a38-bd3dcc9d8078,69876855-972c-4a07-830e-2973ac7a0000,3976.59,3976.59,1,1,0,11.78,11.78,11.78,CONFIRMADO,false,true,2026-03-30 12:17:30+00,ee707446-c688-416a-8a38-bd3dcc9d8078
15ff62c1-293f-4024-a887-a975a210edc9,49112538-4198-4fbe-8dff-6090172ad00c,1988.3,1988.3,2,1,0.6083,14.77,15.98,15.38,CONFIRMADO,false,true,2026-03-30 14:46:34+00,15ff62c1-293f-4024-a887-a975a210edc9
fdf1ac63-3d5f-4ed3-ab87-d32c2cb94200,70545bc1-3ddc-4ecf-8abd-37ecc8f2fb70,1988.3,1988.3,1,1,0,15.18,15.18,15.18,CONFIRMADO,false,true,2026-03-30 15:11:24+00,fdf1ac63-3d5f-4ed3-ab87-d32c2cb94200
76429767-1053-4e87-8d9c-14df6f7d7da7,f6b3433b-4242-47da-80fe-df235e22bccd,1988.3,1988.3,1,1,0,15.4,15.4,15.4,CONFIRMADO,false,true,2026-03-30 15:24:48+00,76429767-1053-4e87-8d9c-14df6f7d7da7
2de1e5ae-353c-4f89-9fd8-a7fe118caace,cc5fbb76-f3a3-48f9-8994-b8a2bc0d9127,3000,3000,1,1,0,19.65,19.65,19.65,CONFIRMADO,false,true,2026-03-30 19:39:12+00,2de1e5ae-353c-4f89-9fd8-a7fe118caace
bbe68a95-9789-4254-9d3f-7c9306e94851,34c510b5-dfcf-40a3-8726-af1ef7c52b0c,3976.59,3976.59,2,1,0.025,15.57,15.62,15.59,CONFIRMADO,false,true,2026-03-31 15:34:54+00,bbe68a95-9789-4254-9d3f-7c9306e94851
5b90240c-11c6-443f-b74a-643092a2c5dc,90724f8a-9439-4d36-8715-5499bd622d71,9172.97,9172.97,58,1,6.6152,0.05,23.93,13.18,CONFIRMADO,true,true,2026-04-01 00:10:53+00,5b90240c-11c6-443f-b74a-643092a2c5dc
41c3f7ea-1503-4d75-8e86-61103629b67c,e2261f49-1cce-46df-8aa9-f4469f3f3c2d,5580.72,5580.72,5,1,2.9543,6.9,15.72,12,CONFIRMADO,false,true,2026-04-01 00:13:09+00,41c3f7ea-1503-4d75-8e86-61103629b67c
6f5e140a-d0cf-40d3-8713-d91a40b2a6c3,2fb8ff02-fb79-45d1-8044-f926e42653e5,5580.72,5580.72,44,1,6.9231,0.05,23.93,12.02,CONFIRMADO,true,true,2026-04-01 00:14:31+00,6f5e140a-d0cf-40d3-8713-d91a40b2a6c3
e07af6f2-443a-4733-9d03-c0a95a3c38d3,9f0e4786-37fe-4ea9-80a1-ad20438ed0f4,9172.97,9172.97,1,1,0,16.18,16.18,16.18,CONFIRMADO,false,true,2026-04-01 00:19:51+00,e07af6f2-443a-4733-9d03-c0a95a3c38d3
11898f2c-b902-4773-a50e-c5ccc40496d4,52d7cf98-737d-4b46-8320-6a88ba9f478b,9172.97,9172.97,45,1,4.7094,2.68,22.73,13.8,CONFIRMADO,true,true,2026-04-01 01:30:16+00,11898f2c-b902-4773-a50e-c5ccc40496d4
6f100a4a-80cc-405e-a8c7-fe646784c5ee,99f85bd1-6da6-430e-8ad8-7258257a6a87,5580.72,5580.72,29,1,5.0437,2.57,23.2,14.39,CONFIRMADO,true,true,2026-04-01 01:36:54+00,6f100a4a-80cc-405e-a8c7-fe646784c5ee
3943a89b-86d0-48a6-a09a-c46e39017c47,b43c8c8d-d28e-49ef-8140-c1c6df95dac4,14084.49,14084.49,19,1,5.6557,2.15,23.98,12.12,CONFIRMADO,true,true,2026-04-01 04:12:38+00,3943a89b-86d0-48a6-a09a-c46e39017c47
4a5e773f-34b5-496b-ae37-379d9b8eb11d,9b64797c-57df-49ad-8f16-d397760c9188,2391.63,2391.63,3,1,1.5653,11.02,14.77,13.12,CONFIRMADO,false,true,2026-04-01 05:02:37+00,4a5e773f-34b5-496b-ae37-379d9b8eb11d
652fd933-8062-4a82-b441-2bb71c3a8031,e327510c-52cc-4ac3-805d-225374493c54,7056.05,7056.05,5,1,2.0211,9.97,14.88,11.89,CONFIRMADO,false,true,2026-04-01 05:10:35+00,652fd933-8062-4a82-b441-2bb71c3a8031
28cfbadc-698f-44ce-8adc-39052085807d,f9618b6e-4304-4d35-8c29-f1acb472b6db,14084.49,14084.49,5,1,3.9826,6.6,15.88,9.86,CONFIRMADO,false,true,2026-04-01 06:08:30+00,28cfbadc-698f-44ce-8adc-39052085807d
f5804d9d-6759-4dbf-9238-c3c181589654,173fb795-0625-4ead-825a-0ecf427fce83,15678.81,15678.81,15,1,4.4642,8.03,20.58,14.34,CONFIRMADO,true,true,2026-04-01 07:09:04+00,f5804d9d-6759-4dbf-9238-c3c181589654
d5924899-c46f-45a2-aff9-3e41e9b6e636,3d2590b8-357a-4120-84a4-28363b7f674c,7440.75,7440.75,1,1,0,16.7,16.7,16.7,CONFIRMADO,false,true,2026-04-01 09:55:26+00,d5924899-c46f-45a2-aff9-3e41e9b6e636
0f5eae14-3fff-4e7e-ac1c-e9831e00abf5,b523375c-52d3-4878-8fd1-80418d164e50,2385.97,2385.97,1,1,0,10.63,10.63,10.63,CONFIRMADO,false,true,2026-04-01 10:38:28+00,0f5eae14-3fff-4e7e-ac1c-e9831e00abf5
080d6c77-c148-4308-be45-712ad16a1d7d,6bdf298a-a059-4af7-8fa3-3e5c979353ca,14084.49,14084.49,26,1,7.037,0.88,23.77,11.74,CONFIRMADO,true,true,2026-04-01 12:20:28+00,080d6c77-c148-4308-be45-712ad16a1d7d
447af674-b648-4e3b-8396-633e9f5536bd,38f9c081-535a-4078-8854-df25d6f242f9,1988.3,1988.3,1,1,0,12.37,12.37,12.37,CONFIRMADO,false,true,2026-04-01 12:22:54+00,447af674-b648-4e3b-8396-633e9f5536bd
8f6e20a2-995b-455c-b290-95b294f29dc4,666ebbff-ac93-4995-8f7a-9e72e4477d90,14084.49,14084.49,9,1,7.2079,0.47,22.92,13.97,CONFIRMADO,false,true,2026-04-01 12:33:11+00,8f6e20a2-995b-455c-b290-95b294f29dc4
08806bf3-8426-4f2d-9222-0a680ee9cc4e,af811601-5033-4cf4-80e6-5f6f968a1db3,1328.62,1328.62,1,1,0,12.68,12.68,12.68,CONFIRMADO,false,true,2026-04-01 12:41:52+00,08806bf3-8426-4f2d-9222-0a680ee9cc4e
15fe26f3-c4dc-4f13-8317-e9b213d9b0ec,08069a73-c49e-43c2-8ae7-23c7f2049de0,5660.62,5660.62,4,1,3.3423,6.15,15.25,11.55,CONFIRMADO,false,true,2026-04-01 12:50:51+00,15fe26f3-c4dc-4f13-8317-e9b213d9b0ec
f1e9bc71-16ed-477f-9eb7-cdb3670d0fe0,224b5822-995f-4a04-82da-57db957a90eb,14084.49,14084.49,9,1,5.5839,0.47,21.6,11.18,CONFIRMADO,false,true,2026-04-01 15:56:18+00,f1e9bc71-16ed-477f-9eb7-cdb3670d0fe0
f4e86540-ab06-437f-b903-c4b78ed518b6,87ea9909-7488-4644-8c23-02041e5ad6a2,5964.94,5964.94,2,1,0,16.25,16.25,16.25,CONFIRMADO,false,true,2026-04-01 16:15:19+00,f4e86540-ab06-437f-b903-c4b78ed518b6
8b02083b-2902-4d2e-ab91-bb71a3835b44,78b83c9f-1966-43b0-8dc7-60cd00134011,15678.81,15678.81,12,1,2.1533,12.05,20.35,18.01,CONFIRMADO,false,true,2026-04-01 16:50:42+00,8b02083b-2902-4d2e-ab91-bb71a3835b44
ad8d0e1e-3894-4914-aeca-8c90671dbdb4,009c5ff0-9d44-4907-8bcb-79c66c6a088e,5660.62,5660.62,4,1,3.2502,8.52,17.07,11.81,CONFIRMADO,false,true,2026-04-01 17:04:45+00,ad8d0e1e-3894-4914-aeca-8c90671dbdb4
7c23f8b0-65c8-48db-a69d-a20b656ef2f7,d14de0fb-20f8-4cc8-87dc-84a2a1784b57,15678.81,15678.81,4,1,4.1483,7.02,17.12,10.12,CONFIRMADO,false,true,2026-04-01 17:08:15+00,7c23f8b0-65c8-48db-a69d-a20b656ef2f7
792970c7-89db-4f50-9a3f-e23cd418cda3,0eb36600-5ba0-435f-8eb9-7f4b427e6a71,31357.48,31357.48,2,1,0.2333,18.48,18.95,18.72,CONFIRMADO,false,true,2026-04-01 17:15:52+00,792970c7-89db-4f50-9a3f-e23cd418cda3
7af9da14-c901-4489-a666-f4ddc6493df3,d8c50169-0bfc-4f5e-814a-bd21d33f5e0d,31357.48,31357.48,11,1,4.0888,8,19.7,12.45,CONFIRMADO,false,true,2026-04-01 17:21:19+00,7af9da14-c901-4489-a666-f4ddc6493df3
a62b491b-336d-47a6-8838-7729427d5808,785bf8ed-5d1f-4ee0-84a8-a6f4bdf6027d,5660.62,5660.62,3,1,2.2928,8.08,13.67,10.7,CONFIRMADO,false,true,2026-04-05 13:40:21+00,a62b491b-336d-47a6-8838-7729427d5808
7d1f3512-24fa-4c16-99af-5f9dbd213a77,90e0cdf8-824c-4993-8052-43a626633f5e,11222.12,11222.12,2,1,5.6333,5.28,16.55,10.92,CONFIRMADO,false,true,2026-04-06 00:38:11+00,7d1f3512-24fa-4c16-99af-5f9dbd213a77
5bd4812f-0b9d-4869-953b-ccedc5547d8d,c6225cf6-fb25-4fc2-868e-bfdbdd37f9da,13466.55,13466.55,4,1,3.001,14.25,22.42,18.02,CONFIRMADO,false,true,2026-04-06 01:15:38+00,5bd4812f-0b9d-4869-953b-ccedc5547d8d
4f75da74-f4a6-4fd2-a6b6-07e27628da99,90e0cdf8-824c-4993-8052-43a626633f5e,14027.67,14027.67,8,1,4.2085,9.2,19.85,12.79,CONFIRMADO,false,true,2026-04-06 07:02:02+00,4f75da74-f4a6-4fd2-a6b6-07e27628da99
185ee54f-5523-4bb3-a777-fccfc210cc30,9973015f-54ab-4337-8635-d7014e4e1bda,1500,1500,1,1,0,9.65,9.65,9.65,CONFIRMADO,false,true,2026-04-06 09:39:28+00,185ee54f-5523-4bb3-a777-fccfc210cc30
689280c8-b4de-4bd8-8523-0ff6a1844619,ce1e8159-9b3a-4d81-892c-9e09e85f9f60,994.15,994.15,1,1,0,15.38,15.38,15.38,CONFIRMADO,false,true,2026-04-06 15:23:15+00,689280c8-b4de-4bd8-8523-0ff6a1844619
4d8284fa-7df8-4a82-a631-5d053406063d,34bee852-72cd-41b0-867b-975b8c4a3ba8,1878.85,1878.85,3,1,3.5545,9.12,17.13,14.11,CONFIRMADO,false,true,2026-04-06 16:48:21+00,4d8284fa-7df8-4a82-a631-5d053406063d
346131bb-2d07-4385-804b-7008fadc17c1,a2390279-0cd2-4b23-81f6-3e11dd17a41e,31357.48,31357.48,10,1,3.6927,7.72,19.48,14.92,CONFIRMADO,false,true,2026-04-06 17:32:28+00,346131bb-2d07-4385-804b-7008fadc17c1
c854bb01-374f-4a98-83bf-474384bd12a2,2c19de04-9579-4272-84f4-29e013ab1cc5,4771.95,3976.59,1,1.2,0,9.07,9.07,9.07,CONFIRMADO,false,true,2026-04-07 08:04:22+00,c854bb01-374f-4a98-83bf-474384bd12a2
40039c5a-aa33-4bd6-80dd-cb64d70ab11c,5f5e80c7-f121-4ae6-86da-e6cd3de2b630,31357.48,31357.48,4,1,2.9278,10.25,17.4,15.24,CONFIRMADO,false,true,2026-04-07 10:45:40+00,40039c5a-aa33-4bd6-80dd-cb64d70ab11c
8d1b5392-0484-4f1c-a5bd-8c108faadab0,9a00f941-c861-4ecc-897e-6a3357606bf2,31357.48,31357.48,1,1,0,10.82,10.82,10.82,CONFIRMADO,false,true,2026-04-08 10:49:43+00,8d1b5392-0484-4f1c-a5bd-8c108faadab0
e25fd28a-dd80-403b-8fbc-a59370f05f35,d988779c-cd2a-4fa8-8e48-82524393eecb,1009.92,1009.92,1,1,0,11.58,11.58,11.58,CONFIRMADO,false,true,2026-04-08 11:35:32+00,e25fd28a-dd80-403b-8fbc-a59370f05f35
f10e2ee8-a44a-4d03-a61a-a31385b8834b,cc19904a-8c39-4bb2-8c77-f69fb12216e4,7500,7500,1,1,0,16.98,16.98,16.98,CONFIRMADO,false,true,2026-04-08 16:59:43+00,f10e2ee8-a44a-4d03-a61a-a31385b8834b
8e750e5e-e4c0-4ab5-a1da-1b5b00917756,7e75801b-b9da-474c-8d5d-5c3a8db2a5b1,7500,7500,1,1,0,17.12,17.12,17.12,CONFIRMADO,false,true,2026-04-08 17:07:22+00,8e750e5e-e4c0-4ab5-a1da-1b5b00917756
57c3cd0a-ab44-4661-8fb3-f1f595e63e7d,99825b96-90f3-4a7b-8210-af08b71b0d6b,13466.55,13466.55,32,1,7.781,0.5,23.67,13.81,CONFIRMADO,true,true,2026-04-08 21:54:03+00,57c3cd0a-ab44-4661-8fb3-f1f595e63e7d
429e9070-16be-457e-99ee-d7dcc6e52209,c6225cf6-fb25-4fc2-868e-bfdbdd37f9da,16833.2,16833.2,1,1,0,17.37,17.37,17.37,CONFIRMADO,false,true,2026-04-09 07:08:46+00,429e9070-16be-457e-99ee-d7dcc6e52209
5fea254f-cb83-4e83-913b-50e4aaf5d11a,a9c2eda3-78c7-4f51-84fc-c335464885ff,14027.67,11222.12,1,1.25,0,8.1,8.1,8.1,CONFIRMADO,false,true,2026-04-09 09:12:44+00,5fea254f-cb83-4e83-913b-50e4aaf5d11a
2a65bc3e-855d-4187-bd5c-465c98e6043a,67d28964-78f9-4afa-827f-9164032f330f,31357.48,31357.48,7,1,3.2222,10.2,19.33,16.05,CONFIRMADO,false,true,2026-04-09 10:18:30+00,2a65bc3e-855d-4187-bd5c-465c98e6043a
42d0099e-5d84-440b-bba2-69fce7aadfbc,8122a4df-4223-4fe5-8776-127d2fdcd9b3,11222.12,11222.12,5,1,8.2469,2.6,22.7,12.77,CONFIRMADO,false,true,2026-04-09 12:02:20+00,42d0099e-5d84-440b-bba2-69fce7aadfbc
6c99541f-9930-469a-9872-92c501d30add,a31625c6-7e28-41a4-83aa-8792b3d0769f,13466.55,13466.55,1,1,0,12.37,12.37,12.37,CONFIRMADO,false,true,2026-04-09 12:27:02+00,6c99541f-9930-469a-9872-92c501d30add
4c27fd50-d624-4985-9375-d7bc02925873,8122a4df-4223-4fe5-8776-127d2fdcd9b3,22444.27,11222.12,4,2,1.1333,11.1,14.02,12.85,CONFIRMADO,false,true,2026-04-09 15:19:13+00,4c27fd50-d624-4985-9375-d7bc02925873
b9d4a6db-af0f-4788-acbb-e39ccd4c39ac,2b26ce38-8809-48c1-897c-df26d1b0b7fe,1328.62,1328.62,4,1,2.8791,12.9,20.62,15.96,CONFIRMADO,false,true,2026-04-09 15:50:20+00,b9d4a6db-af0f-4788-acbb-e39ccd4c39ac
87bb7e38-153f-4c05-8651-97bd4dc5072e,621f4d8b-48b4-487b-8834-448e027b0247,2244.43,2244.43,3,1,4.3694,13.05,23.15,19.12,CONFIRMADO,false,true,2026-04-09 16:13:47+00,87bb7e38-153f-4c05-8651-97bd4dc5072e
5eb6ae2b-c246-4fd7-9019-0a36b5de1804,9c4bf6d2-1d53-4e61-881e-24dbb0b336a4,16833.2,13466.55,5,1.25,4.4739,7.15,18.93,16.04,CONFIRMADO,false,true,2026-04-09 17:03:54+00,5eb6ae2b-c246-4fd7-9019-0a36b5de1804
6d843c56-72f9-44f9-9f80-57a21afa0995,1b90afb5-83aa-420e-8a93-7bb2f94d554d,3454.67,3454.67,2,1,0.0917,9.9,10.08,9.99,CONFIRMADO,false,true,2026-04-09 17:35:39+00,6d843c56-72f9-44f9-9f80-57a21afa0995
b07ac1fd-9f5f-4dee-af22-d0fff93d6050,a9c2eda3-78c7-4f51-84fc-c335464885ff,28055.32,28055.32,1,1,0,19.85,19.85,19.85,CONFIRMADO,false,true,2026-04-09 17:36:23+00,b07ac1fd-9f5f-4dee-af22-d0fff93d6050
aee55614-70d4-479c-a7fb-5b24be27d57e,eb6530a5-eebe-4f70-884d-e745d5874cfb,36813.65,36813.65,2,1,1.8,10.05,13.65,11.85,CONFIRMADO,false,true,2026-04-09 21:48:02+00,aee55614-70d4-479c-a7fb-5b24be27d57e
fcf218d4-4780-48cf-9627-f5e9a337328b,b2381998-c2e5-4643-81f7-dac37cb52f37,7655.43,7655.43,20,1,7.0142,0.18,22.93,14.52,CONFIRMADO,true,true,2026-04-10 00:11:30+00,fcf218d4-4780-48cf-9627-f5e9a337328b
54a1e2a4-9603-4b4a-aebd-54fb7a4bd879,3236dd40-de84-4a36-8ee8-ca45fc0c44e9,7655.43,7655.43,31,1,6.5266,1.6,23.83,14.5,CONFIRMADO,true,true,2026-04-10 02:30:10+00,54a1e2a4-9603-4b4a-aebd-54fb7a4bd879
4c034632-7d6d-44cf-b02e-eed4f2b34a57,eb5e16fe-4a1b-4f17-85bb-58cd8bb65a27,7655.43,7655.43,15,1,4.9177,4.65,20.33,12.29,CONFIRMADO,true,true,2026-04-10 05:13:00+00,4c034632-7d6d-44cf-b02e-eed4f2b34a57
d5d93d4c-75ad-4700-bd46-e8408f5ddcf0,a13fab0c-e6a6-477c-8c2c-b81d402b74e7,7655.43,7655.43,10,1,4.8348,9,22.28,15.91,CONFIRMADO,false,true,2026-04-10 06:26:06+00,d5d93d4c-75ad-4700-bd46-e8408f5ddcf0
2f188c42-e9c0-4a98-abbb-b4f7b0554731,924829e4-74cd-41f7-87e7-420f0a4cc374,7655.43,7655.43,22,1,4.7482,0.05,19.98,13.89,CONFIRMADO,true,true,2026-04-10 06:44:07+00,2f188c42-e9c0-4a98-abbb-b4f7b0554731
dbaeb319-a4ae-4479-bd34-80caf9109920,43758c46-ddc5-4456-81a0-f3565413db40,7655.43,7655.43,16,1,5.5096,2.72,22.05,14.51,CONFIRMADO,true,true,2026-04-10 06:58:13+00,dbaeb319-a4ae-4479-bd34-80caf9109920
12a4832b-0c14-4f9f-b499-cb16b18d6d62,9c4bf6d2-1d53-4e61-881e-24dbb0b336a4,33666.39,13466.55,6,2.5,3.7812,8.72,19.58,17.13,CONFIRMADO,false,true,2026-04-10 07:42:39+00,12a4832b-0c14-4f9f-b499-cb16b18d6d62
3bb63414-ef7f-4d09-ad29-833f4bda4ea5,81005bb0-cc80-46c7-81fa-95cdef075633,16833.2,13466.55,4,1.25,0.6778,17.25,19.17,18.21,CONFIRMADO,false,true,2026-04-10 07:43:07+00,3bb63414-ef7f-4d09-ad29-833f4bda4ea5
6571c9a4-65c4-419e-b109-8949cef4c0e0,5881dec2-d5f6-44ea-881d-824ba993abab,7655.43,7655.43,15,1,4.7885,7.72,22.12,15.57,CONFIRMADO,true,true,2026-04-10 07:47:50+00,6571c9a4-65c4-419e-b109-8949cef4c0e0
fbf66f63-6a39-428b-a0d4-11ebfcd65975,4c292532-9afd-47e7-8291-18e7231bc0f4,1913.86,1913.86,9,1,5.7146,0.38,18.83,11.06,CONFIRMADO,false,true,2026-04-10 08:30:40+00,fbf66f63-6a39-428b-a0d4-11ebfcd65975
5ec08c58-6350-489c-a725-2f033a5d6af3,26b7ea01-7421-4c47-8107-ef44891df65d,1913.86,1913.86,2,1,2,10.1,14.1,12.1,CONFIRMADO,false,true,2026-04-10 10:06:44+00,5ec08c58-6350-489c-a725-2f033a5d6af3
0355d14d-0e71-4fbb-9ada-c9cec68c4633,72eb9212-9790-4820-85de-2d9a8b402fc6,5580.72,5580.72,1,1,0,11.15,11.15,11.15,CONFIRMADO,false,true,2026-04-10 11:09:25+00,0355d14d-0e71-4fbb-9ada-c9cec68c4633
2184e82d-d057-4249-8f27-f7960dcd02e5,a3160546-b814-459d-8049-cf4e039ef419,7500,7500,1,1,0,12.58,12.58,12.58,CONFIRMADO,false,true,2026-04-10 12:35:31+00,2184e82d-d057-4249-8f27-f7960dcd02e5
5fd9f8d2-fbc6-4316-8e72-72c1509755c4,91e873ea-73dc-4e1d-81dd-a9d96019ba4b,7655.43,7655.43,10,1,6.3713,6.58,23.8,14.91,CONFIRMADO,false,true,2026-04-10 18:50:56+00,5fd9f8d2-fbc6-4316-8e72-72c1509755c4
736d4f20-2e92-4f66-8158-f7aeb99524be,08069a73-c49e-43c2-8ae7-23c7f2049de0,5741.57,5741.57,2,1,2.0083,15.72,19.73,17.73,CONFIRMADO,false,true,2026-04-11 15:43:48+00,736d4f20-2e92-4f66-8158-f7aeb99524be
524b498a-d385-48bb-aeed-a45b463237d5,785bf8ed-5d1f-4ee0-84a8-a6f4bdf6027d,5741.57,5741.57,2,1,0.3333,17.48,18.15,17.82,CONFIRMADO,false,true,2026-04-11 17:29:42+00,524b498a-d385-48bb-aeed-a45b463237d5
e17b8c41-db56-42d2-aafc-4f762e7cf600,009c5ff0-9d44-4907-8bcb-79c66c6a088e,5741.57,5741.57,2,1,1.55,16.28,19.38,17.83,CONFIRMADO,false,true,2026-04-11 19:23:32+00,e17b8c41-db56-42d2-aafc-4f762e7cf600
f8f015d8-7d11-4159-a45f-48699f9cc15e,08df2708-5666-4bcf-8825-a2b5ffb4259a,5741.57,5741.57,2,1,4.0917,13.65,21.83,17.74,CONFIRMADO,false,true,2026-04-11 21:50:06+00,f8f015d8-7d11-4159-a45f-48699f9cc15e
ccb802a3-ca5d-493e-957a-96e1e240f2fa,99825b96-90f3-4a7b-8210-af08b71b0d6b,26933.11,13466.55,24,2,6.8923,0.45,22.08,10.65,CONFIRMADO,true,true,2026-04-12 12:11:15+00,ccb802a3-ca5d-493e-957a-96e1e240f2fa
9cdf5416-b533-441b-8216-066a6a85bad3,f3d07caf-e8b6-41a0-89e1-3ce3ac27f076,14084.49,14084.49,2,1,1.1167,12.1,14.33,13.22,CONFIRMADO,false,true,2026-04-13 12:24:05+00,9cdf5416-b533-441b-8216-066a6a85bad3
3c92f30f-ee13-4b55-ae9a-c1b5faaefcfe,d268dcf0-86f5-49b7-8861-6ea294e20c40,7855.48,7855.48,1,1,0,16.55,16.55,16.55,CONFIRMADO,false,true,2026-04-14 12:02:13+00,3c92f30f-ee13-4b55-ae9a-c1b5faaefcfe
2742b670-f8ea-44ba-ae67-1bb29ba73efc,083ff10d-4c60-4fcd-8b35-82778865c507,11222.12,11222.12,3,1,1.654,13.75,17.65,16.02,CONFIRMADO,false,true,2026-04-14 20:19:09+00,2742b670-f8ea-44ba-ae67-1bb29ba73efc
3808d02d-038a-4016-b9c2-a1a37d90992c,561963c6-c177-46dc-89dc-bd6594cc23d4,3976.59,3976.59,1,1,0,14.98,14.98,14.98,CONFIRMADO,false,true,2026-04-15 14:59:41+00,3808d02d-038a-4016-b9c2-a1a37d90992c
c58c8337-dc43-43a1-87a7-36e8905d3467,6ccfd96e-dcac-4a33-8594-047b9a50a545,7440.75,7440.75,1,1,0,9.62,9.62,9.62,CONFIRMADO,false,true,2026-04-16 09:37:07+00,c58c8337-dc43-43a1-87a7-36e8905d3467
3e626b94-ff71-4183-af76-fee888d2518c,22fdb3a7-f35c-4600-8f30-c9ac7ccc1f30,3189,3189,1,1,0,11.03,11.03,11.03,CONFIRMADO,false,true,2026-04-16 15:39:54+00,3e626b94-ff71-4183-af76-fee888d2518c
87c94a93-999a-4095-ba63-053057ebc58f,f07d617b-94e3-4487-8855-413cd61031ab,1192.99,1192.99,1,1,0,16.03,16.03,16.03,CONFIRMADO,false,true,2026-04-16 16:02:04+00,87c94a93-999a-4095-ba63-053057ebc58f
7bc69a4a-b8b7-4cf9-9151-5988017600a4,75ad2d6b-4148-4813-8a81-ec9e06f19bd6,29450.92,29450.92,3,1,8.211,1.32,18.87,12.93,CONFIRMADO,false,true,2026-04-16 18:36:55+00,7bc69a4a-b8b7-4cf9-9151-5988017600a4
3439f2d0-db23-41e0-8e2f-93f224405514,453bcee9-b134-40e8-8db8-fbd07bc17bef,29450.92,29450.92,2,1,0.35,21.12,21.82,21.47,CONFIRMADO,false,true,2026-04-16 21:07:20+00,3439f2d0-db23-41e0-8e2f-93f224405514
64b02f18-0b65-4c20-8192-5686e46866e7,000124bd-60ba-428d-8abf-e5d220d2ea95,5049.08,5049.08,1,1,0,23.23,23.23,23.23,CONFIRMADO,false,true,2026-04-16 23:14:39+00,64b02f18-0b65-4c20-8192-5686e46866e7
532be75a-e6e4-4a4f-8de3-c37289ba8405,a2ff3ae4-404e-4b73-8473-80d5d7c5ef34,1192.99,1192.99,1,1,0,18.95,18.95,18.95,CONFIRMADO,false,true,2026-04-17 08:40:13+00,532be75a-e6e4-4a4f-8de3-c37289ba8405
e8d3fcb4-a0df-4809-8f23-13cc76757898,7f54d235-090c-4856-87bb-20b2d001ac00,6000,5200,1,1.1538,0,16.25,16.25,16.25,CONFIRMADO,false,true,2026-04-17 08:43:22+00,e8d3fcb4-a0df-4809-8f23-13cc76757898
159293e3-cfd3-49d4-94f8-d37ade895de9,94fdeefa-ee75-475b-8667-e40b053e4728,4175.66,4175.66,5,1,5.2484,10.28,23.32,16.3,CONFIRMADO,false,true,2026-04-17 10:17:01+00,159293e3-cfd3-49d4-94f8-d37ade895de9
a9543f63-c1d8-423d-9646-51423553e5cc,2cf1f1e4-0679-460e-85e8-f3ae20ac86f3,6733.28,6733.28,4,1,2.6447,10.1,16.78,12.86,CONFIRMADO,false,true,2026-04-17 13:45:00+00,a9543f63-c1d8-423d-9646-51423553e5cc
728f4fc2-4137-4131-a2c8-ae956fd9de95,28437846-7524-4de5-8ff5-ef5383eb0f16,4713.3,4713.3,1,1,0,13.88,13.88,13.88,CONFIRMADO,false,true,2026-04-17 13:53:12+00,728f4fc2-4137-4131-a2c8-ae956fd9de95
62315d95-b346-4865-8c0a-1c2014a00af8,e1f1992b-af93-4189-8303-d20af455ac67,1192.99,1192.99,1,1,0,10.45,10.45,10.45,CONFIRMADO,false,true,2026-04-20 16:00:29+00,62315d95-b346-4865-8c0a-1c2014a00af8
c177d935-67ce-4a7e-8765-588eb874e248,0cbb5d73-254f-4f26-89c8-7e388369a2d7,6000,6000,1,1,0,10.53,10.53,10.53,CONFIRMADO,false,true,2026-04-22 10:32:43+00,c177d935-67ce-4a7e-8765-588eb874e248
72892cc3-ea33-40d9-923b-d6248c3f5988,feb4ff56-0ad6-4e1c-80e4-fb017d63b400,2805.54,2244.43,1,1.25,0,9.95,9.95,9.95,CONFIRMADO,false,true,2026-04-22 19:25:37+00,72892cc3-ea33-40d9-923b-d6248c3f5988
3243d366-3036-4f4e-8c5e-142dbc5e53d3,0d98c8ac-1a04-4bce-8074-c8ea486b53ce,4519.34,4519.34,1,1,0,19.88,19.88,19.88,CONFIRMADO,false,true,2026-04-22 19:53:41+00,3243d366-3036-4f4e-8c5e-142dbc5e53d3
536015bb-dad7-4e78-9458-3ed0b8db8ec8,f73949a4-87bc-4d56-8338-a93c1f82bee3,4970.74,4970.74,2,1,0,11.67,11.67,11.67,CONFIRMADO,false,true,2026-04-24 11:40:13+00,536015bb-dad7-4e78-9458-3ed0b8db8ec8
01e38b01-62a9-4125-a358-1fe1415f8b90,05076b1f-2c2a-4d7a-8031-7fdfb587466a,994.15,994.15,3,1,8.4812,3,21.98,10.06,CONFIRMADO,false,true,2026-04-25 06:30:15+00,01e38b01-62a9-4125-a358-1fe1415f8b90
63a80020-62e3-4deb-9b33-84e263699d1e,daa2de7b-1c79-4e70-8326-07b1c380489d,6000,6000,1,1,0,18.45,18.45,18.45,CONFIRMADO,false,true,2026-04-27 18:27:23+00,63a80020-62e3-4deb-9b33-84e263699d1e
7b2cee4b-24b2-4ec4-9d55-4cf4fb6c5aa9,ea157c64-5ba0-4064-877d-66acefc6c319,2385.97,2385.97,1,1,0,9.72,9.72,9.72,CONFIRMADO,false,true,2026-04-28 08:36:15+00,7b2cee4b-24b2-4ec4-9d55-4cf4fb6c5aa9
6880adc0-8b37-481b-a566-8472be2096a8,288ff43c-ef48-4ff0-8b81-bd10ca8275c5,5964.94,5964.94,1,1,0,10.3,10.3,10.3,CONFIRMADO,false,true,2026-04-28 10:18:24+00,6880adc0-8b37-481b-a566-8472be2096a8
d1bda82c-c379-4d75-a3d5-13a70b4ada62,40164049-0bda-4dfb-844a-62063f1947aa,4970.74,4970.74,1,1,0,15.28,15.28,15.28,CONFIRMADO,false,true,2026-04-28 12:00:34+00,d1bda82c-c379-4d75-a3d5-13a70b4ada62
53872912-4cec-46bf-8b6b-184a72a8a0da,134cc71f-1415-40ff-8647-a15a0ea2d002,7855.48,7855.48,1,1,0,11.43,11.43,11.43,CONFIRMADO,false,true,2026-04-29 11:26:43+00,53872912-4cec-46bf-8b6b-184a72a8a0da
a7a7230c-b2a8-46ec-9648-1c96e580cbec,134cc71f-1415-40ff-8647-a15a0ea2d002,19077.62,19077.62,1,1,0,5.02,5.02,5.02,CONFIRMADO,false,true,2026-04-29 11:30:12+00,a7a7230c-b2a8-46ec-9648-1c96e580cbec
9919abaa-b2b6-4448-a6f0-79d0de23d54a,2b0cd95b-8f5d-4a05-8a7e-04952ec94219,2244.43,2244.43,3,1,5.6205,10.28,23.45,15.71,CONFIRMADO,false,true,2026-04-29 15:09:08+00,9919abaa-b2b6-4448-a6f0-79d0de23d54a
f92160af-d8fc-450e-9ad2-8d8cf3d00640,2b0cd95b-8f5d-4a05-8a7e-04952ec94219,4488.85,2244.43,1,2,0,21.18,21.18,21.18,CONFIRMADO,false,true,2026-04-29 16:28:11+00,f92160af-d8fc-450e-9ad2-8d8cf3d00640
7b4bc762-1093-4c9e-aba8-fb8597462faf,a0ad6176-c227-486d-8fe1-94ec43039ac7,4771.95,4771.95,1,1,0,19.8,19.8,19.8,CONFIRMADO,false,true,2026-04-29 19:48:12+00,7b4bc762-1093-4c9e-aba8-fb8597462faf
b1682172-4a06-4cc5-b003-e2931cd4927c,09bf5a82-6644-49a4-87cb-30ba8b764f57,4970.74,4970.74,1,1,0,5.57,5.57,5.57,CONFIRMADO,false,true,2026-04-30 01:32:40+00,b1682172-4a06-4cc5-b003-e2931cd4927c
e0d176e3-9afa-4402-b8a5-8cdd806ab00c,2b678e4c-98f0-406f-834e-3aa1bcf41be1,994.15,994.15,1,1,0,20.38,20.38,20.38,CONFIRMADO,false,true,2026-04-30 02:20:00+00,e0d176e3-9afa-4402-b8a5-8cdd806ab00c
a7f08e58-241e-4bd6-91cd-65f83a08dfac,6449bbbd-308b-4264-85ba-aaaeefc2a0aa,9426.58,9426.58,1,1,0,15.42,15.42,15.42,CONFIRMADO,false,true,2026-04-30 15:25:19+00,a7f08e58-241e-4bd6-91cd-65f83a08dfac
7bbfc66c-fdbf-48c3-9b89-5229167443cd,b07884e3-eeec-4846-86e6-3fed7073f9ef,28616.43,28616.43,1,1,0,17.8,17.8,17.8,CONFIRMADO,false,true,2026-04-30 17:48:56+00,7bbfc66c-fdbf-48c3-9b89-5229167443cd
11d704fd-8cd9-4395-bb08-05f3106fd6f3,67c151af-2af3-4311-8ac4-cd9b48ca6094,23847.03,23847.03,1,1,0,18.17,18.17,18.17,CONFIRMADO,false,true,2026-04-30 17:48:58+00,11d704fd-8cd9-4395-bb08-05f3106fd6f3
28e94479-06f2-4988-bfad-273498d37a22,2fb8ff02-fb79-45d1-8044-f926e42653e5,5770.47,5770.47,1,1,0,13.6,13.6,13.6,CONFIRMADO,false,true,2026-05-01 21:46:57+00,28e94479-06f2-4988-bfad-273498d37a22
b3368412-6b2f-4ee1-af54-a642fe972095,90724f8a-9439-4d36-8715-5499bd622d71,9484.85,9484.85,80,1,7.217,0.23,23.85,12.57,CONFIRMADO,true,true,2026-05-01 21:54:03+00,b3368412-6b2f-4ee1-af54-a642fe972095
94daf50f-bcc7-4723-8d60-3c69733e76a6,666ebbff-ac93-4995-8f7a-9e72e4477d90,14563.37,14563.37,13,1,5.8276,1.07,23.77,15.73,CONFIRMADO,false,true,2026-05-02 06:56:44+00,94daf50f-bcc7-4723-8d60-3c69733e76a6
de8605ea-da05-4aff-99b6-8d71b513d9f9,338a975b-b91b-486a-882a-a91f7bcd0ea1,4970.74,4970.74,1,1,0,7.1,7.1,7.1,CONFIRMADO,false,true,2026-05-02 07:06:03+00,de8605ea-da05-4aff-99b6-8d71b513d9f9
28aec1a2-736f-4c4f-98a5-d8db6e9189b3,99f85bd1-6da6-430e-8ad8-7258257a6a87,5770.47,5770.47,46,1,4.9124,1.57,22.6,12.68,CONFIRMADO,true,true,2026-05-02 07:43:05+00,28aec1a2-736f-4c4f-98a5-d8db6e9189b3
6cbd3b2a-b101-4c57-acdc-6481d2d83815,52d7cf98-737d-4b46-8320-6a88ba9f478b,9484.85,9484.85,64,1,5.0435,1.7,22.73,13.35,CONFIRMADO,true,true,2026-05-02 07:50:01+00,6cbd3b2a-b101-4c57-acdc-6481d2d83815
0b0432d2-08f7-4c27-960d-1a402efba708,b43c8c8d-d28e-49ef-8140-c1c6df95dac4,14563.37,14563.37,28,1,6.1207,2.7,22.9,12.89,CONFIRMADO,true,true,2026-05-02 08:00:44+00,0b0432d2-08f7-4c27-960d-1a402efba708
7d706d04-f7d5-4943-9a65-b1c2604b56e2,08be883c-8956-4ce5-8d0e-e4bbd77a1983,7295.95,7295.95,1,1,0,9.57,9.57,9.57,CONFIRMADO,false,true,2026-05-02 09:34:30+00,7d706d04-f7d5-4943-9a65-b1c2604b56e2
8ae9f4d7-9ed4-4bca-a264-db3e67279a8c,2b26ce38-8809-48c1-897c-df26d1b0b7fe,1373.79,1373.79,1,1,0,6.1,6.1,6.1,CONFIRMADO,false,true,2026-05-02 09:41:36+00,8ae9f4d7-9ed4-4bca-a264-db3e67279a8c
adb2a268-4a78-45ad-9725-6839f575cd9f,173fb795-0625-4ead-825a-0ecf427fce83,16211.89,16211.89,14,1,4.0032,7.73,20.8,14.44,CONFIRMADO,false,true,2026-05-02 11:39:32+00,adb2a268-4a78-45ad-9725-6839f575cd9f
f581753c-c0e8-49b8-b295-a63a91a8c2bc,34bee852-72cd-41b0-867b-975b8c4a3ba8,1942.74,1942.74,1,1,0,17.07,17.07,17.07,CONFIRMADO,false,true,2026-05-02 19:44:32+00,f581753c-c0e8-49b8-b295-a63a91a8c2bc
06a0448b-5e2a-420d-9bb5-365b3ce247e6,af811601-5033-4cf4-80e6-5f6f968a1db3,1373.79,1373.79,1,1,0,11.43,11.43,11.43,CONFIRMADO,false,true,2026-05-02 20:05:27+00,06a0448b-5e2a-420d-9bb5-365b3ce247e6
7afb4c9e-4108-4cbd-acdc-d4696851191f,cf3ce4df-4324-4cb5-8877-8004bcf015e5,994.15,994.15,1,1,0,21.18,21.18,21.18,CONFIRMADO,false,true,2026-05-02 22:06:49+00,7afb4c9e-4108-4cbd-acdc-d4696851191f
7acb122f-441c-4cdc-a8b4-038b5c6e91e0,d8c50169-0bfc-4f5e-814a-bd21d33f5e0d,32423.63,32423.63,14,1,3.2944,10.08,19.87,13.23,CONFIRMADO,false,true,2026-05-03 14:54:37+00,7acb122f-441c-4cdc-a8b4-038b5c6e91e0
26b94b23-874d-4c7b-ab4c-93030c63ae48,6bdf298a-a059-4af7-8fa3-3e5c979353ca,14563.37,14563.37,33,1,7.3445,0.85,23.93,13.09,CONFIRMADO,true,true,2026-05-03 21:05:14+00,26b94b23-874d-4c7b-ab4c-93030c63ae48
631678e6-718b-4c0e-ba8f-68127948d73e,f5e8c23e-14be-468d-82da-548bcd932f42,9819.34,9819.34,2,1,0.0333,7.25,7.32,7.28,CONFIRMADO,false,true,2026-05-04 07:19:45+00,631678e6-718b-4c0e-ba8f-68127948d73e
b3c5f352-a0df-4a73-b905-e98e7af861f6,78b83c9f-1966-43b0-8dc7-60cd00134011,16211.89,16211.89,21,1,3.3324,8.83,20.98,17.38,CONFIRMADO,true,true,2026-05-04 07:25:09+00,b3c5f352-a0df-4a73-b905-e98e7af861f6
96a1364e-245c-4c31-be1f-ed184226a61e,67d28964-78f9-4afa-827f-9164032f330f,32423.63,32423.63,2,1,0.35,17.07,17.77,17.42,CONFIRMADO,false,true,2026-05-04 08:03:56+00,96a1364e-245c-4c31-be1f-ed184226a61e
6174f428-afb1-48e9-b9b4-09c0044fe4b3,f5e8c23e-14be-468d-82da-548bcd932f42,23847.03,23847.03,1,1,0,9.63,9.63,9.63,CONFIRMADO,false,true,2026-05-04 09:38:57+00,6174f428-afb1-48e9-b9b4-09c0044fe4b3
8ce4371e-d565-4e78-83b7-e0ff7b7bcfca,a2390279-0cd2-4b23-81f6-3e11dd17a41e,32423.63,32423.63,4,1,2.4858,14.27,20.93,17.41,CONFIRMADO,false,true,2026-05-04 10:59:32+00,8ce4371e-d565-4e78-83b7-e0ff7b7bcfca
a9030790-9158-4d29-9479-b05ffe3e7498,224b5822-995f-4a04-82da-57db957a90eb,14563.37,14563.37,8,1,7.9833,0.15,21.77,13.87,CONFIRMADO,false,true,2026-05-04 11:17:50+00,a9030790-9158-4d29-9479-b05ffe3e7498
7d8137e8-d42a-4968-89c7-2e08589e91cc,e2261f49-1cce-46df-8aa9-f4469f3f3c2d,5770.47,5770.47,10,1,4.3361,2.35,15.77,11.59,CONFIRMADO,false,true,2026-05-04 11:48:10+00,7d8137e8-d42a-4968-89c7-2e08589e91cc
eb757a0e-e542-41ab-ba3f-a7497460ac15,9f0e4786-37fe-4ea9-80a1-ad20438ed0f4,9484.85,9484.85,15,1,3.8101,2.47,16,10.99,CONFIRMADO,true,true,2026-05-04 11:55:04+00,eb757a0e-e542-41ab-ba3f-a7497460ac15
3928b830-7819-479c-ac34-30338d94bb5f,f3d07caf-e8b6-41a0-89e1-3ce3ac27f076,14563.37,14563.37,2,1,5.35,5.13,15.83,10.48,CONFIRMADO,false,true,2026-05-04 13:26:21+00,3928b830-7819-479c-ac34-30338d94bb5f
a51e122a-7593-42b6-a2bb-8271fc6eed8a,f9618b6e-4304-4d35-8c29-f1acb472b6db,14563.37,14563.37,6,1,3.0214,6.28,14.33,10.6,CONFIRMADO,false,true,2026-05-04 13:41:58+00,a51e122a-7593-42b6-a2bb-8271fc6eed8a
3cad050f-e2bc-4731-93e1-a8b02a5610bc,000124bd-60ba-428d-8abf-e5d220d2ea95,5220.76,5220.76,1,1,0,13.68,13.68,13.68,CONFIRMADO,false,true,2026-05-04 13:41:59+00,3cad050f-e2bc-4731-93e1-a8b02a5610bc
50588fb6-096d-4732-b1e9-e65cd614e9ef,22fdb3a7-f35c-4600-8f30-c9ac7ccc1f30,3297.43,3297.43,1,1,0,14.28,14.28,14.28,CONFIRMADO,false,true,2026-05-04 14:17:19+00,50588fb6-096d-4732-b1e9-e65cd614e9ef
8c9540fe-d705-4636-93ca-673809eec7fb,e327510c-52cc-4ac3-805d-225374493c54,7295.95,7295.95,2,1,0.9083,16.15,17.97,17.06,CONFIRMADO,false,true,2026-05-04 17:38:16+00,8c9540fe-d705-4636-93ca-673809eec7fb
947b007e-4921-4b2b-99c6-303f30f988da,1b90afb5-83aa-420e-8a93-7bb2f94d554d,3572.13,3572.13,2,1,0.775,16.27,17.82,17.04,CONFIRMADO,false,true,2026-05-04 17:45:43+00,947b007e-4921-4b2b-99c6-303f30f988da
4b5ede9a-3dcd-4ef1-8c6e-8f52b2542a48,5f5e80c7-f121-4ae6-86da-e6cd3de2b630,32423.63,32423.63,2,1,2.7167,12.43,17.87,15.15,CONFIRMADO,false,true,2026-05-04 18:14:05+00,4b5ede9a-3dcd-4ef1-8c6e-8f52b2542a48
970ea1e1-7a79-4653-814a-bdcc57b20818,d14de0fb-20f8-4cc8-87dc-84a2a1784b57,16211.89,16211.89,4,1,3.2937,7.38,16.12,10.63,CONFIRMADO,false,true,2026-05-05 09:33:37+00,970ea1e1-7a79-4653-814a-bdcc57b20818
1ae0d8e7-d168-414a-bca1-932307244886,0eb36600-5ba0-435f-8eb9-7f4b427e6a71,32423.63,32423.63,2,1,1.3833,7.68,10.45,9.07,CONFIRMADO,false,true,2026-05-05 10:38:16+00,1ae0d8e7-d168-414a-bca1-932307244886
04d80fdd-2e7e-4fd5-a232-c050ba4846b4,48ac2f48-d19b-449a-8edf-d2eed5ab756e,6000,6000,1,1,0,18.27,18.27,18.27,CONFIRMADO,false,true,2026-05-06 16:49:24+00,04d80fdd-2e7e-4fd5-a232-c050ba4846b4
6e245484-9dcd-45f4-9674-7a5350cf9779,f6e111cd-8c8e-4f78-8515-abfc41e353df,21000,21000,11,1,4.305,7.83,22.7,16.43,CONFIRMADO,false,true,2026-05-06 21:52:42+00,6e245484-9dcd-45f4-9674-7a5350cf9779
6bc098df-0525-47ff-9e72-191a0817de2e,5929679d-01ea-45b9-8a2e-46d877e9700f,4970.74,4970.74,1,1,0,4.87,4.87,4.87,CONFIRMADO,false,true,2026-05-06 23:12:42+00,6bc098df-0525-47ff-9e72-191a0817de2e
ae5e48d6-12d5-43ea-9408-4599c78d39a7,28752670-d0cd-4af3-89a8-767455c1e392,21000,21000,10,1,5.4983,6,22.52,15.4,CONFIRMADO,false,true,2026-05-06 23:25:50+00,ae5e48d6-12d5-43ea-9408-4599c78d39a7
16b5b042-11dc-4a12-aa77-9f53dafe7ecc,484191c2-f0a4-4d18-898e-59bcfc361773,2472.95,2472.95,1,1,0,11.55,11.55,11.55,CONFIRMADO,false,true,2026-05-07 11:33:05+00,16b5b042-11dc-4a12-aa77-9f53dafe7ecc
ae268018-a6c6-43ed-9d14-e68e8f0a5eb8,9b64797c-57df-49ad-8f16-d397760c9188,2472.95,2472.95,1,1,0,11.88,11.88,11.88,CONFIRMADO,false,true,2026-05-07 11:53:36+00,ae268018-a6c6-43ed-9d14-e68e8f0a5eb8
30244159-ebc4-4fef-a5a0-932e6e56fba5,7f35f73d-3288-4c90-82e0-28aba43ca70c,8416.6,8416.6,1,1,0,17.42,17.42,17.42,CONFIRMADO,false,true,2026-05-07 17:25:17+00,30244159-ebc4-4fef-a5a0-932e6e56fba5
14003443-0cb5-4069-bc04-94c44aa1c373,3044b3d9-1646-4395-8720-f0fe0b7f8c05,4970.74,4970.74,1,1,0,13.32,13.32,13.32,CONFIRMADO,false,true,2026-05-08 01:19:21+00,14003443-0cb5-4069-bc04-94c44aa1c373
3882f90a-e9dd-45c4-9bd7-6cd06beb2d0e,1ac42dd1-9869-4de7-816a-813f4ea19c18,3827.71,3827.71,2,1,4.5583,6.52,15.63,11.08,CONFIRMADO,false,true,2026-05-08 06:31:03+00,3882f90a-e9dd-45c4-9bd7-6cd06beb2d0e
843c90d8-bb30-4423-9933-daf1c28cf519,116861d1-b7c3-4001-8658-d0b9228c88ee,3827.71,3827.71,2,1,2.875,8.25,14,11.13,CONFIRMADO,false,true,2026-05-08 08:15:14+00,843c90d8-bb30-4423-9933-daf1c28cf519
e4508b71-7fe7-4bc3-a234-8cfc617bd554,ed0e4070-4b82-46b1-8f68-d4b4f07c3d90,1192.99,1192.99,1,1,0,16.73,16.73,16.73,CONFIRMADO,false,true,2026-05-08 16:44:40+00,e4508b71-7fe7-4bc3-a234-8cfc617bd554
17525fec-44ec-4f1d-bc55-5e7e6b412133,9c6c406c-b3c6-4e1e-84f3-85d8c6ccd55a,7500,7500,1,1,0,12.38,12.38,12.38,CONFIRMADO,false,true,2026-05-11 12:23:25+00,17525fec-44ec-4f1d-bc55-5e7e6b412133
f45843a8-6432-474f-acf3-62c349e3d442,fd041753-96cf-47e5-813a-1632893fafef,5770.47,5770.47,1,1,0,12.05,12.05,12.05,CONFIRMADO,false,true,2026-05-12 12:03:11+00,f45843a8-6432-474f-acf3-62c349e3d442
4be8a8bb-1a9c-41bf-9d01-f38e32558c79,d9f91cfc-8d75-4c25-8a4e-e05852abe9a6,5770.47,5770.47,1,1,0,14.65,14.65,14.65,CONFIRMADO,false,true,2026-05-12 14:39:43+00,4be8a8bb-1a9c-41bf-9d01-f38e32558c79
5b8b150e-4b5a-4600-8e40-e602cf09950a,2cb215f1-e9fb-43b4-8595-7293200c5402,4500,4500,1,1,0,16.88,16.88,16.88,CONFIRMADO,false,true,2026-05-12 16:53:39+00,5b8b150e-4b5a-4600-8e40-e602cf09950a
e29582aa-9f3c-49ae-9277-9ccff10d4d03,ae6bda40-cbcd-4b00-81a7-de06fa2047ed,1500,1500,2,1,0.925,13.15,15,14.08,CONFIRMADO,false,true,2026-05-13 11:36:26+00,e29582aa-9f3c-49ae-9277-9ccff10d4d03
4bad6433-c080-4e91-9406-446e92d04855,d268dcf0-86f5-49b7-8861-6ea294e20c40,19077.62,19077.62,2,1,1.9917,10.15,14.13,12.14,CONFIRMADO,false,true,2026-05-13 12:15:48+00,4bad6433-c080-4e91-9406-446e92d04855
526693d1-7a09-404f-8415-776060d02657,6449bbbd-308b-4264-85ba-aaaeefc2a0aa,22893.15,22893.15,1,1,0,12.28,12.28,12.28,CONFIRMADO,false,true,2026-05-13 12:17:46+00,526693d1-7a09-404f-8415-776060d02657
8223c3e5-1e74-4fc7-9981-5dbe359487bb,f7a20930-54bf-47fb-81f8-21ce403ed5bb,5964.94,5964.94,1,1,0,10.45,10.45,10.45,CONFIRMADO,false,true,2026-05-14 10:27:06+00,8223c3e5-1e74-4fc7-9981-5dbe359487bb
b19fe914-6fad-4fc2-a7e7-04ce447f8e7e,50ffad9d-a9fa-4ff9-872a-8aa7be0cc81f,1192.99,1192.99,1,1,0,16.8,16.8,16.8,CONFIRMADO,false,true,2026-05-14 16:48:11+00,b19fe914-6fad-4fc2-a7e7-04ce447f8e7e
a094e18c-a5e4-42ab-b0ad-b75297a11245,48ca0582-72ee-4146-8985-3635c07bb8af,2385.97,2385.97,1,1,0,8.22,8.22,8.22,CONFIRMADO,false,true,2026-05-15 16:39:40+00,a094e18c-a5e4-42ab-b0ad-b75297a11245
3f72f7c0-75d6-4035-8064-2c20879ba3ea,2b517a8c-7eef-4cab-8d1b-4850068fe295,6600,6600,2,1,0.3417,12.03,12.72,12.38,CONFIRMADO,false,true,2026-05-18 11:54:32+00,3f72f7c0-75d6-4035-8064-2c20879ba3ea
bdab1cd9-0dfd-467b-93e1-d31230e00566,ffe2a6e7-7616-4d89-88e7-0b208ac0bc6a,4500,4500,1,1,0,19.4,19.4,19.4,CONFIRMADO,false,true,2026-05-19 19:24:32+00,bdab1cd9-0dfd-467b-93e1-d31230e00566
42774f7d-27a1-4786-858b-6dcf16047d3d,23d90221-bb9c-4ef9-80ce-bfdba055f0a6,4500,4500,1,1,0,21.75,21.75,21.75,CONFIRMADO,false,true,2026-05-19 21:45:27+00,42774f7d-27a1-4786-858b-6dcf16047d3d
563aebe6-004b-437b-95c2-564e786d8261,a6474c22-d1a3-446e-84f3-08d74da09640,994.15,994.15,1,1,0,11.37,11.37,11.37,CONFIRMADO,false,true,2026-05-20 11:22:46+00,563aebe6-004b-437b-95c2-564e786d8261
f9645ee2-903c-4313-8ec8-dc320a136af2,8d467fa4-c8f5-4c86-8d71-4fc427daabfa,4771.95,4771.95,4,1,4.6457,8.33,19.57,13.98,CONFIRMADO,false,true,2026-05-20 17:25:32+00,f9645ee2-903c-4313-8ec8-dc320a136af2
449707bb-5125-498f-8a40-1da481f2c152,ee83e3ff-2131-4520-8640-7799898c57a1,1942.74,1942.74,1,1,0,18.72,18.72,18.72,CONFIRMADO,false,true,2026-05-20 18:43:26+00,449707bb-5125-498f-8a40-1da481f2c152
2c8f135a-cbff-44e9-b2f5-d1871c4c3cbb,f4ab6bf6-c9b8-431f-863b-77855f81af3d,7500,6000,2,1.25,0.95,15.55,17.45,16.5,CONFIRMADO,false,true,2026-05-21 08:57:28+00,2c8f135a-cbff-44e9-b2f5-d1871c4c3cbb
8d0a9b0d-bd71-4ef0-836a-4abac59abd4f,bb9651a9-06e4-4c1e-88aa-f8aed9069ad7,3000,3000,1,1,0,10.63,10.63,10.63,CONFIRMADO,false,true,2026-05-21 10:38:20+00,8d0a9b0d-bd71-4ef0-836a-4abac59abd4f
dff8154b-1b41-4fed-97ab-68baa7e8db43,82a0627f-22c0-4b50-8e58-9724808dc0c6,1500,1500,2,1,1.9,14.68,18.48,16.58,CONFIRMADO,false,true,2026-05-21 14:41:17+00,dff8154b-1b41-4fed-97ab-68baa7e8db43
e0c5cbe5-fb26-4648-9aff-d3bbb6506fd8,04569f52-5662-4a52-84bd-c8036c57491b,14027.67,14027.67,1,1,0,18.07,18.07,18.07,CONFIRMADO,false,true,2026-05-21 17:09:42+00,e0c5cbe5-fb26-4648-9aff-d3bbb6506fd8
54fd0e7c-d1fa-449a-aa0b-1d1a96b32f8c,ff031320-2481-409a-8e30-3a4460e1c358,1500,1500,1,1,0,22.05,22.05,22.05,CONFIRMADO,false,true,2026-05-21 22:03:24+00,54fd0e7c-d1fa-449a-aa0b-1d1a96b32f8c
e048a254-bd2b-4452-bf85-b5cfb87dbc15,87c2c035-07fb-4c20-8770-98af7e1990ae,9426.58,9426.58,1,1,0,11.32,11.32,11.32,CONFIRMADO,false,true,2026-05-24 11:19:37+00,e048a254-bd2b-4452-bf85-b5cfb87dbc15
e5718a46-2d28-487e-9a20-551b406ba145,f4172d81-d74a-47c3-8b81-ca69b13af330,22893.15,22893.15,1,1,0,11.37,11.37,11.37,CONFIRMADO,false,true,2026-05-24 11:22:46+00,e5718a46-2d28-487e-9a20-551b406ba145
ed375785-1a85-4209-9493-b8671e8b308b,916e788f-fffa-4d3a-83b9-5492f9c8683b,3976.59,3976.59,1,1,0,12.1,12.1,12.1,CONFIRMADO,false,true,2026-05-26 12:06:46+00,ed375785-1a85-4209-9493-b8671e8b308b
c369bf95-ee6b-4a61-9531-987f636f393b,ee03f98f-6366-475a-8753-ced47a75c650,5220.76,5220.76,1,1,0,12.22,12.22,12.22,CONFIRMADO,false,true,2026-05-26 12:13:31+00,c369bf95-ee6b-4a61-9531-987f636f393b
c90b1bfe-dedf-4641-8576-4284c3ae133a,68574413-a3b4-4659-819a-a11e08c9e9cf,3976.59,3976.59,1,1,0,12.63,12.63,12.63,CONFIRMADO,false,true,2026-05-26 12:38:48+00,c90b1bfe-dedf-4641-8576-4284c3ae133a
b0a9576d-b564-4c16-99a1-20a2093a7ab1,f354d2ac-2cf8-4cdd-88ef-299d1028f398,1942.74,1942.74,1,1,0,18.25,18.25,18.25,CONFIRMADO,false,true,2026-05-26 18:15:34+00,b0a9576d-b564-4c16-99a1-20a2093a7ab1
437f5a43-d7ea-491b-b7e6-cb3844147785,cef3b60c-6643-4144-86f6-91572062367c,1192.99,1192.99,2,1,0.0167,18.08,18.12,18.1,CONFIRMADO,false,true,2026-05-27 18:05:50+00,437f5a43-d7ea-491b-b7e6-cb3844147785
2ab70bb9-080a-4d5a-b0b4-93c62d949ce7,3d2590b8-357a-4120-84a4-28363b7f674c,7693.73,7693.73,1,1,0,18.18,18.18,18.18,CONFIRMADO,false,true,2026-05-28 18:11:43+00,2ab70bb9-080a-4d5a-b0b4-93c62d949ce7
3f339e18-1889-4dd5-8d03-d48e6ec9ce45,d988779c-cd2a-4fa8-8e48-82524393eecb,1044.26,1044.26,2,1,0.2,11.78,12.18,11.98,CONFIRMADO,false,true,2026-05-29 11:47:25+00,3f339e18-1889-4dd5-8d03-d48e6ec9ce45
73c2561a-02b0-4fe2-835b-8479baf46fe6,9ecb9dc0-0ccb-4567-875d-99f736e1315a,3976.59,3976.59,1,1,0,15.25,15.25,15.25,CONFIRMADO,false,true,2026-05-29 15:15:58+00,73c2561a-02b0-4fe2-835b-8479baf46fe6
975471e0-52f9-4fe5-9400-a4c6767e242a,6ccfd96e-dcac-4a33-8594-047b9a50a545,7693.73,7693.73,1,1,0,16.47,16.47,16.47,CONFIRMADO,false,true,2026-05-29 16:28:10+00,975471e0-52f9-4fe5-9400-a4c6767e242a
ed44a297-e563-4085-a9b5-1da806ebaf39,924829e4-74cd-41f7-87e7-420f0a4cc374,5741.57,5741.57,1,1,0,23.98,23.98,23.98,CONFIRMADO,false,true,2026-05-29 23:59:54+00,ed44a297-e563-4085-a9b5-1da806ebaf39
adcc25fe-d8f4-4eaa-a7ed-bfc58e3fcfe5,3236dd40-de84-4a36-8ee8-ca45fc0c44e9,28243.94,23536.62,85,1.2,7.1848,0.05,23.9,13.04,CONFIRMADO,true,true,2026-05-30 00:00:40+00,adcc25fe-d8f4-4eaa-a7ed-bfc58e3fcfe5
2b90818c-67df-4149-9600-761151e1c548,3236dd40-de84-4a36-8ee8-ca45fc0c44e9,23536.62,23536.62,36,1,6.0919,0.92,23.75,13.9,CONFIRMADO,true,true,2026-05-30 09:02:32+00,2b90818c-67df-4149-9600-761151e1c548
7981f424-2a3f-4f41-8aa9-83d359d62d7b,3236dd40-de84-4a36-8ee8-ca45fc0c44e9,42365.91,23536.62,72,1.8,5.5436,0.7,23.28,13.85,CONFIRMADO,true,true,2026-05-30 12:41:28+00,7981f424-2a3f-4f41-8aa9-83d359d62d7b
f060dce9-6bbe-4f6c-9b87-a193041288f6,4c292532-9afd-47e7-8291-18e7231bc0f4,4707.32,4707.32,26,1,5.5905,2.28,22.82,12.75,CONFIRMADO,true,true,2026-05-30 18:10:12+00,f060dce9-6bbe-4f6c-9b87-a193041288f6
c32b7fc2-178c-4032-a67c-92284d281304,08df2708-5666-4bcf-8825-a2b5ffb4259a,14121.97,14121.97,3,1,2.8082,11.33,17.73,15.26,CONFIRMADO,false,true,2026-05-31 22:24:34+00,c32b7fc2-178c-4032-a67c-92284d281304
7aae5c15-32f5-460c-906d-22079bf529a0,2fb8ff02-fb79-45d1-8044-f926e42653e5,5920.5,5920.5,41,1,6.4645,0,23.5,12.2,CONFIRMADO,true,true,2026-06-01 00:00:02+00,7aae5c15-32f5-460c-906d-22079bf529a0
a5d2f4c0-b312-4801-983c-4f44a505a559,90724f8a-9439-4d36-8715-5499bd622d71,9731.46,9731.46,6,1,1.2685,18.7,22.2,19.8,CONFIRMADO,false,true,2026-06-01 00:06:21+00,a5d2f4c0-b312-4801-983c-4f44a505a559
cc2cda4b-9501-4034-a412-11b02d57bc72,224b5822-995f-4a04-82da-57db957a90eb,14942.01,14942.01,9,1,4.0028,0.63,13.9,10.22,CONFIRMADO,false,true,2026-06-01 06:51:42+00,cc2cda4b-9501-4034-a412-11b02d57bc72
9e7e6aaa-b910-454d-9d12-fb08e10fee64,d14de0fb-20f8-4cc8-87dc-84a2a1784b57,16633.4,6044.83,1,2.7517,0,10.23,10.23,10.23,CONFIRMADO,false,true,2026-06-01 07:18:07+00,9e7e6aaa-b910-454d-9d12-fb08e10fee64
3165f784-4fab-4876-9d68-7d292caa1973,52d7cf98-737d-4b46-8320-6a88ba9f478b,9731.46,9731.46,33,1,4.5001,3.45,21.92,13.04,CONFIRMADO,true,true,2026-06-01 07:21:57+00,3165f784-4fab-4876-9d68-7d292caa1973
1e811ad6-2514-4da5-8484-7ef79bc4b039,9f0e4786-37fe-4ea9-80a1-ad20438ed0f4,9731.46,9731.46,6,1,2.4649,11.05,18.7,15.04,CONFIRMADO,false,true,2026-06-01 07:24:50+00,1e811ad6-2514-4da5-8484-7ef79bc4b039
5c3bf861-90a5-47b7-9bf9-b37bcb0c922b,a2390279-0cd2-4b23-81f6-3e11dd17a41e,33266.65,33266.65,5,1,3.3019,10.17,17.73,13.36,CONFIRMADO,false,true,2026-06-01 07:33:17+00,5c3bf861-90a5-47b7-9bf9-b37bcb0c922b
533a9a50-d566-4132-8930-ba645c3b9187,173fb795-0625-4ead-825a-0ecf427fce83,16633.4,6044.83,1,2.7517,0,19.98,19.98,19.98,CONFIRMADO,false,true,2026-06-01 10:00:08+00,533a9a50-d566-4132-8930-ba645c3b9187
1a3170f1-3cb6-4571-88ca-22f2e9120356,67d28964-78f9-4afa-827f-9164032f330f,33266.65,33266.65,7,1,4.5325,7.55,19.57,13.52,CONFIRMADO,false,true,2026-06-01 10:02:27+00,1a3170f1-3cb6-4571-88ca-22f2e9120356
541dd6b6-a460-41c1-8272-77292c20498b,0eb36600-5ba0-435f-8eb9-7f4b427e6a71,33266.65,33266.65,3,1,3.9726,10.3,19.97,15.46,CONFIRMADO,false,true,2026-06-01 10:18:57+00,541dd6b6-a460-41c1-8272-77292c20498b
ccfd3d3d-aead-4d60-a73c-e13f7e44d71b,d8c50169-0bfc-4f5e-814a-bd21d33f5e0d,33266.65,33266.65,9,1,2.9721,10.03,17.82,13.1,CONFIRMADO,false,true,2026-06-01 10:27:05+00,ccfd3d3d-aead-4d60-a73c-e13f7e44d71b
9ac26022-7211-4ece-9cbd-39c33527d851,b43c8c8d-d28e-49ef-8140-c1c6df95dac4,14942.01,14942.01,14,1,4.6707,4.42,21.48,10.41,CONFIRMADO,false,true,2026-06-01 11:18:30+00,9ac26022-7211-4ece-9cbd-39c33527d851
4936dd3c-a425-433c-a90a-16d85816d294,99f85bd1-6da6-430e-8ad8-7258257a6a87,5920.5,5920.5,23,1,4.538,3.32,21.8,12.59,CONFIRMADO,true,true,2026-06-01 11:37:35+00,4936dd3c-a425-433c-a90a-16d85816d294
c02da23b-5eae-4b93-83a0-7cac6d127e7a,e2261f49-1cce-46df-8aa9-f4469f3f3c2d,5920.5,5920.5,3,1,3.5329,11.87,20.52,16.12,CONFIRMADO,false,true,2026-06-01 11:52:38+00,c02da23b-5eae-4b93-83a0-7cac6d127e7a
172ec304-9258-4e09-b4ae-c3ffc072c52a,666ebbff-ac93-4995-8f7a-9e72e4477d90,14942.01,14942.01,5,1,3.3727,12.17,21.32,14.87,CONFIRMADO,false,true,2026-06-01 12:10:20+00,172ec304-9258-4e09-b4ae-c3ffc072c52a
82035de7-4e21-4175-b1be-c0e4d6cc18cf,f9618b6e-4304-4d35-8c29-f1acb472b6db,14942.01,14942.01,5,1,2.8785,12.18,20.22,14.68,CONFIRMADO,false,true,2026-06-01 12:11:32+00,82035de7-4e21-4175-b1be-c0e4d6cc18cf
a41b6daf-2aff-47d1-873b-72fe07ed62c3,6bdf298a-a059-4af7-8fa3-3e5c979353ca,14942.01,14942.01,22,1,6.5202,0.48,22.8,12.86,CONFIRMADO,true,true,2026-06-01 13:22:43+00,a41b6daf-2aff-47d1-873b-72fe07ed62c3
3c4386ad-8802-4a3b-a91f-36c2355f520a,5f5e80c7-f121-4ae6-86da-e6cd3de2b630,33266.65,33266.65,1,1,0,17.13,17.13,17.13,CONFIRMADO,false,true,2026-06-01 17:08:52+00,3c4386ad-8802-4a3b-a91f-36c2355f520a
40766b16-d80d-4575-908f-240ed8b3665d,78b83c9f-1966-43b0-8dc7-60cd00134011,16633.4,16633.4,9,1,2.9428,10.57,20,15.95,CONFIRMADO,false,true,2026-06-01 17:30:06+00,40766b16-d80d-4575-908f-240ed8b3665d
6b010a1d-f2a9-46c8-bd23-3249f724a90f,658bf7fa-4e37-41c0-8a2b-fabd4c290260,2485.38,2485.38,1,1,0,6.68,6.68,6.68,CONFIRMADO,false,true,2026-06-02 06:41:20+00,6b010a1d-f2a9-46c8-bd23-3249f724a90f
7ff62fae-0d6b-43de-88fd-e1ae35759cd9,1ac42dd1-9869-4de7-816a-813f4ea19c18,9414.65,9414.65,1,1,0,7.43,7.43,7.43,CONFIRMADO,false,true,2026-06-02 12:53:25+00,7ff62fae-0d6b-43de-88fd-e1ae35759cd9
da1d0684-fbec-4352-9733-48baee1fa5b1,1d1b3565-d83e-4cd8-8fe7-cf4920ad2fcc,13466.55,13466.55,1,1,0,15.8,15.8,15.8,CONFIRMADO,false,true,2026-06-02 15:48:24+00,da1d0684-fbec-4352-9733-48baee1fa5b1
6640ac75-9a6e-4850-8d6e-134a80fa7c8d,e327510c-52cc-4ac3-805d-225374493c54,7485.65,7485.65,1,1,0,16.07,16.07,16.07,CONFIRMADO,false,true,2026-06-02 16:04:06+00,6640ac75-9a6e-4850-8d6e-134a80fa7c8d
2327c1c7-50bf-48d8-ad09-eb1bb000914a,1b90afb5-83aa-420e-8a93-7bb2f94d554d,3665,3665,1,1,0,16.17,16.17,16.17,CONFIRMADO,false,true,2026-06-02 16:10:34+00,2327c1c7-50bf-48d8-ad09-eb1bb000914a
0a2e50f4-0fe4-405e-a389-5bf0c28758b3,924829e4-74cd-41f7-87e7-420f0a4cc374,18829.29,18829.29,17,1,4.4078,1.73,21.42,11.4,CONFIRMADO,true,true,2026-06-02 17:26:26+00,0a2e50f4-0fe4-405e-a389-5bf0c28758b3
1c21cb32-1069-42fb-983b-22da84896f20,58b6a51c-9ff7-46a3-8ee5-b8c1f31b4220,9414.65,9414.65,1,1,0,17.55,17.55,17.55,CONFIRMADO,false,true,2026-06-02 17:33:22+00,1c21cb32-1069-42fb-983b-22da84896f20
3a2378e2-6f33-4692-80c7-956f1bad3709,34bee852-72cd-41b0-867b-975b8c4a3ba8,1993.24,1993.24,2,1,0.55,9.02,10.12,9.57,CONFIRMADO,false,true,2026-06-03 09:01:17+00,3a2378e2-6f33-4692-80c7-956f1bad3709
79374250-981d-46ee-9f39-dd02767c6e7a,293e627c-8cc7-476d-8b4e-7af96db60f95,3827.71,3827.71,2,1,9.2583,2.07,20.58,11.33,CONFIRMADO,false,true,2026-06-04 02:04:45+00,79374250-981d-46ee-9f39-dd02767c6e7a
fde69915-6a32-4310-b6f4-4637720318ff,a51d31c2-776f-4fb9-892a-0884102a7875,3827.71,3827.71,2,1,7.975,3.27,19.22,11.24,CONFIRMADO,false,true,2026-06-04 03:16:33+00,fde69915-6a32-4310-b6f4-4637720318ff
afa1eedd-6d5b-4e1b-b734-9db0886231a8,2ccd274e-a02d-4944-8776-43ac11371d04,4771.95,4771.95,1,1,0,10.73,10.73,10.73,CONFIRMADO,false,true,2026-06-04 10:05:38+00,afa1eedd-6d5b-4e1b-b734-9db0886231a8
76a5b341-ef89-4a7e-b1b4-763664f8adde,2b26ce38-8809-48c1-897c-df26d1b0b7fe,1409.5,1409.5,3,1,7.2668,0.02,15.9,10.28,CONFIRMADO,false,true,2026-06-04 14:55:32+00,76a5b341-ef89-4a7e-b1b4-763664f8adde
5ecc5ba6-4e41-4487-85c5-90ad600f57b9,66e1eae8-d205-4196-8e06-ad6a7bb0f2b9,1300,1300,1,1,0,16.45,16.45,16.45,CONFIRMADO,false,true,2026-06-07 16:27:06+00,5ecc5ba6-4e41-4487-85c5-90ad600f57b9
381f8bfd-d6fb-47a8-90d2-828d9f3b49e4,183164f0-a492-47cb-8b3b-9fd677c79c02,3578.96,3578.96,1,1,0,17.25,17.25,17.25,CONFIRMADO,false,true,2026-06-09 17:15:59+00,381f8bfd-d6fb-47a8-90d2-828d9f3b49e4
90d8d6f6-c396-4a2c-9da7-a15d0eb235c4,36e7a21d-59d0-4194-8a5b-541793e7a33d,11222.12,11222.12,1,1,0,18.13,18.13,18.13,CONFIRMADO,false,true,2026-06-09 18:08:48+00,90d8d6f6-c396-4a2c-9da7-a15d0eb235c4
cf980474-62d1-4db9-b993-b7b8872f960e,d149e099-6edd-4df1-8ce9-23ecd11e579f,11222.12,11222.12,1,1,0,18.45,18.45,18.45,CONFIRMADO,false,true,2026-06-09 18:27:20+00,cf980474-62d1-4db9-b993-b7b8872f960e
07348ec3-94f3-4035-a4a4-02886bc6efeb,f3d07caf-e8b6-41a0-89e1-3ce3ac27f076,14942.01,14942.01,1,1,0,14.52,14.52,14.52,CONFIRMADO,false,true,2026-06-10 12:04:55+00,07348ec3-94f3-4035-a4a4-02886bc6efeb
16505183-f10a-4403-af19-731bc98c02ae,d65103d5-d6f2-4949-8ff0-8391c7edb694,11222.12,11222.12,1,1,0,17.82,17.82,17.82,CONFIRMADO,false,true,2026-06-10 17:49:23+00,16505183-f10a-4403-af19-731bc98c02ae
262dcb81-c96f-45aa-9886-c09d424b0e2e,9a00f941-c861-4ecc-897e-6a3357606bf2,33266.65,33266.65,2,1,0,18.95,18.95,18.95,CONFIRMADO,false,true,2026-06-10 18:57:06+00,262dcb81-c96f-45aa-9886-c09d424b0e2e
9ba410b0-edcd-4f19-8302-a3d2f48e50d0,b3706812-db73-4b95-8a38-d8087948f1f6,3900,3900,1,1,0,0.67,0.67,0.67,CONFIRMADO,false,true,2026-06-11 00:40:40+00,9ba410b0-edcd-4f19-8302-a3d2f48e50d0
f28569ac-7640-4fec-af25-8a1dfd76d90d,481dc551-0694-4361-8adb-586807f5dcb9,3900,3900,1,1,0,3.9,3.9,3.9,CONFIRMADO,false,true,2026-06-11 03:54:20+00,f28569ac-7640-4fec-af25-8a1dfd76d90d
53d0a91c-ae3e-46f1-b167-930e9ee7296c,353c01ae-312e-4d36-8603-29d5f48b81e3,2982.44,2982.44,1,1,0,4.73,4.73,4.73,CONFIRMADO,false,true,2026-06-11 04:44:15+00,53d0a91c-ae3e-46f1-b167-930e9ee7296c
e3a311d5-a7b1-41dd-ab63-1c4b5a9d7053,b5b0aae3-b701-48aa-8cb6-19cdd83def59,5219.58,5219.58,2,1,0.0417,13.18,13.27,13.23,CONFIRMADO,false,true,2026-06-11 12:56:25+00,e3a311d5-a7b1-41dd-ab63-1c4b5a9d7053
6ab27806-dbf1-4dae-b993-a59e94367b89,264ebfe9-e3d6-47b2-8d13-82b632bbc557,1500,1500,2,1,2.3667,7.5,12.23,9.87,CONFIRMADO,false,true,2026-06-11 16:00:01+00,6ab27806-dbf1-4dae-b993-a59e94367b89
94fdc305-4b8c-47a9-8fa2-1715bcceea02,43065e1c-021a-4785-8f3e-32d33d2cf7d8,4771.95,4771.95,2,1,0.125,9,9.25,9.13,CONFIRMADO,false,true,2026-06-12 09:00:56+00,94fdc305-4b8c-47a9-8fa2-1715bcceea02
801e9208-3213-49cb-a7cd-f3c749ae3e0e,56ec05f9-88ac-412b-8b10-884c59f390ba,3000,3000,1,1,0,15.07,15.07,15.07,CONFIRMADO,false,true,2026-06-12 15:04:00+00,801e9208-3213-49cb-a7cd-f3c749ae3e0e
7fac5ddf-b2b7-4260-b2cf-368025d1629c,91e873ea-73dc-4e1d-81dd-a9d96019ba4b,8930.96,8930.96,16,1,5.918,0.35,19.77,13.18,CONFIRMADO,true,true,2026-06-13 00:49:28+00,7fac5ddf-b2b7-4260-b2cf-368025d1629c
492778e0-4e9d-4ef3-9fb8-240dda23b5ca,5881dec2-d5f6-44ea-881d-824ba993abab,8930.96,8930.96,16,1,6.7251,1.03,23.55,13.96,CONFIRMADO,true,true,2026-06-13 01:02:58+00,492778e0-4e9d-4ef3-9fb8-240dda23b5ca
1fb9da10-9c94-497c-a4fb-304cbf266ddd,a13fab0c-e6a6-477c-8c2c-b81d402b74e7,8930.96,8930.96,15,1,5.7753,1.4,21.67,14.26,CONFIRMADO,true,true,2026-06-13 01:24:43+00,1fb9da10-9c94-497c-a4fb-304cbf266ddd
7cf6117c-04b3-4997-900c-0ae12882f76f,785bf8ed-5d1f-4ee0-84a8-a6f4bdf6027d,6698.22,6698.22,1,1,0,8.12,8.12,8.12,CONFIRMADO,false,true,2026-06-13 08:07:41+00,7cf6117c-04b3-4997-900c-0ae12882f76f
047901a7-be6a-420c-a087-de81a45daaf1,08069a73-c49e-43c2-8ae7-23c7f2049de0,6698.22,6698.22,1,1,0,10.03,10.03,10.03,CONFIRMADO,false,true,2026-06-13 10:02:52+00,047901a7-be6a-420c-a087-de81a45daaf1
3fc07d9e-f176-4ea6-b2a9-8b134ada208d,009c5ff0-9d44-4907-8bcb-79c66c6a088e,6698.22,6698.22,8,1,3.9649,5.9,19.9,14.68,CONFIRMADO,false,true,2026-06-15 14:51:00+00,3fc07d9e-f176-4ea6-b2a9-8b134ada208d
c2907c85-7936-4fe7-9054-eacd0bdb49f2,02f4d569-e540-4b54-8148-72fd7cad64a6,42365.91,4707.32,96,9,6.3088,0.38,23.82,14.09,CONFIRMADO,true,true,2026-06-16 02:04:39+00,c2907c85-7936-4fe7-9054-eacd0bdb49f2
b7c41701-bedc-4f46-b8ac-3654c0f24005,58b6a51c-9ff7-46a3-8ee5-b8c1f31b4220,18829.29,4707.32,24,4,6.3726,0.03,23.07,13.68,CONFIRMADO,true,true,2026-06-16 05:34:48+00,b7c41701-bedc-4f46-b8ac-3654c0f24005
eba6296b-a56b-4aed-851d-03989afdf4d2,08df2708-5666-4bcf-8825-a2b5ffb4259a,23536.62,4707.32,46,5,6.5892,0.13,23.72,12.68,CONFIRMADO,true,true,2026-06-16 13:37:01+00,eba6296b-a56b-4aed-851d-03989afdf4d2
2565c58a-2b0c-4b8b-b215-6ac00f936aa2,924829e4-74cd-41f7-87e7-420f0a4cc374,28243.94,4707.32,161,6,6.7337,0.17,23.67,13.44,CONFIRMADO,true,true,2026-06-16 14:12:46+00,2565c58a-2b0c-4b8b-b215-6ac00f936aa2
1c4aef2a-4178-4cca-9960-ca2f32849d1f,e6f32e2e-59d1-4540-840f-6d2bc25feb0a,16633.4,16633.4,1,1,0,8.58,8.58,8.58,CONFIRMADO,false,true,2026-06-17 08:35:03+00,1c4aef2a-4178-4cca-9960-ca2f32849d1f
073cdded-4a1e-4806-82c1-402b575b7f79,4c292532-9afd-47e7-8291-18e7231bc0f4,4707.32,4707.32,19,1,5.5051,1.15,22.62,12.69,CONFIRMADO,true,true,2026-06-18 07:22:21+00,073cdded-4a1e-4806-82c1-402b575b7f79
81c3fe7a-efb0-4a17-a7ed-e14ef48cd5b8,26b7ea01-7421-4c47-8107-ef44891df65d,2232.74,2232.74,10,1,2.7149,8.95,18.63,11.72,CONFIRMADO,false,true,2026-06-18 08:57:56+00,81c3fe7a-efb0-4a17-a7ed-e14ef48cd5b8
10dadf17-7d1c-4019-80f2-30e7d0e65ec3,3236dd40-de84-4a36-8ee8-ca45fc0c44e9,32951.26,4707.32,6,7,8.2485,1.3,22.87,13.88,CONFIRMADO,false,true,2026-06-22 05:16:00+00,10dadf17-7d1c-4019-80f2-30e7d0e65ec3
d4d79c4a-63f0-4661-b54a-7b25ad46245f,c3023819-9601-448d-8513-0c8b0a76ccad,5920.5,5920.5,1,1,0,22.1,22.1,22.1,CONFIRMADO,false,true,2026-06-22 22:06:54+00,d4d79c4a-63f0-4661-b54a-7b25ad46245f
1723848f-244d-4bd3-bea3-6cc59b1031cd,1ac42dd1-9869-4de7-816a-813f4ea19c18,14121.97,4707.32,5,3,2.8307,11.08,19.23,15.31,CONFIRMADO,false,true,2026-06-25 17:09:58+00,1723848f-244d-4bd3-bea3-6cc59b1031cd
05c92c8c-f859-4b8a-be5f-453f1775cf8b,4dd8d523-3fd5-4586-88d9-d3f51f5f8a1e,8400,8400,2,1,2.55,10.85,15.95,13.4,CONFIRMADO,false,true,2026-06-26 10:51:04+00,05c92c8c-f859-4b8a-be5f-453f1775cf8b
2cc89d25-b892-4c4f-a05b-42cc8b141f9f,a7609548-00b2-48c0-8c62-543e314beb64,2232.74,2232.74,2,1,1.775,13.72,17.27,15.49,CONFIRMADO,false,true,2026-06-26 13:43:08+00,2cc89d25-b892-4c4f-a05b-42cc8b141f9f
19cbda8a-f131-4783-9df8-7d76cef08e4c,5f9dfe45-4892-4047-83f0-8b03bb26b392,2232.74,2232.74,2,1,0.775,14.68,16.23,15.46,CONFIRMADO,false,true,2026-06-26 14:41:18+00,19cbda8a-f131-4783-9df8-7d76cef08e4c
5bd9a3bb-5f0d-4c15-abdf-e0a884e1d41e,60032a01-baa4-4797-83be-ec06b4d75b6e,5200,5200,1,1,0,0.83,0.83,0.83,CONFIRMADO,false,true,2026-06-27 00:50:20+00,5bd9a3bb-5f0d-4c15-abdf-e0a884e1d41e
9501e9f3-b94b-4675-bcb5-ed3ca9298a4f,260822dc-8ec4-48f1-8cbf-872f11997f33,6500,6500,1,1,0,0.82,0.82,0.82,CONFIRMADO,false,true,2026-06-29 00:49:36+00,9501e9f3-b94b-4675-bcb5-ed3ca9298a4f
e55fb0ad-d64a-4294-8adb-ef69b99b2d8e,3236dd40-de84-4a36-8ee8-ca45fc0c44e9,32951.26,23536.62,4,1.4,2.2224,18.03,23.88,20.95,CONFIRMADO,false,true,2026-06-30 19:47:30+00,e55fb0ad-d64a-4294-8adb-ef69b99b2d8e
ec5d21ab-c22d-43f3-8eca-a6ef469b2fea,2fb8ff02-fb79-45d1-8044-f926e42653e5,6044.83,6044.83,122,1,7.4418,0.07,23.98,12.55,CONFIRMADO,true,true,2026-07-01 00:14:53+00,ec5d21ab-c22d-43f3-8eca-a6ef469b2fea
68e3e84b-f47f-45d1-aa9c-67bfc20015dd,90724f8a-9439-4d36-8715-5499bd622d71,9935.82,9731.46,124,1.021,7.0724,0.08,23.95,13.24,CONFIRMADO,true,true,2026-07-01 00:21:52+00,68e3e84b-f47f-45d1-aa9c-67bfc20015dd
80151cd1-8fe8-4706-9716-6076af828a49,6449bbbd-308b-4264-85ba-aaaeefc2a0aa,13466.55,13466.55,37,1,7.2011,0.18,23.33,13.13,CONFIRMADO,true,true,2026-07-01 00:26:34+00,80151cd1-8fe8-4706-9716-6076af828a49
b33f625f-94d8-46b2-8102-557662156700,5881dec2-d5f6-44ea-881d-824ba993abab,8930.96,2232.74,259,4,6.3018,0.03,23.95,14.44,CONFIRMADO,true,true,2026-07-01 00:51:07+00,b33f625f-94d8-46b2-8102-557662156700
764dea80-2994-4320-b00f-d3deac3d64f5,95f30e47-f4f1-459d-85cc-29a76a59d83b,4500,4500,2,1,8.95,1.6,19.5,10.55,CONFIRMADO,false,true,2026-07-01 01:36:58+00,764dea80-2994-4320-b00f-d3deac3d64f5
a63513ed-8941-4407-9d74-ce9511d86173,579a5760-06e6-409d-8ca3-1411d6757566,3900,774.41,1,5.0361,0,2.8,2.8,2.8,CONFIRMADO,false,true,2026-07-01 02:48:20+00,a63513ed-8941-4407-9d74-ce9511d86173
009bc286-3cec-4aac-9800-ef9d62caa49d,224b5822-995f-4a04-82da-57db957a90eb,15255.79,15255.79,19,1,4.7254,3,21.62,12.32,CONFIRMADO,true,true,2026-07-01 03:00:38+00,009bc286-3cec-4aac-9800-ef9d62caa49d
aba974cb-56b5-4393-b7f7-81510d042fa0,8e73fae3-e506-4752-8f22-fc626005fd86,3976.59,3976.59,1,1,0,3.05,3.05,3.05,CONFIRMADO,false,true,2026-07-01 03:03:31+00,aba974cb-56b5-4393-b7f7-81510d042fa0
4d5366db-46c2-4a42-b70c-bf60ccbe9f9d,8a957d70-c5f9-46c7-8d94-7625e2d9c269,3976.59,3976.59,2,1,0.6,3.18,4.38,3.78,CONFIRMADO,false,true,2026-07-01 03:11:45+00,4d5366db-46c2-4a42-b70c-bf60ccbe9f9d
b33cdae7-b6f6-47e6-ae4b-4cd69830ef02,99f85bd1-6da6-430e-8ad8-7258257a6a87,6044.83,6044.83,53,1,4.9527,2.65,23.5,10.06,CONFIRMADO,true,true,2026-07-01 05:05:45+00,b33cdae7-b6f6-47e6-ae4b-4cd69830ef02
807ae537-2177-4b74-ac83-b6790b40cfe3,52d7cf98-737d-4b46-8320-6a88ba9f478b,9935.82,9935.82,78,1,5.6168,0.08,23.62,10.45,CONFIRMADO,true,true,2026-07-01 05:12:31+00,807ae537-2177-4b74-ac83-b6790b40cfe3
7854b5e3-8cdc-4792-a1e4-b0c6f536a3be,ab752084-7f34-47a9-8401-d9893bc9cbe6,4970.74,4970.74,1,1,0,5.2,5.2,5.2,CONFIRMADO,false,true,2026-07-01 05:12:48+00,7854b5e3-8cdc-4792-a1e4-b0c6f536a3be
f9dd6d72-bcd0-4c61-8971-7533231d1def,6bdf298a-a059-4af7-8fa3-3e5c979353ca,15255.79,15255.79,70,1,7.4644,0.12,23.85,13.06,CONFIRMADO,true,true,2026-07-01 05:41:52+00,f9dd6d72-bcd0-4c61-8971-7533231d1def
8e1cb975-ee46-4758-813a-d1bf0714b387,b43c8c8d-d28e-49ef-8140-c1c6df95dac4,15255.79,15255.79,52,1,5.4491,2.23,23.8,10.49,CONFIRMADO,true,true,2026-07-01 06:55:07+00,8e1cb975-ee46-4758-813a-d1bf0714b387
269ccf29-fee1-46d6-b6a6-6a9e78ba66f6,b07884e3-eeec-4846-86e6-3fed7073f9ef,16833.2,13466.55,7,1.25,5.0907,7.22,19.78,14.2,CONFIRMADO,false,true,2026-07-01 08:10:51+00,269ccf29-fee1-46d6-b6a6-6a9e78ba66f6
d3d504fa-639c-4f57-b1fb-a03c30b5e3bc,4d03465d-bab6-4ceb-879d-013f4eb17153,6000,5361.29,2,1.1191,4.1167,8.37,16.6,12.48,CONFIRMADO,false,true,2026-07-01 08:22:12+00,d3d504fa-639c-4f57-b1fb-a03c30b5e3bc
df9f2083-4fc8-44ab-acc2-999e402d2d9c,d8c50169-0bfc-4f5e-814a-bd21d33f5e0d,33965.25,15255.79,20,2.2264,4.3723,7.17,19.47,13.79,CONFIRMADO,true,true,2026-07-01 08:32:01+00,df9f2083-4fc8-44ab-acc2-999e402d2d9c
224951c6-afd8-4897-b8a7-681a3cf550f8,5f5e80c7-f121-4ae6-86da-e6cd3de2b630,33965.25,15255.79,7,2.2264,3.7643,9.1,19.02,14.12,CONFIRMADO,false,true,2026-07-01 09:06:47+00,224951c6-afd8-4897-b8a7-681a3cf550f8
811e815a-736e-4ae5-bf2d-fa2a3dd66f44,9f0e4786-37fe-4ea9-80a1-ad20438ed0f4,9935.82,9731.46,36,1.021,5.8117,0.1,23.67,10.12,CONFIRMADO,true,true,2026-07-01 09:27:11+00,811e815a-736e-4ae5-bf2d-fa2a3dd66f44
c6412c43-3cf7-4329-8cb6-e975ed3b2542,173fb795-0625-4ead-825a-0ecf427fce83,16982.69,6044.83,19,2.8095,4.434,7.05,20.28,13.23,CONFIRMADO,true,true,2026-07-01 09:34:33+00,c6412c43-3cf7-4329-8cb6-e975ed3b2542
f619997e-fa4f-4e3c-846d-189dfe0a474b,d268dcf0-86f5-49b7-8861-6ea294e20c40,11222.12,11222.12,20,1,6.1104,2.23,22.37,12.49,CONFIRMADO,true,true,2026-07-01 10:09:01+00,f619997e-fa4f-4e3c-846d-189dfe0a474b
9e0d5f33-1b57-409b-9a3f-1055b4f302e2,a13fab0c-e6a6-477c-8c2c-b81d402b74e7,8930.96,6698.22,255,1.3333,6.4083,0.02,23.98,14.33,CONFIRMADO,true,true,2026-07-01 10:24:47+00,9e0d5f33-1b57-409b-9a3f-1055b4f302e2
07b0e6d4-36c8-4dac-b36e-950b55118634,91e873ea-73dc-4e1d-81dd-a9d96019ba4b,8930.96,6698.22,253,1.3333,6.7487,0.2,23.83,13.88,CONFIRMADO,true,true,2026-07-01 10:26:37+00,07b0e6d4-36c8-4dac-b36e-950b55118634
96bfab8a-12c9-443e-9b26-c400f2aa768b,bac482b3-61f4-4dbf-80b5-6a1dc32739ab,6096.66,6096.66,6,1,2.4199,9.68,17.1,12.42,CONFIRMADO,false,true,2026-07-01 10:47:59+00,96bfab8a-12c9-443e-9b26-c400f2aa768b
b970f86d-9672-4a2a-8861-468c884db8a1,91c40afe-79b4-4599-82b0-6101b3cba0ae,6096.66,6096.66,6,1,3.3031,6.77,17.25,13.01,CONFIRMADO,false,true,2026-07-01 11:28:50+00,b970f86d-9672-4a2a-8861-468c884db8a1
443f28be-3d0a-4f19-858b-3cb27ab904f1,23ac5e87-ce2a-4c1a-8061-03e88d88eccb,7620.83,7620.83,14,1,3.7835,7.78,22.83,15.08,CONFIRMADO,false,true,2026-07-01 12:25:46+00,443f28be-3d0a-4f19-858b-3cb27ab904f1
d3e35982-885b-4add-ad4d-babfc0f553f1,f2ef592a-4963-4767-8565-9a492e919c68,7620.83,7620.83,7,1,3.5943,12.35,23.6,15.28,CONFIRMADO,false,true,2026-07-01 13:02:00+00,d3e35982-885b-4add-ad4d-babfc0f553f1
c89bd828-661c-4659-bc3f-9866ac8372ff,9b19a85c-5a38-497d-894a-c902290c9362,4572.5,4572.5,1,1,0,13.73,13.73,13.73,CONFIRMADO,false,true,2026-07-01 13:44:44+00,c89bd828-661c-4659-bc3f-9866ac8372ff
607eb179-3524-4a3c-9de6-6d9606c1371a,60b02a8d-a533-4d2e-8378-d7ee353933de,4572.5,4572.5,2,1,2.525,16.78,21.83,19.31,CONFIRMADO,false,true,2026-07-01 16:47:38+00,607eb179-3524-4a3c-9de6-6d9606c1371a
5a321ba3-3926-41a3-a634-c0e6815be0a3,a2390279-0cd2-4b23-81f6-3e11dd17a41e,33965.25,15255.79,8,2.2264,4.2239,7.03,19.72,13.61,CONFIRMADO,false,true,2026-07-01 16:53:29+00,5a321ba3-3926-41a3-a634-c0e6815be0a3
959648d3-442c-4e19-a110-af089700ffc9,67c151af-2af3-4311-8ac4-cd9b48ca6094,14027.67,11222.12,1,1.25,0,17.6,17.6,17.6,CONFIRMADO,false,true,2026-07-01 17:36:00+00,959648d3-442c-4e19-a110-af089700ffc9
6cbae852-28bb-499f-8514-33b929569087,78b83c9f-1966-43b0-8dc7-60cd00134011,16982.69,6044.83,19,2.8095,3.687,7.02,20.9,15.82,CONFIRMADO,true,true,2026-07-01 17:39:47+00,6cbae852-28bb-499f-8514-33b929569087
61271377-4a52-45b1-a6f6-346549cc10bf,44d20be3-7802-4a75-8b8e-647c1142413b,6000,774.41,2,7.7478,0.6333,18.28,19.55,18.92,CONFIRMADO,false,true,2026-07-01 18:17:32+00,61271377-4a52-45b1-a6f6-346549cc10bf
5f923ff7-f14a-413f-875a-a3a956ec62c5,d02cdc68-1691-485f-819c-18619b15f0fe,7500,3097.65,1,2.4212,0,18.67,18.67,18.67,CONFIRMADO,false,true,2026-07-01 18:40:00+00,5f923ff7-f14a-413f-875a-a3a956ec62c5
ad7d0567-b189-457a-bdce-a4809a26357c,b08e4c49-d945-4534-8fa9-fc41ffd8ba7e,6000,6000,4,1,4.4394,9.48,19.7,14.89,CONFIRMADO,false,true,2026-07-01 19:42:06+00,ad7d0567-b189-457a-bdce-a4809a26357c
c992f349-fa0c-4e17-b311-2c775cda0514,3c98c855-48ae-464c-83dd-48e6c493f2f3,6000,1500,3,4,2.2118,15.52,20.62,17.54,CONFIRMADO,false,true,2026-07-01 20:37:37+00,c992f349-fa0c-4e17-b311-2c775cda0514
c71ff209-92df-4454-b6ad-5e7ed4d4a212,7292cbc3-61ca-4788-887c-c790a8de30f7,6500,774.41,2,8.3935,0.4333,21.48,22.35,21.92,CONFIRMADO,false,true,2026-07-01 21:29:10+00,c71ff209-92df-4454-b6ad-5e7ed4d4a212
73fc9b4d-f177-472a-a99b-6390637e747f,a379f1d0-d063-43ac-846d-c2c23917ab8f,4572.5,4572.5,1,1,0,22.45,22.45,22.45,CONFIRMADO,false,true,2026-07-01 22:27:37+00,73fc9b4d-f177-472a-a99b-6390637e747f
ded01eaa-8771-44bd-9d0b-7f6820fb70e4,6ed36fa3-4c50-4fcf-8ed9-4fbc45d4368d,4970.74,4970.74,1,1,0,22.6,22.6,22.6,CONFIRMADO,false,true,2026-07-01 22:36:38+00,ded01eaa-8771-44bd-9d0b-7f6820fb70e4
61932bbd-3591-42b5-a068-a3b6dda15005,fee9c86c-3796-4aa8-80cf-2f6be357584e,7500,7500,1,1,0,23.78,23.78,23.78,CONFIRMADO,false,true,2026-07-01 23:47:59+00,61932bbd-3591-42b5-a068-a3b6dda15005
aebcab9c-8eda-4c7f-879e-2621f11ce36a,d6d1fd05-0e58-42ee-8418-c371ceca57e4,5200,3097.65,2,1.6787,6.2167,0.68,13.12,6.9,CONFIRMADO,false,true,2026-07-02 00:41:16+00,aebcab9c-8eda-4c7f-879e-2621f11ce36a
630125af-a0ff-483a-a240-b6516587a00b,cc807590-c76b-46d4-872d-f7abb6baf769,5200,774.41,1,6.7148,0,4.02,4.02,4.02,CONFIRMADO,false,true,2026-07-02 04:01:38+00,630125af-a0ff-483a-a240-b6516587a00b
4df83406-f038-433c-b297-f66a37e7d8ee,f9618b6e-4304-4d35-8c29-f1acb472b6db,15255.79,15255.79,16,1,5.8373,6.62,23.92,12.56,CONFIRMADO,true,true,2026-07-02 06:40:36+00,4df83406-f038-433c-b297-f66a37e7d8ee
8266cec8-71b2-41bf-807f-2b92b9220598,d14de0fb-20f8-4cc8-87dc-84a2a1784b57,16982.69,6044.83,5,2.8095,1.7646,7.05,10.93,8.52,CONFIRMADO,false,true,2026-07-02 07:03:00+00,8266cec8-71b2-41bf-807f-2b92b9220598
8e120153-4627-4238-93c0-ef76b7df8b0a,3ef97ac3-d441-4180-88a3-4d501995fc7f,7500,5361.29,1,1.3989,0,9.22,9.22,9.22,CONFIRMADO,false,true,2026-07-02 09:13:40+00,8e120153-4627-4238-93c0-ef76b7df8b0a
dd649832-aff1-4c11-bdb9-4935ccb5f98f,fb1c3227-d194-4808-8aeb-3cc720a44e81,7500,774.41,1,9.6848,0,10.25,10.25,10.25,CONFIRMADO,false,true,2026-07-02 10:15:21+00,dd649832-aff1-4c11-bdb9-4935ccb5f98f
0cd08f15-8dc2-44b5-97ba-ef01c94d9ae8,9249a4a5-a1e5-4e75-8fa8-335c94c22007,7500,1500,2,5,1.3833,11.62,14.38,13,CONFIRMADO,false,true,2026-07-02 11:37:05+00,0cd08f15-8dc2-44b5-97ba-ef01c94d9ae8
c8a4240e-603b-4157-9f78-6f13a4a447ed,3d47a7fc-235d-4126-84cf-b07b31fc9800,7500,6000,2,1.25,1.1917,12.1,14.48,13.29,CONFIRMADO,false,true,2026-07-02 12:06:31+00,c8a4240e-603b-4157-9f78-6f13a4a447ed
ea7207d3-7fde-44fb-a9c2-ab640147975b,ecb82d92-a8ad-4e48-8e20-bb6b4a8c9b54,7620.83,7620.83,3,1,1.6534,11.23,15.28,13.25,CONFIRMADO,false,true,2026-07-02 13:14:07+00,ea7207d3-7fde-44fb-a9c2-ab640147975b
3aef7c04-62ef-4c3c-8cb5-6e240fb0e18d,b0e94bfd-b8cb-46bf-8648-85c33d72936e,1300,774.41,1,1.6787,0,13.65,13.65,13.65,CONFIRMADO,false,true,2026-07-02 13:39:49+00,3aef7c04-62ef-4c3c-8cb5-6e240fb0e18d
f4b44841-b381-48b8-9f69-5b63db02c975,e6b0e9a5-f7ea-4f5b-8592-91b0aeccc7fa,6096.66,6096.66,1,1,0,14,14,14,CONFIRMADO,false,true,2026-07-02 14:00:57+00,f4b44841-b381-48b8-9f69-5b63db02c975
69901d20-de66-44f2-8f90-70955f56f1cd,63b99902-c99c-4ac1-81fa-3ee7cd0beec5,7620.83,7620.83,4,1,1.7056,12.18,16.68,14.69,CONFIRMADO,false,true,2026-07-02 15:44:25+00,69901d20-de66-44f2-8f90-70955f56f1cd
c26b93f0-f6fb-4271-b310-153d28bc32b1,b605c0c9-adf4-452a-8c1f-9f9b7d847c5a,6698.22,6698.22,19,1,7.0217,0.47,23.8,16.13,CONFIRMADO,true,true,2026-07-02 16:17:34+00,c26b93f0-f6fb-4271-b310-153d28bc32b1
68e9cddb-2615-4cbb-92ae-0ac85b7e26d0,54a8bc00-3e4b-4e57-816f-93a69a3cd6c1,6096.66,6096.66,2,1,1.275,14.17,16.72,15.44,CONFIRMADO,false,true,2026-07-02 16:43:23+00,68e9cddb-2615-4cbb-92ae-0ac85b7e26d0
e2c85a01-0814-4790-a40f-33ac58e01f11,b5ff9200-d985-452c-8bbf-1fbc4f1aec6f,1500,1500,2,1,0.2,18.03,18.43,18.23,CONFIRMADO,false,true,2026-07-02 18:02:58+00,e2c85a01-0814-4790-a40f-33ac58e01f11
5179fbb0-afc8-4b22-b54b-c03d1aaddb8a,f6f96a9b-25fc-4594-882a-bf89cf03d16f,6698.22,6698.22,19,1,7.1123,0.2,23.45,14.83,CONFIRMADO,true,true,2026-07-02 18:10:16+00,5179fbb0-afc8-4b22-b54b-c03d1aaddb8a
9dd0b2f1-62d8-40e8-9d9f-abc1b90e7c4f,6977406a-e8af-46da-8312-a9523ad93049,7620.83,7620.83,8,1,7.1575,0.57,23.73,17,CONFIRMADO,false,true,2026-07-02 20:11:36+00,9dd0b2f1-62d8-40e8-9d9f-abc1b90e7c4f
2aa33261-008c-4734-96b8-dffbbd88416b,e2261f49-1cce-46df-8aa9-f4469f3f3c2d,6044.83,6044.83,16,1,5.5821,0.22,22.78,9.27,CONFIRMADO,true,true,2026-07-02 22:47:16+00,2aa33261-008c-4734-96b8-dffbbd88416b
624f86a0-168e-4120-9a81-06d8069d95aa,600ed894-0ded-43e2-8444-8563a123b182,6698.22,2232.74,17,3,7.8672,0.23,23.17,15.5,CONFIRMADO,true,true,2026-07-02 23:10:15+00,624f86a0-168e-4120-9a81-06d8069d95aa
a6367702-d472-4ad1-8f13-d47dd9d27fa3,4d03465d-bab6-4ceb-879d-013f4eb17153,7148.39,5361.29,29,1.3333,7.6449,0.5,23.82,13.06,CONFIRMADO,true,true,2026-07-03 01:05:01+00,a6367702-d472-4ad1-8f13-d47dd9d27fa3
cb45ede7-acd0-477b-a9b2-9ff6f304df61,95f30e47-f4f1-459d-85cc-29a76a59d83b,5361.29,4500,1,1.1914,0,3.97,3.97,3.97,CONFIRMADO,false,true,2026-07-03 03:58:19+00,cb45ede7-acd0-477b-a9b2-9ff6f304df61
4c30a82a-437f-4b19-9009-2135bda7460f,ee03f98f-6366-475a-8753-ced47a75c650,5468.98,5468.98,4,1,5.2546,6.12,20.85,14.16,CONFIRMADO,false,true,2026-07-03 06:07:35+00,4c30a82a-437f-4b19-9009-2135bda7460f
58b9a873-6f6c-4b7c-a2d4-4b3fecb75dda,8562009e-6544-4488-8503-93f00c4b51a8,3574.19,774.41,11,4.6154,3.3726,8.17,19.25,12.35,CONFIRMADO,false,true,2026-07-03 08:10:27+00,58b9a873-6f6c-4b7c-a2d4-4b3fecb75dda
f412aa43-5f43-4648-9cad-7b1a321f5e91,7336bbf0-1968-4221-896e-16f705a88540,2232.74,2232.74,10,1,1.3156,9.13,12.97,10.58,CONFIRMADO,false,true,2026-07-03 09:08:04+00,f412aa43-5f43-4648-9cad-7b1a321f5e91
59197f7e-0d47-4caa-b2d0-534b61b0b773,44d20be3-7802-4a75-8b8e-647c1142413b,7148.39,774.41,3,9.2308,3.5004,9.3,17.23,14.21,CONFIRMADO,false,true,2026-07-03 09:18:11+00,59197f7e-0d47-4caa-b2d0-534b61b0b773
022a2f2e-a163-4c5f-9a43-48539419c4ef,9249a4a5-a1e5-4e75-8fa8-335c94c22007,8935.49,1500,27,5.957,5.4205,3.68,22.5,14.21,CONFIRMADO,true,true,2026-07-03 09:26:43+00,022a2f2e-a163-4c5f-9a43-48539419c4ef
0ac94961-49e1-45e3-ba69-b0a2223bf6d7,b08e4c49-d945-4534-8fa9-fc41ffd8ba7e,7148.39,6000,23,1.1914,5.3686,2.58,20.27,12.71,CONFIRMADO,true,true,2026-07-03 10:32:08+00,0ac94961-49e1-45e3-ba69-b0a2223bf6d7
ab57c585-229c-467a-a4b2-2b4e8ea8487b,05efc06e-88e0-4256-86fa-e259527b36e9,8935.49,6000,25,1.4892,5.9116,0.67,23.58,14.44,CONFIRMADO,true,true,2026-07-03 11:41:59+00,ab57c585-229c-467a-a4b2-2b4e8ea8487b
cc107b86-a675-45ed-980e-a33cfe41868f,7292cbc3-61ca-4788-887c-c790a8de30f7,7744.12,774.41,15,10,5.9454,1.22,23.23,10.88,CONFIRMADO,true,true,2026-07-03 12:45:20+00,cc107b86-a675-45ed-980e-a33cfe41868f
3148eddf-19bc-47f5-a553-ed413dcc803a,ac549ff3-7cc8-4187-8f36-070eb7ba0f71,774.41,774.41,2,1,0.8667,13.1,14.83,13.97,CONFIRMADO,false,true,2026-07-03 13:06:10+00,3148eddf-19bc-47f5-a553-ed413dcc803a
afc115b9-f2e1-4955-a017-475bc10f71b0,5cd5c29a-79ac-4669-8c34-a0fb7bf1adc9,6096.66,6096.66,1,1,0,13.22,13.22,13.22,CONFIRMADO,false,true,2026-07-03 13:13:59+00,afc115b9-f2e1-4955-a017-475bc10f71b0
92d086c7-7bbd-4161-9d1a-3a876044b79b,3c98c855-48ae-464c-83dd-48e6c493f2f3,7148.39,1500,16,4.7656,4.7777,7.42,22.2,14.41,CONFIRMADO,true,true,2026-07-03 13:15:50+00,92d086c7-7bbd-4161-9d1a-3a876044b79b
2e379e8d-b450-43c6-b1b2-6a4dfed1358a,d6d1fd05-0e58-42ee-8418-c371ceca57e4,4646.47,3097.65,9,1.5,5.1176,1.3,14.37,8.1,CONFIRMADO,false,true,2026-07-03 13:23:06+00,2e379e8d-b450-43c6-b1b2-6a4dfed1358a
f259789a-e783-4446-8e68-0eeb19f95bdf,3ef97ac3-d441-4180-88a3-4d501995fc7f,8935.49,5361.29,28,1.6667,4.0914,8.52,22.87,15.72,CONFIRMADO,true,true,2026-07-03 14:22:31+00,f259789a-e783-4446-8e68-0eeb19f95bdf
03d99efc-f1a4-4508-a058-9a315730473f,60082d06-c45f-4eba-8c46-897e72274bc4,6096.66,6096.66,2,1,3.3833,15.07,21.83,18.45,CONFIRMADO,false,true,2026-07-03 15:04:33+00,03d99efc-f1a4-4508-a058-9a315730473f
f424529e-f602-4477-bc34-2060fe7177b8,aacee471-b8e7-4ddd-8981-1308a20fa810,6096.66,6096.66,3,1,3.3667,12.57,20.78,16.47,CONFIRMADO,false,true,2026-07-03 16:04:18+00,f424529e-f602-4477-bc34-2060fe7177b8
093df349-ee53-4a89-a6c3-439fb7d84bd4,a5dbc138-5837-4bc2-8281-e3a76f8f2815,3574.19,3097.65,1,1.1538,0,16.33,16.33,16.33,CONFIRMADO,false,true,2026-07-03 16:20:49+00,093df349-ee53-4a89-a6c3-439fb7d84bd4
5ea5d991-167d-4791-b8bc-87c05eb5e849,d15e27ed-44bc-40f0-8280-d6b174e1e380,893.55,774.41,2,1.1538,1.05,17.1,19.2,18.15,CONFIRMADO,false,true,2026-07-03 17:06:18+00,5ea5d991-167d-4791-b8bc-87c05eb5e849
e2cc8d69-06f4-4891-8190-39dbbf1c09fe,d02cdc68-1691-485f-819c-18619b15f0fe,8935.49,3097.65,10,2.8846,3.0587,10.32,19,15.58,CONFIRMADO,false,true,2026-07-03 17:12:24+00,e2cc8d69-06f4-4891-8190-39dbbf1c09fe
65dff9f2-b3e8-4acb-b7f0-eaafb67342de,b58548b0-4b28-46a3-8c16-8e28684524f0,7148.39,3097.65,11,2.3077,2.9646,10.12,19.7,16.35,CONFIRMADO,false,true,2026-07-03 18:29:16+00,65dff9f2-b3e8-4acb-b7f0-eaafb67342de
674760ce-4d66-486c-8c0e-19d4519c6fa2,b0e94bfd-b8cb-46bf-8648-85c33d72936e,1548.82,774.41,19,2,7.1284,0,23.47,11.23,CONFIRMADO,true,true,2026-07-03 20:39:09+00,674760ce-4d66-486c-8c0e-19d4519c6fa2
4e9c69fb-8057-41f8-93e7-8467bad6a474,bca4f814-2d44-4b91-8144-4d4a10878768,7744.12,3097.65,15,2.5,8.3774,1.5,23.77,13.35,CONFIRMADO,true,true,2026-07-03 21:06:14+00,4e9c69fb-8057-41f8-93e7-8467bad6a474
71a51c71-c19d-4eed-8112-ec81386c1a5c,579a5760-06e6-409d-8ca3-1411d6757566,3097.65,774.41,25,4,6.7921,4.77,23.98,13.19,CONFIRMADO,true,true,2026-07-03 22:31:36+00,71a51c71-c19d-4eed-8112-ec81386c1a5c
ff226a37-28df-4b44-b4ea-233475b9a692,f3d07caf-e8b6-41a0-89e1-3ce3ac27f076,15255.79,15255.79,3,1,4.1895,10.27,20.22,14.52,CONFIRMADO,false,true,2026-07-04 10:16:41+00,ff226a37-28df-4b44-b4ea-233475b9a692
2edd17be-abba-40c7-8894-691b49fc5b57,55128725-1a86-4b0d-8b43-c2ee8b6a79db,6195.3,774.41,7,8,7.192,4.33,23.8,14.47,CONFIRMADO,false,true,2026-07-04 16:35:42+00,2edd17be-abba-40c7-8894-691b49fc5b57
5e2a4cdc-d2b6-4957-bfd5-1d3fe750f11e,3c664b7a-812e-450c-86e1-c6e4a2a56eae,6195.3,6195.3,1,1,0,16.9,16.9,16.9,CONFIRMADO,false,true,2026-07-04 16:54:15+00,5e2a4cdc-d2b6-4957-bfd5-1d3fe750f11e
3564d26e-c370-4ff9-a30c-7638c5f69837,b4a8b51a-f066-423f-89c9-70292db5ba64,7620.83,7620.83,1,1,0,17.67,17.67,17.67,CONFIRMADO,false,true,2026-07-04 17:40:47+00,3564d26e-c370-4ff9-a30c-7638c5f69837
abb8df5e-2611-4e07-a1ba-dcec0710bf77,b5ff9200-d985-452c-8bbf-1fbc4f1aec6f,1787.1,1500,6,1.1914,9.3258,0.23,23.48,12.28,CONFIRMADO,false,true,2026-07-05 00:14:23+00,abb8df5e-2611-4e07-a1ba-dcec0710bf77
7c3418b3-719e-4f93-92ff-61b485bcd83e,53bb9da7-9d14-4a09-80ca-2169d6e46f7d,994.15,994.15,1,1,0,4.93,4.93,4.93,CONFIRMADO,false,true,2026-07-05 04:56:51+00,7c3418b3-719e-4f93-92ff-61b485bcd83e
21dd0f14-982d-4eb4-a380-62962d199bbc,34bee852-72cd-41b0-867b-975b8c4a3ba8,2035.11,1439.11,8,1.4141,4.6662,7.82,20.13,15.65,CONFIRMADO,false,true,2026-07-05 19:08:42+00,21dd0f14-982d-4eb4-a380-62962d199bbc
a4017a5e-7a22-44d4-bb08-a02307da81c7,2b26ce38-8809-48c1-897c-df26d1b0b7fe,1439.11,1439.11,25,1,6.7762,0.13,22.95,12.26,CONFIRMADO,true,true,2026-07-05 19:57:41+00,a4017a5e-7a22-44d4-bb08-a02307da81c7
2650b0f0-7c2c-4321-956e-dc2cb7571057,666ebbff-ac93-4995-8f7a-9e72e4477d90,15255.79,15255.79,28,1,6.3434,1.07,23.85,13.91,CONFIRMADO,true,true,2026-07-05 21:03:54+00,2650b0f0-7c2c-4321-956e-dc2cb7571057
b8348b32-3029-4e92-a98f-3588df904f05,c3ce42ca-598a-4648-812f-0758809997d2,6195.3,3097.65,30,2,6.1716,0.57,23.47,13.78,CONFIRMADO,true,true,2026-07-05 21:30:10+00,b8348b32-3029-4e92-a98f-3588df904f05
ded47f31-9f85-4d67-859d-1addf0589005,cb3431a7-9f0c-4aef-825d-e8559b54d206,4970.74,4970.74,2,1,0.0083,15.53,15.55,15.54,CONFIRMADO,false,true,2026-07-06 15:32:51+00,ded47f31-9f85-4d67-859d-1addf0589005
bc53dbd7-06eb-4054-aa5b-a6b2e775facb,22fdb3a7-f35c-4600-8f30-c9ac7ccc1f30,3454.21,3454.21,8,1,7.0385,1.27,21.73,12.81,CONFIRMADO,false,true,2026-07-06 21:44:25+00,bc53dbd7-06eb-4054-aa5b-a6b2e775facb
2cdafca9-2ecc-4964-85b8-7d5b6bddfa1e,67d28964-78f9-4afa-827f-9164032f330f,33965.25,15255.79,9,2.2264,4.4835,9.45,19.82,14.68,CONFIRMADO,false,true,2026-07-07 09:45:30+00,2cdafca9-2ecc-4964-85b8-7d5b6bddfa1e
9a3bdbb0-f239-447a-94d0-34170d786b0e,fc3cc00c-319e-4f6a-8be5-0ded66563e0d,5361.29,3097.65,4,1.7308,2.9933,10.03,17.38,15.15,CONFIRMADO,false,true,2026-07-07 10:02:12+00,9a3bdbb0-f239-447a-94d0-34170d786b0e
9f936d9b-6903-4bc0-8ac0-b2bac2634f4f,54437c2a-d05d-410e-8af0-4827bd9dd88f,16982.69,16982.69,1,1,0,10.6,10.6,10.6,CONFIRMADO,false,true,2026-07-07 10:36:15+00,9f936d9b-6903-4bc0-8ac0-b2bac2634f4f
9e20dbf6-651f-4261-a6d7-753b1ad33ca1,fb1c3227-d194-4808-8aeb-3cc720a44e81,8935.49,774.41,1,11.5384,0,16.77,16.77,16.77,CONFIRMADO,false,true,2026-07-07 16:46:54+00,9e20dbf6-651f-4261-a6d7-753b1ad33ca1
716afb3f-132c-41fa-89dd-1e10ec218e3b,eee3eb1a-0d42-4834-8a4e-99989b0df5fc,1192.99,994.15,1,1.2,0,8.95,8.95,8.95,CONFIRMADO,false,true,2026-07-08 08:57:41+00,716afb3f-132c-41fa-89dd-1e10ec218e3b
7eb9bcea-3142-444b-aa2e-88876f2a9f4a,5770c936-a941-490d-85e8-80fda878101f,4895.18,3454.21,2,1.4172,4.625,9.53,18.78,14.16,CONFIRMADO,false,true,2026-07-08 09:32:32+00,7eb9bcea-3142-444b-aa2e-88876f2a9f4a
950af128-7267-421a-82e7-7c870f11d4db,48ca0582-72ee-4146-8985-3635c07bb8af,1988.3,1988.3,1,1,0,14.53,14.53,14.53,CONFIRMADO,false,true,2026-07-08 14:32:42+00,950af128-7267-421a-82e7-7c870f11d4db
cffce8f9-f825-4da7-9203-58023110839a,70c15d15-3752-4774-836e-09cc1949ecad,5611.06,2244.43,1,2.5,0,18.48,18.48,18.48,CONFIRMADO,false,true,2026-07-08 18:29:53+00,cffce8f9-f825-4da7-9203-58023110839a
b696268e-6b4b-4290-a9ad-4998a2622d08,23ac5e87-ce2a-4c1a-8061-03e88d88eccb,7872.31,7872.31,26,1,5.0144,1.85,22.82,15.45,CONFIRMADO,true,true,2026-07-09 01:51:25+00,b696268e-6b4b-4290-a9ad-4998a2622d08
20ecf28e-6682-459c-99e5-24c680591065,2e51f266-068f-43da-8e01-0f8fa9762eab,1439.11,1439.11,1,1,0,6.85,6.85,6.85,CONFIRMADO,false,true,2026-07-09 06:51:06+00,20ecf28e-6682-459c-99e5-24c680591065
63cd4ceb-b319-4483-8bfa-9aa6b9d2a19d,6977406a-e8af-46da-8312-a9523ad93049,7872.31,7872.31,22,1,4.2866,8.55,23.62,16.61,CONFIRMADO,true,true,2026-07-09 15:48:27+00,63cd4ceb-b319-4483-8bfa-9aa6b9d2a19d
f8affdb6-c3c2-46cf-9db7-af59228ce601,af811601-5033-4cf4-80e6-5f6f968a1db3,1439.11,1439.11,2,1,1.3667,18.45,21.18,19.82,CONFIRMADO,false,true,2026-07-09 18:27:19+00,f8affdb6-c3c2-46cf-9db7-af59228ce601
c8c24d56-eab0-4cf4-9b1a-10b3f837c70f,2df384cd-ff17-472a-8941-f3ad288b3b90,994.15,994.15,2,1,4.9,12.72,22.52,17.62,CONFIRMADO,false,true,2026-07-09 22:31:23+00,c8c24d56-eab0-4cf4-9b1a-10b3f837c70f
60e3a36d-09e0-4dd8-af01-cabdf3bdf610,6449bbbd-308b-4264-85ba-aaaeefc2a0aa,14370.19,13466.55,14,1.0671,8.11,0.42,21.62,11.1,CONFIRMADO,false,true,2026-07-10 00:25:51+00,60e3a36d-09e0-4dd8-af01-cabdf3bdf610
d443a3d3-b4be-4e6a-bb1c-789487759777,99825b96-90f3-4a7b-8210-af08b71b0d6b,14370.19,13466.55,10,1.0671,9.218,0.75,21.92,10.26,CONFIRMADO,false,true,2026-07-10 00:45:16+00,d443a3d3-b4be-4e6a-bb1c-789487759777
abf4f450-dc7f-4854-98a7-02f501e6f0f1,67c151af-2af3-4311-8ac4-cd9b48ca6094,14968.96,11222.12,1,1.3339,0,7.87,7.87,7.87,CONFIRMADO,false,true,2026-07-10 07:52:30+00,abf4f450-dc7f-4854-98a7-02f501e6f0f1
beeab997-f339-4627-9a63-9dd31cfb5d6a,bac482b3-61f4-4dbf-80b5-6a1dc32739ab,6297.85,6297.85,3,1,4.9409,9.75,20.72,13.76,CONFIRMADO,false,true,2026-07-10 09:45:10+00,beeab997-f339-4627-9a63-9dd31cfb5d6a
5926c661-a9e5-4031-835a-1e601c900093,2b0cd95b-8f5d-4a05-8a7e-04952ec94219,4790.06,2244.43,3,2.1342,4.5093,2.27,12.55,8.57,CONFIRMADO,false,true,2026-07-10 10:54:13+00,5926c661-a9e5-4031-835a-1e601c900093
02963da5-aeba-4d42-bdbb-54a00af552ab,d268dcf0-86f5-49b7-8861-6ea294e20c40,11975.15,11222.12,10,1.0671,5.3894,4.83,20.48,12.04,CONFIRMADO,false,true,2026-07-10 11:13:35+00,02963da5-aeba-4d42-bdbb-54a00af552ab
7d34227d-8257-49de-b577-e1239d5cb047,99825b96-90f3-4a7b-8210-af08b71b0d6b,28740.39,13466.55,8,2.1342,4.8416,1.58,12.22,6.81,CONFIRMADO,false,true,2026-07-10 12:13:51+00,7d34227d-8257-49de-b577-e1239d5cb047
2663ad47-7209-499e-a0ea-170e9e7e852e,a31625c6-7e28-41a4-83aa-8792b3d0769f,14370.19,13466.55,3,1.0671,1.2698,13.85,16.92,15.53,CONFIRMADO,false,true,2026-07-10 15:50:57+00,2663ad47-7209-499e-a0ea-170e9e7e852e
33b8d8c1-6207-4f67-9376-b994cffdf851,f2ef592a-4963-4767-8565-9a492e919c68,7872.31,7872.31,2,1,6.7167,7.73,21.17,14.45,CONFIRMADO,false,true,2026-07-10 21:10:10+00,33b8d8c1-6207-4f67-9376-b994cffdf851
41d5faad-043b-43e2-b40e-3ddd319c91ae,60082d06-c45f-4eba-8c46-897e72274bc4,6297.85,6297.85,3,1,2.8042,11.6,18.45,15.17,CONFIRMADO,false,true,2026-07-11 11:36:44+00,41d5faad-043b-43e2-b40e-3ddd319c91ae
cf7c5ef8-fbae-4cc9-84fa-b587053e4d7f,08be883c-8956-4ce5-8d0e-e4bbd77a1983,7642.85,7642.85,5,1,7.982,0.25,21.53,15.49,CONFIRMADO,false,true,2026-07-11 20:15:46+00,cf7c5ef8-fbae-4cc9-84fa-b587053e4d7f
ba917351-735e-4fac-8db0-2f8f2a2cff6f,4b0fa18b-00e0-4d0b-8e25-f3e38ac1b0fb,1787.1,774.41,5,2.3077,3.8012,9.72,20.73,15.51,CONFIRMADO,false,true,2026-07-11 20:44:22+00,ba917351-735e-4fac-8db0-2f8f2a2cff6f
1945a854-d371-4a33-a49f-8d89be639bbf,91c40afe-79b4-4599-82b0-6101b3cba0ae,6297.85,6297.85,3,1,4.0305,12.73,21.28,15.58,CONFIRMADO,false,true,2026-07-12 21:17:20+00,1945a854-d371-4a33-a49f-8d89be639bbf
52f4580a-39bf-474a-8925-c62a94a67dca,feb4ff56-0ad6-4e1c-80e4-fb017d63b400,2395.04,2244.43,1,1.0671,0,21.62,21.62,21.62,CONFIRMADO,false,true,2026-07-12 21:37:15+00,52f4580a-39bf-474a-8925-c62a94a67dca
eed4f0a6-882f-46d7-9f3b-15f27ff97187,2b0cd95b-8f5d-4a05-8a7e-04952ec94219,2395.04,2244.43,1,1.0671,0,21.92,21.92,21.92,CONFIRMADO,false,true,2026-07-12 21:55:48+00,eed4f0a6-882f-46d7-9f3b-15f27ff97187
b4c4ec97-5f62-463e-b44c-c95cfd92d9be,6b483839-1fd6-46c4-8bb9-79b5ea3bf0fd,14370.19,13466.55,4,1.0671,3.847,5.7,15.9,12.06,CONFIRMADO,false,true,2026-07-13 05:42:45+00,b4c4ec97-5f62-463e-b44c-c95cfd92d9be
e9d923eb-9740-4278-8109-1083893387c2,8122a4df-4223-4fe5-8776-127d2fdcd9b3,11975.15,11222.12,5,1.0671,5.8397,5.23,21.15,14.69,CONFIRMADO,false,true,2026-07-13 12:35:34+00,e9d923eb-9740-4278-8109-1083893387c2
3618102c-f0b9-49ac-a92e-4b21f855be5a,f5d771fb-5233-4b37-8f66-b38787e41b90,1548.82,1548.82,1,1,0,14.67,14.67,14.67,CONFIRMADO,false,true,2026-07-13 14:40:43+00,3618102c-f0b9-49ac-a92e-4b21f855be5a
33cf31de-26a0-4916-b151-7ba7df39a328,7afa8f6d-e872-42a8-87db-fa81388df11c,6297.85,6297.85,2,1,2.475,10.62,15.57,13.09,CONFIRMADO,false,true,2026-07-13 15:34:33+00,33cf31de-26a0-4916-b151-7ba7df39a328
fe943f12-420e-40b4-8fb4-62f243520840,159db4c5-8db5-419f-82a9-d7fd6f8621a7,6195.3,1548.82,4,4,6.0351,4.57,21.15,13.44,CONFIRMADO,false,true,2026-07-13 15:52:51+00,fe943f12-420e-40b4-8fb4-62f243520840
23c637bf-7a13-4643-8809-6103506ff4ff,61d85384-3250-4c83-898f-1615d837eb20,4771.95,3976.59,1,1.2,0,17.17,17.17,17.17,CONFIRMADO,false,true,2026-07-13 17:10:11+00,23c637bf-7a13-4643-8809-6103506ff4ff
9512c23b-1ff1-4a3f-ae1f-e20a1cc98197,9a00f941-c861-4ecc-897e-6a3357606bf2,33965.25,15255.79,1,2.2264,0,18.58,18.58,18.58,CONFIRMADO,false,true,2026-07-13 18:35:17+00,9512c23b-1ff1-4a3f-ae1f-e20a1cc98197
decb9986-6de8-4bde-a7c7-c435b146d247,90e0cdf8-824c-4993-8052-43a626633f5e,14370.19,14370.19,1,1,0,0.17,0.17,0.17,CONFIRMADO,false,true,2026-07-14 00:10:23+00,decb9986-6de8-4bde-a7c7-c435b146d247
1611af99-a3a3-47f5-871a-2962e5063917,99825b96-90f3-4a7b-8210-af08b71b0d6b,14370.19,14370.19,1,1,0,0.48,0.48,0.48,CONFIRMADO,false,true,2026-07-14 00:29:33+00,1611af99-a3a3-47f5-871a-2962e5063917
dfed91fa-557b-4ac2-8447-2a57181efc7a,fd560d85-00e1-4200-8861-d7dc0fdbb6a0,7744.12,1548.82,3,5,4.9739,0.82,11.62,7.84,CONFIRMADO,false,true,2026-07-14 00:49:29+00,dfed91fa-557b-4ac2-8447-2a57181efc7a
bdbcfeab-c1f1-4447-a2e2-2c8ee1d937dc,e27649d4-dc13-4359-8cae-a45ef21e02df,3454.21,3454.21,3,1,4.4504,5.38,15.4,9.15,CONFIRMADO,false,true,2026-07-14 05:23:12+00,bdbcfeab-c1f1-4447-a2e2-2c8ee1d937dc
ff7f165a-5e13-4b59-a6e4-bdfcfe2b38d1,a188beac-7180-483e-8c45-089699daff47,1192.99,994.15,1,1.2,0,9.93,9.93,9.93,CONFIRMADO,false,true,2026-07-14 09:56:19+00,ff7f165a-5e13-4b59-a6e4-bdfcfe2b38d1
1b4f7fc3-2fcd-41ad-b323-98fd4ad59821,8122a4df-4223-4fe5-8776-127d2fdcd9b3,23950.33,11222.12,2,2.1342,0.0833,14.25,14.42,14.33,CONFIRMADO,false,true,2026-07-14 14:25:50+00,1b4f7fc3-2fcd-41ad-b323-98fd4ad59821
9307ecdc-7d86-43cd-9b5a-32a3d3fb0e12,aacee471-b8e7-4ddd-8981-1308a20fa810,6297.85,6297.85,1,1,0,16.55,16.55,16.55,CONFIRMADO,false,true,2026-07-14 16:33:36+00,9307ecdc-7d86-43cd-9b5a-32a3d3fb0e12
7c4d95c9-1c9d-4a6e-815b-cc9fef551ee7,f2ef592a-4963-4767-8565-9a492e919c68,7872.32,7872.32,2,1,4.9583,9.02,18.93,13.98,CONFIRMADO,false,true,2026-07-14 18:56:57+00,7c4d95c9-1c9d-4a6e-815b-cc9fef551ee7
3d04882a-9bee-41ae-99d3-d7f406cbb425,3c664b7a-812e-450c-86e1-c6e4a2a56eae,7744.12,6195.3,1,1.25,0,3.95,3.95,3.95,CONFIRMADO,false,true,2026-07-15 03:57:30+00,3d04882a-9bee-41ae-99d3-d7f406cbb425
c6efc872-e05b-4cdc-87ea-686f4c1b6398,453bcee9-b134-40e8-8db8-fbd07bc17bef,31427.15,31427.15,2,1,6.1417,6.22,18.5,12.36,CONFIRMADO,false,true,2026-07-15 06:13:13+00,c6efc872-e05b-4cdc-87ea-686f4c1b6398
cc3e11e7-09ce-41e1-8790-8c2ea08fb0ce,15881502-7d2c-4626-899b-8160aea3348b,3000,3000,2,1,5.8,6.28,17.88,12.08,CONFIRMADO,false,true,2026-07-15 06:17:42+00,cc3e11e7-09ce-41e1-8790-8c2ea08fb0ce
cc063df9-1751-49c0-a16d-5e62626ccf9c,75ad2d6b-4148-4813-8a81-ec9e06f19bd6,31427.15,31427.15,3,1,5.1851,9.77,22.47,16.07,CONFIRMADO,false,true,2026-07-15 09:46:50+00,cc063df9-1751-49c0-a16d-5e62626ccf9c
732cf009-342a-4b14-b619-804af9dade00,54a8bc00-3e4b-4e57-816f-93a69a3cd6c1,6297.85,6297.85,2,1,0.3083,11.75,12.37,12.06,CONFIRMADO,false,true,2026-07-15 11:45:16+00,732cf009-342a-4b14-b619-804af9dade00
1c6aee8c-8615-49d0-9bd4-6ebc95b83773,b07884e3-eeec-4846-86e6-3fed7073f9ef,17962.75,13466.55,1,1.3339,0,18.5,18.5,18.5,CONFIRMADO,false,true,2026-07-15 18:30:43+00,1c6aee8c-8615-49d0-9bd4-6ebc95b83773
18db3d7c-e2c6-431b-9fdc-419d1bd6e240,cc807590-c76b-46d4-872d-f7abb6baf769,4646.47,774.41,4,6,3.3191,5.57,14.02,11.1,CONFIRMADO,false,true,2026-07-16 11:31:04+00,18db3d7c-e2c6-431b-9fdc-419d1bd6e240
c22691b0-f131-4f0a-ace3-f16a70164cde,0d98c8ac-1a04-4bce-8074-c8ea486b53ce,4895.18,3454.21,1,1.4172,0,19.03,19.03,19.03,CONFIRMADO,false,true,2026-07-16 19:02:15+00,c22691b0-f131-4f0a-ace3-f16a70164cde
23b8ef68-5f1b-4111-a187-159a67cfcf91,25a59e45-673c-41fa-847b-9e89fc6ddd6e,4500,4500,1,1,0,19.93,19.93,19.93,CONFIRMADO,false,true,2026-07-16 19:56:27+00,23b8ef68-5f1b-4111-a187-159a67cfcf91
c2d6d959-c973-4404-8acf-da505ccb1338,23ac5e87-ce2a-4c1a-8061-03e88d88eccb,8464.01,8464.01,45,1,4.3796,7.75,21.98,14.42,CONFIRMADO,true,true,2026-07-18 08:38:07+00,c2d6d959-c973-4404-8acf-da505ccb1338
b4c3a83e-165b-4403-b7cc-e6d3a3c83313,6977406a-e8af-46da-8312-a9523ad93049,8464.01,8464.01,29,1,4.1609,7.63,21.05,13.82,CONFIRMADO,true,true,2026-07-18 09:25:37+00,b4c3a83e-165b-4403-b7cc-e6d3a3c83313
6ba7c40f-10f2-4269-9495-b403825ceab0,5098bc38-0ebf-444c-8bda-aff1ec65bf3b,5361.29,5361.29,1,1,0,9.92,9.92,9.92,CONFIRMADO,false,true,2026-07-20 09:55:59+00,6ba7c40f-10f2-4269-9495-b403825ceab0
5a8fd067-6bad-486c-8524-1e6bfbe27a44,2ae859fd-7125-4b7c-8567-179ee6ef43e0,16982.69,16982.69,1,1,0,10.85,10.85,10.85,CONFIRMADO,false,true,2026-07-20 10:51:34+00,5a8fd067-6bad-486c-8524-1e6bfbe27a44
0e2d4426-7077-4856-9ce5-a8bf1337b840,c95940d0-1cde-4288-8622-e714e65ae382,5361.29,5361.29,3,1,5.4533,5.55,18.72,12.78,CONFIRMADO,false,true,2026-07-20 14:05:05+00,0e2d4426-7077-4856-9ce5-a8bf1337b840
0ace1b71-f67a-4a7f-813e-50b133953939,d16ba7c4-fa27-4d8f-8161-66cd88e0d5d9,7148.39,4500,2,1.5885,5.175,12.52,22.87,17.69,CONFIRMADO,false,true,2026-07-20 22:52:21+00,0ace1b71-f67a-4a7f-813e-50b133953939
d350f293-a824-4e18-a2ee-8b10010f94cb,723968aa-4b12-447a-846b-566e98f4bfad,3097.65,3097.65,1,1,0,4.03,4.03,4.03,CONFIRMADO,false,true,2026-07-21 04:02:29+00,d350f293-a824-4e18-a2ee-8b10010f94cb
cdca512d-fba9-4000-a9f3-de625f11a600,34c004d9-24fe-47f2-86c9-e4f9444f212f,8407.21,8407.21,1,1,0,5.72,5.72,5.72,CONFIRMADO,false,true,2026-07-21 05:43:46+00,cdca512d-fba9-4000-a9f3-de625f11a600
58c02132-eeb3-499f-b9da-79c3420cd2b4,e327510c-52cc-4ac3-805d-225374493c54,7642.85,7642.85,1,1,0,11.95,11.95,11.95,CONFIRMADO,false,true,2026-07-21 11:57:47+00,58c02132-eeb3-499f-b9da-79c3420cd2b4
ec67ea3a-6726-4dd5-9e13-5e800520bd2b,91c40afe-79b4-4599-82b0-6101b3cba0ae,6771.21,6771.21,6,1,5.1983,2.15,19.88,11.28,CONFIRMADO,false,true,2026-07-22 09:52:56+00,ec67ea3a-6726-4dd5-9e13-5e800520bd2b
ff42c3f5-cf4c-41b9-9fec-9a9c548a27ff,bac482b3-61f4-4dbf-80b5-6a1dc32739ab,6771.21,6771.21,6,1,4.0193,7.6,20.6,13.75,CONFIRMADO,false,true,2026-07-22 12:21:19+00,ff42c3f5-cf4c-41b9-9fec-9a9c548a27ff
300c85dc-21ed-43d6-b297-b39a70124602,54a8bc00-3e4b-4e57-816f-93a69a3cd6c1,6771.21,6771.21,4,1,4.5829,8.45,19.83,13.57,CONFIRMADO,false,true,2026-07-22 15:59:22+00,300c85dc-21ed-43d6-b297-b39a70124602
c64a75ab-a91e-4257-ac75-267a1905e45c,58f963a9-fa8b-4226-8158-8806c9b37054,6771.21,6771.21,1,1,0,20.7,20.7,20.7,CONFIRMADO,false,true,2026-07-22 20:42:04+00,c64a75ab-a91e-4257-ac75-267a1905e45c
ba165d2b-ec61-4b6b-81b6-bc4fff164ad0,f2ef592a-4963-4767-8565-9a492e919c68,8464.01,8464.01,15,1,4.7806,6.65,21.37,15.37,CONFIRMADO,true,true,2026-07-22 21:22:30+00,ba165d2b-ec61-4b6b-81b6-bc4fff164ad0
37730d64-39bd-499b-a9d7-a0e156a7a96c,2fb4d6e1-e7ee-41d5-8cc8-e3fdba503021,7148.39,1548.82,1,4.6154,0,10.82,10.82,10.82,CONFIRMADO,false,true,2026-07-23 10:49:33+00,37730d64-39bd-499b-a9d7-a0e156a7a96c
f1b2b0fd-7f1e-4cb8-9f57-cbf867154f3a,4c292532-9afd-47e7-8291-18e7231bc0f4,9414.65,4707.32,2,2,0.6083,13.33,14.55,13.94,CONFIRMADO,false,true,2026-07-24 13:20:54+00,f1b2b0fd-7f1e-4cb8-9f57-cbf867154f3a
4770f86b-a2c5-4572-b699-1751e0138b12,5cd5c29a-79ac-4669-8c34-a0fb7bf1adc9,6771.21,6771.21,2,1,0.15,11.97,12.27,12.12,CONFIRMADO,false,true,2026-07-27 12:16:37+00,4770f86b-a2c5-4572-b699-1751e0138b12
0b04409c-ef4c-4287-aae6-51c64977d2b7,19bb4ef1-0754-4fcd-8cef-031faa053327,5361.29,1500,1,3.5742,0,18.53,18.53,18.53,CONFIRMADO,false,true,2026-07-27 18:32:09+00,0b04409c-ef4c-4287-aae6-51c64977d2b7
eade1895-0846-4a00-9ca8-feff14a81ada,de4db454-d52a-44b4-84a9-58c373b6ab62,6771.21,6771.21,1,1,0,19.67,19.67,19.67,CONFIRMADO,false,true,2026-07-27 19:40:24+00,eade1895-0846-4a00-9ca8-feff14a81ada
8966f173-7446-44ed-ad81-60e62c85e983,27fa6bb5-a0ab-42a1-8ad0-55a7cfbec287,5361.29,5361.29,1,1,0,23.75,23.75,23.75,CONFIRMADO,false,true,2026-07-27 23:45:57+00,8966f173-7446-44ed-ad81-60e62c85e983
adc68b37-e124-4980-a79d-5179700df8cf,70b396cf-e0da-4ecf-8b5b-409e2f3531c0,8935.49,8935.49,1,1,0,10.32,10.32,10.32,CONFIRMADO,false,true,2026-07-28 10:19:32+00,adc68b37-e124-4980-a79d-5179700df8cf
67ab0cbd-c471-4a28-af05-6ece20d485c1,60082d06-c45f-4eba-8c46-897e72274bc4,6771.21,6771.21,1,1,0,10.35,10.35,10.35,CONFIRMADO,false,true,2026-07-28 10:21:44+00,67ab0cbd-c471-4a28-af05-6ece20d485c1
fa43de79-b8be-4dd1-970d-2ccf88bf9715,0eb36600-5ba0-435f-8eb9-7f4b427e6a71,33965.25,15255.79,1,2.2264,0,19,19,19,CONFIRMADO,false,true,2026-07-28 19:00:55+00,fa43de79-b8be-4dd1-970d-2ccf88bf9715
e073d74e-18ca-494d-909c-447ed560e480,ecb82d92-a8ad-4e48-8e20-bb6b4a8c9b54,8464.01,8464.01,1,1,0,10.75,10.75,10.75,CONFIRMADO,false,true,2026-07-29 10:45:46+00,e073d74e-18ca-494d-909c-447ed560e480
f5c24833-b5e2-44d3-a8e9-de53e2bf616c,63b99902-c99c-4ac1-81fa-3ee7cd0beec5,8464.01,8464.01,1,1,0,11.73,11.73,11.73,CONFIRMADO,false,true,2026-07-29 11:44:10+00,f5c24833-b5e2-44d3-a8e9-de53e2bf616c
94b6de28-5477-4b39-92e9-b64f9eea89f9,b4a8b51a-f066-423f-89c9-70292db5ba64,8464.01,8464.01,1,1,0,12.72,12.72,12.72,CONFIRMADO,false,true,2026-07-29 12:43:15+00,94b6de28-5477-4b39-92e9-b64f9eea89f9
90a335e8-9b83-4a2d-b8b2-74f14835be55,e7c68b94-04a8-4d80-824e-6e40324f7c28,5361.29,5361.29,2,1,5.925,6.1,17.95,12.03,CONFIRMADO,false,true,2026-07-29 17:57:33+00,90a335e8-9b83-4a2d-b8b2-74f14835be55
3bbc52d6-6908-426a-857b-a9babe5bdb8e,b55979fb-1402-41bb-801d-5b8d276abbe9,1500,1500,2,1,4.5167,5.35,14.38,9.87,CONFIRMADO,false,true,2026-07-30 05:21:29+00,3bbc52d6-6908-426a-857b-a9babe5bdb8e
2c88cd2b-da26-4696-8ddf-58f5c8ebaa85,20c72302-786e-43df-840c-5a10c65097c5,30368.58,30368.58,2,1,4.9167,11.53,21.37,16.45,CONFIRMADO,false,true,2026-07-30 11:32:09+00,2c88cd2b-da26-4696-8ddf-58f5c8ebaa85
f22f2e62-a4f0-4c30-ad67-e33fed8d3ca0,5374a201-6b68-40b3-8f49-c6b6dcae681e,45552.87,45552.87,2,1,0.6667,11.87,13.2,12.53,CONFIRMADO,false,true,2026-07-30 11:52:33+00,f22f2e62-a4f0-4c30-ad67-e33fed8d3ca0
abef391d-986a-46b9-aa01-d07f634bd06a,4df34f3a-047c-473e-887a-d6bdf4a2a3f6,1548.82,1548.82,2,1,0.0833,21.4,21.57,21.48,CONFIRMADO,false,true,2026-08-02 21:24:16+00,abef391d-986a-46b9-aa01-d07f634bd06a
9b9b66c3-3dd1-4888-a24c-9d7bc44a5dc1,be3aae40-d2fb-4837-801d-f6d11cbfd9e8,1548.82,1548.82,1,1,0,21.5,21.5,21.5,CONFIRMADO,false,true,2026-08-02 21:30:30+00,9b9b66c3-3dd1-4888-a24c-9d7bc44a5dc1
16619e84-5d1b-4991-9eab-0c7e5e094724,ca7a5aaf-0b27-4fa6-80d6-3e14a449ccd4,7148.39,7148.39,1,1,0,9.07,9.07,9.07,CONFIRMADO,false,true,2026-08-03 09:04:23+00,16619e84-5d1b-4991-9eab-0c7e5e094724
04fb8da1-5044-4812-86b9-4822dd56b3d3,61260694-ae0e-4c80-8d28-db796efe2e8c,5361.29,5361.29,1,1,0,6.58,6.58,6.58,CONFIRMADO,false,true,2026-08-04 06:35:03+00,04fb8da1-5044-4812-86b9-4822dd56b3d3
e55f6088-0384-4db3-ba0e-98154546dc70,7ef88be1-cad9-4ff7-87ce-2b6987d638f5,6195.3,6195.3,1,1,0,15.7,15.7,15.7,CONFIRMADO,false,true,2026-08-04 15:42:19+00,e55f6088-0384-4db3-ba0e-98154546dc70
9c24d52c-4b8a-4646-aabf-463fcb264d2a,c6546526-db06-4fc3-87f1-e28cde2f83d7,5361.29,5361.29,2,1,1.125,16.98,19.23,18.11,CONFIRMADO,false,true,2026-08-05 19:14:53+00,9c24d52c-4b8a-4646-aabf-463fcb264d2a
eed8f4a2-806e-41c2-9d7f-7507f5aabefa,b3ba3bd4-8540-41be-8810-df67efdbeb69,9292.95,9292.95,1,1,0,20.5,20.5,20.5,CONFIRMADO,false,true,2026-08-05 20:30:13+00,eed8f4a2-806e-41c2-9d7f-7507f5aabefa
974a1100-661c-48ec-b0e1-59912784eb70,75353497-e0f7-42ce-8713-c688238b3967,3574.19,3574.19,2,1,2.6583,9.3,14.62,11.96,CONFIRMADO,false,true,2026-08-06 09:18:56+00,974a1100-661c-48ec-b0e1-59912784eb70
dde0c882-67ea-4b1d-aa00-ddca035b2779,df74eeab-e7d8-4f48-8ea3-e18def157344,8935.49,8935.49,2,1,1.9167,12.17,16,14.08,CONFIRMADO,false,true,2026-08-17 12:10:17+00,dde0c882-67ea-4b1d-aa00-ddca035b2779
d14ccedf-ce90-414c-95ad-d2718cf9805c,61260694-ae0e-4c80-8d28-db796efe2e8c,8935.49,8935.49,2,1,1.7583,16.87,20.38,18.63,CONFIRMADO,false,true,2026-08-18 20:23:19+00,d14ccedf-ce90-414c-95ad-d2718cf9805c
2c8b57d0-7f63-4e32-a91c-cdfdb0bbc3aa,9905033d-deb9-4635-8c83-9a52422aedc1,3574.19,3574.19,2,1,7.6167,8.27,23.5,15.88,CONFIRMADO,false,true,2026-08-18 23:30:44+00,2c8b57d0-7f63-4e32-a91c-cdfdb0bbc3aa
b232d8e0-6549-4bdf-8371-8f25fdbaae21,6b8cdf9d-24e8-49c8-8506-e0a49bbe31ca,8935.49,8935.49,1,1,0,7.87,7.87,7.87,CONFIRMADO,false,true,2026-08-19 07:52:10+00,b232d8e0-6549-4bdf-8371-8f25fdbaae21
05cca74b-a8ac-40f7-9cbb-d54e71fdc073,17fe0e40-586d-411c-8bca-8266b75d5d59,1500,1500,2,1,5.6583,7.02,18.33,12.68,CONFIRMADO,false,true,2026-08-20 07:01:22+00,05cca74b-a8ac-40f7-9cbb-d54e71fdc073
e1368d16-e0cc-4739-aed1-8d79d2de2999,7de3f4ba-de3d-412f-8db5-f07492a6ba09,4500,4500,1,1,0,8.85,8.85,8.85,CONFIRMADO,false,true,2026-08-20 08:51:57+00,e1368d16-e0cc-4739-aed1-8d79d2de2999
66e5c862-3f77-4b3d-ab2c-4ed0929eb41e,de5e1129-f529-4297-898b-b991cbf74ea6,1787.1,1787.1,2,1,4.475,3.4,12.35,7.88,CONFIRMADO,false,true,2026-08-20 12:21:26+00,66e5c862-3f77-4b3d-ab2c-4ed0929eb41e
5f7734ac-3499-49f0-bf6b-c6d684bef2c8,efac819d-f203-4dfe-83e4-83379ef29b04,1787.1,1787.1,2,1,6.375,1.72,14.47,8.09,CONFIRMADO,false,true,2026-08-20 14:28:42+00,5f7734ac-3499-49f0-bf6b-c6d684bef2c8
b006095e-c2e9-4ddd-af84-e275f89d95f6,3b5f3e82-1d9c-4bf6-8462-3f47a1789da8,7148.39,7148.39,3,1,3.2226,15.73,23.53,19.28,CONFIRMADO,false,true,2026-08-20 23:32:19+00,b006095e-c2e9-4ddd-af84-e275f89d95f6
47dac7af-4127-4502-a551-88aaacca4986,616c5a7f-5055-492c-85f4-06526d8f5599,1500,1500,1,1,0,5.42,5.42,5.42,CONFIRMADO,false,true,2026-08-24 05:25:23+00,47dac7af-4127-4502-a551-88aaacca4986
555d1ab5-c007-494f-950c-8181dd0f658a,058b60d1-4e77-4acc-80ff-e432ff798808,7148.39,7148.39,3,1,4.6293,9.1,20.18,15.33,CONFIRMADO,false,true,2026-08-25 16:43:22+00,555d1ab5-c007-494f-950c-8181dd0f658a
